cell_id,ilat,ilon,lat,lon,district_id,state,district,assignment
2109,2,109,7.0,93.75,andaman_and_nicobar_island__nicobar,Andaman & Nicobar Island,Nicobar,cell_centre_inside
6108,6,108,8.0,93.5,andaman_and_nicobar_island__nicobar,Andaman & Nicobar Island,Nicobar,cell_centre_inside
7043,7,43,8.25,77.25,tamil_nadu__kanniyakumari,Tamil Nadu,Kanniyakumari,cell_centre_inside
7044,7,44,8.25,77.5,tamil_nadu__kanniyakumari,Tamil Nadu,Kanniyakumari,cell_centre_inside
7045,7,45,8.25,77.75,tamil_nadu__tirunelveli,Tamil Nadu,Tirunelveli,cell_centre_inside
8042,8,42,8.5,77.0,kerala__thiruvananthapuram,Kerala,Thiruvananthapuram,cell_centre_inside
8043,8,43,8.5,77.25,tamil_nadu__kanniyakumari,Tamil Nadu,Kanniyakumari,cell_centre_inside
8044,8,44,8.5,77.5,tamil_nadu__tirunelveli,Tamil Nadu,Tirunelveli,cell_centre_inside
8045,8,45,8.5,77.75,tamil_nadu__tirunelveli,Tamil Nadu,Tirunelveli,cell_centre_inside
8046,8,46,8.5,78.0,tamil_nadu__thoothukkudi,Tamil Nadu,Thoothukkudi,cell_centre_inside
9041,9,41,8.75,76.75,kerala__thiruvananthapuram,Kerala,Thiruvananthapuram,cell_centre_inside
9042,9,42,8.75,77.0,kerala__thiruvananthapuram,Kerala,Thiruvananthapuram,cell_centre_inside
9043,9,43,8.75,77.25,tamil_nadu__tirunelveli,Tamil Nadu,Tirunelveli,cell_centre_inside
9044,9,44,8.75,77.5,tamil_nadu__tirunelveli,Tamil Nadu,Tirunelveli,cell_centre_inside
9045,9,45,8.75,77.75,tamil_nadu__tirunelveli,Tamil Nadu,Tirunelveli,cell_centre_inside
9046,9,46,8.75,78.0,tamil_nadu__thoothukkudi,Tamil Nadu,Thoothukkudi,cell_centre_inside
10041,10,41,9.0,76.75,kerala__kollam,Kerala,Kollam,cell_centre_inside
10042,10,42,9.0,77.0,kerala__kollam,Kerala,Kollam,cell_centre_inside
10043,10,43,9.0,77.25,tamil_nadu__tirunelveli,Tamil Nadu,Tirunelveli,cell_centre_inside
10044,10,44,9.0,77.5,tamil_nadu__tirunelveli,Tamil Nadu,Tirunelveli,cell_centre_inside
10045,10,45,9.0,77.75,tamil_nadu__thoothukkudi,Tamil Nadu,Thoothukkudi,cell_centre_inside
10046,10,46,9.0,78.0,tamil_nadu__thoothukkudi,Tamil Nadu,Thoothukkudi,cell_centre_inside
10047,10,47,9.0,78.25,tamil_nadu__thoothukkudi,Tamil Nadu,Thoothukkudi,cell_centre_inside
11040,11,40,9.25,76.5,kerala__alappuzha,Kerala,Alappuzha,cell_centre_inside
11041,11,41,9.25,76.75,kerala__pathanamthitta,Kerala,Pathanamthitta,cell_centre_inside
11042,11,42,9.25,77.0,kerala__pathanamthitta,Kerala,Pathanamthitta,cell_centre_inside
11043,11,43,9.25,77.25,kerala__pathanamthitta,Kerala,Pathanamthitta,cell_centre_inside
11044,11,44,9.25,77.5,tamil_nadu__tirunelveli,Tamil Nadu,Tirunelveli,cell_centre_inside
11045,11,45,9.25,77.75,tamil_nadu__tirunelveli,Tamil Nadu,Tirunelveli,cell_centre_inside
11046,11,46,9.25,78.0,tamil_nadu__thoothukkudi,Tamil Nadu,Thoothukkudi,cell_centre_inside
11047,11,47,9.25,78.25,tamil_nadu__thoothukkudi,Tamil Nadu,Thoothukkudi,cell_centre_inside
11048,11,48,9.25,78.5,tamil_nadu__ramanathapuram,Tamil Nadu,Ramanathapuram,cell_centre_inside
11049,11,49,9.25,78.75,tamil_nadu__ramanathapuram,Tamil Nadu,Ramanathapuram,cell_centre_inside
12040,12,40,9.5,76.5,kerala__alappuzha,Kerala,Alappuzha,cell_centre_inside
12041,12,41,9.5,76.75,kerala__kottayam,Kerala,Kottayam,cell_centre_inside
12042,12,42,9.5,77.0,kerala__idukki,Kerala,Idukki,cell_centre_inside
12043,12,43,9.5,77.25,kerala__idukki,Kerala,Idukki,cell_centre_inside
12044,12,44,9.5,77.5,tamil_nadu__virudunagar,Tamil Nadu,Virudunagar,cell_centre_inside
12045,12,45,9.5,77.75,tamil_nadu__virudunagar,Tamil Nadu,Virudunagar,cell_centre_inside
12046,12,46,9.5,78.0,tamil_nadu__virudunagar,Tamil Nadu,Virudunagar,cell_centre_inside
12047,12,47,9.5,78.25,tamil_nadu__virudunagar,Tamil Nadu,Virudunagar,cell_centre_inside
12048,12,48,9.5,78.5,tamil_nadu__ramanathapuram,Tamil Nadu,Ramanathapuram,cell_centre_inside
12049,12,49,9.5,78.75,tamil_nadu__ramanathapuram,Tamil Nadu,Ramanathapuram,cell_centre_inside
13040,13,40,9.75,76.5,kerala__kottayam,Kerala,Kottayam,cell_centre_inside
13041,13,41,9.75,76.75,kerala__kottayam,Kerala,Kottayam,cell_centre_inside
13042,13,42,9.75,77.0,kerala__idukki,Kerala,Idukki,cell_centre_inside
13043,13,43,9.75,77.25,tamil_nadu__theni,Tamil Nadu,Theni,cell_centre_inside
13044,13,44,9.75,77.5,tamil_nadu__theni,Tamil Nadu,Theni,cell_centre_inside
13045,13,45,9.75,77.75,tamil_nadu__madurai,Tamil Nadu,Madurai,cell_centre_inside
13046,13,46,9.75,78.0,tamil_nadu__madurai,Tamil Nadu,Madurai,cell_centre_inside
13047,13,47,9.75,78.25,tamil_nadu__virudunagar,Tamil Nadu,Virudunagar,cell_centre_inside
13048,13,48,9.75,78.5,tamil_nadu__sivaganga,Tamil Nadu,Sivaganga,cell_centre_inside
13049,13,49,9.75,78.75,tamil_nadu__ramanathapuram,Tamil Nadu,Ramanathapuram,cell_centre_inside
13050,13,50,9.75,79.0,tamil_nadu__ramanathapuram,Tamil Nadu,Ramanathapuram,cell_centre_inside
14039,14,39,10.0,76.25,kerala__ernakulam,Kerala,Ernakulam,cell_centre_inside
14040,14,40,10.0,76.5,kerala__ernakulam,Kerala,Ernakulam,cell_centre_inside
14041,14,41,10.0,76.75,kerala__ernakulam,Kerala,Ernakulam,cell_centre_inside
14042,14,42,10.0,77.0,kerala__idukki,Kerala,Idukki,cell_centre_inside
14043,14,43,10.0,77.25,kerala__idukki,Kerala,Idukki,cell_centre_inside
14044,14,44,10.0,77.5,tamil_nadu__theni,Tamil Nadu,Theni,cell_centre_inside
14045,14,45,10.0,77.75,tamil_nadu__madurai,Tamil Nadu,Madurai,cell_centre_inside
14046,14,46,10.0,78.0,tamil_nadu__madurai,Tamil Nadu,Madurai,cell_centre_inside
14047,14,47,10.0,78.25,tamil_nadu__madurai,Tamil Nadu,Madurai,cell_centre_inside
14048,14,48,10.0,78.5,tamil_nadu__sivaganga,Tamil Nadu,Sivaganga,cell_centre_inside
14049,14,49,10.0,78.75,tamil_nadu__sivaganga,Tamil Nadu,Sivaganga,cell_centre_inside
14050,14,50,10.0,79.0,tamil_nadu__pudukkottai,Tamil Nadu,Pudukkottai,cell_centre_inside
15039,15,39,10.25,76.25,kerala__thrissur,Kerala,Thrissur,cell_centre_inside
15040,15,40,10.25,76.5,kerala__ernakulam,Kerala,Ernakulam,cell_centre_inside
15041,15,41,10.25,76.75,kerala__idukki,Kerala,Idukki,cell_centre_inside
15042,15,42,10.25,77.0,tamil_nadu__coimbatore,Tamil Nadu,Coimbatore,cell_centre_inside
15043,15,43,10.25,77.25,kerala__idukki,Kerala,Idukki,cell_centre_inside
15044,15,44,10.25,77.5,tamil_nadu__dindigul,Tamil Nadu,Dindigul,cell_centre_inside
15045,15,45,10.25,77.75,tamil_nadu__dindigul,Tamil Nadu,Dindigul,cell_centre_inside
15046,15,46,10.25,78.0,tamil_nadu__dindigul,Tamil Nadu,Dindigul,cell_centre_inside
15047,15,47,10.25,78.25,tamil_nadu__dindigul,Tamil Nadu,Dindigul,cell_centre_inside
15048,15,48,10.25,78.5,tamil_nadu__pudukkottai,Tamil Nadu,Pudukkottai,cell_centre_inside
15049,15,49,10.25,78.75,tamil_nadu__pudukkottai,Tamil Nadu,Pudukkottai,cell_centre_inside
15050,15,50,10.25,79.0,tamil_nadu__pudukkottai,Tamil Nadu,Pudukkottai,cell_centre_inside
15051,15,51,10.25,79.25,tamil_nadu__thanjavur,Tamil Nadu,Thanjavur,cell_centre_inside
16039,16,39,10.5,76.25,kerala__thrissur,Kerala,Thrissur,cell_centre_inside
16040,16,40,10.5,76.5,kerala__palakkad,Kerala,Palakkad,cell_centre_inside
16041,16,41,10.5,76.75,kerala__palakkad,Kerala,Palakkad,cell_centre_inside
16042,16,42,10.5,77.0,tamil_nadu__coimbatore,Tamil Nadu,Coimbatore,cell_centre_inside
16043,16,43,10.5,77.25,tamil_nadu__tiruppur,Tamil Nadu,Tiruppur,cell_centre_inside
16044,16,44,10.5,77.5,tamil_nadu__dindigul,Tamil Nadu,Dindigul,cell_centre_inside
16045,16,45,10.5,77.75,tamil_nadu__dindigul,Tamil Nadu,Dindigul,cell_centre_inside
16046,16,46,10.5,78.0,tamil_nadu__dindigul,Tamil Nadu,Dindigul,cell_centre_inside
16047,16,47,10.5,78.25,tamil_nadu__tiruchirappalli,Tamil Nadu,Tiruchirappalli,cell_centre_inside
16048,16,48,10.5,78.5,tamil_nadu__pudukkottai,Tamil Nadu,Pudukkottai,cell_centre_inside
16049,16,49,10.5,78.75,tamil_nadu__pudukkottai,Tamil Nadu,Pudukkottai,cell_centre_inside
16050,16,50,10.5,79.0,tamil_nadu__pudukkottai,Tamil Nadu,Pudukkottai,cell_centre_inside
16051,16,51,10.5,79.25,tamil_nadu__thanjavur,Tamil Nadu,Thanjavur,cell_centre_inside
16052,16,52,10.5,79.5,tamil_nadu__thiruvarur,Tamil Nadu,Thiruvarur,cell_centre_inside
16053,16,53,10.5,79.75,tamil_nadu__nagappattinam,Tamil Nadu,Nagappattinam,cell_centre_inside
17038,17,38,10.75,76.0,kerala__malappuram,Kerala,Malappuram,cell_centre_inside
17039,17,39,10.75,76.25,kerala__palakkad,Kerala,Palakkad,cell_centre_inside
17040,17,40,10.75,76.5,kerala__palakkad,Kerala,Palakkad,cell_centre_inside
17041,17,41,10.75,76.75,kerala__palakkad,Kerala,Palakkad,cell_centre_inside
17042,17,42,10.75,77.0,tamil_nadu__coimbatore,Tamil Nadu,Coimbatore,cell_centre_inside
17043,17,43,10.75,77.25,tamil_nadu__tiruppur,Tamil Nadu,Tiruppur,cell_centre_inside
17044,17,44,10.75,77.5,tamil_nadu__tiruppur,Tamil Nadu,Tiruppur,cell_centre_inside
17045,17,45,10.75,77.75,tamil_nadu__tiruppur,Tamil Nadu,Tiruppur,cell_centre_inside
17046,17,46,10.75,78.0,tamil_nadu__dindigul,Tamil Nadu,Dindigul,cell_centre_inside
17047,17,47,10.75,78.25,tamil_nadu__karur,Tamil Nadu,Karur,cell_centre_inside
17048,17,48,10.75,78.5,tamil_nadu__karur,Tamil Nadu,Karur,cell_centre_inside
17049,17,49,10.75,78.75,tamil_nadu__tiruchirappalli,Tamil Nadu,Tiruchirappalli,cell_centre_inside
17050,17,50,10.75,79.0,tamil_nadu__thanjavur,Tamil Nadu,Thanjavur,cell_centre_inside
17051,17,51,10.75,79.25,tamil_nadu__thanjavur,Tamil Nadu,Thanjavur,cell_centre_inside
17052,17,52,10.75,79.5,tamil_nadu__thiruvarur,Tamil Nadu,Thiruvarur,cell_centre_inside
17053,17,53,10.75,79.75,tamil_nadu__nagappattinam,Tamil Nadu,Nagappattinam,cell_centre_inside
17104,17,104,10.75,92.5,andaman_and_nicobar_island__south_andaman,Andaman & Nicobar Island,South Andaman,cell_centre_inside
18038,18,38,11.0,76.0,kerala__malappuram,Kerala,Malappuram,cell_centre_inside
18039,18,39,11.0,76.25,kerala__malappuram,Kerala,Malappuram,cell_centre_inside
18040,18,40,11.0,76.5,kerala__palakkad,Kerala,Palakkad,cell_centre_inside
18041,18,41,11.0,76.75,tamil_nadu__coimbatore,Tamil Nadu,Coimbatore,cell_centre_inside
18042,18,42,11.0,77.0,tamil_nadu__coimbatore,Tamil Nadu,Coimbatore,cell_centre_inside
18043,18,43,11.0,77.25,tamil_nadu__tiruppur,Tamil Nadu,Tiruppur,cell_centre_inside
18044,18,44,11.0,77.5,tamil_nadu__tiruppur,Tamil Nadu,Tiruppur,cell_centre_inside
18045,18,45,11.0,77.75,tamil_nadu__tiruppur,Tamil Nadu,Tiruppur,cell_centre_inside
18046,18,46,11.0,78.0,tamil_nadu__karur,Tamil Nadu,Karur,cell_centre_inside
18047,18,47,11.0,78.25,tamil_nadu__tiruchirappalli,Tamil Nadu,Tiruchirappalli,cell_centre_inside
18048,18,48,11.0,78.5,tamil_nadu__tiruchirappalli,Tamil Nadu,Tiruchirappalli,cell_centre_inside
18049,18,49,11.0,78.75,tamil_nadu__tiruchirappalli,Tamil Nadu,Tiruchirappalli,cell_centre_inside
18050,18,50,11.0,79.0,tamil_nadu__ariyalur,Tamil Nadu,Ariyalur,cell_centre_inside
18051,18,51,11.0,79.25,tamil_nadu__ariyalur,Tamil Nadu,Ariyalur,cell_centre_inside
18052,18,52,11.0,79.5,tamil_nadu__thanjavur,Tamil Nadu,Thanjavur,cell_centre_inside
18053,18,53,11.0,79.75,puducherry__karaikal,Puducherry,Karaikal,cell_centre_inside
19038,19,38,11.25,76.0,kerala__malappuram,Kerala,Malappuram,cell_centre_inside
19039,19,39,11.25,76.25,kerala__malappuram,Kerala,Malappuram,cell_centre_inside
19040,19,40,11.25,76.5,tamil_nadu__the_nilgiris,Tamil Nadu,The Nilgiris,cell_centre_inside
19041,19,41,11.25,76.75,tamil_nadu__coimbatore,Tamil Nadu,Coimbatore,cell_centre_inside
19042,19,42,11.25,77.0,tamil_nadu__coimbatore,Tamil Nadu,Coimbatore,cell_centre_inside
19043,19,43,11.25,77.25,tamil_nadu__tiruppur,Tamil Nadu,Tiruppur,cell_centre_inside
19044,19,44,11.25,77.5,tamil_nadu__erode,Tamil Nadu,Erode,cell_centre_inside
19045,19,45,11.25,77.75,tamil_nadu__erode,Tamil Nadu,Erode,cell_centre_inside
19046,19,46,11.25,78.0,tamil_nadu__namakkal,Tamil Nadu,Namakkal,cell_centre_inside
19047,19,47,11.25,78.25,tamil_nadu__namakkal,Tamil Nadu,Namakkal,cell_centre_inside
19048,19,48,11.25,78.5,tamil_nadu__tiruchirappalli,Tamil Nadu,Tiruchirappalli,cell_centre_inside
19049,19,49,11.25,78.75,tamil_nadu__perambalur,Tamil Nadu,Perambalur,cell_centre_inside
19050,19,50,11.25,79.0,tamil_nadu__perambalur,Tamil Nadu,Perambalur,cell_centre_inside
19051,19,51,11.25,79.25,tamil_nadu__ariyalur,Tamil Nadu,Ariyalur,cell_centre_inside
19052,19,52,11.25,79.5,tamil_nadu__cuddalore,Tamil Nadu,Cuddalore,cell_centre_inside
19053,19,53,11.25,79.75,tamil_nadu__nagappattinam,Tamil Nadu,Nagappattinam,cell_centre_inside
20037,20,37,11.5,75.75,kerala__kozhikode,Kerala,Kozhikode,cell_centre_inside
20038,20,38,11.5,76.0,kerala__kozhikode,Kerala,Kozhikode,cell_centre_inside
20039,20,39,11.5,76.25,kerala__malappuram,Kerala,Malappuram,cell_centre_inside
20040,20,40,11.5,76.5,tamil_nadu__the_nilgiris,Tamil Nadu,The Nilgiris,cell_centre_inside
20041,20,41,11.5,76.75,tamil_nadu__the_nilgiris,Tamil Nadu,The Nilgiris,cell_centre_inside
20042,20,42,11.5,77.0,tamil_nadu__erode,Tamil Nadu,Erode,cell_centre_inside
20043,20,43,11.5,77.25,tamil_nadu__erode,Tamil Nadu,Erode,cell_centre_inside
20044,20,44,11.5,77.5,tamil_nadu__erode,Tamil Nadu,Erode,cell_centre_inside
20045,20,45,11.5,77.75,tamil_nadu__salem,Tamil Nadu,Salem,cell_centre_inside
20046,20,46,11.5,78.0,tamil_nadu__namakkal,Tamil Nadu,Namakkal,cell_centre_inside
20047,20,47,11.5,78.25,tamil_nadu__namakkal,Tamil Nadu,Namakkal,cell_centre_inside
20048,20,48,11.5,78.5,tamil_nadu__salem,Tamil Nadu,Salem,cell_centre_inside
20049,20,49,11.5,78.75,tamil_nadu__salem,Tamil Nadu,Salem,cell_centre_inside
20050,20,50,11.5,79.0,tamil_nadu__cuddalore,Tamil Nadu,Cuddalore,cell_centre_inside
20051,20,51,11.5,79.25,tamil_nadu__cuddalore,Tamil Nadu,Cuddalore,cell_centre_inside
20052,20,52,11.5,79.5,tamil_nadu__cuddalore,Tamil Nadu,Cuddalore,cell_centre_inside
20053,20,53,11.5,79.75,tamil_nadu__cuddalore,Tamil Nadu,Cuddalore,cell_centre_inside
21036,21,36,11.75,75.5,kerala__kannur,Kerala,Kannur,cell_centre_inside
21037,21,37,11.75,75.75,kerala__kozhikode,Kerala,Kozhikode,cell_centre_inside
21038,21,38,11.75,76.0,kerala__wayanad,Kerala,Wayanad,cell_centre_inside
21039,21,39,11.75,76.25,kerala__wayanad,Kerala,Wayanad,cell_centre_inside
21040,21,40,11.75,76.5,karnataka__chamrajnagar,Karnataka,Chamrajnagar,cell_centre_inside
21041,21,41,11.75,76.75,karnataka__chamrajnagar,Karnataka,Chamrajnagar,cell_centre_inside
21042,21,42,11.75,77.0,tamil_nadu__erode,Tamil Nadu,Erode,cell_centre_inside
21043,21,43,11.75,77.25,tamil_nadu__erode,Tamil Nadu,Erode,cell_centre_inside
21044,21,44,11.75,77.5,tamil_nadu__erode,Tamil Nadu,Erode,cell_centre_inside
21045,21,45,11.75,77.75,tamil_nadu__salem,Tamil Nadu,Salem,cell_centre_inside
21046,21,46,11.75,78.0,tamil_nadu__salem,Tamil Nadu,Salem,cell_centre_inside
21047,21,47,11.75,78.25,tamil_nadu__salem,Tamil Nadu,Salem,cell_centre_inside
21048,21,48,11.75,78.5,tamil_nadu__salem,Tamil Nadu,Salem,cell_centre_inside
21049,21,49,11.75,78.75,tamil_nadu__viluppuram,Tamil Nadu,Viluppuram,cell_centre_inside
21050,21,50,11.75,79.0,tamil_nadu__viluppuram,Tamil Nadu,Viluppuram,cell_centre_inside
21051,21,51,11.75,79.25,tamil_nadu__viluppuram,Tamil Nadu,Viluppuram,cell_centre_inside
21052,21,52,11.75,79.5,tamil_nadu__cuddalore,Tamil Nadu,Cuddalore,cell_centre_inside
21053,21,53,11.75,79.75,tamil_nadu__cuddalore,Tamil Nadu,Cuddalore,cell_centre_inside
21105,21,105,11.75,92.75,andaman_and_nicobar_island__south_andaman,Andaman & Nicobar Island,South Andaman,cell_centre_inside
22036,22,36,12.0,75.5,kerala__kannur,Kerala,Kannur,cell_centre_inside
22037,22,37,12.0,75.75,kerala__kannur,Kerala,Kannur,cell_centre_inside
22038,22,38,12.0,76.0,karnataka__kodagu,Karnataka,Kodagu,cell_centre_inside
22039,22,39,12.0,76.25,karnataka__mysore,Karnataka,Mysore,cell_centre_inside
22040,22,40,12.0,76.5,karnataka__mysore,Karnataka,Mysore,cell_centre_inside
22041,22,41,12.0,76.75,karnataka__mysore,Karnataka,Mysore,cell_centre_inside
22042,22,42,12.0,77.0,karnataka__chamrajnagar,Karnataka,Chamrajnagar,cell_centre_inside
22043,22,43,12.0,77.25,karnataka__chamrajnagar,Karnataka,Chamrajnagar,cell_centre_inside
22044,22,44,12.0,77.5,karnataka__chamrajnagar,Karnataka,Chamrajnagar,cell_centre_inside
22045,22,45,12.0,77.75,tamil_nadu__dharmapuri,Tamil Nadu,Dharmapuri,cell_centre_inside
22046,22,46,12.0,78.0,tamil_nadu__dharmapuri,Tamil Nadu,Dharmapuri,cell_centre_inside
22047,22,47,12.0,78.25,tamil_nadu__dharmapuri,Tamil Nadu,Dharmapuri,cell_centre_inside
22048,22,48,12.0,78.5,tamil_nadu__dharmapuri,Tamil Nadu,Dharmapuri,cell_centre_inside
22049,22,49,12.0,78.75,tamil_nadu__tiruvannamalai,Tamil Nadu,Tiruvannamalai,cell_centre_inside
22050,22,50,12.0,79.0,tamil_nadu__viluppuram,Tamil Nadu,Viluppuram,cell_centre_inside
22051,22,51,12.0,79.25,tamil_nadu__viluppuram,Tamil Nadu,Viluppuram,cell_centre_inside
22052,22,52,12.0,79.5,tamil_nadu__viluppuram,Tamil Nadu,Viluppuram,cell_centre_inside
22053,22,53,12.0,79.75,puducherry__puducherry,Puducherry,Puducherry,cell_centre_inside
22105,22,105,12.0,92.75,andaman_and_nicobar_island__south_andaman,Andaman & Nicobar Island,South Andaman,cell_centre_inside
22106,22,106,12.0,93.0,andaman_and_nicobar_island__south_andaman,Andaman & Nicobar Island,South Andaman,cell_centre_inside
23035,23,35,12.25,75.25,kerala__kasaragod,Kerala,Kasaragod,cell_centre_inside
23036,23,36,12.25,75.5,kerala__kannur,Kerala,Kannur,cell_centre_inside
23037,23,37,12.25,75.75,karnataka__kodagu,Karnataka,Kodagu,cell_centre_inside
23038,23,38,12.25,76.0,karnataka__kodagu,Karnataka,Kodagu,cell_centre_inside
23039,23,39,12.25,76.25,karnataka__mysore,Karnataka,Mysore,cell_centre_inside
23040,23,40,12.25,76.5,karnataka__mysore,Karnataka,Mysore,cell_centre_inside
23041,23,41,12.25,76.75,karnataka__mysore,Karnataka,Mysore,cell_centre_inside
23042,23,42,12.25,77.0,karnataka__mandya,Karnataka,Mandya,cell_centre_inside
23043,23,43,12.25,77.25,karnataka__chamrajnagar,Karnataka,Chamrajnagar,cell_centre_inside
23044,23,44,12.25,77.5,tamil_nadu__krishnagiri,Tamil Nadu,Krishnagiri,cell_centre_inside
23045,23,45,12.25,77.75,tamil_nadu__krishnagiri,Tamil Nadu,Krishnagiri,cell_centre_inside
23046,23,46,12.25,78.0,tamil_nadu__dharmapuri,Tamil Nadu,Dharmapuri,cell_centre_inside
23047,23,47,12.25,78.25,tamil_nadu__dharmapuri,Tamil Nadu,Dharmapuri,cell_centre_inside
23048,23,48,12.25,78.5,tamil_nadu__krishnagiri,Tamil Nadu,Krishnagiri,cell_centre_inside
23049,23,49,12.25,78.75,tamil_nadu__tiruvannamalai,Tamil Nadu,Tiruvannamalai,cell_centre_inside
23050,23,50,12.25,79.0,tamil_nadu__tiruvannamalai,Tamil Nadu,Tiruvannamalai,cell_centre_inside
23051,23,51,12.25,79.25,tamil_nadu__viluppuram,Tamil Nadu,Viluppuram,cell_centre_inside
23052,23,52,12.25,79.5,tamil_nadu__viluppuram,Tamil Nadu,Viluppuram,cell_centre_inside
23053,23,53,12.25,79.75,tamil_nadu__viluppuram,Tamil Nadu,Viluppuram,cell_centre_inside
23054,23,54,12.25,80.0,tamil_nadu__viluppuram,Tamil Nadu,Viluppuram,cell_centre_inside
23105,23,105,12.25,92.75,andaman_and_nicobar_island__north_and_middle_andaman,Andaman & Nicobar Island,North & Middle Andaman,cell_centre_inside
24034,24,34,12.5,75.0,kerala__kasaragod,Kerala,Kasaragod,cell_centre_inside
24035,24,35,12.5,75.25,kerala__kasaragod,Kerala,Kasaragod,cell_centre_inside
24036,24,36,12.5,75.5,karnataka__dakshina_kannada,Karnataka,Dakshina Kannada,cell_centre_inside
24037,24,37,12.5,75.75,karnataka__kodagu,Karnataka,Kodagu,cell_centre_inside
24038,24,38,12.5,76.0,karnataka__mysore,Karnataka,Mysore,cell_centre_inside
24039,24,39,12.5,76.25,karnataka__mysore,Karnataka,Mysore,cell_centre_inside
24040,24,40,12.5,76.5,karnataka__mandya,Karnataka,Mandya,cell_centre_inside
24041,24,41,12.5,76.75,karnataka__mandya,Karnataka,Mandya,cell_centre_inside
24042,24,42,12.5,77.0,karnataka__mandya,Karnataka,Mandya,cell_centre_inside
24043,24,43,12.5,77.25,karnataka__ramanagara,Karnataka,Ramanagara,cell_centre_inside
24044,24,44,12.5,77.5,karnataka__ramanagara,Karnataka,Ramanagara,cell_centre_inside
24045,24,45,12.5,77.75,tamil_nadu__krishnagiri,Tamil Nadu,Krishnagiri,cell_centre_inside
24046,24,46,12.5,78.0,tamil_nadu__dharmapuri,Tamil Nadu,Dharmapuri,cell_centre_inside
24047,24,47,12.5,78.25,tamil_nadu__krishnagiri,Tamil Nadu,Krishnagiri,cell_centre_inside
24048,24,48,12.5,78.5,tamil_nadu__vellore,Tamil Nadu,Vellore,cell_centre_inside
24049,24,49,12.5,78.75,tamil_nadu__vellore,Tamil Nadu,Vellore,cell_centre_inside
24050,24,50,12.5,79.0,tamil_nadu__tiruvannamalai,Tamil Nadu,Tiruvannamalai,cell_centre_inside
24051,24,51,12.5,79.25,tamil_nadu__tiruvannamalai,Tamil Nadu,Tiruvannamalai,cell_centre_inside
24052,24,52,12.5,79.5,tamil_nadu__tiruvannamalai,Tamil Nadu,Tiruvannamalai,cell_centre_inside
24053,24,53,12.5,79.75,tamil_nadu__kancheepuram,Tamil Nadu,Kancheepuram,cell_centre_inside
24054,24,54,12.5,80.0,tamil_nadu__kancheepuram,Tamil Nadu,Kancheepuram,cell_centre_inside
24105,24,105,12.5,92.75,andaman_and_nicobar_island__north_and_middle_andaman,Andaman & Nicobar Island,North & Middle Andaman,cell_centre_inside
25034,25,34,12.75,75.0,karnataka__dakshina_kannada,Karnataka,Dakshina Kannada,cell_centre_inside
25035,25,35,12.75,75.25,karnataka__dakshina_kannada,Karnataka,Dakshina Kannada,cell_centre_inside
25036,25,36,12.75,75.5,karnataka__dakshina_kannada,Karnataka,Dakshina Kannada,cell_centre_inside
25037,25,37,12.75,75.75,karnataka__hassan,Karnataka,Hassan,cell_centre_inside
25038,25,38,12.75,76.0,karnataka__hassan,Karnataka,Hassan,cell_centre_inside
25039,25,39,12.75,76.25,karnataka__hassan,Karnataka,Hassan,cell_centre_inside
25040,25,40,12.75,76.5,karnataka__mandya,Karnataka,Mandya,cell_centre_inside
25041,25,41,12.75,76.75,karnataka__mandya,Karnataka,Mandya,cell_centre_inside
25042,25,42,12.75,77.0,karnataka__mandya,Karnataka,Mandya,cell_centre_inside
25043,25,43,12.75,77.25,karnataka__ramanagara,Karnataka,Ramanagara,cell_centre_inside
25044,25,44,12.75,77.5,karnataka__bangalore,Karnataka,Bangalore,cell_centre_inside
25045,25,45,12.75,77.75,karnataka__bangalore,Karnataka,Bangalore,cell_centre_inside
25046,25,46,12.75,78.0,tamil_nadu__krishnagiri,Tamil Nadu,Krishnagiri,cell_centre_inside
25047,25,47,12.75,78.25,andhra_pradesh__chittoor,Andhra Pradesh,Chittoor,cell_centre_inside
25048,25,48,12.75,78.5,andhra_pradesh__chittoor,Andhra Pradesh,Chittoor,cell_centre_inside
25049,25,49,12.75,78.75,tamil_nadu__vellore,Tamil Nadu,Vellore,cell_centre_inside
25050,25,50,12.75,79.0,tamil_nadu__vellore,Tamil Nadu,Vellore,cell_centre_inside
25051,25,51,12.75,79.25,tamil_nadu__tiruvannamalai,Tamil Nadu,Tiruvannamalai,cell_centre_inside
25052,25,52,12.75,79.5,tamil_nadu__tiruvannamalai,Tamil Nadu,Tiruvannamalai,cell_centre_inside
25053,25,53,12.75,79.75,tamil_nadu__kancheepuram,Tamil Nadu,Kancheepuram,cell_centre_inside
25054,25,54,12.75,80.0,tamil_nadu__kancheepuram,Tamil Nadu,Kancheepuram,cell_centre_inside
25105,25,105,12.75,92.75,andaman_and_nicobar_island__north_and_middle_andaman,Andaman & Nicobar Island,North & Middle Andaman,cell_centre_inside
26034,26,34,13.0,75.0,karnataka__udupi,Karnataka,Udupi,cell_centre_inside
26035,26,35,13.0,75.25,karnataka__dakshina_kannada,Karnataka,Dakshina Kannada,cell_centre_inside
26036,26,36,13.0,75.5,karnataka__dakshina_kannada,Karnataka,Dakshina Kannada,cell_centre_inside
26037,26,37,13.0,75.75,karnataka__hassan,Karnataka,Hassan,cell_centre_inside
26038,26,38,13.0,76.0,karnataka__hassan,Karnataka,Hassan,cell_centre_inside
26039,26,39,13.0,76.25,karnataka__hassan,Karnataka,Hassan,cell_centre_inside
26040,26,40,13.0,76.5,karnataka__hassan,Karnataka,Hassan,cell_centre_inside
26041,26,41,13.0,76.75,karnataka__mandya,Karnataka,Mandya,cell_centre_inside
26042,26,42,13.0,77.0,karnataka__tumkur,Karnataka,Tumkur,cell_centre_inside
26043,26,43,13.0,77.25,karnataka__ramanagara,Karnataka,Ramanagara,cell_centre_inside
26044,26,44,13.0,77.5,karnataka__bangalore,Karnataka,Bangalore,cell_centre_inside
26045,26,45,13.0,77.75,karnataka__bangalore,Karnataka,Bangalore,cell_centre_inside
26046,26,46,13.0,78.0,karnataka__kolar,Karnataka,Kolar,cell_centre_inside
26047,26,47,13.0,78.25,karnataka__kolar,Karnataka,Kolar,cell_centre_inside
26048,26,48,13.0,78.5,andhra_pradesh__chittoor,Andhra Pradesh,Chittoor,cell_centre_inside
26049,26,49,13.0,78.75,tamil_nadu__vellore,Tamil Nadu,Vellore,cell_centre_inside
26050,26,50,13.0,79.0,tamil_nadu__vellore,Tamil Nadu,Vellore,cell_centre_inside
26051,26,51,13.0,79.25,tamil_nadu__vellore,Tamil Nadu,Vellore,cell_centre_inside
26052,26,52,13.0,79.5,tamil_nadu__vellore,Tamil Nadu,Vellore,cell_centre_inside
26053,26,53,13.0,79.75,tamil_nadu__kancheepuram,Tamil Nadu,Kancheepuram,cell_centre_inside
26054,26,54,13.0,80.0,tamil_nadu__kancheepuram,Tamil Nadu,Kancheepuram,cell_centre_inside
26055,26,55,13.0,80.25,tamil_nadu__chennai,Tamil Nadu,Chennai,cell_centre_inside
27033,27,33,13.25,74.75,karnataka__udupi,Karnataka,Udupi,cell_centre_inside
27034,27,34,13.25,75.0,karnataka__udupi,Karnataka,Udupi,cell_centre_inside
27035,27,35,13.25,75.25,karnataka__chikmagalur,Karnataka,Chikmagalur,cell_centre_inside
27036,27,36,13.25,75.5,karnataka__chikmagalur,Karnataka,Chikmagalur,cell_centre_inside
27037,27,37,13.25,75.75,karnataka__chikmagalur,Karnataka,Chikmagalur,cell_centre_inside
27038,27,38,13.25,76.0,karnataka__hassan,Karnataka,Hassan,cell_centre_inside
27039,27,39,13.25,76.25,karnataka__hassan,Karnataka,Hassan,cell_centre_inside
27040,27,40,13.25,76.5,karnataka__tumkur,Karnataka,Tumkur,cell_centre_inside
27041,27,41,13.25,76.75,karnataka__tumkur,Karnataka,Tumkur,cell_centre_inside
27042,27,42,13.25,77.0,karnataka__tumkur,Karnataka,Tumkur,cell_centre_inside
27043,27,43,13.25,77.25,karnataka__bangalore_rural,Karnataka,Bangalore Rural,cell_centre_inside
27044,27,44,13.25,77.5,karnataka__bangalore_rural,Karnataka,Bangalore Rural,cell_centre_inside
27045,27,45,13.25,77.75,karnataka__bangalore_rural,Karnataka,Bangalore Rural,cell_centre_inside
27046,27,46,13.25,78.0,karnataka__kolar,Karnataka,Kolar,cell_centre_inside
27047,27,47,13.25,78.25,karnataka__kolar,Karnataka,Kolar,cell_centre_inside
27048,27,48,13.25,78.5,karnataka__kolar,Karnataka,Kolar,cell_centre_inside
27049,27,49,13.25,78.75,andhra_pradesh__chittoor,Andhra Pradesh,Chittoor,cell_centre_inside
27050,27,50,13.25,79.0,andhra_pradesh__chittoor,Andhra Pradesh,Chittoor,cell_centre_inside
27051,27,51,13.25,79.25,andhra_pradesh__chittoor,Andhra Pradesh,Chittoor,cell_centre_inside
27052,27,52,13.25,79.5,tamil_nadu__thiruvallur,Tamil Nadu,Thiruvallur,cell_centre_inside
27053,27,53,13.25,79.75,andhra_pradesh__chittoor,Andhra Pradesh,Chittoor,cell_centre_inside
27054,27,54,13.25,80.0,tamil_nadu__thiruvallur,Tamil Nadu,Thiruvallur,cell_centre_inside
27055,27,55,13.25,80.25,tamil_nadu__thiruvallur,Tamil Nadu,Thiruvallur,cell_centre_inside
27106,27,106,13.25,93.0,andaman_and_nicobar_island__north_and_middle_andaman,Andaman & Nicobar Island,North & Middle Andaman,cell_centre_inside
28033,28,33,13.5,74.75,karnataka__udupi,Karnataka,Udupi,cell_centre_inside
28034,28,34,13.5,75.0,karnataka__udupi,Karnataka,Udupi,cell_centre_inside
28035,28,35,13.5,75.25,karnataka__chikmagalur,Karnataka,Chikmagalur,cell_centre_inside
28036,28,36,13.5,75.5,karnataka__chikmagalur,Karnataka,Chikmagalur,cell_centre_inside
28037,28,37,13.5,75.75,karnataka__chikmagalur,Karnataka,Chikmagalur,cell_centre_inside
28038,28,38,13.5,76.0,karnataka__chikmagalur,Karnataka,Chikmagalur,cell_centre_inside
28039,28,39,13.5,76.25,karnataka__hassan,Karnataka,Hassan,cell_centre_inside
28040,28,40,13.5,76.5,karnataka__tumkur,Karnataka,Tumkur,cell_centre_inside
28041,28,41,13.5,76.75,karnataka__tumkur,Karnataka,Tumkur,cell_centre_inside
28042,28,42,13.5,77.0,karnataka__tumkur,Karnataka,Tumkur,cell_centre_inside
28043,28,43,13.5,77.25,karnataka__tumkur,Karnataka,Tumkur,cell_centre_inside
28044,28,44,13.5,77.5,karnataka__chikkaballapura,Karnataka,Chikkaballapura,cell_centre_inside
28045,28,45,13.5,77.75,karnataka__chikkaballapura,Karnataka,Chikkaballapura,cell_centre_inside
28046,28,46,13.5,78.0,karnataka__chikkaballapura,Karnataka,Chikkaballapura,cell_centre_inside
28047,28,47,13.5,78.25,karnataka__kolar,Karnataka,Kolar,cell_centre_inside
28048,28,48,13.5,78.5,andhra_pradesh__chittoor,Andhra Pradesh,Chittoor,cell_centre_inside
28049,28,49,13.5,78.75,andhra_pradesh__chittoor,Andhra Pradesh,Chittoor,cell_centre_inside
28050,28,50,13.5,79.0,andhra_pradesh__chittoor,Andhra Pradesh,Chittoor,cell_centre_inside
28051,28,51,13.5,79.25,andhra_pradesh__chittoor,Andhra Pradesh,Chittoor,cell_centre_inside
28052,28,52,13.5,79.5,andhra_pradesh__chittoor,Andhra Pradesh,Chittoor,cell_centre_inside
28053,28,53,13.5,79.75,andhra_pradesh__chittoor,Andhra Pradesh,Chittoor,cell_centre_inside
28054,28,54,13.5,80.0,andhra_pradesh__chittoor,Andhra Pradesh,Chittoor,cell_centre_inside
28055,28,55,13.5,80.25,andhra_pradesh__sri_potti_sriramulu_nellore,Andhra Pradesh,Sri Potti Sriramulu Nellore,cell_centre_inside
28106,28,106,13.5,93.0,andaman_and_nicobar_island__north_and_middle_andaman,Andaman & Nicobar Island,North & Middle Andaman,cell_centre_inside
29033,29,33,13.75,74.75,karnataka__udupi,Karnataka,Udupi,cell_centre_inside
29034,29,34,13.75,75.0,karnataka__shimoga,Karnataka,Shimoga,cell_centre_inside
29035,29,35,13.75,75.25,karnataka__shimoga,Karnataka,Shimoga,cell_centre_inside
29036,29,36,13.75,75.5,karnataka__chikmagalur,Karnataka,Chikmagalur,cell_centre_inside
29037,29,37,13.75,75.75,karnataka__chikmagalur,Karnataka,Chikmagalur,cell_centre_inside
29038,29,38,13.75,76.0,karnataka__chikmagalur,Karnataka,Chikmagalur,cell_centre_inside
29039,29,39,13.75,76.25,karnataka__chitradurga,Karnataka,Chitradurga,cell_centre_inside
29040,29,40,13.75,76.5,karnataka__chitradurga,Karnataka,Chitradurga,cell_centre_inside
29041,29,41,13.75,76.75,karnataka__tumkur,Karnataka,Tumkur,cell_centre_inside
29042,29,42,13.75,77.0,andhra_pradesh__anantapur,Andhra Pradesh,Anantapur,cell_centre_inside
29043,29,43,13.75,77.25,karnataka__tumkur,Karnataka,Tumkur,cell_centre_inside
29044,29,44,13.75,77.5,andhra_pradesh__anantapur,Andhra Pradesh,Anantapur,cell_centre_inside
29045,29,45,13.75,77.75,karnataka__chikkaballapura,Karnataka,Chikkaballapura,cell_centre_inside
29046,29,46,13.75,78.0,karnataka__chikkaballapura,Karnataka,Chikkaballapura,cell_centre_inside
29047,29,47,13.75,78.25,andhra_pradesh__chittoor,Andhra Pradesh,Chittoor,cell_centre_inside
29048,29,48,13.75,78.5,andhra_pradesh__chittoor,Andhra Pradesh,Chittoor,cell_centre_inside
29049,29,49,13.75,78.75,andhra_pradesh__chittoor,Andhra Pradesh,Chittoor,cell_centre_inside
29050,29,50,13.75,79.0,andhra_pradesh__chittoor,Andhra Pradesh,Chittoor,cell_centre_inside
29051,29,51,13.75,79.25,andhra_pradesh__chittoor,Andhra Pradesh,Chittoor,cell_centre_inside
29052,29,52,13.75,79.5,andhra_pradesh__chittoor,Andhra Pradesh,Chittoor,cell_centre_inside
29053,29,53,13.75,79.75,andhra_pradesh__chittoor,Andhra Pradesh,Chittoor,cell_centre_inside
29054,29,54,13.75,80.0,andhra_pradesh__sri_potti_sriramulu_nellore,Andhra Pradesh,Sri Potti Sriramulu Nellore,cell_centre_inside
30033,30,33,14.0,74.75,karnataka__shimoga,Karnataka,Shimoga,cell_centre_inside
30034,30,34,14.0,75.0,karnataka__shimoga,Karnataka,Shimoga,cell_centre_inside
30035,30,35,14.0,75.25,karnataka__shimoga,Karnataka,Shimoga,cell_centre_inside
30036,30,36,14.0,75.5,karnataka__shimoga,Karnataka,Shimoga,cell_centre_inside
30037,30,37,14.0,75.75,karnataka__shimoga,Karnataka,Shimoga,cell_centre_inside
30038,30,38,14.0,76.0,karnataka__davanagere,Karnataka,Davanagere,cell_centre_inside
30039,30,39,14.0,76.25,karnataka__chitradurga,Karnataka,Chitradurga,cell_centre_inside
30040,30,40,14.0,76.5,karnataka__chitradurga,Karnataka,Chitradurga,cell_centre_inside
30041,30,41,14.0,76.75,karnataka__chitradurga,Karnataka,Chitradurga,cell_centre_inside
30042,30,42,14.0,77.0,andhra_pradesh__anantapur,Andhra Pradesh,Anantapur,cell_centre_inside
30043,30,43,14.0,77.25,andhra_pradesh__anantapur,Andhra Pradesh,Anantapur,cell_centre_inside
30044,30,44,14.0,77.5,andhra_pradesh__anantapur,Andhra Pradesh,Anantapur,cell_centre_inside
30045,30,45,14.0,77.75,andhra_pradesh__anantapur,Andhra Pradesh,Anantapur,cell_centre_inside
30046,30,46,14.0,78.0,andhra_pradesh__anantapur,Andhra Pradesh,Anantapur,cell_centre_inside
30047,30,47,14.0,78.25,andhra_pradesh__anantapur,Andhra Pradesh,Anantapur,cell_centre_inside
30048,30,48,14.0,78.5,andhra_pradesh__y_s_r,Andhra Pradesh,Y.s.r.,cell_centre_inside
30049,30,49,14.0,78.75,andhra_pradesh__y_s_r,Andhra Pradesh,Y.s.r.,cell_centre_inside
30050,30,50,14.0,79.0,andhra_pradesh__y_s_r,Andhra Pradesh,Y.s.r.,cell_centre_inside
30051,30,51,14.0,79.25,andhra_pradesh__y_s_r,Andhra Pradesh,Y.s.r.,cell_centre_inside
30052,30,52,14.0,79.5,andhra_pradesh__sri_potti_sriramulu_nellore,Andhra Pradesh,Sri Potti Sriramulu Nellore,cell_centre_inside
30053,30,53,14.0,79.75,andhra_pradesh__sri_potti_sriramulu_nellore,Andhra Pradesh,Sri Potti Sriramulu Nellore,cell_centre_inside
30054,30,54,14.0,80.0,andhra_pradesh__sri_potti_sriramulu_nellore,Andhra Pradesh,Sri Potti Sriramulu Nellore,cell_centre_inside
31033,31,33,14.25,74.75,karnataka__shimoga,Karnataka,Shimoga,cell_centre_inside
31034,31,34,14.25,75.0,karnataka__shimoga,Karnataka,Shimoga,cell_centre_inside
31035,31,35,14.25,75.25,karnataka__shimoga,Karnataka,Shimoga,cell_centre_inside
31036,31,36,14.25,75.5,karnataka__shimoga,Karnataka,Shimoga,cell_centre_inside
31037,31,37,14.25,75.75,karnataka__davanagere,Karnataka,Davanagere,cell_centre_inside
31038,31,38,14.25,76.0,karnataka__davanagere,Karnataka,Davanagere,cell_centre_inside
31039,31,39,14.25,76.25,karnataka__chitradurga,Karnataka,Chitradurga,cell_centre_inside
31040,31,40,14.25,76.5,karnataka__chitradurga,Karnataka,Chitradurga,cell_centre_inside
31041,31,41,14.25,76.75,karnataka__chitradurga,Karnataka,Chitradurga,cell_centre_inside
31042,31,42,14.25,77.0,andhra_pradesh__anantapur,Andhra Pradesh,Anantapur,cell_centre_inside
31043,31,43,14.25,77.25,karnataka__tumkur,Karnataka,Tumkur,cell_centre_inside
31044,31,44,14.25,77.5,karnataka__tumkur,Karnataka,Tumkur,cell_centre_inside
31045,31,45,14.25,77.75,andhra_pradesh__anantapur,Andhra Pradesh,Anantapur,cell_centre_inside
31046,31,46,14.25,78.0,andhra_pradesh__anantapur,Andhra Pradesh,Anantapur,cell_centre_inside
31047,31,47,14.25,78.25,andhra_pradesh__anantapur,Andhra Pradesh,Anantapur,cell_centre_inside
31048,31,48,14.25,78.5,andhra_pradesh__y_s_r,Andhra Pradesh,Y.s.r.,cell_centre_inside
31049,31,49,14.25,78.75,andhra_pradesh__y_s_r,Andhra Pradesh,Y.s.r.,cell_centre_inside
31050,31,50,14.25,79.0,andhra_pradesh__y_s_r,Andhra Pradesh,Y.s.r.,cell_centre_inside
31051,31,51,14.25,79.25,andhra_pradesh__y_s_r,Andhra Pradesh,Y.s.r.,cell_centre_inside
31052,31,52,14.25,79.5,andhra_pradesh__sri_potti_sriramulu_nellore,Andhra Pradesh,Sri Potti Sriramulu Nellore,cell_centre_inside
31053,31,53,14.25,79.75,andhra_pradesh__sri_potti_sriramulu_nellore,Andhra Pradesh,Sri Potti Sriramulu Nellore,cell_centre_inside
31054,31,54,14.25,80.0,andhra_pradesh__sri_potti_sriramulu_nellore,Andhra Pradesh,Sri Potti Sriramulu Nellore,cell_centre_inside
32032,32,32,14.5,74.5,karnataka__uttara_kannada,Karnataka,Uttara Kannada,cell_centre_inside
32033,32,33,14.5,74.75,karnataka__uttara_kannada,Karnataka,Uttara Kannada,cell_centre_inside
32034,32,34,14.5,75.0,karnataka__uttara_kannada,Karnataka,Uttara Kannada,cell_centre_inside
32035,32,35,14.5,75.25,karnataka__shimoga,Karnataka,Shimoga,cell_centre_inside
32036,32,36,14.5,75.5,karnataka__haveri,Karnataka,Haveri,cell_centre_inside
32037,32,37,14.5,75.75,karnataka__davanagere,Karnataka,Davanagere,cell_centre_inside
32038,32,38,14.5,76.0,karnataka__davanagere,Karnataka,Davanagere,cell_centre_inside
32039,32,39,14.5,76.25,karnataka__davanagere,Karnataka,Davanagere,cell_centre_inside
32040,32,40,14.5,76.5,karnataka__chitradurga,Karnataka,Chitradurga,cell_centre_inside
32041,32,41,14.5,76.75,karnataka__chitradurga,Karnataka,Chitradurga,cell_centre_inside
32042,32,42,14.5,77.0,andhra_pradesh__anantapur,Andhra Pradesh,Anantapur,cell_centre_inside
32043,32,43,14.5,77.25,andhra_pradesh__anantapur,Andhra Pradesh,Anantapur,cell_centre_inside
32044,32,44,14.5,77.5,andhra_pradesh__anantapur,Andhra Pradesh,Anantapur,cell_centre_inside
32045,32,45,14.5,77.75,andhra_pradesh__anantapur,Andhra Pradesh,Anantapur,cell_centre_inside
32046,32,46,14.5,78.0,andhra_pradesh__y_s_r,Andhra Pradesh,Y.s.r.,cell_centre_inside
32047,32,47,14.5,78.25,andhra_pradesh__y_s_r,Andhra Pradesh,Y.s.r.,cell_centre_inside
32048,32,48,14.5,78.5,andhra_pradesh__y_s_r,Andhra Pradesh,Y.s.r.,cell_centre_inside
32049,32,49,14.5,78.75,andhra_pradesh__y_s_r,Andhra Pradesh,Y.s.r.,cell_centre_inside
32050,32,50,14.5,79.0,andhra_pradesh__y_s_r,Andhra Pradesh,Y.s.r.,cell_centre_inside
32051,32,51,14.5,79.25,andhra_pradesh__y_s_r,Andhra Pradesh,Y.s.r.,cell_centre_inside
32052,32,52,14.5,79.5,andhra_pradesh__sri_potti_sriramulu_nellore,Andhra Pradesh,Sri Potti Sriramulu Nellore,cell_centre_inside
32053,32,53,14.5,79.75,andhra_pradesh__sri_potti_sriramulu_nellore,Andhra Pradesh,Sri Potti Sriramulu Nellore,cell_centre_inside
32054,32,54,14.5,80.0,andhra_pradesh__sri_potti_sriramulu_nellore,Andhra Pradesh,Sri Potti Sriramulu Nellore,cell_centre_inside
33031,33,31,14.75,74.25,karnataka__uttara_kannada,Karnataka,Uttara Kannada,cell_centre_inside
33032,33,32,14.75,74.5,karnataka__uttara_kannada,Karnataka,Uttara Kannada,cell_centre_inside
33033,33,33,14.75,74.75,karnataka__uttara_kannada,Karnataka,Uttara Kannada,cell_centre_inside
33034,33,34,14.75,75.0,karnataka__uttara_kannada,Karnataka,Uttara Kannada,cell_centre_inside
33035,33,35,14.75,75.25,karnataka__haveri,Karnataka,Haveri,cell_centre_inside
33036,33,36,14.75,75.5,karnataka__haveri,Karnataka,Haveri,cell_centre_inside
33037,33,37,14.75,75.75,karnataka__bellary,Karnataka,Bellary,cell_centre_inside
33038,33,38,14.75,76.0,karnataka__davanagere,Karnataka,Davanagere,cell_centre_inside
33039,33,39,14.75,76.25,karnataka__bellary,Karnataka,Bellary,cell_centre_inside
33040,33,40,14.75,76.5,karnataka__bellary,Karnataka,Bellary,cell_centre_inside
33041,33,41,14.75,76.75,karnataka__chitradurga,Karnataka,Chitradurga,cell_centre_inside
33042,33,42,14.75,77.0,andhra_pradesh__anantapur,Andhra Pradesh,Anantapur,cell_centre_inside
33043,33,43,14.75,77.25,andhra_pradesh__anantapur,Andhra Pradesh,Anantapur,cell_centre_inside
33044,33,44,14.75,77.5,andhra_pradesh__anantapur,Andhra Pradesh,Anantapur,cell_centre_inside
33045,33,45,14.75,77.75,andhra_pradesh__anantapur,Andhra Pradesh,Anantapur,cell_centre_inside
33046,33,46,14.75,78.0,andhra_pradesh__anantapur,Andhra Pradesh,Anantapur,cell_centre_inside
33047,33,47,14.75,78.25,andhra_pradesh__y_s_r,Andhra Pradesh,Y.s.r.,cell_centre_inside
33048,33,48,14.75,78.5,andhra_pradesh__y_s_r,Andhra Pradesh,Y.s.r.,cell_centre_inside
33049,33,49,14.75,78.75,andhra_pradesh__y_s_r,Andhra Pradesh,Y.s.r.,cell_centre_inside
33050,33,50,14.75,79.0,andhra_pradesh__y_s_r,Andhra Pradesh,Y.s.r.,cell_centre_inside
33051,33,51,14.75,79.25,andhra_pradesh__sri_potti_sriramulu_nellore,Andhra Pradesh,Sri Potti Sriramulu Nellore,cell_centre_inside
33052,33,52,14.75,79.5,andhra_pradesh__sri_potti_sriramulu_nellore,Andhra Pradesh,Sri Potti Sriramulu Nellore,cell_centre_inside
33053,33,53,14.75,79.75,andhra_pradesh__sri_potti_sriramulu_nellore,Andhra Pradesh,Sri Potti Sriramulu Nellore,cell_centre_inside
33054,33,54,14.75,80.0,andhra_pradesh__sri_potti_sriramulu_nellore,Andhra Pradesh,Sri Potti Sriramulu Nellore,cell_centre_inside
34031,34,31,15.0,74.25,goa__south_goa,Goa,South Goa,cell_centre_inside
34032,34,32,15.0,74.5,karnataka__uttara_kannada,Karnataka,Uttara Kannada,cell_centre_inside
34033,34,33,15.0,74.75,karnataka__uttara_kannada,Karnataka,Uttara Kannada,cell_centre_inside
34034,34,34,15.0,75.0,karnataka__uttara_kannada,Karnataka,Uttara Kannada,cell_centre_inside
34035,34,35,15.0,75.25,karnataka__haveri,Karnataka,Haveri,cell_centre_inside
34036,34,36,15.0,75.5,karnataka__haveri,Karnataka,Haveri,cell_centre_inside
34037,34,37,15.0,75.75,karnataka__gadag,Karnataka,Gadag,cell_centre_inside
34038,34,38,15.0,76.0,karnataka__bellary,Karnataka,Bellary,cell_centre_inside
34039,34,39,15.0,76.25,karnataka__bellary,Karnataka,Bellary,cell_centre_inside
34040,34,40,15.0,76.5,karnataka__bellary,Karnataka,Bellary,cell_centre_inside
34041,34,41,15.0,76.75,karnataka__bellary,Karnataka,Bellary,cell_centre_inside
34042,34,42,15.0,77.0,andhra_pradesh__anantapur,Andhra Pradesh,Anantapur,cell_centre_inside
34043,34,43,15.0,77.25,andhra_pradesh__anantapur,Andhra Pradesh,Anantapur,cell_centre_inside
34044,34,44,15.0,77.5,andhra_pradesh__anantapur,Andhra Pradesh,Anantapur,cell_centre_inside
34045,34,45,15.0,77.75,andhra_pradesh__anantapur,Andhra Pradesh,Anantapur,cell_centre_inside
34046,34,46,15.0,78.0,andhra_pradesh__anantapur,Andhra Pradesh,Anantapur,cell_centre_inside
34047,34,47,15.0,78.25,andhra_pradesh__y_s_r,Andhra Pradesh,Y.s.r.,cell_centre_inside
34048,34,48,15.0,78.5,andhra_pradesh__y_s_r,Andhra Pradesh,Y.s.r.,cell_centre_inside
34049,34,49,15.0,78.75,andhra_pradesh__y_s_r,Andhra Pradesh,Y.s.r.,cell_centre_inside
34050,34,50,15.0,79.0,andhra_pradesh__y_s_r,Andhra Pradesh,Y.s.r.,cell_centre_inside
34051,34,51,15.0,79.25,andhra_pradesh__sri_potti_sriramulu_nellore,Andhra Pradesh,Sri Potti Sriramulu Nellore,cell_centre_inside
34052,34,52,15.0,79.5,andhra_pradesh__sri_potti_sriramulu_nellore,Andhra Pradesh,Sri Potti Sriramulu Nellore,cell_centre_inside
34053,34,53,15.0,79.75,andhra_pradesh__sri_potti_sriramulu_nellore,Andhra Pradesh,Sri Potti Sriramulu Nellore,cell_centre_inside
34054,34,54,15.0,80.0,andhra_pradesh__prakasam,Andhra Pradesh,Prakasam,cell_centre_inside
35030,35,30,15.25,74.0,goa__south_goa,Goa,South Goa,cell_centre_inside
35031,35,31,15.25,74.25,goa__south_goa,Goa,South Goa,cell_centre_inside
35032,35,32,15.25,74.5,karnataka__uttara_kannada,Karnataka,Uttara Kannada,cell_centre_inside
35033,35,33,15.25,74.75,karnataka__uttara_kannada,Karnataka,Uttara Kannada,cell_centre_inside
35034,35,34,15.25,75.0,karnataka__dharwad,Karnataka,Dharwad,cell_centre_inside
35035,35,35,15.25,75.25,karnataka__dharwad,Karnataka,Dharwad,cell_centre_inside
35036,35,36,15.25,75.5,karnataka__gadag,Karnataka,Gadag,cell_centre_inside
35037,35,37,15.25,75.75,karnataka__gadag,Karnataka,Gadag,cell_centre_inside
35038,35,38,15.25,76.0,karnataka__koppal,Karnataka,Koppal,cell_centre_inside
35039,35,39,15.25,76.25,karnataka__koppal,Karnataka,Koppal,cell_centre_inside
35040,35,40,15.25,76.5,karnataka__bellary,Karnataka,Bellary,cell_centre_inside
35041,35,41,15.25,76.75,karnataka__bellary,Karnataka,Bellary,cell_centre_inside
35042,35,42,15.25,77.0,karnataka__bellary,Karnataka,Bellary,cell_centre_inside
35043,35,43,15.25,77.25,andhra_pradesh__kurnool,Andhra Pradesh,Kurnool,cell_centre_inside
35044,35,44,15.25,77.5,andhra_pradesh__kurnool,Andhra Pradesh,Kurnool,cell_centre_inside
35045,35,45,15.25,77.75,andhra_pradesh__kurnool,Andhra Pradesh,Kurnool,cell_centre_inside
35046,35,46,15.25,78.0,andhra_pradesh__kurnool,Andhra Pradesh,Kurnool,cell_centre_inside
35047,35,47,15.25,78.25,andhra_pradesh__kurnool,Andhra Pradesh,Kurnool,cell_centre_inside
35048,35,48,15.25,78.5,andhra_pradesh__kurnool,Andhra Pradesh,Kurnool,cell_centre_inside
35049,35,49,15.25,78.75,andhra_pradesh__prakasam,Andhra Pradesh,Prakasam,cell_centre_inside
35050,35,50,15.25,79.0,andhra_pradesh__prakasam,Andhra Pradesh,Prakasam,cell_centre_inside
35051,35,51,15.25,79.25,andhra_pradesh__prakasam,Andhra Pradesh,Prakasam,cell_centre_inside
35052,35,52,15.25,79.5,andhra_pradesh__prakasam,Andhra Pradesh,Prakasam,cell_centre_inside
35053,35,53,15.25,79.75,andhra_pradesh__prakasam,Andhra Pradesh,Prakasam,cell_centre_inside
35054,35,54,15.25,80.0,andhra_pradesh__prakasam,Andhra Pradesh,Prakasam,cell_centre_inside
36030,36,30,15.5,74.0,goa__north_goa,Goa,North Goa,cell_centre_inside
36031,36,31,15.5,74.25,goa__north_goa,Goa,North Goa,cell_centre_inside
36032,36,32,15.5,74.5,karnataka__belgaum,Karnataka,Belgaum,cell_centre_inside
36033,36,33,15.5,74.75,karnataka__belgaum,Karnataka,Belgaum,cell_centre_inside
36034,36,34,15.5,75.0,karnataka__dharwad,Karnataka,Dharwad,cell_centre_inside
36035,36,35,15.5,75.25,karnataka__dharwad,Karnataka,Dharwad,cell_centre_inside
36036,36,36,15.5,75.5,karnataka__gadag,Karnataka,Gadag,cell_centre_inside
36037,36,37,15.5,75.75,karnataka__gadag,Karnataka,Gadag,cell_centre_inside
36038,36,38,15.5,76.0,karnataka__koppal,Karnataka,Koppal,cell_centre_inside
36039,36,39,15.5,76.25,karnataka__koppal,Karnataka,Koppal,cell_centre_inside
36040,36,40,15.5,76.5,karnataka__koppal,Karnataka,Koppal,cell_centre_inside
36041,36,41,15.5,76.75,karnataka__koppal,Karnataka,Koppal,cell_centre_inside
36042,36,42,15.5,77.0,andhra_pradesh__kurnool,Andhra Pradesh,Kurnool,cell_centre_inside
36043,36,43,15.5,77.25,andhra_pradesh__kurnool,Andhra Pradesh,Kurnool,cell_centre_inside
36044,36,44,15.5,77.5,andhra_pradesh__kurnool,Andhra Pradesh,Kurnool,cell_centre_inside
36045,36,45,15.5,77.75,andhra_pradesh__kurnool,Andhra Pradesh,Kurnool,cell_centre_inside
36046,36,46,15.5,78.0,andhra_pradesh__kurnool,Andhra Pradesh,Kurnool,cell_centre_inside
36047,36,47,15.5,78.25,andhra_pradesh__kurnool,Andhra Pradesh,Kurnool,cell_centre_inside
36048,36,48,15.5,78.5,andhra_pradesh__kurnool,Andhra Pradesh,Kurnool,cell_centre_inside
36049,36,49,15.5,78.75,andhra_pradesh__kurnool,Andhra Pradesh,Kurnool,cell_centre_inside
36050,36,50,15.5,79.0,andhra_pradesh__prakasam,Andhra Pradesh,Prakasam,cell_centre_inside
36051,36,51,15.5,79.25,andhra_pradesh__prakasam,Andhra Pradesh,Prakasam,cell_centre_inside
36052,36,52,15.5,79.5,andhra_pradesh__prakasam,Andhra Pradesh,Prakasam,cell_centre_inside
36053,36,53,15.5,79.75,andhra_pradesh__prakasam,Andhra Pradesh,Prakasam,cell_centre_inside
36054,36,54,15.5,80.0,andhra_pradesh__prakasam,Andhra Pradesh,Prakasam,cell_centre_inside
37029,37,29,15.75,73.75,maharashtra__sindhudurg,Maharashtra,Sindhudurg,cell_centre_inside
37030,37,30,15.75,74.0,maharashtra__sindhudurg,Maharashtra,Sindhudurg,cell_centre_inside
37031,37,31,15.75,74.25,maharashtra__kolhapur,Maharashtra,Kolhapur,cell_centre_inside
37032,37,32,15.75,74.5,karnataka__belgaum,Karnataka,Belgaum,cell_centre_inside
37033,37,33,15.75,74.75,karnataka__belgaum,Karnataka,Belgaum,cell_centre_inside
37034,37,34,15.75,75.0,karnataka__belgaum,Karnataka,Belgaum,cell_centre_inside
37035,37,35,15.75,75.25,karnataka__belgaum,Karnataka,Belgaum,cell_centre_inside
37036,37,36,15.75,75.5,karnataka__gadag,Karnataka,Gadag,cell_centre_inside
37037,37,37,15.75,75.75,karnataka__gadag,Karnataka,Gadag,cell_centre_inside
37038,37,38,15.75,76.0,karnataka__gadag,Karnataka,Gadag,cell_centre_inside
37039,37,39,15.75,76.25,karnataka__koppal,Karnataka,Koppal,cell_centre_inside
37040,37,40,15.75,76.5,karnataka__raichur,Karnataka,Raichur,cell_centre_inside
37041,37,41,15.75,76.75,karnataka__raichur,Karnataka,Raichur,cell_centre_inside
37042,37,42,15.75,77.0,karnataka__bellary,Karnataka,Bellary,cell_centre_inside
37043,37,43,15.75,77.25,andhra_pradesh__kurnool,Andhra Pradesh,Kurnool,cell_centre_inside
37044,37,44,15.75,77.5,andhra_pradesh__kurnool,Andhra Pradesh,Kurnool,cell_centre_inside
37045,37,45,15.75,77.75,andhra_pradesh__kurnool,Andhra Pradesh,Kurnool,cell_centre_inside
37046,37,46,15.75,78.0,andhra_pradesh__kurnool,Andhra Pradesh,Kurnool,cell_centre_inside
37047,37,47,15.75,78.25,andhra_pradesh__kurnool,Andhra Pradesh,Kurnool,cell_centre_inside
37048,37,48,15.75,78.5,andhra_pradesh__kurnool,Andhra Pradesh,Kurnool,cell_centre_inside
37049,37,49,15.75,78.75,andhra_pradesh__kurnool,Andhra Pradesh,Kurnool,cell_centre_inside
37050,37,50,15.75,79.0,andhra_pradesh__prakasam,Andhra Pradesh,Prakasam,cell_centre_inside
37051,37,51,15.75,79.25,andhra_pradesh__prakasam,Andhra Pradesh,Prakasam,cell_centre_inside
37052,37,52,15.75,79.5,andhra_pradesh__prakasam,Andhra Pradesh,Prakasam,cell_centre_inside
37053,37,53,15.75,79.75,andhra_pradesh__prakasam,Andhra Pradesh,Prakasam,cell_centre_inside
37054,37,54,15.75,80.0,andhra_pradesh__prakasam,Andhra Pradesh,Prakasam,cell_centre_inside
37055,37,55,15.75,80.25,andhra_pradesh__prakasam,Andhra Pradesh,Prakasam,cell_centre_inside
38028,38,28,16.0,73.5,maharashtra__sindhudurg,Maharashtra,Sindhudurg,cell_centre_inside
38029,38,29,16.0,73.75,maharashtra__sindhudurg,Maharashtra,Sindhudurg,cell_centre_inside
38030,38,30,16.0,74.0,maharashtra__sindhudurg,Maharashtra,Sindhudurg,cell_centre_inside
38031,38,31,16.0,74.25,maharashtra__kolhapur,Maharashtra,Kolhapur,cell_centre_inside
38032,38,32,16.0,74.5,karnataka__belgaum,Karnataka,Belgaum,cell_centre_inside
38033,38,33,16.0,74.75,karnataka__belgaum,Karnataka,Belgaum,cell_centre_inside
38034,38,34,16.0,75.0,karnataka__belgaum,Karnataka,Belgaum,cell_centre_inside
38035,38,35,16.0,75.25,karnataka__belgaum,Karnataka,Belgaum,cell_centre_inside
38036,38,36,16.0,75.5,karnataka__bagalkot,Karnataka,Bagalkot,cell_centre_inside
38037,38,37,16.0,75.75,karnataka__bagalkot,Karnataka,Bagalkot,cell_centre_inside
38038,38,38,16.0,76.0,karnataka__koppal,Karnataka,Koppal,cell_centre_inside
38039,38,39,16.0,76.25,karnataka__bagalkot,Karnataka,Bagalkot,cell_centre_inside
38040,38,40,16.0,76.5,karnataka__raichur,Karnataka,Raichur,cell_centre_inside
38041,38,41,16.0,76.75,karnataka__raichur,Karnataka,Raichur,cell_centre_inside
38042,38,42,16.0,77.0,karnataka__raichur,Karnataka,Raichur,cell_centre_inside
38043,38,43,16.0,77.25,karnataka__raichur,Karnataka,Raichur,cell_centre_inside
38044,38,44,16.0,77.5,karnataka__raichur,Karnataka,Raichur,cell_centre_inside
38045,38,45,16.0,77.75,andhra_pradesh__mahbubnagar,Andhra Pradesh,Mahbubnagar,cell_centre_inside
38046,38,46,16.0,78.0,andhra_pradesh__mahbubnagar,Andhra Pradesh,Mahbubnagar,cell_centre_inside
38047,38,47,16.0,78.25,andhra_pradesh__mahbubnagar,Andhra Pradesh,Mahbubnagar,cell_centre_inside
38048,38,48,16.0,78.5,andhra_pradesh__kurnool,Andhra Pradesh,Kurnool,cell_centre_inside
38049,38,49,16.0,78.75,andhra_pradesh__kurnool,Andhra Pradesh,Kurnool,cell_centre_inside
38050,38,50,16.0,79.0,andhra_pradesh__prakasam,Andhra Pradesh,Prakasam,cell_centre_inside
38051,38,51,16.0,79.25,andhra_pradesh__prakasam,Andhra Pradesh,Prakasam,cell_centre_inside
38052,38,52,16.0,79.5,andhra_pradesh__prakasam,Andhra Pradesh,Prakasam,cell_centre_inside
38053,38,53,16.0,79.75,andhra_pradesh__guntur,Andhra Pradesh,Guntur,cell_centre_inside
38054,38,54,16.0,80.0,andhra_pradesh__prakasam,Andhra Pradesh,Prakasam,cell_centre_inside
38055,38,55,16.0,80.25,andhra_pradesh__prakasam,Andhra Pradesh,Prakasam,cell_centre_inside
38056,38,56,16.0,80.5,andhra_pradesh__guntur,Andhra Pradesh,Guntur,cell_centre_inside
38057,38,57,16.0,80.75,andhra_pradesh__guntur,Andhra Pradesh,Guntur,cell_centre_inside
38058,38,58,16.0,81.0,andhra_pradesh__krishna,Andhra Pradesh,Krishna,cell_centre_inside
39028,39,28,16.25,73.5,maharashtra__sindhudurg,Maharashtra,Sindhudurg,cell_centre_inside
39029,39,29,16.25,73.75,maharashtra__sindhudurg,Maharashtra,Sindhudurg,cell_centre_inside
39030,39,30,16.25,74.0,maharashtra__kolhapur,Maharashtra,Kolhapur,cell_centre_inside
39031,39,31,16.25,74.25,maharashtra__kolhapur,Maharashtra,Kolhapur,cell_centre_inside
39032,39,32,16.25,74.5,karnataka__belgaum,Karnataka,Belgaum,cell_centre_inside
39033,39,33,16.25,74.75,karnataka__belgaum,Karnataka,Belgaum,cell_centre_inside
39034,39,34,16.25,75.0,karnataka__belgaum,Karnataka,Belgaum,cell_centre_inside
39035,39,35,16.25,75.25,karnataka__bagalkot,Karnataka,Bagalkot,cell_centre_inside
39036,39,36,16.25,75.5,karnataka__bagalkot,Karnataka,Bagalkot,cell_centre_inside
39037,39,37,16.25,75.75,karnataka__bagalkot,Karnataka,Bagalkot,cell_centre_inside
39038,39,38,16.25,76.0,karnataka__bagalkot,Karnataka,Bagalkot,cell_centre_inside
39039,39,39,16.25,76.25,karnataka__bijapur,Karnataka,Bijapur,cell_centre_inside
39040,39,40,16.25,76.5,karnataka__raichur,Karnataka,Raichur,cell_centre_inside
39041,39,41,16.25,76.75,karnataka__raichur,Karnataka,Raichur,cell_centre_inside
39042,39,42,16.25,77.0,karnataka__raichur,Karnataka,Raichur,cell_centre_inside
39043,39,43,16.25,77.25,karnataka__raichur,Karnataka,Raichur,cell_centre_inside
39044,39,44,16.25,77.5,andhra_pradesh__mahbubnagar,Andhra Pradesh,Mahbubnagar,cell_centre_inside
39045,39,45,16.25,77.75,andhra_pradesh__mahbubnagar,Andhra Pradesh,Mahbubnagar,cell_centre_inside
39046,39,46,16.25,78.0,andhra_pradesh__mahbubnagar,Andhra Pradesh,Mahbubnagar,cell_centre_inside
39047,39,47,16.25,78.25,andhra_pradesh__mahbubnagar,Andhra Pradesh,Mahbubnagar,cell_centre_inside
39048,39,48,16.25,78.5,andhra_pradesh__mahbubnagar,Andhra Pradesh,Mahbubnagar,cell_centre_inside
39049,39,49,16.25,78.75,andhra_pradesh__mahbubnagar,Andhra Pradesh,Mahbubnagar,cell_centre_inside
39050,39,50,16.25,79.0,andhra_pradesh__mahbubnagar,Andhra Pradesh,Mahbubnagar,cell_centre_inside
39051,39,51,16.25,79.25,andhra_pradesh__guntur,Andhra Pradesh,Guntur,cell_centre_inside
39052,39,52,16.25,79.5,andhra_pradesh__prakasam,Andhra Pradesh,Prakasam,cell_centre_inside
39053,39,53,16.25,79.75,andhra_pradesh__guntur,Andhra Pradesh,Guntur,cell_centre_inside
39054,39,54,16.25,80.0,andhra_pradesh__guntur,Andhra Pradesh,Guntur,cell_centre_inside
39055,39,55,16.25,80.25,andhra_pradesh__guntur,Andhra Pradesh,Guntur,cell_centre_inside
39056,39,56,16.25,80.5,andhra_pradesh__guntur,Andhra Pradesh,Guntur,cell_centre_inside
39057,39,57,16.25,80.75,andhra_pradesh__guntur,Andhra Pradesh,Guntur,cell_centre_inside
39058,39,58,16.25,81.0,andhra_pradesh__krishna,Andhra Pradesh,Krishna,cell_centre_inside
40028,40,28,16.5,73.5,maharashtra__sindhudurg,Maharashtra,Sindhudurg,cell_centre_inside
40029,40,29,16.5,73.75,maharashtra__sindhudurg,Maharashtra,Sindhudurg,cell_centre_inside
40030,40,30,16.5,74.0,maharashtra__kolhapur,Maharashtra,Kolhapur,cell_centre_inside
40031,40,31,16.5,74.25,maharashtra__kolhapur,Maharashtra,Kolhapur,cell_centre_inside
40032,40,32,16.5,74.5,karnataka__belgaum,Karnataka,Belgaum,cell_centre_inside
40033,40,33,16.5,74.75,karnataka__belgaum,Karnataka,Belgaum,cell_centre_inside
40034,40,34,16.5,75.0,karnataka__bagalkot,Karnataka,Bagalkot,cell_centre_inside
40035,40,35,16.5,75.25,karnataka__bagalkot,Karnataka,Bagalkot,cell_centre_inside
40036,40,36,16.5,75.5,karnataka__bijapur,Karnataka,Bijapur,cell_centre_inside
40037,40,37,16.5,75.75,karnataka__bijapur,Karnataka,Bijapur,cell_centre_inside
40038,40,38,16.5,76.0,karnataka__bijapur,Karnataka,Bijapur,cell_centre_inside
40039,40,39,16.5,76.25,karnataka__bijapur,Karnataka,Bijapur,cell_centre_inside
40040,40,40,16.5,76.5,karnataka__yadgir,Karnataka,Yadgir,cell_centre_inside
40041,40,41,16.5,76.75,karnataka__yadgir,Karnataka,Yadgir,cell_centre_inside
40042,40,42,16.5,77.0,karnataka__raichur,Karnataka,Raichur,cell_centre_inside
40043,40,43,16.5,77.25,karnataka__yadgir,Karnataka,Yadgir,cell_centre_inside
40044,40,44,16.5,77.5,andhra_pradesh__mahbubnagar,Andhra Pradesh,Mahbubnagar,cell_centre_inside
40045,40,45,16.5,77.75,andhra_pradesh__mahbubnagar,Andhra Pradesh,Mahbubnagar,cell_centre_inside
40046,40,46,16.5,78.0,andhra_pradesh__mahbubnagar,Andhra Pradesh,Mahbubnagar,cell_centre_inside
40047,40,47,16.5,78.25,andhra_pradesh__mahbubnagar,Andhra Pradesh,Mahbubnagar,cell_centre_inside
40048,40,48,16.5,78.5,andhra_pradesh__mahbubnagar,Andhra Pradesh,Mahbubnagar,cell_centre_inside
40049,40,49,16.5,78.75,andhra_pradesh__mahbubnagar,Andhra Pradesh,Mahbubnagar,cell_centre_inside
40050,40,50,16.5,79.0,andhra_pradesh__nalgonda,Andhra Pradesh,Nalgonda,cell_centre_inside
40051,40,51,16.5,79.25,andhra_pradesh__guntur,Andhra Pradesh,Guntur,cell_centre_inside
40052,40,52,16.5,79.5,andhra_pradesh__guntur,Andhra Pradesh,Guntur,cell_centre_inside
40053,40,53,16.5,79.75,andhra_pradesh__guntur,Andhra Pradesh,Guntur,cell_centre_inside
40054,40,54,16.5,80.0,andhra_pradesh__guntur,Andhra Pradesh,Guntur,cell_centre_inside
40055,40,55,16.5,80.25,andhra_pradesh__guntur,Andhra Pradesh,Guntur,cell_centre_inside
40056,40,56,16.5,80.5,andhra_pradesh__guntur,Andhra Pradesh,Guntur,cell_centre_inside
40057,40,57,16.5,80.75,andhra_pradesh__krishna,Andhra Pradesh,Krishna,cell_centre_inside
40058,40,58,16.5,81.0,andhra_pradesh__krishna,Andhra Pradesh,Krishna,cell_centre_inside
40059,40,59,16.5,81.25,andhra_pradesh__krishna,Andhra Pradesh,Krishna,cell_centre_inside
40060,40,60,16.5,81.5,andhra_pradesh__west_godavari,Andhra Pradesh,West Godavari,cell_centre_inside
40061,40,61,16.5,81.75,andhra_pradesh__west_godavari,Andhra Pradesh,West Godavari,cell_centre_inside
40062,40,62,16.5,82.0,andhra_pradesh__east_godavari,Andhra Pradesh,East Godavari,cell_centre_inside
41028,41,28,16.75,73.5,maharashtra__ratnagiri,Maharashtra,Ratnagiri,cell_centre_inside
41029,41,29,16.75,73.75,maharashtra__ratnagiri,Maharashtra,Ratnagiri,cell_centre_inside
41030,41,30,16.75,74.0,maharashtra__kolhapur,Maharashtra,Kolhapur,cell_centre_inside
41031,41,31,16.75,74.25,maharashtra__kolhapur,Maharashtra,Kolhapur,cell_centre_inside
41032,41,32,16.75,74.5,maharashtra__kolhapur,Maharashtra,Kolhapur,cell_centre_inside
41033,41,33,16.75,74.75,maharashtra__sangli,Maharashtra,Sangli,cell_centre_inside
41034,41,34,16.75,75.0,karnataka__belgaum,Karnataka,Belgaum,cell_centre_inside
41035,41,35,16.75,75.25,karnataka__belgaum,Karnataka,Belgaum,cell_centre_inside
41036,41,36,16.75,75.5,karnataka__bijapur,Karnataka,Bijapur,cell_centre_inside
41037,41,37,16.75,75.75,karnataka__bijapur,Karnataka,Bijapur,cell_centre_inside
41038,41,38,16.75,76.0,karnataka__bijapur,Karnataka,Bijapur,cell_centre_inside
41039,41,39,16.75,76.25,karnataka__bijapur,Karnataka,Bijapur,cell_centre_inside
41040,41,40,16.75,76.5,karnataka__gulbarga,Karnataka,Gulbarga,cell_centre_inside
41041,41,41,16.75,76.75,karnataka__yadgir,Karnataka,Yadgir,cell_centre_inside
41042,41,42,16.75,77.0,karnataka__yadgir,Karnataka,Yadgir,cell_centre_inside
41043,41,43,16.75,77.25,karnataka__yadgir,Karnataka,Yadgir,cell_centre_inside
41044,41,44,16.75,77.5,andhra_pradesh__mahbubnagar,Andhra Pradesh,Mahbubnagar,cell_centre_inside
41045,41,45,16.75,77.75,andhra_pradesh__mahbubnagar,Andhra Pradesh,Mahbubnagar,cell_centre_inside
41046,41,46,16.75,78.0,andhra_pradesh__mahbubnagar,Andhra Pradesh,Mahbubnagar,cell_centre_inside
41047,41,47,16.75,78.25,andhra_pradesh__mahbubnagar,Andhra Pradesh,Mahbubnagar,cell_centre_inside
41048,41,48,16.75,78.5,andhra_pradesh__mahbubnagar,Andhra Pradesh,Mahbubnagar,cell_centre_inside
41049,41,49,16.75,78.75,andhra_pradesh__mahbubnagar,Andhra Pradesh,Mahbubnagar,cell_centre_inside
41050,41,50,16.75,79.0,andhra_pradesh__nalgonda,Andhra Pradesh,Nalgonda,cell_centre_inside
41051,41,51,16.75,79.25,andhra_pradesh__nalgonda,Andhra Pradesh,Nalgonda,cell_centre_inside
41052,41,52,16.75,79.5,andhra_pradesh__nalgonda,Andhra Pradesh,Nalgonda,cell_centre_inside
41053,41,53,16.75,79.75,andhra_pradesh__nalgonda,Andhra Pradesh,Nalgonda,cell_centre_inside
41054,41,54,16.75,80.0,andhra_pradesh__nalgonda,Andhra Pradesh,Nalgonda,cell_centre_inside
41055,41,55,16.75,80.25,andhra_pradesh__krishna,Andhra Pradesh,Krishna,cell_centre_inside
41056,41,56,16.75,80.5,andhra_pradesh__krishna,Andhra Pradesh,Krishna,cell_centre_inside
41057,41,57,16.75,80.75,andhra_pradesh__krishna,Andhra Pradesh,Krishna,cell_centre_inside
41058,41,58,16.75,81.0,andhra_pradesh__krishna,Andhra Pradesh,Krishna,cell_centre_inside
41059,41,59,16.75,81.25,andhra_pradesh__west_godavari,Andhra Pradesh,West Godavari,cell_centre_inside
41060,41,60,16.75,81.5,andhra_pradesh__west_godavari,Andhra Pradesh,West Godavari,cell_centre_inside
41061,41,61,16.75,81.75,andhra_pradesh__west_godavari,Andhra Pradesh,West Godavari,cell_centre_inside
41062,41,62,16.75,82.0,andhra_pradesh__east_godavari,Andhra Pradesh,East Godavari,cell_centre_inside
41063,41,63,16.75,82.25,andhra_pradesh__east_godavari,Andhra Pradesh,East Godavari,cell_centre_inside
42028,42,28,17.0,73.5,maharashtra__ratnagiri,Maharashtra,Ratnagiri,cell_centre_inside
42029,42,29,17.0,73.75,maharashtra__ratnagiri,Maharashtra,Ratnagiri,cell_centre_inside
42030,42,30,17.0,74.0,maharashtra__sangli,Maharashtra,Sangli,cell_centre_inside
42031,42,31,17.0,74.25,maharashtra__sangli,Maharashtra,Sangli,cell_centre_inside
42032,42,32,17.0,74.5,maharashtra__sangli,Maharashtra,Sangli,cell_centre_inside
42033,42,33,17.0,74.75,maharashtra__sangli,Maharashtra,Sangli,cell_centre_inside
42034,42,34,17.0,75.0,maharashtra__sangli,Maharashtra,Sangli,cell_centre_inside
42035,42,35,17.0,75.25,maharashtra__sangli,Maharashtra,Sangli,cell_centre_inside
42036,42,36,17.0,75.5,maharashtra__sangli,Maharashtra,Sangli,cell_centre_inside
42037,42,37,17.0,75.75,karnataka__bijapur,Karnataka,Bijapur,cell_centre_inside
42038,42,38,17.0,76.0,karnataka__bijapur,Karnataka,Bijapur,cell_centre_inside
42039,42,39,17.0,76.25,karnataka__bijapur,Karnataka,Bijapur,cell_centre_inside
42040,42,40,17.0,76.5,karnataka__gulbarga,Karnataka,Gulbarga,cell_centre_inside
42041,42,41,17.0,76.75,karnataka__gulbarga,Karnataka,Gulbarga,cell_centre_inside
42042,42,42,17.0,77.0,karnataka__gulbarga,Karnataka,Gulbarga,cell_centre_inside
42043,42,43,17.0,77.25,karnataka__gulbarga,Karnataka,Gulbarga,cell_centre_inside
42044,42,44,17.0,77.5,andhra_pradesh__mahbubnagar,Andhra Pradesh,Mahbubnagar,cell_centre_inside
42045,42,45,17.0,77.75,andhra_pradesh__mahbubnagar,Andhra Pradesh,Mahbubnagar,cell_centre_inside
42046,42,46,17.0,78.0,andhra_pradesh__mahbubnagar,Andhra Pradesh,Mahbubnagar,cell_centre_inside
42047,42,47,17.0,78.25,andhra_pradesh__mahbubnagar,Andhra Pradesh,Mahbubnagar,cell_centre_inside
42048,42,48,17.0,78.5,andhra_pradesh__mahbubnagar,Andhra Pradesh,Mahbubnagar,cell_centre_inside
42049,42,49,17.0,78.75,andhra_pradesh__rangareddy,Andhra Pradesh,Rangareddy,cell_centre_inside
42050,42,50,17.0,79.0,andhra_pradesh__nalgonda,Andhra Pradesh,Nalgonda,cell_centre_inside
42051,42,51,17.0,79.25,andhra_pradesh__nalgonda,Andhra Pradesh,Nalgonda,cell_centre_inside
42052,42,52,17.0,79.5,andhra_pradesh__nalgonda,Andhra Pradesh,Nalgonda,cell_centre_inside
42053,42,53,17.0,79.75,andhra_pradesh__nalgonda,Andhra Pradesh,Nalgonda,cell_centre_inside
42054,42,54,17.0,80.0,andhra_pradesh__nalgonda,Andhra Pradesh,Nalgonda,cell_centre_inside
42055,42,55,17.0,80.25,andhra_pradesh__krishna,Andhra Pradesh,Krishna,cell_centre_inside
42056,42,56,17.0,80.5,andhra_pradesh__krishna,Andhra Pradesh,Krishna,cell_centre_inside
42057,42,57,17.0,80.75,andhra_pradesh__krishna,Andhra Pradesh,Krishna,cell_centre_inside
42058,42,58,17.0,81.0,andhra_pradesh__west_godavari,Andhra Pradesh,West Godavari,cell_centre_inside
42059,42,59,17.0,81.25,andhra_pradesh__west_godavari,Andhra Pradesh,West Godavari,cell_centre_inside
42060,42,60,17.0,81.5,andhra_pradesh__west_godavari,Andhra Pradesh,West Godavari,cell_centre_inside
42061,42,61,17.0,81.75,andhra_pradesh__east_godavari,Andhra Pradesh,East Godavari,cell_centre_inside
42062,42,62,17.0,82.0,andhra_pradesh__east_godavari,Andhra Pradesh,East Godavari,cell_centre_inside
42063,42,63,17.0,82.25,andhra_pradesh__east_godavari,Andhra Pradesh,East Godavari,cell_centre_inside
43027,43,27,17.25,73.25,maharashtra__ratnagiri,Maharashtra,Ratnagiri,cell_centre_inside
43028,43,28,17.25,73.5,maharashtra__ratnagiri,Maharashtra,Ratnagiri,cell_centre_inside
43029,43,29,17.25,73.75,maharashtra__sangli,Maharashtra,Sangli,cell_centre_inside
43030,43,30,17.25,74.0,maharashtra__satara,Maharashtra,Satara,cell_centre_inside
43031,43,31,17.25,74.25,maharashtra__satara,Maharashtra,Satara,cell_centre_inside
43032,43,32,17.25,74.5,maharashtra__sangli,Maharashtra,Sangli,cell_centre_inside
43033,43,33,17.25,74.75,maharashtra__sangli,Maharashtra,Sangli,cell_centre_inside
43034,43,34,17.25,75.0,maharashtra__solapur,Maharashtra,Solapur,cell_centre_inside
43035,43,35,17.25,75.25,maharashtra__solapur,Maharashtra,Solapur,cell_centre_inside
43036,43,36,17.25,75.5,maharashtra__solapur,Maharashtra,Solapur,cell_centre_inside
43037,43,37,17.25,75.75,karnataka__bijapur,Karnataka,Bijapur,cell_centre_inside
43038,43,38,17.25,76.0,karnataka__bijapur,Karnataka,Bijapur,cell_centre_inside
43039,43,39,17.25,76.25,karnataka__gulbarga,Karnataka,Gulbarga,cell_centre_inside
43040,43,40,17.25,76.5,karnataka__gulbarga,Karnataka,Gulbarga,cell_centre_inside
43041,43,41,17.25,76.75,karnataka__gulbarga,Karnataka,Gulbarga,cell_centre_inside
43042,43,42,17.25,77.0,karnataka__gulbarga,Karnataka,Gulbarga,cell_centre_inside
43043,43,43,17.25,77.25,karnataka__gulbarga,Karnataka,Gulbarga,cell_centre_inside
43044,43,44,17.25,77.5,andhra_pradesh__rangareddy,Andhra Pradesh,Rangareddy,cell_centre_inside
43045,43,45,17.25,77.75,andhra_pradesh__rangareddy,Andhra Pradesh,Rangareddy,cell_centre_inside
43046,43,46,17.25,78.0,andhra_pradesh__rangareddy,Andhra Pradesh,Rangareddy,cell_centre_inside
43047,43,47,17.25,78.25,andhra_pradesh__rangareddy,Andhra Pradesh,Rangareddy,cell_centre_inside
43048,43,48,17.25,78.5,andhra_pradesh__rangareddy,Andhra Pradesh,Rangareddy,cell_centre_inside
43049,43,49,17.25,78.75,andhra_pradesh__rangareddy,Andhra Pradesh,Rangareddy,cell_centre_inside
43050,43,50,17.25,79.0,andhra_pradesh__nalgonda,Andhra Pradesh,Nalgonda,cell_centre_inside
43051,43,51,17.25,79.25,andhra_pradesh__nalgonda,Andhra Pradesh,Nalgonda,cell_centre_inside
43052,43,52,17.25,79.5,andhra_pradesh__nalgonda,Andhra Pradesh,Nalgonda,cell_centre_inside
43053,43,53,17.25,79.75,andhra_pradesh__nalgonda,Andhra Pradesh,Nalgonda,cell_centre_inside
43054,43,54,17.25,80.0,andhra_pradesh__khammam,Andhra Pradesh,Khammam,cell_centre_inside
43055,43,55,17.25,80.25,andhra_pradesh__khammam,Andhra Pradesh,Khammam,cell_centre_inside
43056,43,56,17.25,80.5,andhra_pradesh__khammam,Andhra Pradesh,Khammam,cell_centre_inside
43057,43,57,17.25,80.75,andhra_pradesh__khammam,Andhra Pradesh,Khammam,cell_centre_inside
43058,43,58,17.25,81.0,andhra_pradesh__khammam,Andhra Pradesh,Khammam,cell_centre_inside
43059,43,59,17.25,81.25,andhra_pradesh__west_godavari,Andhra Pradesh,West Godavari,cell_centre_inside
43060,43,60,17.25,81.5,andhra_pradesh__west_godavari,Andhra Pradesh,West Godavari,cell_centre_inside
43061,43,61,17.25,81.75,andhra_pradesh__east_godavari,Andhra Pradesh,East Godavari,cell_centre_inside
43062,43,62,17.25,82.0,andhra_pradesh__east_godavari,Andhra Pradesh,East Godavari,cell_centre_inside
43063,43,63,17.25,82.25,andhra_pradesh__east_godavari,Andhra Pradesh,East Godavari,cell_centre_inside
43064,43,64,17.25,82.5,andhra_pradesh__east_godavari,Andhra Pradesh,East Godavari,cell_centre_inside
44027,44,27,17.5,73.25,maharashtra__ratnagiri,Maharashtra,Ratnagiri,cell_centre_inside
44028,44,28,17.5,73.5,maharashtra__ratnagiri,Maharashtra,Ratnagiri,cell_centre_inside
44029,44,29,17.5,73.75,maharashtra__satara,Maharashtra,Satara,cell_centre_inside
44030,44,30,17.5,74.0,maharashtra__satara,Maharashtra,Satara,cell_centre_inside
44031,44,31,17.5,74.25,maharashtra__satara,Maharashtra,Satara,cell_centre_inside
44032,44,32,17.5,74.5,maharashtra__satara,Maharashtra,Satara,cell_centre_inside
44033,44,33,17.5,74.75,maharashtra__satara,Maharashtra,Satara,cell_centre_inside
44034,44,34,17.5,75.0,maharashtra__solapur,Maharashtra,Solapur,cell_centre_inside
44035,44,35,17.5,75.25,maharashtra__solapur,Maharashtra,Solapur,cell_centre_inside
44036,44,36,17.5,75.5,maharashtra__solapur,Maharashtra,Solapur,cell_centre_inside
44037,44,37,17.5,75.75,maharashtra__solapur,Maharashtra,Solapur,cell_centre_inside
44038,44,38,17.5,76.0,maharashtra__solapur,Maharashtra,Solapur,cell_centre_inside
44039,44,39,17.5,76.25,maharashtra__solapur,Maharashtra,Solapur,cell_centre_inside
44040,44,40,17.5,76.5,karnataka__gulbarga,Karnataka,Gulbarga,cell_centre_inside
44041,44,41,17.5,76.75,karnataka__gulbarga,Karnataka,Gulbarga,cell_centre_inside
44042,44,42,17.5,77.0,karnataka__gulbarga,Karnataka,Gulbarga,cell_centre_inside
44043,44,43,17.5,77.25,karnataka__gulbarga,Karnataka,Gulbarga,cell_centre_inside
44044,44,44,17.5,77.5,karnataka__gulbarga,Karnataka,Gulbarga,cell_centre_inside
44045,44,45,17.5,77.75,andhra_pradesh__rangareddy,Andhra Pradesh,Rangareddy,cell_centre_inside
44046,44,46,17.5,78.0,andhra_pradesh__medak,Andhra Pradesh,Medak,cell_centre_inside
44047,44,47,17.5,78.25,andhra_pradesh__medak,Andhra Pradesh,Medak,cell_centre_inside
44048,44,48,17.5,78.5,andhra_pradesh__rangareddy,Andhra Pradesh,Rangareddy,cell_centre_inside
44049,44,49,17.5,78.75,andhra_pradesh__nalgonda,Andhra Pradesh,Nalgonda,cell_centre_inside
44050,44,50,17.5,79.0,andhra_pradesh__nalgonda,Andhra Pradesh,Nalgonda,cell_centre_inside
44051,44,51,17.5,79.25,andhra_pradesh__nalgonda,Andhra Pradesh,Nalgonda,cell_centre_inside
44052,44,52,17.5,79.5,andhra_pradesh__warangal,Andhra Pradesh,Warangal,cell_centre_inside
44053,44,53,17.5,79.75,andhra_pradesh__warangal,Andhra Pradesh,Warangal,cell_centre_inside
44054,44,54,17.5,80.0,andhra_pradesh__warangal,Andhra Pradesh,Warangal,cell_centre_inside
44055,44,55,17.5,80.25,andhra_pradesh__khammam,Andhra Pradesh,Khammam,cell_centre_inside
44056,44,56,17.5,80.5,andhra_pradesh__khammam,Andhra Pradesh,Khammam,cell_centre_inside
44057,44,57,17.5,80.75,andhra_pradesh__khammam,Andhra Pradesh,Khammam,cell_centre_inside
44058,44,58,17.5,81.0,andhra_pradesh__khammam,Andhra Pradesh,Khammam,cell_centre_inside
44059,44,59,17.5,81.25,andhra_pradesh__khammam,Andhra Pradesh,Khammam,cell_centre_inside
44060,44,60,17.5,81.5,andhra_pradesh__khammam,Andhra Pradesh,Khammam,cell_centre_inside
44061,44,61,17.5,81.75,andhra_pradesh__east_godavari,Andhra Pradesh,East Godavari,cell_centre_inside
44062,44,62,17.5,82.0,andhra_pradesh__east_godavari,Andhra Pradesh,East Godavari,cell_centre_inside
44063,44,63,17.5,82.25,andhra_pradesh__east_godavari,Andhra Pradesh,East Godavari,cell_centre_inside
44064,44,64,17.5,82.5,andhra_pradesh__east_godavari,Andhra Pradesh,East Godavari,cell_centre_inside
44065,44,65,17.5,82.75,andhra_pradesh__visakhapatnam,Andhra Pradesh,Visakhapatnam,cell_centre_inside
44066,44,66,17.5,83.0,andhra_pradesh__visakhapatnam,Andhra Pradesh,Visakhapatnam,cell_centre_inside
45027,45,27,17.75,73.25,maharashtra__ratnagiri,Maharashtra,Ratnagiri,cell_centre_inside
45028,45,28,17.75,73.5,maharashtra__ratnagiri,Maharashtra,Ratnagiri,cell_centre_inside
45029,45,29,17.75,73.75,maharashtra__satara,Maharashtra,Satara,cell_centre_inside
45030,45,30,17.75,74.0,maharashtra__satara,Maharashtra,Satara,cell_centre_inside
45031,45,31,17.75,74.25,maharashtra__satara,Maharashtra,Satara,cell_centre_inside
45032,45,32,17.75,74.5,maharashtra__satara,Maharashtra,Satara,cell_centre_inside
45033,45,33,17.75,74.75,maharashtra__satara,Maharashtra,Satara,cell_centre_inside
45034,45,34,17.75,75.0,maharashtra__solapur,Maharashtra,Solapur,cell_centre_inside
45035,45,35,17.75,75.25,maharashtra__solapur,Maharashtra,Solapur,cell_centre_inside
45036,45,36,17.75,75.5,maharashtra__solapur,Maharashtra,Solapur,cell_centre_inside
45037,45,37,17.75,75.75,maharashtra__solapur,Maharashtra,Solapur,cell_centre_inside
45038,45,38,17.75,76.0,maharashtra__solapur,Maharashtra,Solapur,cell_centre_inside
45039,45,39,17.75,76.25,maharashtra__osmanabad,Maharashtra,Osmanabad,cell_centre_inside
45040,45,40,17.75,76.5,maharashtra__osmanabad,Maharashtra,Osmanabad,cell_centre_inside
45041,45,41,17.75,76.75,karnataka__bidar,Karnataka,Bidar,cell_centre_inside
45042,45,42,17.75,77.0,karnataka__bidar,Karnataka,Bidar,cell_centre_inside
45043,45,43,17.75,77.25,karnataka__bidar,Karnataka,Bidar,cell_centre_inside
45044,45,44,17.75,77.5,karnataka__bidar,Karnataka,Bidar,cell_centre_inside
45045,45,45,17.75,77.75,andhra_pradesh__medak,Andhra Pradesh,Medak,cell_centre_inside
45046,45,46,17.75,78.0,andhra_pradesh__medak,Andhra Pradesh,Medak,cell_centre_inside
45047,45,47,17.75,78.25,andhra_pradesh__medak,Andhra Pradesh,Medak,cell_centre_inside
45048,45,48,17.75,78.5,andhra_pradesh__medak,Andhra Pradesh,Medak,cell_centre_inside
45049,45,49,17.75,78.75,andhra_pradesh__medak,Andhra Pradesh,Medak,cell_centre_inside
45050,45,50,17.75,79.0,andhra_pradesh__nalgonda,Andhra Pradesh,Nalgonda,cell_centre_inside
45051,45,51,17.75,79.25,andhra_pradesh__warangal,Andhra Pradesh,Warangal,cell_centre_inside
45052,45,52,17.75,79.5,andhra_pradesh__warangal,Andhra Pradesh,Warangal,cell_centre_inside
45053,45,53,17.75,79.75,andhra_pradesh__warangal,Andhra Pradesh,Warangal,cell_centre_inside
45054,45,54,17.75,80.0,andhra_pradesh__warangal,Andhra Pradesh,Warangal,cell_centre_inside
45055,45,55,17.75,80.25,andhra_pradesh__warangal,Andhra Pradesh,Warangal,cell_centre_inside
45056,45,56,17.75,80.5,andhra_pradesh__khammam,Andhra Pradesh,Khammam,cell_centre_inside
45057,45,57,17.75,80.75,andhra_pradesh__khammam,Andhra Pradesh,Khammam,cell_centre_inside
45058,45,58,17.75,81.0,andhra_pradesh__khammam,Andhra Pradesh,Khammam,cell_centre_inside
45059,45,59,17.75,81.25,andhra_pradesh__khammam,Andhra Pradesh,Khammam,cell_centre_inside
45060,45,60,17.75,81.5,andhra_pradesh__khammam,Andhra Pradesh,Khammam,cell_centre_inside
45061,45,61,17.75,81.75,andhra_pradesh__east_godavari,Andhra Pradesh,East Godavari,cell_centre_inside
45062,45,62,17.75,82.0,andhra_pradesh__east_godavari,Andhra Pradesh,East Godavari,cell_centre_inside
45063,45,63,17.75,82.25,andhra_pradesh__visakhapatnam,Andhra Pradesh,Visakhapatnam,cell_centre_inside
45064,45,64,17.75,82.5,andhra_pradesh__visakhapatnam,Andhra Pradesh,Visakhapatnam,cell_centre_inside
45065,45,65,17.75,82.75,andhra_pradesh__visakhapatnam,Andhra Pradesh,Visakhapatnam,cell_centre_inside
45066,45,66,17.75,83.0,andhra_pradesh__visakhapatnam,Andhra Pradesh,Visakhapatnam,cell_centre_inside
45067,45,67,17.75,83.25,andhra_pradesh__visakhapatnam,Andhra Pradesh,Visakhapatnam,cell_centre_inside
46027,46,27,18.0,73.25,maharashtra__ratnagiri,Maharashtra,Ratnagiri,cell_centre_inside
46028,46,28,18.0,73.5,maharashtra__raigarh,Maharashtra,Raigarh,cell_centre_inside
46029,46,29,18.0,73.75,maharashtra__satara,Maharashtra,Satara,cell_centre_inside
46030,46,30,18.0,74.0,maharashtra__satara,Maharashtra,Satara,cell_centre_inside
46031,46,31,18.0,74.25,maharashtra__satara,Maharashtra,Satara,cell_centre_inside
46032,46,32,18.0,74.5,maharashtra__satara,Maharashtra,Satara,cell_centre_inside
46033,46,33,18.0,74.75,maharashtra__solapur,Maharashtra,Solapur,cell_centre_inside
46034,46,34,18.0,75.0,maharashtra__pune,Maharashtra,Pune,cell_centre_inside
46035,46,35,18.0,75.25,maharashtra__solapur,Maharashtra,Solapur,cell_centre_inside
46036,46,36,18.0,75.5,maharashtra__solapur,Maharashtra,Solapur,cell_centre_inside
46037,46,37,18.0,75.75,maharashtra__solapur,Maharashtra,Solapur,cell_centre_inside
46038,46,38,18.0,76.0,maharashtra__solapur,Maharashtra,Solapur,cell_centre_inside
46039,46,39,18.0,76.25,maharashtra__osmanabad,Maharashtra,Osmanabad,cell_centre_inside
46040,46,40,18.0,76.5,maharashtra__osmanabad,Maharashtra,Osmanabad,cell_centre_inside
46041,46,41,18.0,76.75,maharashtra__latur,Maharashtra,Latur,cell_centre_inside
46042,46,42,18.0,77.0,karnataka__bidar,Karnataka,Bidar,cell_centre_inside
46043,46,43,18.0,77.25,karnataka__bidar,Karnataka,Bidar,cell_centre_inside
46044,46,44,18.0,77.5,karnataka__bidar,Karnataka,Bidar,cell_centre_inside
46045,46,45,18.0,77.75,andhra_pradesh__medak,Andhra Pradesh,Medak,cell_centre_inside
46046,46,46,18.0,78.0,andhra_pradesh__medak,Andhra Pradesh,Medak,cell_centre_inside
46047,46,47,18.0,78.25,andhra_pradesh__medak,Andhra Pradesh,Medak,cell_centre_inside
46048,46,48,18.0,78.5,andhra_pradesh__medak,Andhra Pradesh,Medak,cell_centre_inside
46049,46,49,18.0,78.75,andhra_pradesh__medak,Andhra Pradesh,Medak,cell_centre_inside
46050,46,50,18.0,79.0,andhra_pradesh__medak,Andhra Pradesh,Medak,cell_centre_inside
46051,46,51,18.0,79.25,andhra_pradesh__karimnagar,Andhra Pradesh,Karimnagar,cell_centre_inside
46052,46,52,18.0,79.5,andhra_pradesh__warangal,Andhra Pradesh,Warangal,cell_centre_inside
46053,46,53,18.0,79.75,andhra_pradesh__warangal,Andhra Pradesh,Warangal,cell_centre_inside
46054,46,54,18.0,80.0,andhra_pradesh__warangal,Andhra Pradesh,Warangal,cell_centre_inside
46055,46,55,18.0,80.25,andhra_pradesh__warangal,Andhra Pradesh,Warangal,cell_centre_inside
46056,46,56,18.0,80.5,andhra_pradesh__khammam,Andhra Pradesh,Khammam,cell_centre_inside
46057,46,57,18.0,80.75,andhra_pradesh__khammam,Andhra Pradesh,Khammam,cell_centre_inside
46058,46,58,18.0,81.0,chhattisgarh__dakshin_bastar_dantewada,Chhattisgarh,Dakshin Bastar Dantewada,cell_centre_inside
46059,46,59,18.0,81.25,chhattisgarh__dakshin_bastar_dantewada,Chhattisgarh,Dakshin Bastar Dantewada,cell_centre_inside
46060,46,60,18.0,81.5,odisha__malkangiri,Odisha,Malkangiri,cell_centre_inside
46061,46,61,18.0,81.75,odisha__malkangiri,Odisha,Malkangiri,cell_centre_inside
46062,46,62,18.0,82.0,andhra_pradesh__visakhapatnam,Andhra Pradesh,Visakhapatnam,cell_centre_inside
46063,46,63,18.0,82.25,odisha__malkangiri,Odisha,Malkangiri,cell_centre_inside
46064,46,64,18.0,82.5,andhra_pradesh__visakhapatnam,Andhra Pradesh,Visakhapatnam,cell_centre_inside
46065,46,65,18.0,82.75,andhra_pradesh__visakhapatnam,Andhra Pradesh,Visakhapatnam,cell_centre_inside
46066,46,66,18.0,83.0,andhra_pradesh__visakhapatnam,Andhra Pradesh,Visakhapatnam,cell_centre_inside
46067,46,67,18.0,83.25,andhra_pradesh__vizianagaram,Andhra Pradesh,Vizianagaram,cell_centre_inside
46068,46,68,18.0,83.5,andhra_pradesh__vizianagaram,Andhra Pradesh,Vizianagaram,cell_centre_inside
47026,47,26,18.25,73.0,maharashtra__raigarh,Maharashtra,Raigarh,cell_centre_inside
47027,47,27,18.25,73.25,maharashtra__raigarh,Maharashtra,Raigarh,cell_centre_inside
47028,47,28,18.25,73.5,maharashtra__raigarh,Maharashtra,Raigarh,cell_centre_inside
47029,47,29,18.25,73.75,maharashtra__pune,Maharashtra,Pune,cell_centre_inside
47030,47,30,18.25,74.0,maharashtra__pune,Maharashtra,Pune,cell_centre_inside
47031,47,31,18.25,74.25,maharashtra__pune,Maharashtra,Pune,cell_centre_inside
47032,47,32,18.25,74.5,maharashtra__pune,Maharashtra,Pune,cell_centre_inside
47033,47,33,18.25,74.75,maharashtra__pune,Maharashtra,Pune,cell_centre_inside
47034,47,34,18.25,75.0,maharashtra__solapur,Maharashtra,Solapur,cell_centre_inside
47035,47,35,18.25,75.25,maharashtra__solapur,Maharashtra,Solapur,cell_centre_inside
47036,47,36,18.25,75.5,maharashtra__osmanabad,Maharashtra,Osmanabad,cell_centre_inside
47037,47,37,18.25,75.75,maharashtra__solapur,Maharashtra,Solapur,cell_centre_inside
47038,47,38,18.25,76.0,maharashtra__osmanabad,Maharashtra,Osmanabad,cell_centre_inside
47039,47,39,18.25,76.25,maharashtra__osmanabad,Maharashtra,Osmanabad,cell_centre_inside
47040,47,40,18.25,76.5,maharashtra__latur,Maharashtra,Latur,cell_centre_inside
47041,47,41,18.25,76.75,maharashtra__latur,Maharashtra,Latur,cell_centre_inside
47042,47,42,18.25,77.0,maharashtra__latur,Maharashtra,Latur,cell_centre_inside
47043,47,43,18.25,77.25,karnataka__bidar,Karnataka,Bidar,cell_centre_inside
47044,47,44,18.25,77.5,karnataka__bidar,Karnataka,Bidar,cell_centre_inside
47045,47,45,18.25,77.75,andhra_pradesh__nizamabad,Andhra Pradesh,Nizamabad,cell_centre_inside
47046,47,46,18.25,78.0,andhra_pradesh__nizamabad,Andhra Pradesh,Nizamabad,cell_centre_inside
47047,47,47,18.25,78.25,andhra_pradesh__nizamabad,Andhra Pradesh,Nizamabad,cell_centre_inside
47048,47,48,18.25,78.5,andhra_pradesh__nizamabad,Andhra Pradesh,Nizamabad,cell_centre_inside
47049,47,49,18.25,78.75,andhra_pradesh__karimnagar,Andhra Pradesh,Karimnagar,cell_centre_inside
47050,47,50,18.25,79.0,andhra_pradesh__karimnagar,Andhra Pradesh,Karimnagar,cell_centre_inside
47051,47,51,18.25,79.25,andhra_pradesh__karimnagar,Andhra Pradesh,Karimnagar,cell_centre_inside
47052,47,52,18.25,79.5,andhra_pradesh__karimnagar,Andhra Pradesh,Karimnagar,cell_centre_inside
47053,47,53,18.25,79.75,andhra_pradesh__warangal,Andhra Pradesh,Warangal,cell_centre_inside
47054,47,54,18.25,80.0,andhra_pradesh__warangal,Andhra Pradesh,Warangal,cell_centre_inside
47055,47,55,18.25,80.25,andhra_pradesh__warangal,Andhra Pradesh,Warangal,cell_centre_inside
47056,47,56,18.25,80.5,andhra_pradesh__warangal,Andhra Pradesh,Warangal,cell_centre_inside
47057,47,57,18.25,80.75,andhra_pradesh__khammam,Andhra Pradesh,Khammam,cell_centre_inside
47058,47,58,18.25,81.0,chhattisgarh__bijapur,Chhattisgarh,Bijapur,cell_centre_inside
47059,47,59,18.25,81.25,chhattisgarh__dakshin_bastar_dantewada,Chhattisgarh,Dakshin Bastar Dantewada,cell_centre_inside
47060,47,60,18.25,81.5,chhattisgarh__dakshin_bastar_dantewada,Chhattisgarh,Dakshin Bastar Dantewada,cell_centre_inside
47061,47,61,18.25,81.75,odisha__malkangiri,Odisha,Malkangiri,cell_centre_inside
47062,47,62,18.25,82.0,odisha__malkangiri,Odisha,Malkangiri,cell_centre_inside
47063,47,63,18.25,82.25,odisha__malkangiri,Odisha,Malkangiri,cell_centre_inside
47064,47,64,18.25,82.5,andhra_pradesh__visakhapatnam,Andhra Pradesh,Visakhapatnam,cell_centre_inside
47065,47,65,18.25,82.75,andhra_pradesh__visakhapatnam,Andhra Pradesh,Visakhapatnam,cell_centre_inside
47066,47,66,18.25,83.0,andhra_pradesh__visakhapatnam,Andhra Pradesh,Visakhapatnam,cell_centre_inside
47067,47,67,18.25,83.25,andhra_pradesh__visakhapatnam,Andhra Pradesh,Visakhapatnam,cell_centre_inside
47068,47,68,18.25,83.5,andhra_pradesh__vizianagaram,Andhra Pradesh,Vizianagaram,cell_centre_inside
47069,47,69,18.25,83.75,andhra_pradesh__srikakulam,Andhra Pradesh,Srikakulam,cell_centre_inside
47070,47,70,18.25,84.0,andhra_pradesh__srikakulam,Andhra Pradesh,Srikakulam,cell_centre_inside
48026,48,26,18.5,73.0,maharashtra__raigarh,Maharashtra,Raigarh,cell_centre_inside
48027,48,27,18.5,73.25,maharashtra__raigarh,Maharashtra,Raigarh,cell_centre_inside
48028,48,28,18.5,73.5,maharashtra__pune,Maharashtra,Pune,cell_centre_inside
48029,48,29,18.5,73.75,maharashtra__pune,Maharashtra,Pune,cell_centre_inside
48030,48,30,18.5,74.0,maharashtra__pune,Maharashtra,Pune,cell_centre_inside
48031,48,31,18.5,74.25,maharashtra__pune,Maharashtra,Pune,cell_centre_inside
48032,48,32,18.5,74.5,maharashtra__pune,Maharashtra,Pune,cell_centre_inside
48033,48,33,18.5,74.75,maharashtra__ahmadnagar,Maharashtra,Ahmadnagar,cell_centre_inside
48034,48,34,18.5,75.0,maharashtra__ahmadnagar,Maharashtra,Ahmadnagar,cell_centre_inside
48035,48,35,18.5,75.25,maharashtra__solapur,Maharashtra,Solapur,cell_centre_inside
48036,48,36,18.5,75.5,maharashtra__osmanabad,Maharashtra,Osmanabad,cell_centre_inside
48037,48,37,18.5,75.75,maharashtra__osmanabad,Maharashtra,Osmanabad,cell_centre_inside
48038,48,38,18.5,76.0,maharashtra__osmanabad,Maharashtra,Osmanabad,cell_centre_inside
48039,48,39,18.5,76.25,maharashtra__osmanabad,Maharashtra,Osmanabad,cell_centre_inside
48040,48,40,18.5,76.5,maharashtra__bid,Maharashtra,Bid,cell_centre_inside
48041,48,41,18.5,76.75,maharashtra__latur,Maharashtra,Latur,cell_centre_inside
48042,48,42,18.5,77.0,maharashtra__latur,Maharashtra,Latur,cell_centre_inside
48043,48,43,18.5,77.25,maharashtra__nanded,Maharashtra,Nanded,cell_centre_inside
48044,48,44,18.5,77.5,maharashtra__nanded,Maharashtra,Nanded,cell_centre_inside
48045,48,45,18.5,77.75,andhra_pradesh__nizamabad,Andhra Pradesh,Nizamabad,cell_centre_inside
48046,48,46,18.5,78.0,andhra_pradesh__nizamabad,Andhra Pradesh,Nizamabad,cell_centre_inside
48047,48,47,18.5,78.25,andhra_pradesh__nizamabad,Andhra Pradesh,Nizamabad,cell_centre_inside
48048,48,48,18.5,78.5,andhra_pradesh__nizamabad,Andhra Pradesh,Nizamabad,cell_centre_inside
48049,48,49,18.5,78.75,andhra_pradesh__karimnagar,Andhra Pradesh,Karimnagar,cell_centre_inside
48050,48,50,18.5,79.0,andhra_pradesh__karimnagar,Andhra Pradesh,Karimnagar,cell_centre_inside
48051,48,51,18.5,79.25,andhra_pradesh__karimnagar,Andhra Pradesh,Karimnagar,cell_centre_inside
48052,48,52,18.5,79.5,andhra_pradesh__karimnagar,Andhra Pradesh,Karimnagar,cell_centre_inside
48053,48,53,18.5,79.75,andhra_pradesh__karimnagar,Andhra Pradesh,Karimnagar,cell_centre_inside
48054,48,54,18.5,80.0,andhra_pradesh__karimnagar,Andhra Pradesh,Karimnagar,cell_centre_inside
48055,48,55,18.5,80.25,andhra_pradesh__warangal,Andhra Pradesh,Warangal,cell_centre_inside
48056,48,56,18.5,80.5,andhra_pradesh__khammam,Andhra Pradesh,Khammam,cell_centre_inside
48057,48,57,18.5,80.75,chhattisgarh__bijapur,Chhattisgarh,Bijapur,cell_centre_inside
48058,48,58,18.5,81.0,chhattisgarh__bijapur,Chhattisgarh,Bijapur,cell_centre_inside
48059,48,59,18.5,81.25,chhattisgarh__dakshin_bastar_dantewada,Chhattisgarh,Dakshin Bastar Dantewada,cell_centre_inside
48060,48,60,18.5,81.5,chhattisgarh__dakshin_bastar_dantewada,Chhattisgarh,Dakshin Bastar Dantewada,cell_centre_inside
48061,48,61,18.5,81.75,chhattisgarh__dakshin_bastar_dantewada,Chhattisgarh,Dakshin Bastar Dantewada,cell_centre_inside
48062,48,62,18.5,82.0,odisha__malkangiri,Odisha,Malkangiri,cell_centre_inside
48063,48,63,18.5,82.25,odisha__malkangiri,Odisha,Malkangiri,cell_centre_inside
48064,48,64,18.5,82.5,andhra_pradesh__visakhapatnam,Andhra Pradesh,Visakhapatnam,cell_centre_inside
48065,48,65,18.5,82.75,odisha__koraput,Odisha,Koraput,cell_centre_inside
48066,48,66,18.5,83.0,odisha__koraput,Odisha,Koraput,cell_centre_inside
48067,48,67,18.5,83.25,andhra_pradesh__vizianagaram,Andhra Pradesh,Vizianagaram,cell_centre_inside
48068,48,68,18.5,83.5,andhra_pradesh__vizianagaram,Andhra Pradesh,Vizianagaram,cell_centre_inside
48069,48,69,18.5,83.75,andhra_pradesh__srikakulam,Andhra Pradesh,Srikakulam,cell_centre_inside
48070,48,70,18.5,84.0,andhra_pradesh__srikakulam,Andhra Pradesh,Srikakulam,cell_centre_inside
48071,48,71,18.5,84.25,andhra_pradesh__srikakulam,Andhra Pradesh,Srikakulam,cell_centre_inside
49026,49,26,18.75,73.0,maharashtra__raigarh,Maharashtra,Raigarh,cell_centre_inside
49027,49,27,18.75,73.25,maharashtra__raigarh,Maharashtra,Raigarh,cell_centre_inside
49028,49,28,18.75,73.5,maharashtra__pune,Maharashtra,Pune,cell_centre_inside
49029,49,29,18.75,73.75,maharashtra__pune,Maharashtra,Pune,cell_centre_inside
49030,49,30,18.75,74.0,maharashtra__pune,Maharashtra,Pune,cell_centre_inside
49031,49,31,18.75,74.25,maharashtra__pune,Maharashtra,Pune,cell_centre_inside
49032,49,32,18.75,74.5,maharashtra__ahmadnagar,Maharashtra,Ahmadnagar,cell_centre_inside
49033,49,33,18.75,74.75,maharashtra__ahmadnagar,Maharashtra,Ahmadnagar,cell_centre_inside
49034,49,34,18.75,75.0,maharashtra__ahmadnagar,Maharashtra,Ahmadnagar,cell_centre_inside
49035,49,35,18.75,75.25,maharashtra__bid,Maharashtra,Bid,cell_centre_inside
49036,49,36,18.75,75.5,maharashtra__bid,Maharashtra,Bid,cell_centre_inside
49037,49,37,18.75,75.75,maharashtra__bid,Maharashtra,Bid,cell_centre_inside
49038,49,38,18.75,76.0,maharashtra__bid,Maharashtra,Bid,cell_centre_inside
49039,49,39,18.75,76.25,maharashtra__bid,Maharashtra,Bid,cell_centre_inside
49040,49,40,18.75,76.5,maharashtra__bid,Maharashtra,Bid,cell_centre_inside
49041,49,41,18.75,76.75,maharashtra__latur,Maharashtra,Latur,cell_centre_inside
49042,49,42,18.75,77.0,maharashtra__latur,Maharashtra,Latur,cell_centre_inside
49043,49,43,18.75,77.25,maharashtra__nanded,Maharashtra,Nanded,cell_centre_inside
49044,49,44,18.75,77.5,maharashtra__nanded,Maharashtra,Nanded,cell_centre_inside
49045,49,45,18.75,77.75,maharashtra__nanded,Maharashtra,Nanded,cell_centre_inside
49046,49,46,18.75,78.0,andhra_pradesh__nizamabad,Andhra Pradesh,Nizamabad,cell_centre_inside
49047,49,47,18.75,78.25,andhra_pradesh__nizamabad,Andhra Pradesh,Nizamabad,cell_centre_inside
49048,49,48,18.75,78.5,andhra_pradesh__nizamabad,Andhra Pradesh,Nizamabad,cell_centre_inside
49049,49,49,18.75,78.75,andhra_pradesh__karimnagar,Andhra Pradesh,Karimnagar,cell_centre_inside
49050,49,50,18.75,79.0,andhra_pradesh__karimnagar,Andhra Pradesh,Karimnagar,cell_centre_inside
49051,49,51,18.75,79.25,andhra_pradesh__karimnagar,Andhra Pradesh,Karimnagar,cell_centre_inside
49052,49,52,18.75,79.5,andhra_pradesh__karimnagar,Andhra Pradesh,Karimnagar,cell_centre_inside
49053,49,53,18.75,79.75,andhra_pradesh__adilabad,Andhra Pradesh,Adilabad,cell_centre_inside
49054,49,54,18.75,80.0,andhra_pradesh__karimnagar,Andhra Pradesh,Karimnagar,cell_centre_inside
49055,49,55,18.75,80.25,maharashtra__garhchiroli,Maharashtra,Garhchiroli,cell_centre_inside
49056,49,56,18.75,80.5,chhattisgarh__bijapur,Chhattisgarh,Bijapur,cell_centre_inside
49057,49,57,18.75,80.75,chhattisgarh__bijapur,Chhattisgarh,Bijapur,cell_centre_inside
49058,49,58,18.75,81.0,chhattisgarh__bijapur,Chhattisgarh,Bijapur,cell_centre_inside
49059,49,59,18.75,81.25,chhattisgarh__dakshin_bastar_dantewada,Chhattisgarh,Dakshin Bastar Dantewada,cell_centre_inside
49060,49,60,18.75,81.5,chhattisgarh__dakshin_bastar_dantewada,Chhattisgarh,Dakshin Bastar Dantewada,cell_centre_inside
49061,49,61,18.75,81.75,chhattisgarh__dakshin_bastar_dantewada,Chhattisgarh,Dakshin Bastar Dantewada,cell_centre_inside
49062,49,62,18.75,82.0,chhattisgarh__bastar,Chhattisgarh,Bastar,cell_centre_inside
49063,49,63,18.75,82.25,odisha__koraput,Odisha,Koraput,cell_centre_inside
49064,49,64,18.75,82.5,odisha__koraput,Odisha,Koraput,cell_centre_inside
49065,49,65,18.75,82.75,odisha__koraput,Odisha,Koraput,cell_centre_inside
49066,49,66,18.75,83.0,odisha__koraput,Odisha,Koraput,cell_centre_inside
49067,49,67,18.75,83.25,andhra_pradesh__vizianagaram,Andhra Pradesh,Vizianagaram,cell_centre_inside
49068,49,68,18.75,83.5,andhra_pradesh__vizianagaram,Andhra Pradesh,Vizianagaram,cell_centre_inside
49069,49,69,18.75,83.75,andhra_pradesh__srikakulam,Andhra Pradesh,Srikakulam,cell_centre_inside
49070,49,70,18.75,84.0,andhra_pradesh__srikakulam,Andhra Pradesh,Srikakulam,cell_centre_inside
49071,49,71,18.75,84.25,andhra_pradesh__srikakulam,Andhra Pradesh,Srikakulam,cell_centre_inside
49072,49,72,18.75,84.5,andhra_pradesh__srikakulam,Andhra Pradesh,Srikakulam,cell_centre_inside
50026,50,26,19.0,73.0,maharashtra__thane,Maharashtra,Thane,cell_centre_inside
50027,50,27,19.0,73.25,maharashtra__raigarh,Maharashtra,Raigarh,cell_centre_inside
50028,50,28,19.0,73.5,maharashtra__raigarh,Maharashtra,Raigarh,cell_centre_inside
50029,50,29,19.0,73.75,maharashtra__pune,Maharashtra,Pune,cell_centre_inside
50030,50,30,19.0,74.0,maharashtra__pune,Maharashtra,Pune,cell_centre_inside
50031,50,31,19.0,74.25,maharashtra__ahmadnagar,Maharashtra,Ahmadnagar,cell_centre_inside
50032,50,32,19.0,74.5,maharashtra__ahmadnagar,Maharashtra,Ahmadnagar,cell_centre_inside
50033,50,33,19.0,74.75,maharashtra__ahmadnagar,Maharashtra,Ahmadnagar,cell_centre_inside
50034,50,34,19.0,75.0,maharashtra__bid,Maharashtra,Bid,cell_centre_inside
50035,50,35,19.0,75.25,maharashtra__bid,Maharashtra,Bid,cell_centre_inside
50036,50,36,19.0,75.5,maharashtra__bid,Maharashtra,Bid,cell_centre_inside
50037,50,37,19.0,75.75,maharashtra__bid,Maharashtra,Bid,cell_centre_inside
50038,50,38,19.0,76.0,maharashtra__bid,Maharashtra,Bid,cell_centre_inside
50039,50,39,19.0,76.25,maharashtra__bid,Maharashtra,Bid,cell_centre_inside
50040,50,40,19.0,76.5,maharashtra__parbhani,Maharashtra,Parbhani,cell_centre_inside
50041,50,41,19.0,76.75,maharashtra__parbhani,Maharashtra,Parbhani,cell_centre_inside
50042,50,42,19.0,77.0,maharashtra__parbhani,Maharashtra,Parbhani,cell_centre_inside
50043,50,43,19.0,77.25,maharashtra__nanded,Maharashtra,Nanded,cell_centre_inside
50044,50,44,19.0,77.5,maharashtra__nanded,Maharashtra,Nanded,cell_centre_inside
50045,50,45,19.0,77.75,maharashtra__nanded,Maharashtra,Nanded,cell_centre_inside
50046,50,46,19.0,78.0,andhra_pradesh__adilabad,Andhra Pradesh,Adilabad,cell_centre_inside
50047,50,47,19.0,78.25,andhra_pradesh__adilabad,Andhra Pradesh,Adilabad,cell_centre_inside
50048,50,48,19.0,78.5,andhra_pradesh__adilabad,Andhra Pradesh,Adilabad,cell_centre_inside
50049,50,49,19.0,78.75,andhra_pradesh__karimnagar,Andhra Pradesh,Karimnagar,cell_centre_inside
50050,50,50,19.0,79.0,andhra_pradesh__karimnagar,Andhra Pradesh,Karimnagar,cell_centre_inside
50051,50,51,19.0,79.25,andhra_pradesh__adilabad,Andhra Pradesh,Adilabad,cell_centre_inside
50052,50,52,19.0,79.5,andhra_pradesh__adilabad,Andhra Pradesh,Adilabad,cell_centre_inside
50053,50,53,19.0,79.75,andhra_pradesh__adilabad,Andhra Pradesh,Adilabad,cell_centre_inside
50054,50,54,19.0,80.0,maharashtra__garhchiroli,Maharashtra,Garhchiroli,cell_centre_inside
50055,50,55,19.0,80.25,maharashtra__garhchiroli,Maharashtra,Garhchiroli,cell_centre_inside
50056,50,56,19.0,80.5,chhattisgarh__bijapur,Chhattisgarh,Bijapur,cell_centre_inside
50057,50,57,19.0,80.75,chhattisgarh__bijapur,Chhattisgarh,Bijapur,cell_centre_inside
50058,50,58,19.0,81.0,chhattisgarh__bijapur,Chhattisgarh,Bijapur,cell_centre_inside
50059,50,59,19.0,81.25,chhattisgarh__dakshin_bastar_dantewada,Chhattisgarh,Dakshin Bastar Dantewada,cell_centre_inside
50060,50,60,19.0,81.5,chhattisgarh__bastar,Chhattisgarh,Bastar,cell_centre_inside
50061,50,61,19.0,81.75,chhattisgarh__bastar,Chhattisgarh,Bastar,cell_centre_inside
50062,50,62,19.0,82.0,chhattisgarh__bastar,Chhattisgarh,Bastar,cell_centre_inside
50063,50,63,19.0,82.25,odisha__koraput,Odisha,Koraput,cell_centre_inside
50064,50,64,19.0,82.5,odisha__koraput,Odisha,Koraput,cell_centre_inside
50065,50,65,19.0,82.75,odisha__koraput,Odisha,Koraput,cell_centre_inside
50066,50,66,19.0,83.0,odisha__koraput,Odisha,Koraput,cell_centre_inside
50067,50,67,19.0,83.25,odisha__koraput,Odisha,Koraput,cell_centre_inside
50068,50,68,19.0,83.5,andhra_pradesh__vizianagaram,Andhra Pradesh,Vizianagaram,cell_centre_inside
50069,50,69,19.0,83.75,odisha__rayagada,Odisha,Rayagada,cell_centre_inside
50070,50,70,19.0,84.0,odisha__gajapati,Odisha,Gajapati,cell_centre_inside
50071,50,71,19.0,84.25,odisha__gajapati,Odisha,Gajapati,cell_centre_inside
50072,50,72,19.0,84.5,andhra_pradesh__srikakulam,Andhra Pradesh,Srikakulam,cell_centre_inside
51026,51,26,19.25,73.0,maharashtra__thane,Maharashtra,Thane,cell_centre_inside
51027,51,27,19.25,73.25,maharashtra__thane,Maharashtra,Thane,cell_centre_inside
51028,51,28,19.25,73.5,maharashtra__thane,Maharashtra,Thane,cell_centre_inside
51029,51,29,19.25,73.75,maharashtra__pune,Maharashtra,Pune,cell_centre_inside
51030,51,30,19.25,74.0,maharashtra__pune,Maharashtra,Pune,cell_centre_inside
51031,51,31,19.25,74.25,maharashtra__ahmadnagar,Maharashtra,Ahmadnagar,cell_centre_inside
51032,51,32,19.25,74.5,maharashtra__ahmadnagar,Maharashtra,Ahmadnagar,cell_centre_inside
51033,51,33,19.25,74.75,maharashtra__ahmadnagar,Maharashtra,Ahmadnagar,cell_centre_inside
51034,51,34,19.25,75.0,maharashtra__ahmadnagar,Maharashtra,Ahmadnagar,cell_centre_inside
51035,51,35,19.25,75.25,maharashtra__ahmadnagar,Maharashtra,Ahmadnagar,cell_centre_inside
51036,51,36,19.25,75.5,maharashtra__bid,Maharashtra,Bid,cell_centre_inside
51037,51,37,19.25,75.75,maharashtra__bid,Maharashtra,Bid,cell_centre_inside
51038,51,38,19.25,76.0,maharashtra__bid,Maharashtra,Bid,cell_centre_inside
51039,51,39,19.25,76.25,maharashtra__parbhani,Maharashtra,Parbhani,cell_centre_inside
51040,51,40,19.25,76.5,maharashtra__parbhani,Maharashtra,Parbhani,cell_centre_inside
51041,51,41,19.25,76.75,maharashtra__parbhani,Maharashtra,Parbhani,cell_centre_inside
51042,51,42,19.25,77.0,maharashtra__parbhani,Maharashtra,Parbhani,cell_centre_inside
51043,51,43,19.25,77.25,maharashtra__nanded,Maharashtra,Nanded,cell_centre_inside
51044,51,44,19.25,77.5,maharashtra__nanded,Maharashtra,Nanded,cell_centre_inside
51045,51,45,19.25,77.75,maharashtra__nanded,Maharashtra,Nanded,cell_centre_inside
51046,51,46,19.25,78.0,andhra_pradesh__adilabad,Andhra Pradesh,Adilabad,cell_centre_inside
51047,51,47,19.25,78.25,andhra_pradesh__adilabad,Andhra Pradesh,Adilabad,cell_centre_inside
51048,51,48,19.25,78.5,andhra_pradesh__adilabad,Andhra Pradesh,Adilabad,cell_centre_inside
51049,51,49,19.25,78.75,andhra_pradesh__adilabad,Andhra Pradesh,Adilabad,cell_centre_inside
51050,51,50,19.25,79.0,andhra_pradesh__adilabad,Andhra Pradesh,Adilabad,cell_centre_inside
51051,51,51,19.25,79.25,andhra_pradesh__adilabad,Andhra Pradesh,Adilabad,cell_centre_inside
51052,51,52,19.25,79.5,andhra_pradesh__adilabad,Andhra Pradesh,Adilabad,cell_centre_inside
51053,51,53,19.25,79.75,andhra_pradesh__adilabad,Andhra Pradesh,Adilabad,cell_centre_inside
51054,51,54,19.25,80.0,maharashtra__garhchiroli,Maharashtra,Garhchiroli,cell_centre_inside
51055,51,55,19.25,80.25,maharashtra__garhchiroli,Maharashtra,Garhchiroli,cell_centre_inside
51056,51,56,19.25,80.5,chhattisgarh__bijapur,Chhattisgarh,Bijapur,cell_centre_inside
51057,51,57,19.25,80.75,chhattisgarh__bijapur,Chhattisgarh,Bijapur,cell_centre_inside
51058,51,58,19.25,81.0,chhattisgarh__narayanpur,Chhattisgarh,Narayanpur,cell_centre_inside
51059,51,59,19.25,81.25,chhattisgarh__dakshin_bastar_dantewada,Chhattisgarh,Dakshin Bastar Dantewada,cell_centre_inside
51060,51,60,19.25,81.5,chhattisgarh__bastar,Chhattisgarh,Bastar,cell_centre_inside
51061,51,61,19.25,81.75,chhattisgarh__bastar,Chhattisgarh,Bastar,cell_centre_inside
51062,51,62,19.25,82.0,chhattisgarh__bastar,Chhattisgarh,Bastar,cell_centre_inside
51063,51,63,19.25,82.25,odisha__nabarangapur,Odisha,Nabarangapur,cell_centre_inside
51064,51,64,19.25,82.5,odisha__nabarangapur,Odisha,Nabarangapur,cell_centre_inside
51065,51,65,19.25,82.75,odisha__nabarangapur,Odisha,Nabarangapur,cell_centre_inside
51066,51,66,19.25,83.0,odisha__rayagada,Odisha,Rayagada,cell_centre_inside
51067,51,67,19.25,83.25,odisha__rayagada,Odisha,Rayagada,cell_centre_inside
51068,51,68,19.25,83.5,odisha__rayagada,Odisha,Rayagada,cell_centre_inside
51069,51,69,19.25,83.75,odisha__rayagada,Odisha,Rayagada,cell_centre_inside
51070,51,70,19.25,84.0,odisha__rayagada,Odisha,Rayagada,cell_centre_inside
51071,51,71,19.25,84.25,odisha__gajapati,Odisha,Gajapati,cell_centre_inside
51072,51,72,19.25,84.5,odisha__ganjam,Odisha,Ganjam,cell_centre_inside
51073,51,73,19.25,84.75,odisha__ganjam,Odisha,Ganjam,cell_centre_inside
52025,52,25,19.5,72.75,maharashtra__thane,Maharashtra,Thane,cell_centre_inside
52026,52,26,19.5,73.0,maharashtra__thane,Maharashtra,Thane,cell_centre_inside
52027,52,27,19.5,73.25,maharashtra__thane,Maharashtra,Thane,cell_centre_inside
52028,52,28,19.5,73.5,maharashtra__thane,Maharashtra,Thane,cell_centre_inside
52029,52,29,19.5,73.75,maharashtra__ahmadnagar,Maharashtra,Ahmadnagar,cell_centre_inside
52030,52,30,19.5,74.0,maharashtra__ahmadnagar,Maharashtra,Ahmadnagar,cell_centre_inside
52031,52,31,19.5,74.25,maharashtra__ahmadnagar,Maharashtra,Ahmadnagar,cell_centre_inside
52032,52,32,19.5,74.5,maharashtra__ahmadnagar,Maharashtra,Ahmadnagar,cell_centre_inside
52033,52,33,19.5,74.75,maharashtra__ahmadnagar,Maharashtra,Ahmadnagar,cell_centre_inside
52034,52,34,19.5,75.0,maharashtra__ahmadnagar,Maharashtra,Ahmadnagar,cell_centre_inside
52035,52,35,19.5,75.25,maharashtra__ahmadnagar,Maharashtra,Ahmadnagar,cell_centre_inside
52036,52,36,19.5,75.5,maharashtra__aurangabad,Maharashtra,Aurangabad,cell_centre_inside
52037,52,37,19.5,75.75,maharashtra__jalna,Maharashtra,Jalna,cell_centre_inside
52038,52,38,19.5,76.0,maharashtra__jalna,Maharashtra,Jalna,cell_centre_inside
52039,52,39,19.5,76.25,maharashtra__jalna,Maharashtra,Jalna,cell_centre_inside
52040,52,40,19.5,76.5,maharashtra__parbhani,Maharashtra,Parbhani,cell_centre_inside
52041,52,41,19.5,76.75,maharashtra__parbhani,Maharashtra,Parbhani,cell_centre_inside
52042,52,42,19.5,77.0,maharashtra__hingoli,Maharashtra,Hingoli,cell_centre_inside
52043,52,43,19.5,77.25,maharashtra__hingoli,Maharashtra,Hingoli,cell_centre_inside
52044,52,44,19.5,77.5,maharashtra__nanded,Maharashtra,Nanded,cell_centre_inside
52045,52,45,19.5,77.75,maharashtra__yavatmal,Maharashtra,Yavatmal,cell_centre_inside
52046,52,46,19.5,78.0,maharashtra__yavatmal,Maharashtra,Yavatmal,cell_centre_inside
52047,52,47,19.5,78.25,maharashtra__nanded,Maharashtra,Nanded,cell_centre_inside
52048,52,48,19.5,78.5,andhra_pradesh__adilabad,Andhra Pradesh,Adilabad,cell_centre_inside
52049,52,49,19.5,78.75,andhra_pradesh__adilabad,Andhra Pradesh,Adilabad,cell_centre_inside
52050,52,50,19.5,79.0,andhra_pradesh__adilabad,Andhra Pradesh,Adilabad,cell_centre_inside
52051,52,51,19.5,79.25,andhra_pradesh__adilabad,Andhra Pradesh,Adilabad,cell_centre_inside
52052,52,52,19.5,79.5,andhra_pradesh__adilabad,Andhra Pradesh,Adilabad,cell_centre_inside
52053,52,53,19.5,79.75,andhra_pradesh__adilabad,Andhra Pradesh,Adilabad,cell_centre_inside
52054,52,54,19.5,80.0,maharashtra__garhchiroli,Maharashtra,Garhchiroli,cell_centre_inside
52055,52,55,19.5,80.25,maharashtra__garhchiroli,Maharashtra,Garhchiroli,cell_centre_inside
52056,52,56,19.5,80.5,maharashtra__garhchiroli,Maharashtra,Garhchiroli,cell_centre_inside
52057,52,57,19.5,80.75,maharashtra__garhchiroli,Maharashtra,Garhchiroli,cell_centre_inside
52058,52,58,19.5,81.0,chhattisgarh__narayanpur,Chhattisgarh,Narayanpur,cell_centre_inside
52059,52,59,19.5,81.25,chhattisgarh__narayanpur,Chhattisgarh,Narayanpur,cell_centre_inside
52060,52,60,19.5,81.5,chhattisgarh__bastar,Chhattisgarh,Bastar,cell_centre_inside
52061,52,61,19.5,81.75,chhattisgarh__bastar,Chhattisgarh,Bastar,cell_centre_inside
52062,52,62,19.5,82.0,chhattisgarh__bastar,Chhattisgarh,Bastar,cell_centre_inside
52063,52,63,19.5,82.25,odisha__nabarangapur,Odisha,Nabarangapur,cell_centre_inside
52064,52,64,19.5,82.5,odisha__nabarangapur,Odisha,Nabarangapur,cell_centre_inside
52065,52,65,19.5,82.75,odisha__kalahandi,Odisha,Kalahandi,cell_centre_inside
52066,52,66,19.5,83.0,odisha__kalahandi,Odisha,Kalahandi,cell_centre_inside
52067,52,67,19.5,83.25,odisha__rayagada,Odisha,Rayagada,cell_centre_inside
52068,52,68,19.5,83.5,odisha__rayagada,Odisha,Rayagada,cell_centre_inside
52069,52,69,19.5,83.75,odisha__rayagada,Odisha,Rayagada,cell_centre_inside
52070,52,70,19.5,84.0,odisha__gajapati,Odisha,Gajapati,cell_centre_inside
52071,52,71,19.5,84.25,odisha__gajapati,Odisha,Gajapati,cell_centre_inside
52072,52,72,19.5,84.5,odisha__ganjam,Odisha,Ganjam,cell_centre_inside
52073,52,73,19.5,84.75,odisha__ganjam,Odisha,Ganjam,cell_centre_inside
52074,52,74,19.5,85.0,odisha__ganjam,Odisha,Ganjam,cell_centre_inside
53025,53,25,19.75,72.75,maharashtra__thane,Maharashtra,Thane,cell_centre_inside
53026,53,26,19.75,73.0,maharashtra__thane,Maharashtra,Thane,cell_centre_inside
53027,53,27,19.75,73.25,maharashtra__thane,Maharashtra,Thane,cell_centre_inside
53028,53,28,19.75,73.5,maharashtra__thane,Maharashtra,Thane,cell_centre_inside
53029,53,29,19.75,73.75,maharashtra__nashik,Maharashtra,Nashik,cell_centre_inside
53030,53,30,19.75,74.0,maharashtra__nashik,Maharashtra,Nashik,cell_centre_inside
53031,53,31,19.75,74.25,maharashtra__ahmadnagar,Maharashtra,Ahmadnagar,cell_centre_inside
53032,53,32,19.75,74.5,maharashtra__ahmadnagar,Maharashtra,Ahmadnagar,cell_centre_inside
53033,53,33,19.75,74.75,maharashtra__aurangabad,Maharashtra,Aurangabad,cell_centre_inside
53034,53,34,19.75,75.0,maharashtra__aurangabad,Maharashtra,Aurangabad,cell_centre_inside
53035,53,35,19.75,75.25,maharashtra__aurangabad,Maharashtra,Aurangabad,cell_centre_inside
53036,53,36,19.75,75.5,maharashtra__aurangabad,Maharashtra,Aurangabad,cell_centre_inside
53037,53,37,19.75,75.75,maharashtra__jalna,Maharashtra,Jalna,cell_centre_inside
53038,53,38,19.75,76.0,maharashtra__jalna,Maharashtra,Jalna,cell_centre_inside
53039,53,39,19.75,76.25,maharashtra__jalna,Maharashtra,Jalna,cell_centre_inside
53040,53,40,19.75,76.5,maharashtra__parbhani,Maharashtra,Parbhani,cell_centre_inside
53041,53,41,19.75,76.75,maharashtra__hingoli,Maharashtra,Hingoli,cell_centre_inside
53042,53,42,19.75,77.0,maharashtra__hingoli,Maharashtra,Hingoli,cell_centre_inside
53043,53,43,19.75,77.25,maharashtra__hingoli,Maharashtra,Hingoli,cell_centre_inside
53044,53,44,19.75,77.5,maharashtra__yavatmal,Maharashtra,Yavatmal,cell_centre_inside
53045,53,45,19.75,77.75,maharashtra__yavatmal,Maharashtra,Yavatmal,cell_centre_inside
53046,53,46,19.75,78.0,maharashtra__nanded,Maharashtra,Nanded,cell_centre_inside
53047,53,47,19.75,78.25,maharashtra__nanded,Maharashtra,Nanded,cell_centre_inside
53048,53,48,19.75,78.5,andhra_pradesh__adilabad,Andhra Pradesh,Adilabad,cell_centre_inside
53049,53,49,19.75,78.75,andhra_pradesh__adilabad,Andhra Pradesh,Adilabad,cell_centre_inside
53050,53,50,19.75,79.0,maharashtra__chandrapur,Maharashtra,Chandrapur,cell_centre_inside
53051,53,51,19.75,79.25,maharashtra__chandrapur,Maharashtra,Chandrapur,cell_centre_inside
53052,53,52,19.75,79.5,maharashtra__chandrapur,Maharashtra,Chandrapur,cell_centre_inside
53053,53,53,19.75,79.75,maharashtra__chandrapur,Maharashtra,Chandrapur,cell_centre_inside
53054,53,54,19.75,80.0,maharashtra__garhchiroli,Maharashtra,Garhchiroli,cell_centre_inside
53055,53,55,19.75,80.25,maharashtra__garhchiroli,Maharashtra,Garhchiroli,cell_centre_inside
53056,53,56,19.75,80.5,maharashtra__garhchiroli,Maharashtra,Garhchiroli,cell_centre_inside
53057,53,57,19.75,80.75,chhattisgarh__narayanpur,Chhattisgarh,Narayanpur,cell_centre_inside
53058,53,58,19.75,81.0,chhattisgarh__narayanpur,Chhattisgarh,Narayanpur,cell_centre_inside
53059,53,59,19.75,81.25,chhattisgarh__narayanpur,Chhattisgarh,Narayanpur,cell_centre_inside
53060,53,60,19.75,81.5,chhattisgarh__bastar,Chhattisgarh,Bastar,cell_centre_inside
53061,53,61,19.75,81.75,chhattisgarh__bastar,Chhattisgarh,Bastar,cell_centre_inside
53062,53,62,19.75,82.0,chhattisgarh__bastar,Chhattisgarh,Bastar,cell_centre_inside
53063,53,63,19.75,82.25,odisha__nabarangapur,Odisha,Nabarangapur,cell_centre_inside
53064,53,64,19.75,82.5,odisha__nabarangapur,Odisha,Nabarangapur,cell_centre_inside
53065,53,65,19.75,82.75,odisha__kalahandi,Odisha,Kalahandi,cell_centre_inside
53066,53,66,19.75,83.0,odisha__kalahandi,Odisha,Kalahandi,cell_centre_inside
53067,53,67,19.75,83.25,odisha__kalahandi,Odisha,Kalahandi,cell_centre_inside
53068,53,68,19.75,83.5,odisha__rayagada,Odisha,Rayagada,cell_centre_inside
53069,53,69,19.75,83.75,odisha__kandhamal,Odisha,Kandhamal,cell_centre_inside
53070,53,70,19.75,84.0,odisha__kandhamal,Odisha,Kandhamal,cell_centre_inside
53071,53,71,19.75,84.25,odisha__ganjam,Odisha,Ganjam,cell_centre_inside
53072,53,72,19.75,84.5,odisha__ganjam,Odisha,Ganjam,cell_centre_inside
53073,53,73,19.75,84.75,odisha__ganjam,Odisha,Ganjam,cell_centre_inside
53074,53,74,19.75,85.0,odisha__ganjam,Odisha,Ganjam,cell_centre_inside
53075,53,75,19.75,85.25,odisha__puri,Odisha,Puri,cell_centre_inside
53076,53,76,19.75,85.5,odisha__puri,Odisha,Puri,cell_centre_inside
54025,54,25,20.0,72.75,maharashtra__thane,Maharashtra,Thane,cell_centre_inside
54026,54,26,20.0,73.0,maharashtra__thane,Maharashtra,Thane,cell_centre_inside
54027,54,27,20.0,73.25,maharashtra__thane,Maharashtra,Thane,cell_centre_inside
54028,54,28,20.0,73.5,maharashtra__nashik,Maharashtra,Nashik,cell_centre_inside
54029,54,29,20.0,73.75,maharashtra__nashik,Maharashtra,Nashik,cell_centre_inside
54030,54,30,20.0,74.0,maharashtra__nashik,Maharashtra,Nashik,cell_centre_inside
54031,54,31,20.0,74.25,maharashtra__nashik,Maharashtra,Nashik,cell_centre_inside
54032,54,32,20.0,74.5,maharashtra__nashik,Maharashtra,Nashik,cell_centre_inside
54033,54,33,20.0,74.75,maharashtra__aurangabad,Maharashtra,Aurangabad,cell_centre_inside
54034,54,34,20.0,75.0,maharashtra__aurangabad,Maharashtra,Aurangabad,cell_centre_inside
54035,54,35,20.0,75.25,maharashtra__aurangabad,Maharashtra,Aurangabad,cell_centre_inside
54036,54,36,20.0,75.5,maharashtra__aurangabad,Maharashtra,Aurangabad,cell_centre_inside
54037,54,37,20.0,75.75,maharashtra__jalna,Maharashtra,Jalna,cell_centre_inside
54038,54,38,20.0,76.0,maharashtra__buldana,Maharashtra,Buldana,cell_centre_inside
54039,54,39,20.0,76.25,maharashtra__buldana,Maharashtra,Buldana,cell_centre_inside
54040,54,40,20.0,76.5,maharashtra__buldana,Maharashtra,Buldana,cell_centre_inside
54041,54,41,20.0,76.75,maharashtra__washim,Maharashtra,Washim,cell_centre_inside
54042,54,42,20.0,77.0,maharashtra__hingoli,Maharashtra,Hingoli,cell_centre_inside
54043,54,43,20.0,77.25,maharashtra__washim,Maharashtra,Washim,cell_centre_inside
54044,54,44,20.0,77.5,maharashtra__yavatmal,Maharashtra,Yavatmal,cell_centre_inside
54045,54,45,20.0,77.75,maharashtra__yavatmal,Maharashtra,Yavatmal,cell_centre_inside
54046,54,46,20.0,78.0,maharashtra__yavatmal,Maharashtra,Yavatmal,cell_centre_inside
54047,54,47,20.0,78.25,maharashtra__yavatmal,Maharashtra,Yavatmal,cell_centre_inside
54048,54,48,20.0,78.5,maharashtra__yavatmal,Maharashtra,Yavatmal,cell_centre_inside
54049,54,49,20.0,78.75,maharashtra__yavatmal,Maharashtra,Yavatmal,cell_centre_inside
54050,54,50,20.0,79.0,maharashtra__yavatmal,Maharashtra,Yavatmal,cell_centre_inside
54051,54,51,20.0,79.25,maharashtra__chandrapur,Maharashtra,Chandrapur,cell_centre_inside
54052,54,52,20.0,79.5,maharashtra__chandrapur,Maharashtra,Chandrapur,cell_centre_inside
54053,54,53,20.0,79.75,maharashtra__chandrapur,Maharashtra,Chandrapur,cell_centre_inside
54054,54,54,20.0,80.0,maharashtra__garhchiroli,Maharashtra,Garhchiroli,cell_centre_inside
54055,54,55,20.0,80.25,maharashtra__garhchiroli,Maharashtra,Garhchiroli,cell_centre_inside
54056,54,56,20.0,80.5,maharashtra__garhchiroli,Maharashtra,Garhchiroli,cell_centre_inside
54057,54,57,20.0,80.75,chhattisgarh__uttar_bastar_kanker,Chhattisgarh,Uttar Bastar Kanker,cell_centre_inside
54058,54,58,20.0,81.0,chhattisgarh__narayanpur,Chhattisgarh,Narayanpur,cell_centre_inside
54059,54,59,20.0,81.25,chhattisgarh__uttar_bastar_kanker,Chhattisgarh,Uttar Bastar Kanker,cell_centre_inside
54060,54,60,20.0,81.5,chhattisgarh__bastar,Chhattisgarh,Bastar,cell_centre_inside
54061,54,61,20.0,81.75,chhattisgarh__bastar,Chhattisgarh,Bastar,cell_centre_inside
54062,54,62,20.0,82.0,odisha__nabarangapur,Odisha,Nabarangapur,cell_centre_inside
54063,54,63,20.0,82.25,chhattisgarh__raipur,Chhattisgarh,Raipur,cell_centre_inside
54064,54,64,20.0,82.5,chhattisgarh__raipur,Chhattisgarh,Raipur,cell_centre_inside
54065,54,65,20.0,82.75,odisha__kalahandi,Odisha,Kalahandi,cell_centre_inside
54066,54,66,20.0,83.0,odisha__kalahandi,Odisha,Kalahandi,cell_centre_inside
54067,54,67,20.0,83.25,odisha__kalahandi,Odisha,Kalahandi,cell_centre_inside
54068,54,68,20.0,83.5,odisha__kalahandi,Odisha,Kalahandi,cell_centre_inside
54069,54,69,20.0,83.75,odisha__kandhamal,Odisha,Kandhamal,cell_centre_inside
54070,54,70,20.0,84.0,odisha__kandhamal,Odisha,Kandhamal,cell_centre_inside
54071,54,71,20.0,84.25,odisha__kandhamal,Odisha,Kandhamal,cell_centre_inside
54072,54,72,20.0,84.5,odisha__ganjam,Odisha,Ganjam,cell_centre_inside
54073,54,73,20.0,84.75,odisha__ganjam,Odisha,Ganjam,cell_centre_inside
54074,54,74,20.0,85.0,odisha__nayagarh,Odisha,Nayagarh,cell_centre_inside
54075,54,75,20.0,85.25,odisha__nayagarh,Odisha,Nayagarh,cell_centre_inside
54076,54,76,20.0,85.5,odisha__khordha,Odisha,Khordha,cell_centre_inside
54077,54,77,20.0,85.75,odisha__puri,Odisha,Puri,cell_centre_inside
54078,54,78,20.0,86.0,odisha__puri,Odisha,Puri,cell_centre_inside
54079,54,79,20.0,86.25,odisha__puri,Odisha,Puri,cell_centre_inside
55025,55,25,20.25,72.75,gujarat__valsad,Gujarat,Valsad,cell_centre_inside
55026,55,26,20.25,73.0,dadara_and_nagar_havelli__dadra_and_nagar_haveli,Dadara & Nagar Havelli,Dadra & Nagar Haveli,cell_centre_inside
55027,55,27,20.25,73.25,gujarat__valsad,Gujarat,Valsad,cell_centre_inside
55028,55,28,20.25,73.5,maharashtra__nashik,Maharashtra,Nashik,cell_centre_inside
55029,55,29,20.25,73.75,maharashtra__nashik,Maharashtra,Nashik,cell_centre_inside
55030,55,30,20.25,74.0,maharashtra__nashik,Maharashtra,Nashik,cell_centre_inside
55031,55,31,20.25,74.25,maharashtra__nashik,Maharashtra,Nashik,cell_centre_inside
55032,55,32,20.25,74.5,maharashtra__nashik,Maharashtra,Nashik,cell_centre_inside
55033,55,33,20.25,74.75,maharashtra__nashik,Maharashtra,Nashik,cell_centre_inside
55034,55,34,20.25,75.0,maharashtra__aurangabad,Maharashtra,Aurangabad,cell_centre_inside
55035,55,35,20.25,75.25,maharashtra__aurangabad,Maharashtra,Aurangabad,cell_centre_inside
55036,55,36,20.25,75.5,maharashtra__aurangabad,Maharashtra,Aurangabad,cell_centre_inside
55037,55,37,20.25,75.75,maharashtra__jalna,Maharashtra,Jalna,cell_centre_inside
55038,55,38,20.25,76.0,maharashtra__jalna,Maharashtra,Jalna,cell_centre_inside
55039,55,39,20.25,76.25,maharashtra__buldana,Maharashtra,Buldana,cell_centre_inside
55040,55,40,20.25,76.5,maharashtra__buldana,Maharashtra,Buldana,cell_centre_inside
55041,55,41,20.25,76.75,maharashtra__buldana,Maharashtra,Buldana,cell_centre_inside
55042,55,42,20.25,77.0,maharashtra__washim,Maharashtra,Washim,cell_centre_inside
55043,55,43,20.25,77.25,maharashtra__washim,Maharashtra,Washim,cell_centre_inside
55044,55,44,20.25,77.5,maharashtra__washim,Maharashtra,Washim,cell_centre_inside
55045,55,45,20.25,77.75,maharashtra__yavatmal,Maharashtra,Yavatmal,cell_centre_inside
55046,55,46,20.25,78.0,maharashtra__yavatmal,Maharashtra,Yavatmal,cell_centre_inside
55047,55,47,20.25,78.25,maharashtra__yavatmal,Maharashtra,Yavatmal,cell_centre_inside
55048,55,48,20.25,78.5,maharashtra__yavatmal,Maharashtra,Yavatmal,cell_centre_inside
55049,55,49,20.25,78.75,maharashtra__yavatmal,Maharashtra,Yavatmal,cell_centre_inside
55050,55,50,20.25,79.0,maharashtra__chandrapur,Maharashtra,Chandrapur,cell_centre_inside
55051,55,51,20.25,79.25,maharashtra__chandrapur,Maharashtra,Chandrapur,cell_centre_inside
55052,55,52,20.25,79.5,maharashtra__chandrapur,Maharashtra,Chandrapur,cell_centre_inside
55053,55,53,20.25,79.75,maharashtra__chandrapur,Maharashtra,Chandrapur,cell_centre_inside
55054,55,54,20.25,80.0,maharashtra__garhchiroli,Maharashtra,Garhchiroli,cell_centre_inside
55055,55,55,20.25,80.25,maharashtra__garhchiroli,Maharashtra,Garhchiroli,cell_centre_inside
55056,55,56,20.25,80.5,chhattisgarh__rajnandgaon,Chhattisgarh,Rajnandgaon,cell_centre_inside
55057,55,57,20.25,80.75,chhattisgarh__uttar_bastar_kanker,Chhattisgarh,Uttar Bastar Kanker,cell_centre_inside
55058,55,58,20.25,81.0,chhattisgarh__uttar_bastar_kanker,Chhattisgarh,Uttar Bastar Kanker,cell_centre_inside
55059,55,59,20.25,81.25,chhattisgarh__uttar_bastar_kanker,Chhattisgarh,Uttar Bastar Kanker,cell_centre_inside
55060,55,60,20.25,81.5,chhattisgarh__uttar_bastar_kanker,Chhattisgarh,Uttar Bastar Kanker,cell_centre_inside
55061,55,61,20.25,81.75,chhattisgarh__uttar_bastar_kanker,Chhattisgarh,Uttar Bastar Kanker,cell_centre_inside
55062,55,62,20.25,82.0,chhattisgarh__dhamtari,Chhattisgarh,Dhamtari,cell_centre_inside
55063,55,63,20.25,82.25,chhattisgarh__raipur,Chhattisgarh,Raipur,cell_centre_inside
55064,55,64,20.25,82.5,odisha__nuapada,Odisha,Nuapada,cell_centre_inside
55065,55,65,20.25,82.75,odisha__nuapada,Odisha,Nuapada,cell_centre_inside
55066,55,66,20.25,83.0,odisha__balangir,Odisha,Balangir,cell_centre_inside
55067,55,67,20.25,83.25,odisha__kalahandi,Odisha,Kalahandi,cell_centre_inside
55068,55,68,20.25,83.5,odisha__kalahandi,Odisha,Kalahandi,cell_centre_inside
55069,55,69,20.25,83.75,odisha__kandhamal,Odisha,Kandhamal,cell_centre_inside
55070,55,70,20.25,84.0,odisha__kandhamal,Odisha,Kandhamal,cell_centre_inside
55071,55,71,20.25,84.25,odisha__kandhamal,Odisha,Kandhamal,cell_centre_inside
55072,55,72,20.25,84.5,odisha__kandhamal,Odisha,Kandhamal,cell_centre_inside
55073,55,73,20.25,84.75,odisha__nayagarh,Odisha,Nayagarh,cell_centre_inside
55074,55,74,20.25,85.0,odisha__nayagarh,Odisha,Nayagarh,cell_centre_inside
55075,55,75,20.25,85.25,odisha__nayagarh,Odisha,Nayagarh,cell_centre_inside
55076,55,76,20.25,85.5,odisha__khordha,Odisha,Khordha,cell_centre_inside
55077,55,77,20.25,85.75,odisha__khordha,Odisha,Khordha,cell_centre_inside
55078,55,78,20.25,86.0,odisha__cuttack,Odisha,Cuttack,cell_centre_inside
55079,55,79,20.25,86.25,odisha__jagatsinghapur,Odisha,Jagatsinghapur,cell_centre_inside
55080,55,80,20.25,86.5,odisha__jagatsinghapur,Odisha,Jagatsinghapur,cell_centre_inside
56026,56,26,20.5,73.0,gujarat__valsad,Gujarat,Valsad,cell_centre_inside
56027,56,27,20.5,73.25,gujarat__valsad,Gujarat,Valsad,cell_centre_inside
56028,56,28,20.5,73.5,maharashtra__nashik,Maharashtra,Nashik,cell_centre_inside
56029,56,29,20.5,73.75,maharashtra__nashik,Maharashtra,Nashik,cell_centre_inside
56030,56,30,20.5,74.0,maharashtra__nashik,Maharashtra,Nashik,cell_centre_inside
56031,56,31,20.5,74.25,maharashtra__nashik,Maharashtra,Nashik,cell_centre_inside
56032,56,32,20.5,74.5,maharashtra__nashik,Maharashtra,Nashik,cell_centre_inside
56033,56,33,20.5,74.75,maharashtra__nashik,Maharashtra,Nashik,cell_centre_inside
56034,56,34,20.5,75.0,maharashtra__jalgaon,Maharashtra,Jalgaon,cell_centre_inside
56035,56,35,20.5,75.25,maharashtra__aurangabad,Maharashtra,Aurangabad,cell_centre_inside
56036,56,36,20.5,75.5,maharashtra__aurangabad,Maharashtra,Aurangabad,cell_centre_inside
56037,56,37,20.5,75.75,maharashtra__aurangabad,Maharashtra,Aurangabad,cell_centre_inside
56038,56,38,20.5,76.0,maharashtra__buldana,Maharashtra,Buldana,cell_centre_inside
56039,56,39,20.5,76.25,maharashtra__buldana,Maharashtra,Buldana,cell_centre_inside
56040,56,40,20.5,76.5,maharashtra__buldana,Maharashtra,Buldana,cell_centre_inside
56041,56,41,20.5,76.75,maharashtra__buldana,Maharashtra,Buldana,cell_centre_inside
56042,56,42,20.5,77.0,maharashtra__akola,Maharashtra,Akola,cell_centre_inside
56043,56,43,20.5,77.25,maharashtra__akola,Maharashtra,Akola,cell_centre_inside
56044,56,44,20.5,77.5,maharashtra__washim,Maharashtra,Washim,cell_centre_inside
56045,56,45,20.5,77.75,maharashtra__yavatmal,Maharashtra,Yavatmal,cell_centre_inside
56046,56,46,20.5,78.0,maharashtra__yavatmal,Maharashtra,Yavatmal,cell_centre_inside
56047,56,47,20.5,78.25,maharashtra__yavatmal,Maharashtra,Yavatmal,cell_centre_inside
56048,56,48,20.5,78.5,maharashtra__yavatmal,Maharashtra,Yavatmal,cell_centre_inside
56049,56,49,20.5,78.75,maharashtra__wardha,Maharashtra,Wardha,cell_centre_inside
56050,56,50,20.5,79.0,maharashtra__wardha,Maharashtra,Wardha,cell_centre_inside
56051,56,51,20.5,79.25,maharashtra__chandrapur,Maharashtra,Chandrapur,cell_centre_inside
56052,56,52,20.5,79.5,maharashtra__chandrapur,Maharashtra,Chandrapur,cell_centre_inside
56053,56,53,20.5,79.75,maharashtra__chandrapur,Maharashtra,Chandrapur,cell_centre_inside
56054,56,54,20.5,80.0,maharashtra__garhchiroli,Maharashtra,Garhchiroli,cell_centre_inside
56055,56,55,20.5,80.25,maharashtra__garhchiroli,Maharashtra,Garhchiroli,cell_centre_inside
56056,56,56,20.5,80.5,maharashtra__garhchiroli,Maharashtra,Garhchiroli,cell_centre_inside
56057,56,57,20.5,80.75,chhattisgarh__rajnandgaon,Chhattisgarh,Rajnandgaon,cell_centre_inside
56058,56,58,20.5,81.0,chhattisgarh__durg,Chhattisgarh,Durg,cell_centre_inside
56059,56,59,20.5,81.25,chhattisgarh__durg,Chhattisgarh,Durg,cell_centre_inside
56060,56,60,20.5,81.5,chhattisgarh__uttar_bastar_kanker,Chhattisgarh,Uttar Bastar Kanker,cell_centre_inside
56061,56,61,20.5,81.75,chhattisgarh__dhamtari,Chhattisgarh,Dhamtari,cell_centre_inside
56062,56,62,20.5,82.0,chhattisgarh__dhamtari,Chhattisgarh,Dhamtari,cell_centre_inside
56063,56,63,20.5,82.25,chhattisgarh__raipur,Chhattisgarh,Raipur,cell_centre_inside
56064,56,64,20.5,82.5,odisha__nuapada,Odisha,Nuapada,cell_centre_inside
56065,56,65,20.5,82.75,odisha__balangir,Odisha,Balangir,cell_centre_inside
56066,56,66,20.5,83.0,odisha__balangir,Odisha,Balangir,cell_centre_inside
56067,56,67,20.5,83.25,odisha__balangir,Odisha,Balangir,cell_centre_inside
56068,56,68,20.5,83.5,odisha__balangir,Odisha,Balangir,cell_centre_inside
56069,56,69,20.5,83.75,odisha__bauda,Odisha,Bauda,cell_centre_inside
56070,56,70,20.5,84.0,odisha__kandhamal,Odisha,Kandhamal,cell_centre_inside
56071,56,71,20.5,84.25,odisha__kandhamal,Odisha,Kandhamal,cell_centre_inside
56072,56,72,20.5,84.5,odisha__bauda,Odisha,Bauda,cell_centre_inside
56073,56,73,20.5,84.75,odisha__nayagarh,Odisha,Nayagarh,cell_centre_inside
56074,56,74,20.5,85.0,odisha__cuttack,Odisha,Cuttack,cell_centre_inside
56075,56,75,20.5,85.25,odisha__cuttack,Odisha,Cuttack,cell_centre_inside
56076,56,76,20.5,85.5,odisha__cuttack,Odisha,Cuttack,cell_centre_inside
56077,56,77,20.5,85.75,odisha__cuttack,Odisha,Cuttack,cell_centre_inside
56078,56,78,20.5,86.0,odisha__cuttack,Odisha,Cuttack,cell_centre_inside
56079,56,79,20.5,86.25,odisha__cuttack,Odisha,Cuttack,cell_centre_inside
56080,56,80,20.5,86.5,odisha__kendrapara,Odisha,Kendrapara,cell_centre_inside
56081,56,81,20.5,86.75,odisha__kendrapara,Odisha,Kendrapara,cell_centre_inside
57017,57,17,20.75,70.75,gujarat__amreli,Gujarat,Amreli,cell_centre_inside
57018,57,18,20.75,71.0,gujarat__junagadh,Gujarat,Junagadh,cell_centre_inside
57026,57,26,20.75,73.0,gujarat__navsari,Gujarat,Navsari,cell_centre_inside
57027,57,27,20.75,73.25,gujarat__navsari,Gujarat,Navsari,cell_centre_inside
57028,57,28,20.75,73.5,gujarat__the_dangs,Gujarat,The Dangs,cell_centre_inside
57029,57,29,20.75,73.75,gujarat__the_dangs,Gujarat,The Dangs,cell_centre_inside
57030,57,30,20.75,74.0,maharashtra__nashik,Maharashtra,Nashik,cell_centre_inside
57031,57,31,20.75,74.25,maharashtra__nashik,Maharashtra,Nashik,cell_centre_inside
57032,57,32,20.75,74.5,maharashtra__nashik,Maharashtra,Nashik,cell_centre_inside
57033,57,33,20.75,74.75,maharashtra__dhule,Maharashtra,Dhule,cell_centre_inside
57034,57,34,20.75,75.0,maharashtra__jalgaon,Maharashtra,Jalgaon,cell_centre_inside
57035,57,35,20.75,75.25,maharashtra__jalgaon,Maharashtra,Jalgaon,cell_centre_inside
57036,57,36,20.75,75.5,maharashtra__jalgaon,Maharashtra,Jalgaon,cell_centre_inside
57037,57,37,20.75,75.75,maharashtra__jalgaon,Maharashtra,Jalgaon,cell_centre_inside
57038,57,38,20.75,76.0,maharashtra__buldana,Maharashtra,Buldana,cell_centre_inside
57039,57,39,20.75,76.25,maharashtra__buldana,Maharashtra,Buldana,cell_centre_inside
57040,57,40,20.75,76.5,maharashtra__buldana,Maharashtra,Buldana,cell_centre_inside
57041,57,41,20.75,76.75,maharashtra__buldana,Maharashtra,Buldana,cell_centre_inside
57042,57,42,20.75,77.0,maharashtra__akola,Maharashtra,Akola,cell_centre_inside
57043,57,43,20.75,77.25,maharashtra__akola,Maharashtra,Akola,cell_centre_inside
57044,57,44,20.75,77.5,maharashtra__akola,Maharashtra,Akola,cell_centre_inside
57045,57,45,20.75,77.75,maharashtra__amravati,Maharashtra,Amravati,cell_centre_inside
57046,57,46,20.75,78.0,maharashtra__amravati,Maharashtra,Amravati,cell_centre_inside
57047,57,47,20.75,78.25,maharashtra__amravati,Maharashtra,Amravati,cell_centre_inside
57048,57,48,20.75,78.5,maharashtra__wardha,Maharashtra,Wardha,cell_centre_inside
57049,57,49,20.75,78.75,maharashtra__wardha,Maharashtra,Wardha,cell_centre_inside
57050,57,50,20.75,79.0,maharashtra__nagpur,Maharashtra,Nagpur,cell_centre_inside
57051,57,51,20.75,79.25,maharashtra__nagpur,Maharashtra,Nagpur,cell_centre_inside
57052,57,52,20.75,79.5,maharashtra__nagpur,Maharashtra,Nagpur,cell_centre_inside
57053,57,53,20.75,79.75,maharashtra__bhandara,Maharashtra,Bhandara,cell_centre_inside
57054,57,54,20.75,80.0,maharashtra__gondiya,Maharashtra,Gondiya,cell_centre_inside
57055,57,55,20.75,80.25,maharashtra__gondiya,Maharashtra,Gondiya,cell_centre_inside
57056,57,56,20.75,80.5,maharashtra__garhchiroli,Maharashtra,Garhchiroli,cell_centre_inside
57057,57,57,20.75,80.75,chhattisgarh__rajnandgaon,Chhattisgarh,Rajnandgaon,cell_centre_inside
57058,57,58,20.75,81.0,chhattisgarh__durg,Chhattisgarh,Durg,cell_centre_inside
57059,57,59,20.75,81.25,chhattisgarh__durg,Chhattisgarh,Durg,cell_centre_inside
57060,57,60,20.75,81.5,chhattisgarh__dhamtari,Chhattisgarh,Dhamtari,cell_centre_inside
57061,57,61,20.75,81.75,chhattisgarh__dhamtari,Chhattisgarh,Dhamtari,cell_centre_inside
57062,57,62,20.75,82.0,chhattisgarh__raipur,Chhattisgarh,Raipur,cell_centre_inside
57063,57,63,20.75,82.25,chhattisgarh__raipur,Chhattisgarh,Raipur,cell_centre_inside
57064,57,64,20.75,82.5,odisha__nuapada,Odisha,Nuapada,cell_centre_inside
57065,57,65,20.75,82.75,odisha__balangir,Odisha,Balangir,cell_centre_inside
57066,57,66,20.75,83.0,odisha__balangir,Odisha,Balangir,cell_centre_inside
57067,57,67,20.75,83.25,odisha__balangir,Odisha,Balangir,cell_centre_inside
57068,57,68,20.75,83.5,odisha__balangir,Odisha,Balangir,cell_centre_inside
57069,57,69,20.75,83.75,odisha__subarnapur,Odisha,Subarnapur,cell_centre_inside
57070,57,70,20.75,84.0,odisha__bauda,Odisha,Bauda,cell_centre_inside
57071,57,71,20.75,84.25,odisha__bauda,Odisha,Bauda,cell_centre_inside
57072,57,72,20.75,84.5,odisha__anugul,Odisha,Anugul,cell_centre_inside
57073,57,73,20.75,84.75,odisha__anugul,Odisha,Anugul,cell_centre_inside
57074,57,74,20.75,85.0,odisha__anugul,Odisha,Anugul,cell_centre_inside
57075,57,75,20.75,85.25,odisha__dhenkanal,Odisha,Dhenkanal,cell_centre_inside
57076,57,76,20.75,85.5,odisha__dhenkanal,Odisha,Dhenkanal,cell_centre_inside
57077,57,77,20.75,85.75,odisha__dhenkanal,Odisha,Dhenkanal,cell_centre_inside
57078,57,78,20.75,86.0,odisha__dhenkanal,Odisha,Dhenkanal,cell_centre_inside
57079,57,79,20.75,86.25,odisha__jajapur,Odisha,Jajapur,cell_centre_inside
57080,57,80,20.75,86.5,odisha__jajapur,Odisha,Jajapur,cell_centre_inside
57081,57,81,20.75,86.75,odisha__kendrapara,Odisha,Kendrapara,cell_centre_inside
57082,57,82,20.75,87.0,odisha__kendrapara,Odisha,Kendrapara,cell_centre_inside
58015,58,15,21.0,70.25,gujarat__junagadh,Gujarat,Junagadh,cell_centre_inside
58016,58,16,21.0,70.5,gujarat__junagadh,Gujarat,Junagadh,cell_centre_inside
58017,58,17,21.0,70.75,gujarat__junagadh,Gujarat,Junagadh,cell_centre_inside
58018,58,18,21.0,71.0,gujarat__junagadh,Gujarat,Junagadh,cell_centre_inside
58019,58,19,21.0,71.25,gujarat__amreli,Gujarat,Amreli,cell_centre_inside
58020,58,20,21.0,71.5,gujarat__amreli,Gujarat,Amreli,cell_centre_inside
58025,58,25,21.0,72.75,gujarat__navsari,Gujarat,Navsari,cell_centre_inside
58026,58,26,21.0,73.0,gujarat__navsari,Gujarat,Navsari,cell_centre_inside
58027,58,27,21.0,73.25,gujarat__tapi,Gujarat,Tapi,cell_centre_inside
58028,58,28,21.0,73.5,gujarat__tapi,Gujarat,Tapi,cell_centre_inside
58029,58,29,21.0,73.75,gujarat__the_dangs,Gujarat,The Dangs,cell_centre_inside
58030,58,30,21.0,74.0,maharashtra__dhule,Maharashtra,Dhule,cell_centre_inside
58031,58,31,21.0,74.25,maharashtra__dhule,Maharashtra,Dhule,cell_centre_inside
58032,58,32,21.0,74.5,maharashtra__dhule,Maharashtra,Dhule,cell_centre_inside
58033,58,33,21.0,74.75,maharashtra__dhule,Maharashtra,Dhule,cell_centre_inside
58034,58,34,21.0,75.0,maharashtra__jalgaon,Maharashtra,Jalgaon,cell_centre_inside
58035,58,35,21.0,75.25,maharashtra__jalgaon,Maharashtra,Jalgaon,cell_centre_inside
58036,58,36,21.0,75.5,maharashtra__jalgaon,Maharashtra,Jalgaon,cell_centre_inside
58037,58,37,21.0,75.75,maharashtra__jalgaon,Maharashtra,Jalgaon,cell_centre_inside
58038,58,38,21.0,76.0,maharashtra__jalgaon,Maharashtra,Jalgaon,cell_centre_inside
58039,58,39,21.0,76.25,maharashtra__jalgaon,Maharashtra,Jalgaon,cell_centre_inside
58040,58,40,21.0,76.5,maharashtra__buldana,Maharashtra,Buldana,cell_centre_inside
58041,58,41,21.0,76.75,maharashtra__buldana,Maharashtra,Buldana,cell_centre_inside
58042,58,42,21.0,77.0,maharashtra__akola,Maharashtra,Akola,cell_centre_inside
58043,58,43,21.0,77.25,maharashtra__amravati,Maharashtra,Amravati,cell_centre_inside
58044,58,44,21.0,77.5,maharashtra__amravati,Maharashtra,Amravati,cell_centre_inside
58045,58,45,21.0,77.75,maharashtra__amravati,Maharashtra,Amravati,cell_centre_inside
58046,58,46,21.0,78.0,maharashtra__amravati,Maharashtra,Amravati,cell_centre_inside
58047,58,47,21.0,78.25,maharashtra__wardha,Maharashtra,Wardha,cell_centre_inside
58048,58,48,21.0,78.5,maharashtra__wardha,Maharashtra,Wardha,cell_centre_inside
58049,58,49,21.0,78.75,maharashtra__nagpur,Maharashtra,Nagpur,cell_centre_inside
58050,58,50,21.0,79.0,maharashtra__nagpur,Maharashtra,Nagpur,cell_centre_inside
58051,58,51,21.0,79.25,maharashtra__nagpur,Maharashtra,Nagpur,cell_centre_inside
58052,58,52,21.0,79.5,maharashtra__nagpur,Maharashtra,Nagpur,cell_centre_inside
58053,58,53,21.0,79.75,maharashtra__bhandara,Maharashtra,Bhandara,cell_centre_inside
58054,58,54,21.0,80.0,maharashtra__gondiya,Maharashtra,Gondiya,cell_centre_inside
58055,58,55,21.0,80.25,maharashtra__gondiya,Maharashtra,Gondiya,cell_centre_inside
58056,58,56,21.0,80.5,chhattisgarh__rajnandgaon,Chhattisgarh,Rajnandgaon,cell_centre_inside
58057,58,57,21.0,80.75,chhattisgarh__rajnandgaon,Chhattisgarh,Rajnandgaon,cell_centre_inside
58058,58,58,21.0,81.0,chhattisgarh__rajnandgaon,Chhattisgarh,Rajnandgaon,cell_centre_inside
58059,58,59,21.0,81.25,chhattisgarh__durg,Chhattisgarh,Durg,cell_centre_inside
58060,58,60,21.0,81.5,chhattisgarh__durg,Chhattisgarh,Durg,cell_centre_inside
58061,58,61,21.0,81.75,chhattisgarh__dhamtari,Chhattisgarh,Dhamtari,cell_centre_inside
58062,58,62,21.0,82.0,chhattisgarh__raipur,Chhattisgarh,Raipur,cell_centre_inside
58063,58,63,21.0,82.25,chhattisgarh__mahasamund,Chhattisgarh,Mahasamund,cell_centre_inside
58064,58,64,21.0,82.5,chhattisgarh__mahasamund,Chhattisgarh,Mahasamund,cell_centre_inside
58065,58,65,21.0,82.75,odisha__bargarh,Odisha,Bargarh,cell_centre_inside
58066,58,66,21.0,83.0,odisha__bargarh,Odisha,Bargarh,cell_centre_inside
58067,58,67,21.0,83.25,odisha__bargarh,Odisha,Bargarh,cell_centre_inside
58068,58,68,21.0,83.5,odisha__subarnapur,Odisha,Subarnapur,cell_centre_inside
58069,58,69,21.0,83.75,odisha__subarnapur,Odisha,Subarnapur,cell_centre_inside
58070,58,70,21.0,84.0,odisha__subarnapur,Odisha,Subarnapur,cell_centre_inside
58071,58,71,21.0,84.25,odisha__sambalpur,Odisha,Sambalpur,cell_centre_inside
58072,58,72,21.0,84.5,odisha__anugul,Odisha,Anugul,cell_centre_inside
58073,58,73,21.0,84.75,odisha__anugul,Odisha,Anugul,cell_centre_inside
58074,58,74,21.0,85.0,odisha__anugul,Odisha,Anugul,cell_centre_inside
58075,58,75,21.0,85.25,odisha__anugul,Odisha,Anugul,cell_centre_inside
58076,58,76,21.0,85.5,odisha__dhenkanal,Odisha,Dhenkanal,cell_centre_inside
58077,58,77,21.0,85.75,odisha__jajapur,Odisha,Jajapur,cell_centre_inside
58078,58,78,21.0,86.0,odisha__jajapur,Odisha,Jajapur,cell_centre_inside
58079,58,79,21.0,86.25,odisha__jajapur,Odisha,Jajapur,cell_centre_inside
58080,58,80,21.0,86.5,odisha__bhadrak,Odisha,Bhadrak,cell_centre_inside
58081,58,81,21.0,86.75,odisha__bhadrak,Odisha,Bhadrak,cell_centre_inside
59014,59,14,21.25,70.0,gujarat__porbandar,Gujarat,Porbandar,cell_centre_inside
59015,59,15,21.25,70.25,gujarat__junagadh,Gujarat,Junagadh,cell_centre_inside
59016,59,16,21.25,70.5,gujarat__junagadh,Gujarat,Junagadh,cell_centre_inside
59017,59,17,21.25,70.75,gujarat__junagadh,Gujarat,Junagadh,cell_centre_inside
59018,59,18,21.25,71.0,gujarat__amreli,Gujarat,Amreli,cell_centre_inside
59019,59,19,21.25,71.25,gujarat__amreli,Gujarat,Amreli,cell_centre_inside
59020,59,20,21.25,71.5,gujarat__amreli,Gujarat,Amreli,cell_centre_inside
59021,59,21,21.25,71.75,gujarat__bhavnagar,Gujarat,Bhavnagar,cell_centre_inside
59022,59,22,21.25,72.0,gujarat__bhavnagar,Gujarat,Bhavnagar,cell_centre_inside
59025,59,25,21.25,72.75,gujarat__surat,Gujarat,Surat,cell_centre_inside
59026,59,26,21.25,73.0,gujarat__surat,Gujarat,Surat,cell_centre_inside
59027,59,27,21.25,73.25,gujarat__surat,Gujarat,Surat,cell_centre_inside
59028,59,28,21.25,73.5,gujarat__tapi,Gujarat,Tapi,cell_centre_inside
59029,59,29,21.25,73.75,gujarat__tapi,Gujarat,Tapi,cell_centre_inside
59030,59,30,21.25,74.0,maharashtra__nandurbar,Maharashtra,Nandurbar,cell_centre_inside
59031,59,31,21.25,74.25,maharashtra__nandurbar,Maharashtra,Nandurbar,cell_centre_inside
59032,59,32,21.25,74.5,maharashtra__dhule,Maharashtra,Dhule,cell_centre_inside
59033,59,33,21.25,74.75,maharashtra__dhule,Maharashtra,Dhule,cell_centre_inside
59034,59,34,21.25,75.0,maharashtra__dhule,Maharashtra,Dhule,cell_centre_inside
59035,59,35,21.25,75.25,maharashtra__jalgaon,Maharashtra,Jalgaon,cell_centre_inside
59036,59,36,21.25,75.5,maharashtra__jalgaon,Maharashtra,Jalgaon,cell_centre_inside
59037,59,37,21.25,75.75,maharashtra__jalgaon,Maharashtra,Jalgaon,cell_centre_inside
59038,59,38,21.25,76.0,maharashtra__jalgaon,Maharashtra,Jalgaon,cell_centre_inside
59039,59,39,21.25,76.25,madhya_pradesh__burhanpur,Madhya Pradesh,Burhanpur,cell_centre_inside
59040,59,40,21.25,76.5,madhya_pradesh__burhanpur,Madhya Pradesh,Burhanpur,cell_centre_inside
59041,59,41,21.25,76.75,maharashtra__amravati,Maharashtra,Amravati,cell_centre_inside
59042,59,42,21.25,77.0,maharashtra__amravati,Maharashtra,Amravati,cell_centre_inside
59043,59,43,21.25,77.25,maharashtra__amravati,Maharashtra,Amravati,cell_centre_inside
59044,59,44,21.25,77.5,maharashtra__amravati,Maharashtra,Amravati,cell_centre_inside
59045,59,45,21.25,77.75,maharashtra__amravati,Maharashtra,Amravati,cell_centre_inside
59046,59,46,21.25,78.0,maharashtra__amravati,Maharashtra,Amravati,cell_centre_inside
59047,59,47,21.25,78.25,maharashtra__wardha,Maharashtra,Wardha,cell_centre_inside
59048,59,48,21.25,78.5,maharashtra__nagpur,Maharashtra,Nagpur,cell_centre_inside
59049,59,49,21.25,78.75,maharashtra__nagpur,Maharashtra,Nagpur,cell_centre_inside
59050,59,50,21.25,79.0,maharashtra__nagpur,Maharashtra,Nagpur,cell_centre_inside
59051,59,51,21.25,79.25,maharashtra__nagpur,Maharashtra,Nagpur,cell_centre_inside
59052,59,52,21.25,79.5,maharashtra__nagpur,Maharashtra,Nagpur,cell_centre_inside
59053,59,53,21.25,79.75,maharashtra__bhandara,Maharashtra,Bhandara,cell_centre_inside
59054,59,54,21.25,80.0,maharashtra__gondiya,Maharashtra,Gondiya,cell_centre_inside
59055,59,55,21.25,80.25,maharashtra__gondiya,Maharashtra,Gondiya,cell_centre_inside
59056,59,56,21.25,80.5,maharashtra__gondiya,Maharashtra,Gondiya,cell_centre_inside
59057,59,57,21.25,80.75,chhattisgarh__rajnandgaon,Chhattisgarh,Rajnandgaon,cell_centre_inside
59058,59,58,21.25,81.0,chhattisgarh__rajnandgaon,Chhattisgarh,Rajnandgaon,cell_centre_inside
59059,59,59,21.25,81.25,chhattisgarh__durg,Chhattisgarh,Durg,cell_centre_inside
59060,59,60,21.25,81.5,chhattisgarh__durg,Chhattisgarh,Durg,cell_centre_inside
59061,59,61,21.25,81.75,chhattisgarh__raipur,Chhattisgarh,Raipur,cell_centre_inside
59062,59,62,21.25,82.0,chhattisgarh__raipur,Chhattisgarh,Raipur,cell_centre_inside
59063,59,63,21.25,82.25,chhattisgarh__mahasamund,Chhattisgarh,Mahasamund,cell_centre_inside
59064,59,64,21.25,82.5,chhattisgarh__mahasamund,Chhattisgarh,Mahasamund,cell_centre_inside
59065,59,65,21.25,82.75,chhattisgarh__mahasamund,Chhattisgarh,Mahasamund,cell_centre_inside
59066,59,66,21.25,83.0,chhattisgarh__mahasamund,Chhattisgarh,Mahasamund,cell_centre_inside
59067,59,67,21.25,83.25,odisha__bargarh,Odisha,Bargarh,cell_centre_inside
59068,59,68,21.25,83.5,odisha__bargarh,Odisha,Bargarh,cell_centre_inside
59069,59,69,21.25,83.75,odisha__bargarh,Odisha,Bargarh,cell_centre_inside
59070,59,70,21.25,84.0,odisha__sambalpur,Odisha,Sambalpur,cell_centre_inside
59071,59,71,21.25,84.25,odisha__sambalpur,Odisha,Sambalpur,cell_centre_inside
59072,59,72,21.25,84.5,odisha__sambalpur,Odisha,Sambalpur,cell_centre_inside
59073,59,73,21.25,84.75,odisha__sambalpur,Odisha,Sambalpur,cell_centre_inside
59074,59,74,21.25,85.0,odisha__anugul,Odisha,Anugul,cell_centre_inside
59075,59,75,21.25,85.25,odisha__anugul,Odisha,Anugul,cell_centre_inside
59076,59,76,21.25,85.5,odisha__kendujhar,Odisha,Kendujhar,cell_centre_inside
59077,59,77,21.25,85.75,odisha__kendujhar,Odisha,Kendujhar,cell_centre_inside
59078,59,78,21.25,86.0,odisha__kendujhar,Odisha,Kendujhar,cell_centre_inside
59079,59,79,21.25,86.25,odisha__kendujhar,Odisha,Kendujhar,cell_centre_inside
59080,59,80,21.25,86.5,odisha__baleshwar,Odisha,Baleshwar,cell_centre_inside
59081,59,81,21.25,86.75,odisha__baleshwar,Odisha,Baleshwar,cell_centre_inside
60013,60,13,21.5,69.75,gujarat__porbandar,Gujarat,Porbandar,cell_centre_inside
60014,60,14,21.5,70.0,gujarat__junagadh,Gujarat,Junagadh,cell_centre_inside
60015,60,15,21.5,70.25,gujarat__junagadh,Gujarat,Junagadh,cell_centre_inside
60016,60,16,21.5,70.5,gujarat__junagadh,Gujarat,Junagadh,cell_centre_inside
60017,60,17,21.5,70.75,gujarat__junagadh,Gujarat,Junagadh,cell_centre_inside
60018,60,18,21.5,71.0,gujarat__amreli,Gujarat,Amreli,cell_centre_inside
60019,60,19,21.5,71.25,gujarat__amreli,Gujarat,Amreli,cell_centre_inside
60020,60,20,21.5,71.5,gujarat__bhavnagar,Gujarat,Bhavnagar,cell_centre_inside
60021,60,21,21.5,71.75,gujarat__bhavnagar,Gujarat,Bhavnagar,cell_centre_inside
60022,60,22,21.5,72.0,gujarat__bhavnagar,Gujarat,Bhavnagar,cell_centre_inside
60023,60,23,21.5,72.25,gujarat__bhavnagar,Gujarat,Bhavnagar,cell_centre_inside
60025,60,25,21.5,72.75,gujarat__bharuch,Gujarat,Bharuch,cell_centre_inside
60026,60,26,21.5,73.0,gujarat__surat,Gujarat,Surat,cell_centre_inside
60027,60,27,21.5,73.25,gujarat__bharuch,Gujarat,Bharuch,cell_centre_inside
60028,60,28,21.5,73.5,gujarat__narmada,Gujarat,Narmada,cell_centre_inside
60029,60,29,21.5,73.75,gujarat__narmada,Gujarat,Narmada,cell_centre_inside
60030,60,30,21.5,74.0,gujarat__tapi,Gujarat,Tapi,cell_centre_inside
60031,60,31,21.5,74.25,gujarat__tapi,Gujarat,Tapi,cell_centre_inside
60032,60,32,21.5,74.5,maharashtra__nandurbar,Maharashtra,Nandurbar,cell_centre_inside
60033,60,33,21.5,74.75,maharashtra__nandurbar,Maharashtra,Nandurbar,cell_centre_inside
60034,60,34,21.5,75.0,maharashtra__dhule,Maharashtra,Dhule,cell_centre_inside
60035,60,35,21.5,75.25,madhya_pradesh__barwani,Madhya Pradesh,Barwani,cell_centre_inside
60036,60,36,21.5,75.5,madhya_pradesh__west_nimar,Madhya Pradesh,West Nimar,cell_centre_inside
60037,60,37,21.5,75.75,madhya_pradesh__west_nimar,Madhya Pradesh,West Nimar,cell_centre_inside
60038,60,38,21.5,76.0,madhya_pradesh__burhanpur,Madhya Pradesh,Burhanpur,cell_centre_inside
60039,60,39,21.5,76.25,madhya_pradesh__burhanpur,Madhya Pradesh,Burhanpur,cell_centre_inside
60040,60,40,21.5,76.5,madhya_pradesh__burhanpur,Madhya Pradesh,Burhanpur,cell_centre_inside
60041,60,41,21.5,76.75,madhya_pradesh__burhanpur,Madhya Pradesh,Burhanpur,cell_centre_inside
60042,60,42,21.5,77.0,maharashtra__amravati,Maharashtra,Amravati,cell_centre_inside
60043,60,43,21.5,77.25,maharashtra__amravati,Maharashtra,Amravati,cell_centre_inside
60044,60,44,21.5,77.5,madhya_pradesh__betul,Madhya Pradesh,Betul,cell_centre_inside
60045,60,45,21.5,77.75,madhya_pradesh__betul,Madhya Pradesh,Betul,cell_centre_inside
60046,60,46,21.5,78.0,madhya_pradesh__betul,Madhya Pradesh,Betul,cell_centre_inside
60047,60,47,21.5,78.25,maharashtra__amravati,Maharashtra,Amravati,cell_centre_inside
60048,60,48,21.5,78.5,maharashtra__nagpur,Maharashtra,Nagpur,cell_centre_inside
60049,60,49,21.5,78.75,madhya_pradesh__chhindwara,Madhya Pradesh,Chhindwara,cell_centre_inside
60050,60,50,21.5,79.0,maharashtra__nagpur,Maharashtra,Nagpur,cell_centre_inside
60051,60,51,21.5,79.25,maharashtra__nagpur,Maharashtra,Nagpur,cell_centre_inside
60052,60,52,21.5,79.5,maharashtra__bhandara,Maharashtra,Bhandara,cell_centre_inside
60053,60,53,21.5,79.75,maharashtra__bhandara,Maharashtra,Bhandara,cell_centre_inside
60054,60,54,21.5,80.0,maharashtra__gondiya,Maharashtra,Gondiya,cell_centre_inside
60055,60,55,21.5,80.25,maharashtra__gondiya,Maharashtra,Gondiya,cell_centre_inside
60056,60,56,21.5,80.5,madhya_pradesh__balaghat,Madhya Pradesh,Balaghat,cell_centre_inside
60057,60,57,21.5,80.75,chhattisgarh__rajnandgaon,Chhattisgarh,Rajnandgaon,cell_centre_inside
60058,60,58,21.5,81.0,chhattisgarh__rajnandgaon,Chhattisgarh,Rajnandgaon,cell_centre_inside
60059,60,59,21.5,81.25,chhattisgarh__durg,Chhattisgarh,Durg,cell_centre_inside
60060,60,60,21.5,81.5,chhattisgarh__durg,Chhattisgarh,Durg,cell_centre_inside
60061,60,61,21.5,81.75,chhattisgarh__raipur,Chhattisgarh,Raipur,cell_centre_inside
60062,60,62,21.5,82.0,chhattisgarh__raipur,Chhattisgarh,Raipur,cell_centre_inside
60063,60,63,21.5,82.25,chhattisgarh__raipur,Chhattisgarh,Raipur,cell_centre_inside
60064,60,64,21.5,82.5,chhattisgarh__raipur,Chhattisgarh,Raipur,cell_centre_inside
60065,60,65,21.5,82.75,chhattisgarh__mahasamund,Chhattisgarh,Mahasamund,cell_centre_inside
60066,60,66,21.5,83.0,chhattisgarh__raigarh,Chhattisgarh,Raigarh,cell_centre_inside
60067,60,67,21.5,83.25,chhattisgarh__raigarh,Chhattisgarh,Raigarh,cell_centre_inside
60068,60,68,21.5,83.5,odisha__bargarh,Odisha,Bargarh,cell_centre_inside
60069,60,69,21.5,83.75,odisha__bargarh,Odisha,Bargarh,cell_centre_inside
60070,60,70,21.5,84.0,odisha__sambalpur,Odisha,Sambalpur,cell_centre_inside
60071,60,71,21.5,84.25,odisha__sambalpur,Odisha,Sambalpur,cell_centre_inside
60072,60,72,21.5,84.5,odisha__sambalpur,Odisha,Sambalpur,cell_centre_inside
60073,60,73,21.5,84.75,odisha__debagarh,Odisha,Debagarh,cell_centre_inside
60074,60,74,21.5,85.0,odisha__debagarh,Odisha,Debagarh,cell_centre_inside
60075,60,75,21.5,85.25,odisha__anugul,Odisha,Anugul,cell_centre_inside
60076,60,76,21.5,85.5,odisha__kendujhar,Odisha,Kendujhar,cell_centre_inside
60077,60,77,21.5,85.75,odisha__kendujhar,Odisha,Kendujhar,cell_centre_inside
60078,60,78,21.5,86.0,odisha__kendujhar,Odisha,Kendujhar,cell_centre_inside
60079,60,79,21.5,86.25,odisha__mayurbhanj,Odisha,Mayurbhanj,cell_centre_inside
60080,60,80,21.5,86.5,odisha__mayurbhanj,Odisha,Mayurbhanj,cell_centre_inside
60081,60,81,21.5,86.75,odisha__baleshwar,Odisha,Baleshwar,cell_centre_inside
60082,60,82,21.5,87.0,odisha__baleshwar,Odisha,Baleshwar,cell_centre_inside
61012,61,12,21.75,69.5,gujarat__porbandar,Gujarat,Porbandar,cell_centre_inside
61013,61,13,21.75,69.75,gujarat__porbandar,Gujarat,Porbandar,cell_centre_inside
61014,61,14,21.75,70.0,gujarat__porbandar,Gujarat,Porbandar,cell_centre_inside
61015,61,15,21.75,70.25,gujarat__rajkot,Gujarat,Rajkot,cell_centre_inside
61016,61,16,21.75,70.5,gujarat__rajkot,Gujarat,Rajkot,cell_centre_inside
61017,61,17,21.75,70.75,gujarat__rajkot,Gujarat,Rajkot,cell_centre_inside
61018,61,18,21.75,71.0,gujarat__rajkot,Gujarat,Rajkot,cell_centre_inside
61019,61,19,21.75,71.25,gujarat__amreli,Gujarat,Amreli,cell_centre_inside
61020,61,20,21.75,71.5,gujarat__amreli,Gujarat,Amreli,cell_centre_inside
61021,61,21,21.75,71.75,gujarat__bhavnagar,Gujarat,Bhavnagar,cell_centre_inside
61022,61,22,21.75,72.0,gujarat__bhavnagar,Gujarat,Bhavnagar,cell_centre_inside
61025,61,25,21.75,72.75,gujarat__bharuch,Gujarat,Bharuch,cell_centre_inside
61026,61,26,21.75,73.0,gujarat__bharuch,Gujarat,Bharuch,cell_centre_inside
61027,61,27,21.75,73.25,gujarat__bharuch,Gujarat,Bharuch,cell_centre_inside
61028,61,28,21.75,73.5,gujarat__narmada,Gujarat,Narmada,cell_centre_inside
61029,61,29,21.75,73.75,gujarat__narmada,Gujarat,Narmada,cell_centre_inside
61030,61,30,21.75,74.0,maharashtra__nandurbar,Maharashtra,Nandurbar,cell_centre_inside
61031,61,31,21.75,74.25,maharashtra__nandurbar,Maharashtra,Nandurbar,cell_centre_inside
61032,61,32,21.75,74.5,maharashtra__nandurbar,Maharashtra,Nandurbar,cell_centre_inside
61033,61,33,21.75,74.75,madhya_pradesh__barwani,Madhya Pradesh,Barwani,cell_centre_inside
61034,61,34,21.75,75.0,madhya_pradesh__barwani,Madhya Pradesh,Barwani,cell_centre_inside
61035,61,35,21.75,75.25,madhya_pradesh__barwani,Madhya Pradesh,Barwani,cell_centre_inside
61036,61,36,21.75,75.5,madhya_pradesh__west_nimar,Madhya Pradesh,West Nimar,cell_centre_inside
61037,61,37,21.75,75.75,madhya_pradesh__west_nimar,Madhya Pradesh,West Nimar,cell_centre_inside
61038,61,38,21.75,76.0,madhya_pradesh__west_nimar,Madhya Pradesh,West Nimar,cell_centre_inside
61039,61,39,21.75,76.25,madhya_pradesh__east_nimar,Madhya Pradesh,East Nimar,cell_centre_inside
61040,61,40,21.75,76.5,madhya_pradesh__east_nimar,Madhya Pradesh,East Nimar,cell_centre_inside
61041,61,41,21.75,76.75,madhya_pradesh__east_nimar,Madhya Pradesh,East Nimar,cell_centre_inside
61042,61,42,21.75,77.0,madhya_pradesh__east_nimar,Madhya Pradesh,East Nimar,cell_centre_inside
61043,61,43,21.75,77.25,madhya_pradesh__betul,Madhya Pradesh,Betul,cell_centre_inside
61044,61,44,21.75,77.5,madhya_pradesh__betul,Madhya Pradesh,Betul,cell_centre_inside
61045,61,45,21.75,77.75,madhya_pradesh__betul,Madhya Pradesh,Betul,cell_centre_inside
61046,61,46,21.75,78.0,madhya_pradesh__betul,Madhya Pradesh,Betul,cell_centre_inside
61047,61,47,21.75,78.25,madhya_pradesh__betul,Madhya Pradesh,Betul,cell_centre_inside
61048,61,48,21.75,78.5,madhya_pradesh__chhindwara,Madhya Pradesh,Chhindwara,cell_centre_inside
61049,61,49,21.75,78.75,madhya_pradesh__chhindwara,Madhya Pradesh,Chhindwara,cell_centre_inside
61050,61,50,21.75,79.0,madhya_pradesh__chhindwara,Madhya Pradesh,Chhindwara,cell_centre_inside
61051,61,51,21.75,79.25,madhya_pradesh__seoni,Madhya Pradesh,Seoni,cell_centre_inside
61052,61,52,21.75,79.5,madhya_pradesh__seoni,Madhya Pradesh,Seoni,cell_centre_inside
61053,61,53,21.75,79.75,madhya_pradesh__balaghat,Madhya Pradesh,Balaghat,cell_centre_inside
61054,61,54,21.75,80.0,madhya_pradesh__balaghat,Madhya Pradesh,Balaghat,cell_centre_inside
61055,61,55,21.75,80.25,madhya_pradesh__balaghat,Madhya Pradesh,Balaghat,cell_centre_inside
61056,61,56,21.75,80.5,madhya_pradesh__balaghat,Madhya Pradesh,Balaghat,cell_centre_inside
61057,61,57,21.75,80.75,chhattisgarh__rajnandgaon,Chhattisgarh,Rajnandgaon,cell_centre_inside
61058,61,58,21.75,81.0,chhattisgarh__kabeerdham,Chhattisgarh,Kabeerdham,cell_centre_inside
61059,61,59,21.75,81.25,chhattisgarh__kabeerdham,Chhattisgarh,Kabeerdham,cell_centre_inside
61060,61,60,21.75,81.5,chhattisgarh__durg,Chhattisgarh,Durg,cell_centre_inside
61061,61,61,21.75,81.75,chhattisgarh__raipur,Chhattisgarh,Raipur,cell_centre_inside
61062,61,62,21.75,82.0,chhattisgarh__raipur,Chhattisgarh,Raipur,cell_centre_inside
61063,61,63,21.75,82.25,chhattisgarh__raipur,Chhattisgarh,Raipur,cell_centre_inside
61064,61,64,21.75,82.5,chhattisgarh__janjgir_champa,Chhattisgarh,Janjgir-champa,cell_centre_inside
61065,61,65,21.75,82.75,chhattisgarh__janjgir_champa,Chhattisgarh,Janjgir-champa,cell_centre_inside
61066,61,66,21.75,83.0,chhattisgarh__janjgir_champa,Chhattisgarh,Janjgir-champa,cell_centre_inside
61067,61,67,21.75,83.25,chhattisgarh__janjgir_champa,Chhattisgarh,Janjgir-champa,cell_centre_inside
61068,61,68,21.75,83.5,odisha__jharsuguda,Odisha,Jharsuguda,cell_centre_inside
61069,61,69,21.75,83.75,odisha__jharsuguda,Odisha,Jharsuguda,cell_centre_inside
61070,61,70,21.75,84.0,odisha__sambalpur,Odisha,Sambalpur,cell_centre_inside
61071,61,71,21.75,84.25,odisha__sambalpur,Odisha,Sambalpur,cell_centre_inside
61072,61,72,21.75,84.5,odisha__sambalpur,Odisha,Sambalpur,cell_centre_inside
61073,61,73,21.75,84.75,odisha__sundargarh,Odisha,Sundargarh,cell_centre_inside
61074,61,74,21.75,85.0,odisha__sundargarh,Odisha,Sundargarh,cell_centre_inside
61075,61,75,21.75,85.25,odisha__kendujhar,Odisha,Kendujhar,cell_centre_inside
61076,61,76,21.75,85.5,odisha__kendujhar,Odisha,Kendujhar,cell_centre_inside
61077,61,77,21.75,85.75,odisha__kendujhar,Odisha,Kendujhar,cell_centre_inside
61078,61,78,21.75,86.0,odisha__mayurbhanj,Odisha,Mayurbhanj,cell_centre_inside
61079,61,79,21.75,86.25,odisha__mayurbhanj,Odisha,Mayurbhanj,cell_centre_inside
61080,61,80,21.75,86.5,odisha__mayurbhanj,Odisha,Mayurbhanj,cell_centre_inside
61081,61,81,21.75,86.75,odisha__mayurbhanj,Odisha,Mayurbhanj,cell_centre_inside
61082,61,82,21.75,87.0,odisha__mayurbhanj,Odisha,Mayurbhanj,cell_centre_inside
61083,61,83,21.75,87.25,odisha__baleshwar,Odisha,Baleshwar,cell_centre_inside
61084,61,84,21.75,87.5,west_bengal__purba_medinipur,West Bengal,Purba Medinipur,cell_centre_inside
61085,61,85,21.75,87.75,west_bengal__purba_medinipur,West Bengal,Purba Medinipur,cell_centre_inside
61087,61,87,21.75,88.25,west_bengal__south_24_parganas,West Bengal,South 24 Parganas,cell_centre_inside
61089,61,89,21.75,88.75,west_bengal__north_24_parganas,West Bengal,North 24 Parganas,cell_centre_inside
61090,61,90,21.75,89.0,west_bengal__north_24_parganas,West Bengal,North 24 Parganas,cell_centre_inside
62011,62,11,22.0,69.25,gujarat__jamnagar,Gujarat,Jamnagar,cell_centre_inside
62012,62,12,22.0,69.5,gujarat__jamnagar,Gujarat,Jamnagar,cell_centre_inside
62013,62,13,22.0,69.75,gujarat__jamnagar,Gujarat,Jamnagar,cell_centre_inside
62014,62,14,22.0,70.0,gujarat__jamnagar,Gujarat,Jamnagar,cell_centre_inside
62015,62,15,22.0,70.25,gujarat__jamnagar,Gujarat,Jamnagar,cell_centre_inside
62016,62,16,22.0,70.5,gujarat__jamnagar,Gujarat,Jamnagar,cell_centre_inside
62017,62,17,22.0,70.75,gujarat__rajkot,Gujarat,Rajkot,cell_centre_inside
62018,62,18,22.0,71.0,gujarat__rajkot,Gujarat,Rajkot,cell_centre_inside
62019,62,19,22.0,71.25,gujarat__amreli,Gujarat,Amreli,cell_centre_inside
62020,62,20,22.0,71.5,gujarat__bhavnagar,Gujarat,Bhavnagar,cell_centre_inside
62021,62,21,22.0,71.75,gujarat__bhavnagar,Gujarat,Bhavnagar,cell_centre_inside
62022,62,22,22.0,72.0,gujarat__bhavnagar,Gujarat,Bhavnagar,cell_centre_inside
62025,62,25,22.0,72.75,gujarat__bharuch,Gujarat,Bharuch,cell_centre_inside
62026,62,26,22.0,73.0,gujarat__bharuch,Gujarat,Bharuch,cell_centre_inside
62027,62,27,22.0,73.25,gujarat__vadodara,Gujarat,Vadodara,cell_centre_inside
62028,62,28,22.0,73.5,gujarat__vadodara,Gujarat,Vadodara,cell_centre_inside
62029,62,29,22.0,73.75,gujarat__vadodara,Gujarat,Vadodara,cell_centre_inside
62030,62,30,22.0,74.0,gujarat__vadodara,Gujarat,Vadodara,cell_centre_inside
62031,62,31,22.0,74.25,madhya_pradesh__alirajpur,Madhya Pradesh,Alirajpur,cell_centre_inside
62032,62,32,22.0,74.5,madhya_pradesh__barwani,Madhya Pradesh,Barwani,cell_centre_inside
62033,62,33,22.0,74.75,madhya_pradesh__barwani,Madhya Pradesh,Barwani,cell_centre_inside
62034,62,34,22.0,75.0,madhya_pradesh__barwani,Madhya Pradesh,Barwani,cell_centre_inside
62035,62,35,22.0,75.25,madhya_pradesh__barwani,Madhya Pradesh,Barwani,cell_centre_inside
62036,62,36,22.0,75.5,madhya_pradesh__west_nimar,Madhya Pradesh,West Nimar,cell_centre_inside
62037,62,37,22.0,75.75,madhya_pradesh__west_nimar,Madhya Pradesh,West Nimar,cell_centre_inside
62038,62,38,22.0,76.0,madhya_pradesh__west_nimar,Madhya Pradesh,West Nimar,cell_centre_inside
62039,62,39,22.0,76.25,madhya_pradesh__east_nimar,Madhya Pradesh,East Nimar,cell_centre_inside
62040,62,40,22.0,76.5,madhya_pradesh__east_nimar,Madhya Pradesh,East Nimar,cell_centre_inside
62041,62,41,22.0,76.75,madhya_pradesh__east_nimar,Madhya Pradesh,East Nimar,cell_centre_inside
62042,62,42,22.0,77.0,madhya_pradesh__harda,Madhya Pradesh,Harda,cell_centre_inside
62043,62,43,22.0,77.25,madhya_pradesh__harda,Madhya Pradesh,Harda,cell_centre_inside
62044,62,44,22.0,77.5,madhya_pradesh__betul,Madhya Pradesh,Betul,cell_centre_inside
62045,62,45,22.0,77.75,madhya_pradesh__betul,Madhya Pradesh,Betul,cell_centre_inside
62046,62,46,22.0,78.0,madhya_pradesh__betul,Madhya Pradesh,Betul,cell_centre_inside
62047,62,47,22.0,78.25,madhya_pradesh__betul,Madhya Pradesh,Betul,cell_centre_inside
62048,62,48,22.0,78.5,madhya_pradesh__chhindwara,Madhya Pradesh,Chhindwara,cell_centre_inside
62049,62,49,22.0,78.75,madhya_pradesh__chhindwara,Madhya Pradesh,Chhindwara,cell_centre_inside
62050,62,50,22.0,79.0,madhya_pradesh__chhindwara,Madhya Pradesh,Chhindwara,cell_centre_inside
62051,62,51,22.0,79.25,madhya_pradesh__chhindwara,Madhya Pradesh,Chhindwara,cell_centre_inside
62052,62,52,22.0,79.5,madhya_pradesh__seoni,Madhya Pradesh,Seoni,cell_centre_inside
62053,62,53,22.0,79.75,madhya_pradesh__seoni,Madhya Pradesh,Seoni,cell_centre_inside
62054,62,54,22.0,80.0,madhya_pradesh__balaghat,Madhya Pradesh,Balaghat,cell_centre_inside
62055,62,55,22.0,80.25,madhya_pradesh__balaghat,Madhya Pradesh,Balaghat,cell_centre_inside
62056,62,56,22.0,80.5,madhya_pradesh__balaghat,Madhya Pradesh,Balaghat,cell_centre_inside
62057,62,57,22.0,80.75,madhya_pradesh__balaghat,Madhya Pradesh,Balaghat,cell_centre_inside
62058,62,58,22.0,81.0,chhattisgarh__kabeerdham,Chhattisgarh,Kabeerdham,cell_centre_inside
62059,62,59,22.0,81.25,chhattisgarh__kabeerdham,Chhattisgarh,Kabeerdham,cell_centre_inside
62060,62,60,22.0,81.5,chhattisgarh__durg,Chhattisgarh,Durg,cell_centre_inside
62061,62,61,22.0,81.75,chhattisgarh__bilaspur,Chhattisgarh,Bilaspur,cell_centre_inside
62062,62,62,22.0,82.0,chhattisgarh__bilaspur,Chhattisgarh,Bilaspur,cell_centre_inside
62063,62,63,22.0,82.25,chhattisgarh__bilaspur,Chhattisgarh,Bilaspur,cell_centre_inside
62064,62,64,22.0,82.5,chhattisgarh__janjgir_champa,Chhattisgarh,Janjgir-champa,cell_centre_inside
62065,62,65,22.0,82.75,chhattisgarh__janjgir_champa,Chhattisgarh,Janjgir-champa,cell_centre_inside
62066,62,66,22.0,83.0,chhattisgarh__janjgir_champa,Chhattisgarh,Janjgir-champa,cell_centre_inside
62067,62,67,22.0,83.25,chhattisgarh__raigarh,Chhattisgarh,Raigarh,cell_centre_inside
62068,62,68,22.0,83.5,chhattisgarh__raigarh,Chhattisgarh,Raigarh,cell_centre_inside
62069,62,69,22.0,83.75,odisha__sundargarh,Odisha,Sundargarh,cell_centre_inside
62070,62,70,22.0,84.0,odisha__sundargarh,Odisha,Sundargarh,cell_centre_inside
62071,62,71,22.0,84.25,odisha__sundargarh,Odisha,Sundargarh,cell_centre_inside
62072,62,72,22.0,84.5,odisha__sambalpur,Odisha,Sambalpur,cell_centre_inside
62073,62,73,22.0,84.75,odisha__sundargarh,Odisha,Sundargarh,cell_centre_inside
62074,62,74,22.0,85.0,odisha__sundargarh,Odisha,Sundargarh,cell_centre_inside
62075,62,75,22.0,85.25,odisha__kendujhar,Odisha,Kendujhar,cell_centre_inside
62076,62,76,22.0,85.5,odisha__kendujhar,Odisha,Kendujhar,cell_centre_inside
62077,62,77,22.0,85.75,odisha__mayurbhanj,Odisha,Mayurbhanj,cell_centre_inside
62078,62,78,22.0,86.0,odisha__mayurbhanj,Odisha,Mayurbhanj,cell_centre_inside
62079,62,79,22.0,86.25,odisha__mayurbhanj,Odisha,Mayurbhanj,cell_centre_inside
62080,62,80,22.0,86.5,odisha__mayurbhanj,Odisha,Mayurbhanj,cell_centre_inside
62081,62,81,22.0,86.75,odisha__mayurbhanj,Odisha,Mayurbhanj,cell_centre_inside
62082,62,82,22.0,87.0,odisha__mayurbhanj,Odisha,Mayurbhanj,cell_centre_inside
62083,62,83,22.0,87.25,west_bengal__pashchim_medinipur,West Bengal,Pashchim Medinipur,cell_centre_inside
62084,62,84,22.0,87.5,west_bengal__purba_medinipur,West Bengal,Purba Medinipur,cell_centre_inside
62085,62,85,22.0,87.75,west_bengal__purba_medinipur,West Bengal,Purba Medinipur,cell_centre_inside
62086,62,86,22.0,88.0,west_bengal__purba_medinipur,West Bengal,Purba Medinipur,cell_centre_inside
62087,62,87,22.0,88.25,west_bengal__south_24_parganas,West Bengal,South 24 Parganas,cell_centre_inside
62088,62,88,22.0,88.5,west_bengal__south_24_parganas,West Bengal,South 24 Parganas,cell_centre_inside
62090,62,90,22.0,89.0,west_bengal__north_24_parganas,West Bengal,North 24 Parganas,cell_centre_inside
62106,62,106,22.0,93.0,mizoram__saiha,Mizoram,Saiha,cell_centre_inside
63010,63,10,22.25,69.0,gujarat__jamnagar,Gujarat,Jamnagar,cell_centre_inside
63011,63,11,22.25,69.25,gujarat__jamnagar,Gujarat,Jamnagar,cell_centre_inside
63012,63,12,22.25,69.5,gujarat__jamnagar,Gujarat,Jamnagar,cell_centre_inside
63013,63,13,22.25,69.75,gujarat__jamnagar,Gujarat,Jamnagar,cell_centre_inside
63014,63,14,22.25,70.0,gujarat__jamnagar,Gujarat,Jamnagar,cell_centre_inside
63015,63,15,22.25,70.25,gujarat__jamnagar,Gujarat,Jamnagar,cell_centre_inside
63016,63,16,22.25,70.5,gujarat__jamnagar,Gujarat,Jamnagar,cell_centre_inside
63017,63,17,22.25,70.75,gujarat__rajkot,Gujarat,Rajkot,cell_centre_inside
63018,63,18,22.25,71.0,gujarat__rajkot,Gujarat,Rajkot,cell_centre_inside
63019,63,19,22.25,71.25,gujarat__rajkot,Gujarat,Rajkot,cell_centre_inside
63020,63,20,22.25,71.5,gujarat__bhavnagar,Gujarat,Bhavnagar,cell_centre_inside
63021,63,21,22.25,71.75,gujarat__ahmadabad,Gujarat,Ahmadabad,cell_centre_inside
63022,63,22,22.25,72.0,gujarat__ahmadabad,Gujarat,Ahmadabad,cell_centre_inside
63023,63,23,22.25,72.25,gujarat__ahmadabad,Gujarat,Ahmadabad,cell_centre_inside
63024,63,24,22.25,72.5,gujarat__anand,Gujarat,Anand,cell_centre_inside
63025,63,25,22.25,72.75,gujarat__anand,Gujarat,Anand,cell_centre_inside
63026,63,26,22.25,73.0,gujarat__vadodara,Gujarat,Vadodara,cell_centre_inside
63027,63,27,22.25,73.25,gujarat__vadodara,Gujarat,Vadodara,cell_centre_inside
63028,63,28,22.25,73.5,gujarat__vadodara,Gujarat,Vadodara,cell_centre_inside
63029,63,29,22.25,73.75,gujarat__vadodara,Gujarat,Vadodara,cell_centre_inside
63030,63,30,22.25,74.0,gujarat__vadodara,Gujarat,Vadodara,cell_centre_inside
63031,63,31,22.25,74.25,madhya_pradesh__alirajpur,Madhya Pradesh,Alirajpur,cell_centre_inside
63032,63,32,22.25,74.5,madhya_pradesh__alirajpur,Madhya Pradesh,Alirajpur,cell_centre_inside
63033,63,33,22.25,74.75,madhya_pradesh__dhar,Madhya Pradesh,Dhar,cell_centre_inside
63034,63,34,22.25,75.0,madhya_pradesh__dhar,Madhya Pradesh,Dhar,cell_centre_inside
63035,63,35,22.25,75.25,madhya_pradesh__dhar,Madhya Pradesh,Dhar,cell_centre_inside
63036,63,36,22.25,75.5,madhya_pradesh__dhar,Madhya Pradesh,Dhar,cell_centre_inside
63037,63,37,22.25,75.75,madhya_pradesh__west_nimar,Madhya Pradesh,West Nimar,cell_centre_inside
63038,63,38,22.25,76.0,madhya_pradesh__west_nimar,Madhya Pradesh,West Nimar,cell_centre_inside
63039,63,39,22.25,76.25,madhya_pradesh__east_nimar,Madhya Pradesh,East Nimar,cell_centre_inside
63040,63,40,22.25,76.5,madhya_pradesh__east_nimar,Madhya Pradesh,East Nimar,cell_centre_inside
63041,63,41,22.25,76.75,madhya_pradesh__east_nimar,Madhya Pradesh,East Nimar,cell_centre_inside
63042,63,42,22.25,77.0,madhya_pradesh__harda,Madhya Pradesh,Harda,cell_centre_inside
63043,63,43,22.25,77.25,madhya_pradesh__harda,Madhya Pradesh,Harda,cell_centre_inside
63044,63,44,22.25,77.5,madhya_pradesh__betul,Madhya Pradesh,Betul,cell_centre_inside
63045,63,45,22.25,77.75,madhya_pradesh__betul,Madhya Pradesh,Betul,cell_centre_inside
63046,63,46,22.25,78.0,madhya_pradesh__betul,Madhya Pradesh,Betul,cell_centre_inside
63047,63,47,22.25,78.25,madhya_pradesh__betul,Madhya Pradesh,Betul,cell_centre_inside
63048,63,48,22.25,78.5,madhya_pradesh__chhindwara,Madhya Pradesh,Chhindwara,cell_centre_inside
63049,63,49,22.25,78.75,madhya_pradesh__chhindwara,Madhya Pradesh,Chhindwara,cell_centre_inside
63050,63,50,22.25,79.0,madhya_pradesh__chhindwara,Madhya Pradesh,Chhindwara,cell_centre_inside
63051,63,51,22.25,79.25,madhya_pradesh__chhindwara,Madhya Pradesh,Chhindwara,cell_centre_inside
63052,63,52,22.25,79.5,madhya_pradesh__seoni,Madhya Pradesh,Seoni,cell_centre_inside
63053,63,53,22.25,79.75,madhya_pradesh__seoni,Madhya Pradesh,Seoni,cell_centre_inside
63054,63,54,22.25,80.0,madhya_pradesh__seoni,Madhya Pradesh,Seoni,cell_centre_inside
63055,63,55,22.25,80.25,madhya_pradesh__balaghat,Madhya Pradesh,Balaghat,cell_centre_inside
63056,63,56,22.25,80.5,madhya_pradesh__balaghat,Madhya Pradesh,Balaghat,cell_centre_inside
63057,63,57,22.25,80.75,madhya_pradesh__balaghat,Madhya Pradesh,Balaghat,cell_centre_inside
63058,63,58,22.25,81.0,madhya_pradesh__balaghat,Madhya Pradesh,Balaghat,cell_centre_inside
63059,63,59,22.25,81.25,chhattisgarh__kabeerdham,Chhattisgarh,Kabeerdham,cell_centre_inside
63060,63,60,22.25,81.5,chhattisgarh__kabeerdham,Chhattisgarh,Kabeerdham,cell_centre_inside
63061,63,61,22.25,81.75,chhattisgarh__bilaspur,Chhattisgarh,Bilaspur,cell_centre_inside
63062,63,62,22.25,82.0,chhattisgarh__bilaspur,Chhattisgarh,Bilaspur,cell_centre_inside
63063,63,63,22.25,82.25,chhattisgarh__bilaspur,Chhattisgarh,Bilaspur,cell_centre_inside
63064,63,64,22.25,82.5,chhattisgarh__korba,Chhattisgarh,Korba,cell_centre_inside
63065,63,65,22.25,82.75,chhattisgarh__korba,Chhattisgarh,Korba,cell_centre_inside
63066,63,66,22.25,83.0,chhattisgarh__raigarh,Chhattisgarh,Raigarh,cell_centre_inside
63067,63,67,22.25,83.25,chhattisgarh__raigarh,Chhattisgarh,Raigarh,cell_centre_inside
63068,63,68,22.25,83.5,chhattisgarh__raigarh,Chhattisgarh,Raigarh,cell_centre_inside
63069,63,69,22.25,83.75,chhattisgarh__raigarh,Chhattisgarh,Raigarh,cell_centre_inside
63070,63,70,22.25,84.0,odisha__sundargarh,Odisha,Sundargarh,cell_centre_inside
63071,63,71,22.25,84.25,odisha__sundargarh,Odisha,Sundargarh,cell_centre_inside
63072,63,72,22.25,84.5,odisha__sundargarh,Odisha,Sundargarh,cell_centre_inside
63073,63,73,22.25,84.75,odisha__sundargarh,Odisha,Sundargarh,cell_centre_inside
63074,63,74,22.25,85.0,odisha__sundargarh,Odisha,Sundargarh,cell_centre_inside
63075,63,75,22.25,85.25,jharkhand__pashchimi_singhbhum,Jharkhand,Pashchimi Singhbhum,cell_centre_inside
63076,63,76,22.25,85.5,jharkhand__pashchimi_singhbhum,Jharkhand,Pashchimi Singhbhum,cell_centre_inside
63077,63,77,22.25,85.75,jharkhand__pashchimi_singhbhum,Jharkhand,Pashchimi Singhbhum,cell_centre_inside
63078,63,78,22.25,86.0,odisha__mayurbhanj,Odisha,Mayurbhanj,cell_centre_inside
63079,63,79,22.25,86.25,odisha__mayurbhanj,Odisha,Mayurbhanj,cell_centre_inside
63080,63,80,22.25,86.5,odisha__mayurbhanj,Odisha,Mayurbhanj,cell_centre_inside
63081,63,81,22.25,86.75,jharkhand__purbi_singhbhum,Jharkhand,Purbi Singhbhum,cell_centre_inside
63082,63,82,22.25,87.0,west_bengal__pashchim_medinipur,West Bengal,Pashchim Medinipur,cell_centre_inside
63083,63,83,22.25,87.25,west_bengal__pashchim_medinipur,West Bengal,Pashchim Medinipur,cell_centre_inside
63084,63,84,22.25,87.5,west_bengal__pashchim_medinipur,West Bengal,Pashchim Medinipur,cell_centre_inside
63085,63,85,22.25,87.75,west_bengal__purba_medinipur,West Bengal,Purba Medinipur,cell_centre_inside
63086,63,86,22.25,88.0,west_bengal__haora,West Bengal,Haora,cell_centre_inside
63087,63,87,22.25,88.25,west_bengal__south_24_parganas,West Bengal,South 24 Parganas,cell_centre_inside
63088,63,88,22.25,88.5,west_bengal__south_24_parganas,West Bengal,South 24 Parganas,cell_centre_inside
63089,63,89,22.25,88.75,west_bengal__south_24_parganas,West Bengal,South 24 Parganas,cell_centre_inside
63090,63,90,22.25,89.0,west_bengal__north_24_parganas,West Bengal,North 24 Parganas,cell_centre_inside
63105,63,105,22.25,92.75,mizoram__lawangtlai,Mizoram,Lawangtlai,cell_centre_inside
63106,63,106,22.25,93.0,mizoram__saiha,Mizoram,Saiha,cell_centre_inside
64014,64,14,22.5,70.0,gujarat__jamnagar,Gujarat,Jamnagar,cell_centre_inside
64015,64,15,22.5,70.25,gujarat__jamnagar,Gujarat,Jamnagar,cell_centre_inside
64016,64,16,22.5,70.5,gujarat__jamnagar,Gujarat,Jamnagar,cell_centre_inside
64017,64,17,22.5,70.75,gujarat__rajkot,Gujarat,Rajkot,cell_centre_inside
64018,64,18,22.5,71.0,gujarat__rajkot,Gujarat,Rajkot,cell_centre_inside
64019,64,19,22.5,71.25,gujarat__surendranagar,Gujarat,Surendranagar,cell_centre_inside
64020,64,20,22.5,71.5,gujarat__surendranagar,Gujarat,Surendranagar,cell_centre_inside
64021,64,21,22.5,71.75,gujarat__surendranagar,Gujarat,Surendranagar,cell_centre_inside
64022,64,22,22.5,72.0,gujarat__ahmadabad,Gujarat,Ahmadabad,cell_centre_inside
64023,64,23,22.5,72.25,gujarat__ahmadabad,Gujarat,Ahmadabad,cell_centre_inside
64024,64,24,22.5,72.5,gujarat__anand,Gujarat,Anand,cell_centre_inside
64025,64,25,22.5,72.75,gujarat__anand,Gujarat,Anand,cell_centre_inside
64026,64,26,22.5,73.0,gujarat__anand,Gujarat,Anand,cell_centre_inside
64027,64,27,22.5,73.25,gujarat__vadodara,Gujarat,Vadodara,cell_centre_inside
64028,64,28,22.5,73.5,gujarat__panch_mahals,Gujarat,Panch Mahals,cell_centre_inside
64029,64,29,22.5,73.75,gujarat__vadodara,Gujarat,Vadodara,cell_centre_inside
64030,64,30,22.5,74.0,gujarat__vadodara,Gujarat,Vadodara,cell_centre_inside
64031,64,31,22.5,74.25,madhya_pradesh__alirajpur,Madhya Pradesh,Alirajpur,cell_centre_inside
64032,64,32,22.5,74.5,madhya_pradesh__alirajpur,Madhya Pradesh,Alirajpur,cell_centre_inside
64033,64,33,22.5,74.75,madhya_pradesh__dhar,Madhya Pradesh,Dhar,cell_centre_inside
64034,64,34,22.5,75.0,madhya_pradesh__dhar,Madhya Pradesh,Dhar,cell_centre_inside
64035,64,35,22.5,75.25,madhya_pradesh__dhar,Madhya Pradesh,Dhar,cell_centre_inside
64036,64,36,22.5,75.5,madhya_pradesh__dhar,Madhya Pradesh,Dhar,cell_centre_inside
64037,64,37,22.5,75.75,madhya_pradesh__indore,Madhya Pradesh,Indore,cell_centre_inside
64038,64,38,22.5,76.0,madhya_pradesh__indore,Madhya Pradesh,Indore,cell_centre_inside
64039,64,39,22.5,76.25,madhya_pradesh__dewas,Madhya Pradesh,Dewas,cell_centre_inside
64040,64,40,22.5,76.5,madhya_pradesh__dewas,Madhya Pradesh,Dewas,cell_centre_inside
64041,64,41,22.5,76.75,madhya_pradesh__dewas,Madhya Pradesh,Dewas,cell_centre_inside
64042,64,42,22.5,77.0,madhya_pradesh__dewas,Madhya Pradesh,Dewas,cell_centre_inside
64043,64,43,22.5,77.25,madhya_pradesh__harda,Madhya Pradesh,Harda,cell_centre_inside
64044,64,44,22.5,77.5,madhya_pradesh__hoshangabad,Madhya Pradesh,Hoshangabad,cell_centre_inside
64045,64,45,22.5,77.75,madhya_pradesh__hoshangabad,Madhya Pradesh,Hoshangabad,cell_centre_inside
64046,64,46,22.5,78.0,madhya_pradesh__hoshangabad,Madhya Pradesh,Hoshangabad,cell_centre_inside
64047,64,47,22.5,78.25,madhya_pradesh__hoshangabad,Madhya Pradesh,Hoshangabad,cell_centre_inside
64048,64,48,22.5,78.5,madhya_pradesh__hoshangabad,Madhya Pradesh,Hoshangabad,cell_centre_inside
64049,64,49,22.5,78.75,madhya_pradesh__chhindwara,Madhya Pradesh,Chhindwara,cell_centre_inside
64050,64,50,22.5,79.0,madhya_pradesh__chhindwara,Madhya Pradesh,Chhindwara,cell_centre_inside
64051,64,51,22.5,79.25,madhya_pradesh__chhindwara,Madhya Pradesh,Chhindwara,cell_centre_inside
64052,64,52,22.5,79.5,madhya_pradesh__seoni,Madhya Pradesh,Seoni,cell_centre_inside
64053,64,53,22.5,79.75,madhya_pradesh__seoni,Madhya Pradesh,Seoni,cell_centre_inside
64054,64,54,22.5,80.0,madhya_pradesh__seoni,Madhya Pradesh,Seoni,cell_centre_inside
64055,64,55,22.5,80.25,madhya_pradesh__mandla,Madhya Pradesh,Mandla,cell_centre_inside
64056,64,56,22.5,80.5,madhya_pradesh__mandla,Madhya Pradesh,Mandla,cell_centre_inside
64057,64,57,22.5,80.75,madhya_pradesh__mandla,Madhya Pradesh,Mandla,cell_centre_inside
64058,64,58,22.5,81.0,madhya_pradesh__mandla,Madhya Pradesh,Mandla,cell_centre_inside
64059,64,59,22.5,81.25,madhya_pradesh__dindori,Madhya Pradesh,Dindori,cell_centre_inside
64060,64,60,22.5,81.5,chhattisgarh__bilaspur,Chhattisgarh,Bilaspur,cell_centre_inside
64061,64,61,22.5,81.75,chhattisgarh__bilaspur,Chhattisgarh,Bilaspur,cell_centre_inside
64062,64,62,22.5,82.0,chhattisgarh__bilaspur,Chhattisgarh,Bilaspur,cell_centre_inside
64063,64,63,22.5,82.25,chhattisgarh__korba,Chhattisgarh,Korba,cell_centre_inside
64064,64,64,22.5,82.5,chhattisgarh__korba,Chhattisgarh,Korba,cell_centre_inside
64065,64,65,22.5,82.75,chhattisgarh__korba,Chhattisgarh,Korba,cell_centre_inside
64066,64,66,22.5,83.0,chhattisgarh__korba,Chhattisgarh,Korba,cell_centre_inside
64067,64,67,22.5,83.25,chhattisgarh__raigarh,Chhattisgarh,Raigarh,cell_centre_inside
64068,64,68,22.5,83.5,chhattisgarh__jashpur,Chhattisgarh,Jashpur,cell_centre_inside
64069,64,69,22.5,83.75,chhattisgarh__jashpur,Chhattisgarh,Jashpur,cell_centre_inside
64070,64,70,22.5,84.0,odisha__sundargarh,Odisha,Sundargarh,cell_centre_inside
64071,64,71,22.5,84.25,jharkhand__simdega,Jharkhand,Simdega,cell_centre_inside
64072,64,72,22.5,84.5,jharkhand__simdega,Jharkhand,Simdega,cell_centre_inside
64073,64,73,22.5,84.75,jharkhand__simdega,Jharkhand,Simdega,cell_centre_inside
64074,64,74,22.5,85.0,jharkhand__simdega,Jharkhand,Simdega,cell_centre_inside
64075,64,75,22.5,85.25,jharkhand__pashchimi_singhbhum,Jharkhand,Pashchimi Singhbhum,cell_centre_inside
64076,64,76,22.5,85.5,jharkhand__pashchimi_singhbhum,Jharkhand,Pashchimi Singhbhum,cell_centre_inside
64077,64,77,22.5,85.75,jharkhand__pashchimi_singhbhum,Jharkhand,Pashchimi Singhbhum,cell_centre_inside
64078,64,78,22.5,86.0,odisha__mayurbhanj,Odisha,Mayurbhanj,cell_centre_inside
64079,64,79,22.5,86.25,jharkhand__purbi_singhbhum,Jharkhand,Purbi Singhbhum,cell_centre_inside
64080,64,80,22.5,86.5,jharkhand__purbi_singhbhum,Jharkhand,Purbi Singhbhum,cell_centre_inside
64081,64,81,22.5,86.75,jharkhand__purbi_singhbhum,Jharkhand,Purbi Singhbhum,cell_centre_inside
64082,64,82,22.5,87.0,west_bengal__pashchim_medinipur,West Bengal,Pashchim Medinipur,cell_centre_inside
64083,64,83,22.5,87.25,west_bengal__pashchim_medinipur,West Bengal,Pashchim Medinipur,cell_centre_inside
64084,64,84,22.5,87.5,west_bengal__pashchim_medinipur,West Bengal,Pashchim Medinipur,cell_centre_inside
64085,64,85,22.5,87.75,west_bengal__pashchim_medinipur,West Bengal,Pashchim Medinipur,cell_centre_inside
64086,64,86,22.5,88.0,west_bengal__haora,West Bengal,Haora,cell_centre_inside
64087,64,87,22.5,88.25,west_bengal__south_24_parganas,West Bengal,South 24 Parganas,cell_centre_inside
64088,64,88,22.5,88.5,west_bengal__south_24_parganas,West Bengal,South 24 Parganas,cell_centre_inside
64089,64,89,22.5,88.75,west_bengal__north_24_parganas,West Bengal,North 24 Parganas,cell_centre_inside
64105,64,105,22.5,92.75,mizoram__lawangtlai,Mizoram,Lawangtlai,cell_centre_inside
64106,64,106,22.5,93.0,mizoram__saiha,Mizoram,Saiha,cell_centre_inside
65016,65,16,22.75,70.5,gujarat__jamnagar,Gujarat,Jamnagar,cell_centre_inside
65017,65,17,22.75,70.75,gujarat__rajkot,Gujarat,Rajkot,cell_centre_inside
65018,65,18,22.75,71.0,gujarat__rajkot,Gujarat,Rajkot,cell_centre_inside
65019,65,19,22.75,71.25,gujarat__surendranagar,Gujarat,Surendranagar,cell_centre_inside
65020,65,20,22.75,71.5,gujarat__surendranagar,Gujarat,Surendranagar,cell_centre_inside
65021,65,21,22.75,71.75,gujarat__surendranagar,Gujarat,Surendranagar,cell_centre_inside
65022,65,22,22.75,72.0,gujarat__surendranagar,Gujarat,Surendranagar,cell_centre_inside
65023,65,23,22.75,72.25,gujarat__ahmadabad,Gujarat,Ahmadabad,cell_centre_inside
65024,65,24,22.75,72.5,gujarat__ahmadabad,Gujarat,Ahmadabad,cell_centre_inside
65025,65,25,22.75,72.75,gujarat__kheda,Gujarat,Kheda,cell_centre_inside
65026,65,26,22.75,73.0,gujarat__kheda,Gujarat,Kheda,cell_centre_inside
65027,65,27,22.75,73.25,gujarat__kheda,Gujarat,Kheda,cell_centre_inside
65028,65,28,22.75,73.5,gujarat__panch_mahals,Gujarat,Panch Mahals,cell_centre_inside
65029,65,29,22.75,73.75,gujarat__panch_mahals,Gujarat,Panch Mahals,cell_centre_inside
65030,65,30,22.75,74.0,gujarat__dohad,Gujarat,Dohad,cell_centre_inside
65031,65,31,22.75,74.25,gujarat__dohad,Gujarat,Dohad,cell_centre_inside
65032,65,32,22.75,74.5,madhya_pradesh__jhabua,Madhya Pradesh,Jhabua,cell_centre_inside
65033,65,33,22.75,74.75,madhya_pradesh__jhabua,Madhya Pradesh,Jhabua,cell_centre_inside
65034,65,34,22.75,75.0,madhya_pradesh__dhar,Madhya Pradesh,Dhar,cell_centre_inside
65035,65,35,22.75,75.25,madhya_pradesh__dhar,Madhya Pradesh,Dhar,cell_centre_inside
65036,65,36,22.75,75.5,madhya_pradesh__indore,Madhya Pradesh,Indore,cell_centre_inside
65037,65,37,22.75,75.75,madhya_pradesh__indore,Madhya Pradesh,Indore,cell_centre_inside
65038,65,38,22.75,76.0,madhya_pradesh__indore,Madhya Pradesh,Indore,cell_centre_inside
65039,65,39,22.75,76.25,madhya_pradesh__dewas,Madhya Pradesh,Dewas,cell_centre_inside
65040,65,40,22.75,76.5,madhya_pradesh__dewas,Madhya Pradesh,Dewas,cell_centre_inside
65041,65,41,22.75,76.75,madhya_pradesh__dewas,Madhya Pradesh,Dewas,cell_centre_inside
65042,65,42,22.75,77.0,madhya_pradesh__dewas,Madhya Pradesh,Dewas,cell_centre_inside
65043,65,43,22.75,77.25,madhya_pradesh__sehore,Madhya Pradesh,Sehore,cell_centre_inside
65044,65,44,22.75,77.5,madhya_pradesh__sehore,Madhya Pradesh,Sehore,cell_centre_inside
65045,65,45,22.75,77.75,madhya_pradesh__hoshangabad,Madhya Pradesh,Hoshangabad,cell_centre_inside
65046,65,46,22.75,78.0,madhya_pradesh__hoshangabad,Madhya Pradesh,Hoshangabad,cell_centre_inside
65047,65,47,22.75,78.25,madhya_pradesh__hoshangabad,Madhya Pradesh,Hoshangabad,cell_centre_inside
65048,65,48,22.75,78.5,madhya_pradesh__hoshangabad,Madhya Pradesh,Hoshangabad,cell_centre_inside
65049,65,49,22.75,78.75,madhya_pradesh__narsimhapur,Madhya Pradesh,Narsimhapur,cell_centre_inside
65050,65,50,22.75,79.0,madhya_pradesh__narsimhapur,Madhya Pradesh,Narsimhapur,cell_centre_inside
65051,65,51,22.75,79.25,madhya_pradesh__narsimhapur,Madhya Pradesh,Narsimhapur,cell_centre_inside
65052,65,52,22.75,79.5,madhya_pradesh__narsimhapur,Madhya Pradesh,Narsimhapur,cell_centre_inside
65053,65,53,22.75,79.75,madhya_pradesh__seoni,Madhya Pradesh,Seoni,cell_centre_inside
65054,65,54,22.75,80.0,madhya_pradesh__seoni,Madhya Pradesh,Seoni,cell_centre_inside
65055,65,55,22.75,80.25,madhya_pradesh__seoni,Madhya Pradesh,Seoni,cell_centre_inside
65056,65,56,22.75,80.5,madhya_pradesh__mandla,Madhya Pradesh,Mandla,cell_centre_inside
65057,65,57,22.75,80.75,madhya_pradesh__mandla,Madhya Pradesh,Mandla,cell_centre_inside
65058,65,58,22.75,81.0,madhya_pradesh__dindori,Madhya Pradesh,Dindori,cell_centre_inside
65059,65,59,22.75,81.25,madhya_pradesh__dindori,Madhya Pradesh,Dindori,cell_centre_inside
65060,65,60,22.75,81.5,madhya_pradesh__dindori,Madhya Pradesh,Dindori,cell_centre_inside
65061,65,61,22.75,81.75,madhya_pradesh__anuppur,Madhya Pradesh,Anuppur,cell_centre_inside
65062,65,62,22.75,82.0,chhattisgarh__bilaspur,Chhattisgarh,Bilaspur,cell_centre_inside
65063,65,63,22.75,82.25,chhattisgarh__korba,Chhattisgarh,Korba,cell_centre_inside
65064,65,64,22.75,82.5,chhattisgarh__korba,Chhattisgarh,Korba,cell_centre_inside
65065,65,65,22.75,82.75,chhattisgarh__korba,Chhattisgarh,Korba,cell_centre_inside
65066,65,66,22.75,83.0,chhattisgarh__surguja,Chhattisgarh,Surguja,cell_centre_inside
65067,65,67,22.75,83.25,chhattisgarh__raigarh,Chhattisgarh,Raigarh,cell_centre_inside
65068,65,68,22.75,83.5,chhattisgarh__surguja,Chhattisgarh,Surguja,cell_centre_inside
65069,65,69,22.75,83.75,chhattisgarh__jashpur,Chhattisgarh,Jashpur,cell_centre_inside
65070,65,70,22.75,84.0,chhattisgarh__jashpur,Chhattisgarh,Jashpur,cell_centre_inside
65071,65,71,22.75,84.25,jharkhand__simdega,Jharkhand,Simdega,cell_centre_inside
65072,65,72,22.75,84.5,jharkhand__simdega,Jharkhand,Simdega,cell_centre_inside
65073,65,73,22.75,84.75,jharkhand__simdega,Jharkhand,Simdega,cell_centre_inside
65074,65,74,22.75,85.0,jharkhand__simdega,Jharkhand,Simdega,cell_centre_inside
65075,65,75,22.75,85.25,jharkhand__pashchimi_singhbhum,Jharkhand,Pashchimi Singhbhum,cell_centre_inside
65076,65,76,22.75,85.5,jharkhand__pashchimi_singhbhum,Jharkhand,Pashchimi Singhbhum,cell_centre_inside
65077,65,77,22.75,85.75,jharkhand__saraikela_kharsawan,Jharkhand,Saraikela-kharsawan,cell_centre_inside
65078,65,78,22.75,86.0,jharkhand__saraikela_kharsawan,Jharkhand,Saraikela-kharsawan,cell_centre_inside
65079,65,79,22.75,86.25,jharkhand__purbi_singhbhum,Jharkhand,Purbi Singhbhum,cell_centre_inside
65080,65,80,22.75,86.5,west_bengal__puruliya,West Bengal,Puruliya,cell_centre_inside
65081,65,81,22.75,86.75,west_bengal__bankura,West Bengal,Bankura,cell_centre_inside
65082,65,82,22.75,87.0,west_bengal__bankura,West Bengal,Bankura,cell_centre_inside
65083,65,83,22.75,87.25,west_bengal__pashchim_medinipur,West Bengal,Pashchim Medinipur,cell_centre_inside
65084,65,84,22.75,87.5,west_bengal__pashchim_medinipur,West Bengal,Pashchim Medinipur,cell_centre_inside
65085,65,85,22.75,87.75,west_bengal__hugli,West Bengal,Hugli,cell_centre_inside
65086,65,86,22.75,88.0,west_bengal__haora,West Bengal,Haora,cell_centre_inside
65087,65,87,22.75,88.25,west_bengal__hugli,West Bengal,Hugli,cell_centre_inside
65088,65,88,22.75,88.5,west_bengal__north_24_parganas,West Bengal,North 24 Parganas,cell_centre_inside
65089,65,89,22.75,88.75,west_bengal__north_24_parganas,West Bengal,North 24 Parganas,cell_centre_inside
65104,65,104,22.75,92.5,mizoram__lunglei,Mizoram,Lunglei,cell_centre_inside
65105,65,105,22.75,92.75,mizoram__lunglei,Mizoram,Lunglei,cell_centre_inside
65106,65,106,22.75,93.0,mizoram__saiha,Mizoram,Saiha,cell_centre_inside
66010,66,10,23.0,69.0,gujarat__kachchh,Gujarat,Kachchh,cell_centre_inside
66011,66,11,23.0,69.25,gujarat__kachchh,Gujarat,Kachchh,cell_centre_inside
66012,66,12,23.0,69.5,gujarat__kachchh,Gujarat,Kachchh,cell_centre_inside
66013,66,13,23.0,69.75,gujarat__kachchh,Gujarat,Kachchh,cell_centre_inside
66014,66,14,23.0,70.0,gujarat__kachchh,Gujarat,Kachchh,cell_centre_inside
66015,66,15,23.0,70.25,gujarat__kachchh,Gujarat,Kachchh,cell_centre_inside
66016,66,16,23.0,70.5,gujarat__kachchh,Gujarat,Kachchh,cell_centre_inside
66017,66,17,23.0,70.75,gujarat__rajkot,Gujarat,Rajkot,cell_centre_inside
66018,66,18,23.0,71.0,gujarat__surendranagar,Gujarat,Surendranagar,cell_centre_inside
66019,66,19,23.0,71.25,gujarat__surendranagar,Gujarat,Surendranagar,cell_centre_inside
66020,66,20,23.0,71.5,gujarat__surendranagar,Gujarat,Surendranagar,cell_centre_inside
66021,66,21,23.0,71.75,gujarat__surendranagar,Gujarat,Surendranagar,cell_centre_inside
66022,66,22,23.0,72.0,gujarat__surendranagar,Gujarat,Surendranagar,cell_centre_inside
66023,66,23,23.0,72.25,gujarat__ahmadabad,Gujarat,Ahmadabad,cell_centre_inside
66024,66,24,23.0,72.5,gujarat__ahmadabad,Gujarat,Ahmadabad,cell_centre_inside
66025,66,25,23.0,72.75,gujarat__ahmadabad,Gujarat,Ahmadabad,cell_centre_inside
66026,66,26,23.0,73.0,gujarat__kheda,Gujarat,Kheda,cell_centre_inside
66027,66,27,23.0,73.25,gujarat__kheda,Gujarat,Kheda,cell_centre_inside
66028,66,28,23.0,73.5,gujarat__panch_mahals,Gujarat,Panch Mahals,cell_centre_inside
66029,66,29,23.0,73.75,gujarat__panch_mahals,Gujarat,Panch Mahals,cell_centre_inside
66030,66,30,23.0,74.0,gujarat__dohad,Gujarat,Dohad,cell_centre_inside
66031,66,31,23.0,74.25,gujarat__dohad,Gujarat,Dohad,cell_centre_inside
66032,66,32,23.0,74.5,madhya_pradesh__jhabua,Madhya Pradesh,Jhabua,cell_centre_inside
66033,66,33,23.0,74.75,madhya_pradesh__jhabua,Madhya Pradesh,Jhabua,cell_centre_inside
66034,66,34,23.0,75.0,madhya_pradesh__jhabua,Madhya Pradesh,Jhabua,cell_centre_inside
66035,66,35,23.0,75.25,madhya_pradesh__dhar,Madhya Pradesh,Dhar,cell_centre_inside
66036,66,36,23.0,75.5,madhya_pradesh__indore,Madhya Pradesh,Indore,cell_centre_inside
66037,66,37,23.0,75.75,madhya_pradesh__indore,Madhya Pradesh,Indore,cell_centre_inside
66038,66,38,23.0,76.0,madhya_pradesh__dewas,Madhya Pradesh,Dewas,cell_centre_inside
66039,66,39,23.0,76.25,madhya_pradesh__dewas,Madhya Pradesh,Dewas,cell_centre_inside
66040,66,40,23.0,76.5,madhya_pradesh__sehore,Madhya Pradesh,Sehore,cell_centre_inside
66041,66,41,23.0,76.75,madhya_pradesh__sehore,Madhya Pradesh,Sehore,cell_centre_inside
66042,66,42,23.0,77.0,madhya_pradesh__sehore,Madhya Pradesh,Sehore,cell_centre_inside
66043,66,43,23.0,77.25,madhya_pradesh__sehore,Madhya Pradesh,Sehore,cell_centre_inside
66044,66,44,23.0,77.5,madhya_pradesh__raisen,Madhya Pradesh,Raisen,cell_centre_inside
66045,66,45,23.0,77.75,madhya_pradesh__raisen,Madhya Pradesh,Raisen,cell_centre_inside
66046,66,46,23.0,78.0,madhya_pradesh__raisen,Madhya Pradesh,Raisen,cell_centre_inside
66047,66,47,23.0,78.25,madhya_pradesh__raisen,Madhya Pradesh,Raisen,cell_centre_inside
66048,66,48,23.0,78.5,madhya_pradesh__narsimhapur,Madhya Pradesh,Narsimhapur,cell_centre_inside
66049,66,49,23.0,78.75,madhya_pradesh__narsimhapur,Madhya Pradesh,Narsimhapur,cell_centre_inside
66050,66,50,23.0,79.0,madhya_pradesh__narsimhapur,Madhya Pradesh,Narsimhapur,cell_centre_inside
66051,66,51,23.0,79.25,madhya_pradesh__narsimhapur,Madhya Pradesh,Narsimhapur,cell_centre_inside
66052,66,52,23.0,79.5,madhya_pradesh__narsimhapur,Madhya Pradesh,Narsimhapur,cell_centre_inside
66053,66,53,23.0,79.75,madhya_pradesh__jabalpur,Madhya Pradesh,Jabalpur,cell_centre_inside
66054,66,54,23.0,80.0,madhya_pradesh__mandla,Madhya Pradesh,Mandla,cell_centre_inside
66055,66,55,23.0,80.25,madhya_pradesh__mandla,Madhya Pradesh,Mandla,cell_centre_inside
66056,66,56,23.0,80.5,madhya_pradesh__mandla,Madhya Pradesh,Mandla,cell_centre_inside
66057,66,57,23.0,80.75,madhya_pradesh__dindori,Madhya Pradesh,Dindori,cell_centre_inside
66058,66,58,23.0,81.0,madhya_pradesh__dindori,Madhya Pradesh,Dindori,cell_centre_inside
66059,66,59,23.0,81.25,madhya_pradesh__anuppur,Madhya Pradesh,Anuppur,cell_centre_inside
66060,66,60,23.0,81.5,madhya_pradesh__anuppur,Madhya Pradesh,Anuppur,cell_centre_inside
66061,66,61,23.0,81.75,madhya_pradesh__anuppur,Madhya Pradesh,Anuppur,cell_centre_inside
66062,66,62,23.0,82.0,chhattisgarh__bilaspur,Chhattisgarh,Bilaspur,cell_centre_inside
66063,66,63,23.0,82.25,chhattisgarh__koriya,Chhattisgarh,Koriya,cell_centre_inside
66064,66,64,23.0,82.5,chhattisgarh__koriya,Chhattisgarh,Koriya,cell_centre_inside
66065,66,65,23.0,82.75,chhattisgarh__surguja,Chhattisgarh,Surguja,cell_centre_inside
66066,66,66,23.0,83.0,chhattisgarh__surguja,Chhattisgarh,Surguja,cell_centre_inside
66067,66,67,23.0,83.25,chhattisgarh__surguja,Chhattisgarh,Surguja,cell_centre_inside
66068,66,68,23.0,83.5,chhattisgarh__surguja,Chhattisgarh,Surguja,cell_centre_inside
66069,66,69,23.0,83.75,chhattisgarh__jashpur,Chhattisgarh,Jashpur,cell_centre_inside
66070,66,70,23.0,84.0,chhattisgarh__jashpur,Chhattisgarh,Jashpur,cell_centre_inside
66071,66,71,23.0,84.25,jharkhand__gumla,Jharkhand,Gumla,cell_centre_inside
66072,66,72,23.0,84.5,jharkhand__gumla,Jharkhand,Gumla,cell_centre_inside
66073,66,73,23.0,84.75,jharkhand__gumla,Jharkhand,Gumla,cell_centre_inside
66074,66,74,23.0,85.0,jharkhand__khunti,Jharkhand,Khunti,cell_centre_inside
66075,66,75,23.0,85.25,jharkhand__khunti,Jharkhand,Khunti,cell_centre_inside
66076,66,76,23.0,85.5,jharkhand__khunti,Jharkhand,Khunti,cell_centre_inside
66077,66,77,23.0,85.75,jharkhand__ranchi,Jharkhand,Ranchi,cell_centre_inside
66078,66,78,23.0,86.0,jharkhand__saraikela_kharsawan,Jharkhand,Saraikela-kharsawan,cell_centre_inside
66079,66,79,23.0,86.25,west_bengal__puruliya,West Bengal,Puruliya,cell_centre_inside
66080,66,80,23.0,86.5,west_bengal__puruliya,West Bengal,Puruliya,cell_centre_inside
66081,66,81,23.0,86.75,west_bengal__bankura,West Bengal,Bankura,cell_centre_inside
66082,66,82,23.0,87.0,west_bengal__bankura,West Bengal,Bankura,cell_centre_inside
66083,66,83,23.0,87.25,west_bengal__bankura,West Bengal,Bankura,cell_centre_inside
66084,66,84,23.0,87.5,west_bengal__bankura,West Bengal,Bankura,cell_centre_inside
66085,66,85,23.0,87.75,west_bengal__barddhaman,West Bengal,Barddhaman,cell_centre_inside
66086,66,86,23.0,88.0,west_bengal__barddhaman,West Bengal,Barddhaman,cell_centre_inside
66087,66,87,23.0,88.25,west_bengal__hugli,West Bengal,Hugli,cell_centre_inside
66088,66,88,23.0,88.5,west_bengal__nadia,West Bengal,Nadia,cell_centre_inside
66089,66,89,23.0,88.75,west_bengal__north_24_parganas,West Bengal,North 24 Parganas,cell_centre_inside
66104,66,104,23.0,92.5,mizoram__lunglei,Mizoram,Lunglei,cell_centre_inside
66105,66,105,23.0,92.75,mizoram__lunglei,Mizoram,Lunglei,cell_centre_inside
66106,66,106,23.0,93.0,mizoram__lunglei,Mizoram,Lunglei,cell_centre_inside
67009,67,9,23.25,68.75,gujarat__kachchh,Gujarat,Kachchh,cell_centre_inside
67010,67,10,23.25,69.0,gujarat__kachchh,Gujarat,Kachchh,cell_centre_inside
67011,67,11,23.25,69.25,gujarat__kachchh,Gujarat,Kachchh,cell_centre_inside
67012,67,12,23.25,69.5,gujarat__kachchh,Gujarat,Kachchh,cell_centre_inside
67013,67,13,23.25,69.75,gujarat__kachchh,Gujarat,Kachchh,cell_centre_inside
67014,67,14,23.25,70.0,gujarat__kachchh,Gujarat,Kachchh,cell_centre_inside
67015,67,15,23.25,70.25,gujarat__kachchh,Gujarat,Kachchh,cell_centre_inside
67016,67,16,23.25,70.5,gujarat__kachchh,Gujarat,Kachchh,cell_centre_inside
67017,67,17,23.25,70.75,gujarat__kachchh,Gujarat,Kachchh,cell_centre_inside
67018,67,18,23.25,71.0,gujarat__kachchh,Gujarat,Kachchh,cell_centre_inside
67019,67,19,23.25,71.25,gujarat__kachchh,Gujarat,Kachchh,cell_centre_inside
67020,67,20,23.25,71.5,gujarat__kachchh,Gujarat,Kachchh,cell_centre_inside
67021,67,21,23.25,71.75,gujarat__surendranagar,Gujarat,Surendranagar,cell_centre_inside
67022,67,22,23.25,72.0,gujarat__ahmadabad,Gujarat,Ahmadabad,cell_centre_inside
67023,67,23,23.25,72.25,gujarat__mahesana,Gujarat,Mahesana,cell_centre_inside
67024,67,24,23.25,72.5,gujarat__gandhinagar,Gujarat,Gandhinagar,cell_centre_inside
67025,67,25,23.25,72.75,gujarat__gandhinagar,Gujarat,Gandhinagar,cell_centre_inside
67026,67,26,23.25,73.0,gujarat__sabar_kantha,Gujarat,Sabar Kantha,cell_centre_inside
67027,67,27,23.25,73.25,gujarat__sabar_kantha,Gujarat,Sabar Kantha,cell_centre_inside
67028,67,28,23.25,73.5,gujarat__kheda,Gujarat,Kheda,cell_centre_inside
67029,67,29,23.25,73.75,gujarat__panch_mahals,Gujarat,Panch Mahals,cell_centre_inside
67030,67,30,23.25,74.0,gujarat__dohad,Gujarat,Dohad,cell_centre_inside
67031,67,31,23.25,74.25,rajasthan__banswara,Rajasthan,Banswara,cell_centre_inside
67032,67,32,23.25,74.5,rajasthan__banswara,Rajasthan,Banswara,cell_centre_inside
67033,67,33,23.25,74.75,madhya_pradesh__ratlam,Madhya Pradesh,Ratlam,cell_centre_inside
67034,67,34,23.25,75.0,madhya_pradesh__ratlam,Madhya Pradesh,Ratlam,cell_centre_inside
67035,67,35,23.25,75.25,madhya_pradesh__ratlam,Madhya Pradesh,Ratlam,cell_centre_inside
67036,67,36,23.25,75.5,madhya_pradesh__ujjain,Madhya Pradesh,Ujjain,cell_centre_inside
67037,67,37,23.25,75.75,madhya_pradesh__ujjain,Madhya Pradesh,Ujjain,cell_centre_inside
67038,67,38,23.25,76.0,madhya_pradesh__ujjain,Madhya Pradesh,Ujjain,cell_centre_inside
67039,67,39,23.25,76.25,madhya_pradesh__shajapur,Madhya Pradesh,Shajapur,cell_centre_inside
67040,67,40,23.25,76.5,madhya_pradesh__shajapur,Madhya Pradesh,Shajapur,cell_centre_inside
67041,67,41,23.25,76.75,madhya_pradesh__shajapur,Madhya Pradesh,Shajapur,cell_centre_inside
67042,67,42,23.25,77.0,madhya_pradesh__sehore,Madhya Pradesh,Sehore,cell_centre_inside
67043,67,43,23.25,77.25,madhya_pradesh__bhopal,Madhya Pradesh,Bhopal,cell_centre_inside
67044,67,44,23.25,77.5,madhya_pradesh__bhopal,Madhya Pradesh,Bhopal,cell_centre_inside
67045,67,45,23.25,77.75,madhya_pradesh__raisen,Madhya Pradesh,Raisen,cell_centre_inside
67046,67,46,23.25,78.0,madhya_pradesh__raisen,Madhya Pradesh,Raisen,cell_centre_inside
67047,67,47,23.25,78.25,madhya_pradesh__raisen,Madhya Pradesh,Raisen,cell_centre_inside
67048,67,48,23.25,78.5,madhya_pradesh__raisen,Madhya Pradesh,Raisen,cell_centre_inside
67049,67,49,23.25,78.75,madhya_pradesh__raisen,Madhya Pradesh,Raisen,cell_centre_inside
67050,67,50,23.25,79.0,madhya_pradesh__sagar,Madhya Pradesh,Sagar,cell_centre_inside
67051,67,51,23.25,79.25,madhya_pradesh__damoh,Madhya Pradesh,Damoh,cell_centre_inside
67052,67,52,23.25,79.5,madhya_pradesh__jabalpur,Madhya Pradesh,Jabalpur,cell_centre_inside
67053,67,53,23.25,79.75,madhya_pradesh__jabalpur,Madhya Pradesh,Jabalpur,cell_centre_inside
67054,67,54,23.25,80.0,madhya_pradesh__jabalpur,Madhya Pradesh,Jabalpur,cell_centre_inside
67055,67,55,23.25,80.25,madhya_pradesh__jabalpur,Madhya Pradesh,Jabalpur,cell_centre_inside
67056,67,56,23.25,80.5,madhya_pradesh__jabalpur,Madhya Pradesh,Jabalpur,cell_centre_inside
67057,67,57,23.25,80.75,madhya_pradesh__umaria,Madhya Pradesh,Umaria,cell_centre_inside
67058,67,58,23.25,81.0,madhya_pradesh__umaria,Madhya Pradesh,Umaria,cell_centre_inside
67059,67,59,23.25,81.25,madhya_pradesh__umaria,Madhya Pradesh,Umaria,cell_centre_inside
67060,67,60,23.25,81.5,madhya_pradesh__shahdol,Madhya Pradesh,Shahdol,cell_centre_inside
67061,67,61,23.25,81.75,madhya_pradesh__shahdol,Madhya Pradesh,Shahdol,cell_centre_inside
67062,67,62,23.25,82.0,madhya_pradesh__anuppur,Madhya Pradesh,Anuppur,cell_centre_inside
67063,67,63,23.25,82.25,chhattisgarh__koriya,Chhattisgarh,Koriya,cell_centre_inside
67064,67,64,23.25,82.5,chhattisgarh__koriya,Chhattisgarh,Koriya,cell_centre_inside
67065,67,65,23.25,82.75,chhattisgarh__koriya,Chhattisgarh,Koriya,cell_centre_inside
67066,67,66,23.25,83.0,chhattisgarh__surguja,Chhattisgarh,Surguja,cell_centre_inside
67067,67,67,23.25,83.25,chhattisgarh__surguja,Chhattisgarh,Surguja,cell_centre_inside
67068,67,68,23.25,83.5,chhattisgarh__surguja,Chhattisgarh,Surguja,cell_centre_inside
67069,67,69,23.25,83.75,chhattisgarh__surguja,Chhattisgarh,Surguja,cell_centre_inside
67070,67,70,23.25,84.0,chhattisgarh__surguja,Chhattisgarh,Surguja,cell_centre_inside
67071,67,71,23.25,84.25,jharkhand__gumla,Jharkhand,Gumla,cell_centre_inside
67072,67,72,23.25,84.5,jharkhand__gumla,Jharkhand,Gumla,cell_centre_inside
67073,67,73,23.25,84.75,jharkhand__gumla,Jharkhand,Gumla,cell_centre_inside
67074,67,74,23.25,85.0,jharkhand__ranchi,Jharkhand,Ranchi,cell_centre_inside
67075,67,75,23.25,85.25,jharkhand__ranchi,Jharkhand,Ranchi,cell_centre_inside
67076,67,76,23.25,85.5,jharkhand__ranchi,Jharkhand,Ranchi,cell_centre_inside
67077,67,77,23.25,85.75,jharkhand__ranchi,Jharkhand,Ranchi,cell_centre_inside
67078,67,78,23.25,86.0,west_bengal__puruliya,West Bengal,Puruliya,cell_centre_inside
67079,67,79,23.25,86.25,west_bengal__puruliya,West Bengal,Puruliya,cell_centre_inside
67080,67,80,23.25,86.5,west_bengal__puruliya,West Bengal,Puruliya,cell_centre_inside
67081,67,81,23.25,86.75,west_bengal__puruliya,West Bengal,Puruliya,cell_centre_inside
67082,67,82,23.25,87.0,west_bengal__bankura,West Bengal,Bankura,cell_centre_inside
67083,67,83,23.25,87.25,west_bengal__bankura,West Bengal,Bankura,cell_centre_inside
67084,67,84,23.25,87.5,west_bengal__bankura,West Bengal,Bankura,cell_centre_inside
67085,67,85,23.25,87.75,west_bengal__barddhaman,West Bengal,Barddhaman,cell_centre_inside
67086,67,86,23.25,88.0,west_bengal__barddhaman,West Bengal,Barddhaman,cell_centre_inside
67087,67,87,23.25,88.25,west_bengal__barddhaman,West Bengal,Barddhaman,cell_centre_inside
67088,67,88,23.25,88.5,west_bengal__nadia,West Bengal,Nadia,cell_centre_inside
67100,67,100,23.25,91.5,tripura__south_tripura,Tripura,South Tripura,cell_centre_inside
67101,67,101,23.25,91.75,tripura__south_tripura,Tripura,South Tripura,cell_centre_inside
67104,67,104,23.25,92.5,mizoram__lunglei,Mizoram,Lunglei,cell_centre_inside
67105,67,105,23.25,92.75,mizoram__serchhip,Mizoram,Serchhip,cell_centre_inside
67106,67,106,23.25,93.0,mizoram__serchhip,Mizoram,Serchhip,cell_centre_inside
67107,67,107,23.25,93.25,mizoram__champhai,Mizoram,Champhai,cell_centre_inside
68008,68,8,23.5,68.5,gujarat__kachchh,Gujarat,Kachchh,cell_centre_inside
68009,68,9,23.5,68.75,gujarat__kachchh,Gujarat,Kachchh,cell_centre_inside
68010,68,10,23.5,69.0,gujarat__kachchh,Gujarat,Kachchh,cell_centre_inside
68011,68,11,23.5,69.25,gujarat__kachchh,Gujarat,Kachchh,cell_centre_inside
68012,68,12,23.5,69.5,gujarat__kachchh,Gujarat,Kachchh,cell_centre_inside
68013,68,13,23.5,69.75,gujarat__kachchh,Gujarat,Kachchh,cell_centre_inside
68014,68,14,23.5,70.0,gujarat__kachchh,Gujarat,Kachchh,cell_centre_inside
68015,68,15,23.5,70.25,gujarat__kachchh,Gujarat,Kachchh,cell_centre_inside
68016,68,16,23.5,70.5,gujarat__kachchh,Gujarat,Kachchh,cell_centre_inside
68017,68,17,23.5,70.75,gujarat__kachchh,Gujarat,Kachchh,cell_centre_inside
68018,68,18,23.5,71.0,gujarat__kachchh,Gujarat,Kachchh,cell_centre_inside
68019,68,19,23.5,71.25,gujarat__kachchh,Gujarat,Kachchh,cell_centre_inside
68020,68,20,23.5,71.5,gujarat__kachchh,Gujarat,Kachchh,cell_centre_inside
68021,68,21,23.5,71.75,gujarat__patan,Gujarat,Patan,cell_centre_inside
68022,68,22,23.5,72.0,gujarat__ahmadabad,Gujarat,Ahmadabad,cell_centre_inside
68023,68,23,23.5,72.25,gujarat__mahesana,Gujarat,Mahesana,cell_centre_inside
68024,68,24,23.5,72.5,gujarat__mahesana,Gujarat,Mahesana,cell_centre_inside
68025,68,25,23.5,72.75,gujarat__gandhinagar,Gujarat,Gandhinagar,cell_centre_inside
68026,68,26,23.5,73.0,gujarat__sabar_kantha,Gujarat,Sabar Kantha,cell_centre_inside
68027,68,27,23.5,73.25,gujarat__sabar_kantha,Gujarat,Sabar Kantha,cell_centre_inside
68028,68,28,23.5,73.5,gujarat__sabar_kantha,Gujarat,Sabar Kantha,cell_centre_inside
68029,68,29,23.5,73.75,rajasthan__dungarpur,Rajasthan,Dungarpur,cell_centre_inside
68030,68,30,23.5,74.0,rajasthan__dungarpur,Rajasthan,Dungarpur,cell_centre_inside
68031,68,31,23.5,74.25,rajasthan__banswara,Rajasthan,Banswara,cell_centre_inside
68032,68,32,23.5,74.5,rajasthan__banswara,Rajasthan,Banswara,cell_centre_inside
68033,68,33,23.5,74.75,madhya_pradesh__ratlam,Madhya Pradesh,Ratlam,cell_centre_inside
68034,68,34,23.5,75.0,madhya_pradesh__ratlam,Madhya Pradesh,Ratlam,cell_centre_inside
68035,68,35,23.5,75.25,madhya_pradesh__ujjain,Madhya Pradesh,Ujjain,cell_centre_inside
68036,68,36,23.5,75.5,madhya_pradesh__ujjain,Madhya Pradesh,Ujjain,cell_centre_inside
68037,68,37,23.5,75.75,madhya_pradesh__ujjain,Madhya Pradesh,Ujjain,cell_centre_inside
68038,68,38,23.5,76.0,madhya_pradesh__ujjain,Madhya Pradesh,Ujjain,cell_centre_inside
68039,68,39,23.5,76.25,madhya_pradesh__shajapur,Madhya Pradesh,Shajapur,cell_centre_inside
68040,68,40,23.5,76.5,madhya_pradesh__shajapur,Madhya Pradesh,Shajapur,cell_centre_inside
68041,68,41,23.5,76.75,madhya_pradesh__rajgarh,Madhya Pradesh,Rajgarh,cell_centre_inside
68042,68,42,23.5,77.0,madhya_pradesh__rajgarh,Madhya Pradesh,Rajgarh,cell_centre_inside
68043,68,43,23.5,77.25,madhya_pradesh__sehore,Madhya Pradesh,Sehore,cell_centre_inside
68044,68,44,23.5,77.5,madhya_pradesh__bhopal,Madhya Pradesh,Bhopal,cell_centre_inside
68045,68,45,23.5,77.75,madhya_pradesh__raisen,Madhya Pradesh,Raisen,cell_centre_inside
68046,68,46,23.5,78.0,madhya_pradesh__vidisha,Madhya Pradesh,Vidisha,cell_centre_inside
68047,68,47,23.5,78.25,madhya_pradesh__raisen,Madhya Pradesh,Raisen,cell_centre_inside
68048,68,48,23.5,78.5,madhya_pradesh__raisen,Madhya Pradesh,Raisen,cell_centre_inside
68049,68,49,23.5,78.75,madhya_pradesh__sagar,Madhya Pradesh,Sagar,cell_centre_inside
68050,68,50,23.5,79.0,madhya_pradesh__sagar,Madhya Pradesh,Sagar,cell_centre_inside
68051,68,51,23.5,79.25,madhya_pradesh__sagar,Madhya Pradesh,Sagar,cell_centre_inside
68052,68,52,23.5,79.5,madhya_pradesh__damoh,Madhya Pradesh,Damoh,cell_centre_inside
68053,68,53,23.5,79.75,madhya_pradesh__damoh,Madhya Pradesh,Damoh,cell_centre_inside
68054,68,54,23.5,80.0,madhya_pradesh__jabalpur,Madhya Pradesh,Jabalpur,cell_centre_inside
68055,68,55,23.5,80.25,madhya_pradesh__katni,Madhya Pradesh,Katni,cell_centre_inside
68056,68,56,23.5,80.5,madhya_pradesh__katni,Madhya Pradesh,Katni,cell_centre_inside
68057,68,57,23.5,80.75,madhya_pradesh__umaria,Madhya Pradesh,Umaria,cell_centre_inside
68058,68,58,23.5,81.0,madhya_pradesh__umaria,Madhya Pradesh,Umaria,cell_centre_inside
68059,68,59,23.5,81.25,madhya_pradesh__umaria,Madhya Pradesh,Umaria,cell_centre_inside
68060,68,60,23.5,81.5,madhya_pradesh__shahdol,Madhya Pradesh,Shahdol,cell_centre_inside
68061,68,61,23.5,81.75,madhya_pradesh__shahdol,Madhya Pradesh,Shahdol,cell_centre_inside
68062,68,62,23.5,82.0,chhattisgarh__koriya,Chhattisgarh,Koriya,cell_centre_inside
68063,68,63,23.5,82.25,chhattisgarh__koriya,Chhattisgarh,Koriya,cell_centre_inside
68064,68,64,23.5,82.5,chhattisgarh__koriya,Chhattisgarh,Koriya,cell_centre_inside
68065,68,65,23.5,82.75,chhattisgarh__surguja,Chhattisgarh,Surguja,cell_centre_inside
68066,68,66,23.5,83.0,chhattisgarh__surguja,Chhattisgarh,Surguja,cell_centre_inside
68067,68,67,23.5,83.25,chhattisgarh__surguja,Chhattisgarh,Surguja,cell_centre_inside
68068,68,68,23.5,83.5,chhattisgarh__surguja,Chhattisgarh,Surguja,cell_centre_inside
68069,68,69,23.5,83.75,chhattisgarh__surguja,Chhattisgarh,Surguja,cell_centre_inside
68070,68,70,23.5,84.0,chhattisgarh__surguja,Chhattisgarh,Surguja,cell_centre_inside
68071,68,71,23.5,84.25,jharkhand__latehar,Jharkhand,Latehar,cell_centre_inside
68072,68,72,23.5,84.5,jharkhand__lohardaga,Jharkhand,Lohardaga,cell_centre_inside
68073,68,73,23.5,84.75,jharkhand__lohardaga,Jharkhand,Lohardaga,cell_centre_inside
68074,68,74,23.5,85.0,jharkhand__ranchi,Jharkhand,Ranchi,cell_centre_inside
68075,68,75,23.5,85.25,jharkhand__ranchi,Jharkhand,Ranchi,cell_centre_inside
68076,68,76,23.5,85.5,jharkhand__ranchi,Jharkhand,Ranchi,cell_centre_inside
68077,68,77,23.5,85.75,jharkhand__ramgarh,Jharkhand,Ramgarh,cell_centre_inside
68078,68,78,23.5,86.0,jharkhand__bokaro,Jharkhand,Bokaro,cell_centre_inside
68079,68,79,23.5,86.25,jharkhand__bokaro,Jharkhand,Bokaro,cell_centre_inside
68080,68,80,23.5,86.5,west_bengal__puruliya,West Bengal,Puruliya,cell_centre_inside
68081,68,81,23.5,86.75,west_bengal__puruliya,West Bengal,Puruliya,cell_centre_inside
68082,68,82,23.5,87.0,west_bengal__bankura,West Bengal,Bankura,cell_centre_inside
68083,68,83,23.5,87.25,west_bengal__bankura,West Bengal,Bankura,cell_centre_inside
68084,68,84,23.5,87.5,west_bengal__barddhaman,West Bengal,Barddhaman,cell_centre_inside
68085,68,85,23.5,87.75,west_bengal__barddhaman,West Bengal,Barddhaman,cell_centre_inside
68086,68,86,23.5,88.0,west_bengal__barddhaman,West Bengal,Barddhaman,cell_centre_inside
68087,68,87,23.5,88.25,west_bengal__barddhaman,West Bengal,Barddhaman,cell_centre_inside
68088,68,88,23.5,88.5,west_bengal__nadia,West Bengal,Nadia,cell_centre_inside
68099,68,99,23.5,91.25,tripura__west_tripura,Tripura,West Tripura,cell_centre_inside
68100,68,100,23.5,91.5,tripura__south_tripura,Tripura,South Tripura,cell_centre_inside
68101,68,101,23.5,91.75,tripura__south_tripura,Tripura,South Tripura,cell_centre_inside
68104,68,104,23.5,92.5,mizoram__mamit,Mizoram,Mamit,cell_centre_inside
68105,68,105,23.5,92.75,mizoram__aizawl,Mizoram,Aizawl,cell_centre_inside
68106,68,106,23.5,93.0,mizoram__aizawl,Mizoram,Aizawl,cell_centre_inside
68107,68,107,23.5,93.25,mizoram__champhai,Mizoram,Champhai,cell_centre_inside
69007,69,7,23.75,68.25,gujarat__kachchh,Gujarat,Kachchh,cell_centre_inside
69008,69,8,23.75,68.5,gujarat__kachchh,Gujarat,Kachchh,cell_centre_inside
69009,69,9,23.75,68.75,gujarat__kachchh,Gujarat,Kachchh,cell_centre_inside
69010,69,10,23.75,69.0,gujarat__kachchh,Gujarat,Kachchh,cell_centre_inside
69011,69,11,23.75,69.25,gujarat__kachchh,Gujarat,Kachchh,cell_centre_inside
69012,69,12,23.75,69.5,gujarat__kachchh,Gujarat,Kachchh,cell_centre_inside
69013,69,13,23.75,69.75,gujarat__kachchh,Gujarat,Kachchh,cell_centre_inside
69014,69,14,23.75,70.0,gujarat__kachchh,Gujarat,Kachchh,cell_centre_inside
69015,69,15,23.75,70.25,gujarat__kachchh,Gujarat,Kachchh,cell_centre_inside
69016,69,16,23.75,70.5,gujarat__kachchh,Gujarat,Kachchh,cell_centre_inside
69017,69,17,23.75,70.75,gujarat__kachchh,Gujarat,Kachchh,cell_centre_inside
69018,69,18,23.75,71.0,gujarat__kachchh,Gujarat,Kachchh,cell_centre_inside
69019,69,19,23.75,71.25,gujarat__patan,Gujarat,Patan,cell_centre_inside
69020,69,20,23.75,71.5,gujarat__patan,Gujarat,Patan,cell_centre_inside
69021,69,21,23.75,71.75,gujarat__patan,Gujarat,Patan,cell_centre_inside
69022,69,22,23.75,72.0,gujarat__patan,Gujarat,Patan,cell_centre_inside
69023,69,23,23.75,72.25,gujarat__patan,Gujarat,Patan,cell_centre_inside
69024,69,24,23.75,72.5,gujarat__mahesana,Gujarat,Mahesana,cell_centre_inside
69025,69,25,23.75,72.75,gujarat__mahesana,Gujarat,Mahesana,cell_centre_inside
69026,69,26,23.75,73.0,gujarat__sabar_kantha,Gujarat,Sabar Kantha,cell_centre_inside
69027,69,27,23.75,73.25,gujarat__sabar_kantha,Gujarat,Sabar Kantha,cell_centre_inside
69028,69,28,23.75,73.5,rajasthan__dungarpur,Rajasthan,Dungarpur,cell_centre_inside
69029,69,29,23.75,73.75,rajasthan__dungarpur,Rajasthan,Dungarpur,cell_centre_inside
69030,69,30,23.75,74.0,rajasthan__dungarpur,Rajasthan,Dungarpur,cell_centre_inside
69031,69,31,23.75,74.25,rajasthan__banswara,Rajasthan,Banswara,cell_centre_inside
69032,69,32,23.75,74.5,rajasthan__banswara,Rajasthan,Banswara,cell_centre_inside
69033,69,33,23.75,74.75,rajasthan__pratapgarh,Rajasthan,Pratapgarh,cell_centre_inside
69034,69,34,23.75,75.0,madhya_pradesh__ratlam,Madhya Pradesh,Ratlam,cell_centre_inside
69035,69,35,23.75,75.25,madhya_pradesh__ratlam,Madhya Pradesh,Ratlam,cell_centre_inside
69036,69,36,23.75,75.5,madhya_pradesh__ratlam,Madhya Pradesh,Ratlam,cell_centre_inside
69037,69,37,23.75,75.75,madhya_pradesh__shajapur,Madhya Pradesh,Shajapur,cell_centre_inside
69038,69,38,23.75,76.0,madhya_pradesh__shajapur,Madhya Pradesh,Shajapur,cell_centre_inside
69039,69,39,23.75,76.25,madhya_pradesh__shajapur,Madhya Pradesh,Shajapur,cell_centre_inside
69040,69,40,23.75,76.5,madhya_pradesh__rajgarh,Madhya Pradesh,Rajgarh,cell_centre_inside
69041,69,41,23.75,76.75,madhya_pradesh__rajgarh,Madhya Pradesh,Rajgarh,cell_centre_inside
69042,69,42,23.75,77.0,madhya_pradesh__rajgarh,Madhya Pradesh,Rajgarh,cell_centre_inside
69043,69,43,23.75,77.25,madhya_pradesh__bhopal,Madhya Pradesh,Bhopal,cell_centre_inside
69044,69,44,23.75,77.5,madhya_pradesh__bhopal,Madhya Pradesh,Bhopal,cell_centre_inside
69045,69,45,23.75,77.75,madhya_pradesh__vidisha,Madhya Pradesh,Vidisha,cell_centre_inside
69046,69,46,23.75,78.0,madhya_pradesh__vidisha,Madhya Pradesh,Vidisha,cell_centre_inside
69047,69,47,23.75,78.25,madhya_pradesh__vidisha,Madhya Pradesh,Vidisha,cell_centre_inside
69048,69,48,23.75,78.5,madhya_pradesh__sagar,Madhya Pradesh,Sagar,cell_centre_inside
69049,69,49,23.75,78.75,madhya_pradesh__sagar,Madhya Pradesh,Sagar,cell_centre_inside
69050,69,50,23.75,79.0,madhya_pradesh__sagar,Madhya Pradesh,Sagar,cell_centre_inside
69051,69,51,23.75,79.25,madhya_pradesh__sagar,Madhya Pradesh,Sagar,cell_centre_inside
69052,69,52,23.75,79.5,madhya_pradesh__damoh,Madhya Pradesh,Damoh,cell_centre_inside
69053,69,53,23.75,79.75,madhya_pradesh__damoh,Madhya Pradesh,Damoh,cell_centre_inside
69054,69,54,23.75,80.0,madhya_pradesh__katni,Madhya Pradesh,Katni,cell_centre_inside
69055,69,55,23.75,80.25,madhya_pradesh__katni,Madhya Pradesh,Katni,cell_centre_inside
69056,69,56,23.75,80.5,madhya_pradesh__katni,Madhya Pradesh,Katni,cell_centre_inside
69057,69,57,23.75,80.75,madhya_pradesh__katni,Madhya Pradesh,Katni,cell_centre_inside
69058,69,58,23.75,81.0,madhya_pradesh__umaria,Madhya Pradesh,Umaria,cell_centre_inside
69059,69,59,23.75,81.25,madhya_pradesh__shahdol,Madhya Pradesh,Shahdol,cell_centre_inside
69060,69,60,23.75,81.5,madhya_pradesh__shahdol,Madhya Pradesh,Shahdol,cell_centre_inside
69061,69,61,23.75,81.75,chhattisgarh__koriya,Chhattisgarh,Koriya,cell_centre_inside
69062,69,62,23.75,82.0,chhattisgarh__koriya,Chhattisgarh,Koriya,cell_centre_inside
69063,69,63,23.75,82.25,chhattisgarh__koriya,Chhattisgarh,Koriya,cell_centre_inside
69064,69,64,23.75,82.5,chhattisgarh__koriya,Chhattisgarh,Koriya,cell_centre_inside
69065,69,65,23.75,82.75,chhattisgarh__surguja,Chhattisgarh,Surguja,cell_centre_inside
69066,69,66,23.75,83.0,chhattisgarh__surguja,Chhattisgarh,Surguja,cell_centre_inside
69067,69,67,23.75,83.25,chhattisgarh__surguja,Chhattisgarh,Surguja,cell_centre_inside
69068,69,68,23.75,83.5,chhattisgarh__surguja,Chhattisgarh,Surguja,cell_centre_inside
69069,69,69,23.75,83.75,jharkhand__garhwa,Jharkhand,Garhwa,cell_centre_inside
69070,69,70,23.75,84.0,jharkhand__garhwa,Jharkhand,Garhwa,cell_centre_inside
69071,69,71,23.75,84.25,jharkhand__latehar,Jharkhand,Latehar,cell_centre_inside
69072,69,72,23.75,84.5,jharkhand__latehar,Jharkhand,Latehar,cell_centre_inside
69073,69,73,23.75,84.75,jharkhand__latehar,Jharkhand,Latehar,cell_centre_inside
69074,69,74,23.75,85.0,jharkhand__chatra,Jharkhand,Chatra,cell_centre_inside
69075,69,75,23.75,85.25,jharkhand__hazaribagh,Jharkhand,Hazaribagh,cell_centre_inside
69076,69,76,23.75,85.5,jharkhand__ramgarh,Jharkhand,Ramgarh,cell_centre_inside
69077,69,77,23.75,85.75,jharkhand__bokaro,Jharkhand,Bokaro,cell_centre_inside
69078,69,78,23.75,86.0,jharkhand__bokaro,Jharkhand,Bokaro,cell_centre_inside
69079,69,79,23.75,86.25,jharkhand__dhanbad,Jharkhand,Dhanbad,cell_centre_inside
69080,69,80,23.75,86.5,jharkhand__dhanbad,Jharkhand,Dhanbad,cell_centre_inside
69081,69,81,23.75,86.75,jharkhand__dhanbad,Jharkhand,Dhanbad,cell_centre_inside
69082,69,82,23.75,87.0,west_bengal__barddhaman,West Bengal,Barddhaman,cell_centre_inside
69083,69,83,23.75,87.25,west_bengal__birbhum,West Bengal,Birbhum,cell_centre_inside
69084,69,84,23.75,87.5,west_bengal__birbhum,West Bengal,Birbhum,cell_centre_inside
69085,69,85,23.75,87.75,west_bengal__birbhum,West Bengal,Birbhum,cell_centre_inside
69086,69,86,23.75,88.0,west_bengal__barddhaman,West Bengal,Barddhaman,cell_centre_inside
69087,69,87,23.75,88.25,west_bengal__nadia,West Bengal,Nadia,cell_centre_inside
69088,69,88,23.75,88.5,west_bengal__nadia,West Bengal,Nadia,cell_centre_inside
69099,69,99,23.75,91.25,tripura__west_tripura,Tripura,West Tripura,cell_centre_inside
69100,69,100,23.75,91.5,tripura__west_tripura,Tripura,West Tripura,cell_centre_inside
69101,69,101,23.75,91.75,tripura__west_tripura,Tripura,West Tripura,cell_centre_inside
69102,69,102,23.75,92.0,tripura__dhalai,Tripura,Dhalai,cell_centre_inside
69103,69,103,23.75,92.25,tripura__north_tripura,Tripura,North Tripura,cell_centre_inside
69104,69,104,23.75,92.5,mizoram__mamit,Mizoram,Mamit,cell_centre_inside
69105,69,105,23.75,92.75,mizoram__aizawl,Mizoram,Aizawl,cell_centre_inside
69106,69,106,23.75,93.0,mizoram__aizawl,Mizoram,Aizawl,cell_centre_inside
69107,69,107,23.75,93.25,mizoram__champhai,Mizoram,Champhai,cell_centre_inside
70010,70,10,24.0,69.0,gujarat__kachchh,Gujarat,Kachchh,cell_centre_inside
70011,70,11,24.0,69.25,gujarat__kachchh,Gujarat,Kachchh,cell_centre_inside
70012,70,12,24.0,69.5,gujarat__kachchh,Gujarat,Kachchh,cell_centre_inside
70013,70,13,24.0,69.75,gujarat__kachchh,Gujarat,Kachchh,cell_centre_inside
70014,70,14,24.0,70.0,gujarat__kachchh,Gujarat,Kachchh,cell_centre_inside
70015,70,15,24.0,70.25,gujarat__kachchh,Gujarat,Kachchh,cell_centre_inside
70016,70,16,24.0,70.5,gujarat__kachchh,Gujarat,Kachchh,cell_centre_inside
70017,70,17,24.0,70.75,gujarat__kachchh,Gujarat,Kachchh,cell_centre_inside
70018,70,18,24.0,71.0,gujarat__kachchh,Gujarat,Kachchh,cell_centre_inside
70019,70,19,24.0,71.25,gujarat__kachchh,Gujarat,Kachchh,cell_centre_inside
70020,70,20,24.0,71.5,gujarat__banas_kantha,Gujarat,Banas Kantha,cell_centre_inside
70021,70,21,24.0,71.75,gujarat__banas_kantha,Gujarat,Banas Kantha,cell_centre_inside
70022,70,22,24.0,72.0,gujarat__banas_kantha,Gujarat,Banas Kantha,cell_centre_inside
70023,70,23,24.0,72.25,gujarat__patan,Gujarat,Patan,cell_centre_inside
70024,70,24,24.0,72.5,gujarat__banas_kantha,Gujarat,Banas Kantha,cell_centre_inside
70025,70,25,24.0,72.75,gujarat__mahesana,Gujarat,Mahesana,cell_centre_inside
70026,70,26,24.0,73.0,gujarat__sabar_kantha,Gujarat,Sabar Kantha,cell_centre_inside
70027,70,27,24.0,73.25,gujarat__sabar_kantha,Gujarat,Sabar Kantha,cell_centre_inside
70028,70,28,24.0,73.5,rajasthan__udaipur,Rajasthan,Udaipur,cell_centre_inside
70029,70,29,24.0,73.75,rajasthan__udaipur,Rajasthan,Udaipur,cell_centre_inside
70030,70,30,24.0,74.0,rajasthan__udaipur,Rajasthan,Udaipur,cell_centre_inside
70031,70,31,24.0,74.25,rajasthan__udaipur,Rajasthan,Udaipur,cell_centre_inside
70032,70,32,24.0,74.5,rajasthan__pratapgarh,Rajasthan,Pratapgarh,cell_centre_inside
70033,70,33,24.0,74.75,rajasthan__pratapgarh,Rajasthan,Pratapgarh,cell_centre_inside
70034,70,34,24.0,75.0,madhya_pradesh__mandsaur,Madhya Pradesh,Mandsaur,cell_centre_inside
70035,70,35,24.0,75.25,madhya_pradesh__mandsaur,Madhya Pradesh,Mandsaur,cell_centre_inside
70036,70,36,24.0,75.5,rajasthan__jhalawar,Rajasthan,Jhalawar,cell_centre_inside
70037,70,37,24.0,75.75,madhya_pradesh__mandsaur,Madhya Pradesh,Mandsaur,cell_centre_inside
70038,70,38,24.0,76.0,madhya_pradesh__shajapur,Madhya Pradesh,Shajapur,cell_centre_inside
70039,70,39,24.0,76.25,madhya_pradesh__shajapur,Madhya Pradesh,Shajapur,cell_centre_inside
70040,70,40,24.0,76.5,madhya_pradesh__rajgarh,Madhya Pradesh,Rajgarh,cell_centre_inside
70041,70,41,24.0,76.75,madhya_pradesh__rajgarh,Madhya Pradesh,Rajgarh,cell_centre_inside
70042,70,42,24.0,77.0,madhya_pradesh__rajgarh,Madhya Pradesh,Rajgarh,cell_centre_inside
70043,70,43,24.0,77.25,madhya_pradesh__guna,Madhya Pradesh,Guna,cell_centre_inside
70044,70,44,24.0,77.5,madhya_pradesh__vidisha,Madhya Pradesh,Vidisha,cell_centre_inside
70045,70,45,24.0,77.75,madhya_pradesh__vidisha,Madhya Pradesh,Vidisha,cell_centre_inside
70046,70,46,24.0,78.0,madhya_pradesh__vidisha,Madhya Pradesh,Vidisha,cell_centre_inside
70047,70,47,24.0,78.25,madhya_pradesh__vidisha,Madhya Pradesh,Vidisha,cell_centre_inside
70048,70,48,24.0,78.5,madhya_pradesh__sagar,Madhya Pradesh,Sagar,cell_centre_inside
70049,70,49,24.0,78.75,madhya_pradesh__sagar,Madhya Pradesh,Sagar,cell_centre_inside
70050,70,50,24.0,79.0,madhya_pradesh__sagar,Madhya Pradesh,Sagar,cell_centre_inside
70051,70,51,24.0,79.25,madhya_pradesh__damoh,Madhya Pradesh,Damoh,cell_centre_inside
70052,70,52,24.0,79.5,madhya_pradesh__damoh,Madhya Pradesh,Damoh,cell_centre_inside
70053,70,53,24.0,79.75,madhya_pradesh__damoh,Madhya Pradesh,Damoh,cell_centre_inside
70054,70,54,24.0,80.0,madhya_pradesh__panna,Madhya Pradesh,Panna,cell_centre_inside
70055,70,55,24.0,80.25,madhya_pradesh__panna,Madhya Pradesh,Panna,cell_centre_inside
70056,70,56,24.0,80.5,madhya_pradesh__katni,Madhya Pradesh,Katni,cell_centre_inside
70057,70,57,24.0,80.75,madhya_pradesh__katni,Madhya Pradesh,Katni,cell_centre_inside
70058,70,58,24.0,81.0,madhya_pradesh__umaria,Madhya Pradesh,Umaria,cell_centre_inside
70059,70,59,24.0,81.25,madhya_pradesh__shahdol,Madhya Pradesh,Shahdol,cell_centre_inside
70060,70,60,24.0,81.5,madhya_pradesh__shahdol,Madhya Pradesh,Shahdol,cell_centre_inside
70061,70,61,24.0,81.75,madhya_pradesh__sidhi,Madhya Pradesh,Sidhi,cell_centre_inside
70062,70,62,24.0,82.0,madhya_pradesh__sidhi,Madhya Pradesh,Sidhi,cell_centre_inside
70063,70,63,24.0,82.25,madhya_pradesh__singrauli,Madhya Pradesh,Singrauli,cell_centre_inside
70064,70,64,24.0,82.5,madhya_pradesh__singrauli,Madhya Pradesh,Singrauli,cell_centre_inside
70065,70,65,24.0,82.75,madhya_pradesh__singrauli,Madhya Pradesh,Singrauli,cell_centre_inside
70066,70,66,24.0,83.0,uttar_pradesh__sonbhadra,Uttar Pradesh,Sonbhadra,cell_centre_inside
70067,70,67,24.0,83.25,chhattisgarh__surguja,Chhattisgarh,Surguja,cell_centre_inside
70068,70,68,24.0,83.5,chhattisgarh__surguja,Chhattisgarh,Surguja,cell_centre_inside
70069,70,69,24.0,83.75,jharkhand__garhwa,Jharkhand,Garhwa,cell_centre_inside
70070,70,70,24.0,84.0,jharkhand__palamu,Jharkhand,Palamu,cell_centre_inside
70071,70,71,24.0,84.25,jharkhand__palamu,Jharkhand,Palamu,cell_centre_inside
70072,70,72,24.0,84.5,jharkhand__palamu,Jharkhand,Palamu,cell_centre_inside
70073,70,73,24.0,84.75,jharkhand__latehar,Jharkhand,Latehar,cell_centre_inside
70074,70,74,24.0,85.0,jharkhand__chatra,Jharkhand,Chatra,cell_centre_inside
70075,70,75,24.0,85.25,jharkhand__hazaribagh,Jharkhand,Hazaribagh,cell_centre_inside
70076,70,76,24.0,85.5,jharkhand__hazaribagh,Jharkhand,Hazaribagh,cell_centre_inside
70077,70,77,24.0,85.75,jharkhand__hazaribagh,Jharkhand,Hazaribagh,cell_centre_inside
70078,70,78,24.0,86.0,jharkhand__giridih,Jharkhand,Giridih,cell_centre_inside
70079,70,79,24.0,86.25,jharkhand__giridih,Jharkhand,Giridih,cell_centre_inside
70080,70,80,24.0,86.5,jharkhand__dhanbad,Jharkhand,Dhanbad,cell_centre_inside
70081,70,81,24.0,86.75,jharkhand__jamtara,Jharkhand,Jamtara,cell_centre_inside
70082,70,82,24.0,87.0,jharkhand__jamtara,Jharkhand,Jamtara,cell_centre_inside
70083,70,83,24.0,87.25,jharkhand__jamtara,Jharkhand,Jamtara,cell_centre_inside
70084,70,84,24.0,87.5,west_bengal__birbhum,West Bengal,Birbhum,cell_centre_inside
70085,70,85,24.0,87.75,west_bengal__birbhum,West Bengal,Birbhum,cell_centre_inside
70086,70,86,24.0,88.0,west_bengal__murshidabad,West Bengal,Murshidabad,cell_centre_inside
70087,70,87,24.0,88.25,west_bengal__murshidabad,West Bengal,Murshidabad,cell_centre_inside
70088,70,88,24.0,88.5,west_bengal__murshidabad,West Bengal,Murshidabad,cell_centre_inside
70089,70,89,24.0,88.75,west_bengal__nadia,West Bengal,Nadia,cell_centre_inside
70100,70,100,24.0,91.5,tripura__west_tripura,Tripura,West Tripura,cell_centre_inside
70101,70,101,24.0,91.75,tripura__west_tripura,Tripura,West Tripura,cell_centre_inside
70102,70,102,24.0,92.0,tripura__dhalai,Tripura,Dhalai,cell_centre_inside
70103,70,103,24.0,92.25,tripura__north_tripura,Tripura,North Tripura,cell_centre_inside
70104,70,104,24.0,92.5,mizoram__mamit,Mizoram,Mamit,cell_centre_inside
70105,70,105,24.0,92.75,mizoram__kolasib,Mizoram,Kolasib,cell_centre_inside
70106,70,106,24.0,93.0,mizoram__aizawl,Mizoram,Aizawl,cell_centre_inside
70107,70,107,24.0,93.25,mizoram__champhai,Mizoram,Champhai,cell_centre_inside
70108,70,108,24.0,93.5,manipur__churachandpur,Manipur,Churachandpur,cell_centre_inside
70110,70,110,24.0,94.0,manipur__chandel,Manipur,Chandel,cell_centre_inside
71011,71,11,24.25,69.25,gujarat__kachchh,Gujarat,Kachchh,cell_centre_inside
71012,71,12,24.25,69.5,gujarat__kachchh,Gujarat,Kachchh,cell_centre_inside
71015,71,15,24.25,70.25,gujarat__kachchh,Gujarat,Kachchh,cell_centre_inside
71016,71,16,24.25,70.5,gujarat__kachchh,Gujarat,Kachchh,cell_centre_inside
71018,71,18,24.25,71.0,gujarat__kachchh,Gujarat,Kachchh,cell_centre_inside
71019,71,19,24.25,71.25,gujarat__kachchh,Gujarat,Kachchh,cell_centre_inside
71020,71,20,24.25,71.5,gujarat__banas_kantha,Gujarat,Banas Kantha,cell_centre_inside
71021,71,21,24.25,71.75,gujarat__banas_kantha,Gujarat,Banas Kantha,cell_centre_inside
71022,71,22,24.25,72.0,gujarat__banas_kantha,Gujarat,Banas Kantha,cell_centre_inside
71023,71,23,24.25,72.25,gujarat__banas_kantha,Gujarat,Banas Kantha,cell_centre_inside
71024,71,24,24.25,72.5,gujarat__banas_kantha,Gujarat,Banas Kantha,cell_centre_inside
71025,71,25,24.25,72.75,gujarat__banas_kantha,Gujarat,Banas Kantha,cell_centre_inside
71026,71,26,24.25,73.0,gujarat__banas_kantha,Gujarat,Banas Kantha,cell_centre_inside
71027,71,27,24.25,73.25,rajasthan__udaipur,Rajasthan,Udaipur,cell_centre_inside
71028,71,28,24.25,73.5,rajasthan__udaipur,Rajasthan,Udaipur,cell_centre_inside
71029,71,29,24.25,73.75,rajasthan__udaipur,Rajasthan,Udaipur,cell_centre_inside
71030,71,30,24.25,74.0,rajasthan__udaipur,Rajasthan,Udaipur,cell_centre_inside
71031,71,31,24.25,74.25,rajasthan__udaipur,Rajasthan,Udaipur,cell_centre_inside
71032,71,32,24.25,74.5,rajasthan__pratapgarh,Rajasthan,Pratapgarh,cell_centre_inside
71033,71,33,24.25,74.75,rajasthan__pratapgarh,Rajasthan,Pratapgarh,cell_centre_inside
71034,71,34,24.25,75.0,madhya_pradesh__mandsaur,Madhya Pradesh,Mandsaur,cell_centre_inside
71035,71,35,24.25,75.25,madhya_pradesh__mandsaur,Madhya Pradesh,Mandsaur,cell_centre_inside
71036,71,36,24.25,75.5,madhya_pradesh__mandsaur,Madhya Pradesh,Mandsaur,cell_centre_inside
71037,71,37,24.25,75.75,madhya_pradesh__mandsaur,Madhya Pradesh,Mandsaur,cell_centre_inside
71038,71,38,24.25,76.0,rajasthan__jhalawar,Rajasthan,Jhalawar,cell_centre_inside
71039,71,39,24.25,76.25,rajasthan__jhalawar,Rajasthan,Jhalawar,cell_centre_inside
71040,71,40,24.25,76.5,rajasthan__jhalawar,Rajasthan,Jhalawar,cell_centre_inside
71041,71,41,24.25,76.75,rajasthan__jhalawar,Rajasthan,Jhalawar,cell_centre_inside
71042,71,42,24.25,77.0,madhya_pradesh__guna,Madhya Pradesh,Guna,cell_centre_inside
71043,71,43,24.25,77.25,madhya_pradesh__guna,Madhya Pradesh,Guna,cell_centre_inside
71044,71,44,24.25,77.5,madhya_pradesh__vidisha,Madhya Pradesh,Vidisha,cell_centre_inside
71045,71,45,24.25,77.75,madhya_pradesh__vidisha,Madhya Pradesh,Vidisha,cell_centre_inside
71046,71,46,24.25,78.0,madhya_pradesh__ashoknagar,Madhya Pradesh,Ashoknagar,cell_centre_inside
71047,71,47,24.25,78.25,madhya_pradesh__sagar,Madhya Pradesh,Sagar,cell_centre_inside
71048,71,48,24.25,78.5,madhya_pradesh__sagar,Madhya Pradesh,Sagar,cell_centre_inside
71049,71,49,24.25,78.75,uttar_pradesh__lalitpur,Uttar Pradesh,Lalitpur,cell_centre_inside
71050,71,50,24.25,79.0,madhya_pradesh__sagar,Madhya Pradesh,Sagar,cell_centre_inside
71051,71,51,24.25,79.25,madhya_pradesh__chhatarpur,Madhya Pradesh,Chhatarpur,cell_centre_inside
71052,71,52,24.25,79.5,madhya_pradesh__damoh,Madhya Pradesh,Damoh,cell_centre_inside
71053,71,53,24.25,79.75,madhya_pradesh__damoh,Madhya Pradesh,Damoh,cell_centre_inside
71054,71,54,24.25,80.0,madhya_pradesh__panna,Madhya Pradesh,Panna,cell_centre_inside
71055,71,55,24.25,80.25,madhya_pradesh__panna,Madhya Pradesh,Panna,cell_centre_inside
71056,71,56,24.25,80.5,madhya_pradesh__panna,Madhya Pradesh,Panna,cell_centre_inside
71057,71,57,24.25,80.75,madhya_pradesh__satna,Madhya Pradesh,Satna,cell_centre_inside
71058,71,58,24.25,81.0,madhya_pradesh__satna,Madhya Pradesh,Satna,cell_centre_inside
71059,71,59,24.25,81.25,madhya_pradesh__satna,Madhya Pradesh,Satna,cell_centre_inside
71060,71,60,24.25,81.5,madhya_pradesh__sidhi,Madhya Pradesh,Sidhi,cell_centre_inside
71061,71,61,24.25,81.75,madhya_pradesh__sidhi,Madhya Pradesh,Sidhi,cell_centre_inside
71062,71,62,24.25,82.0,madhya_pradesh__sidhi,Madhya Pradesh,Sidhi,cell_centre_inside
71063,71,63,24.25,82.25,madhya_pradesh__singrauli,Madhya Pradesh,Singrauli,cell_centre_inside
71064,71,64,24.25,82.5,madhya_pradesh__singrauli,Madhya Pradesh,Singrauli,cell_centre_inside
71065,71,65,24.25,82.75,madhya_pradesh__singrauli,Madhya Pradesh,Singrauli,cell_centre_inside
71066,71,66,24.25,83.0,uttar_pradesh__sonbhadra,Uttar Pradesh,Sonbhadra,cell_centre_inside
71067,71,67,24.25,83.25,uttar_pradesh__sonbhadra,Uttar Pradesh,Sonbhadra,cell_centre_inside
71068,71,68,24.25,83.5,jharkhand__garhwa,Jharkhand,Garhwa,cell_centre_inside
71069,71,69,24.25,83.75,jharkhand__garhwa,Jharkhand,Garhwa,cell_centre_inside
71070,71,70,24.25,84.0,jharkhand__palamu,Jharkhand,Palamu,cell_centre_inside
71071,71,71,24.25,84.25,jharkhand__palamu,Jharkhand,Palamu,cell_centre_inside
71072,71,72,24.25,84.5,jharkhand__chatra,Jharkhand,Chatra,cell_centre_inside
71073,71,73,24.25,84.75,jharkhand__chatra,Jharkhand,Chatra,cell_centre_inside
71074,71,74,24.25,85.0,jharkhand__chatra,Jharkhand,Chatra,cell_centre_inside
71075,71,75,24.25,85.25,jharkhand__chatra,Jharkhand,Chatra,cell_centre_inside
71076,71,76,24.25,85.5,jharkhand__hazaribagh,Jharkhand,Hazaribagh,cell_centre_inside
71077,71,77,24.25,85.75,jharkhand__kodarma,Jharkhand,Kodarma,cell_centre_inside
71078,71,78,24.25,86.0,jharkhand__giridih,Jharkhand,Giridih,cell_centre_inside
71079,71,79,24.25,86.25,jharkhand__giridih,Jharkhand,Giridih,cell_centre_inside
71080,71,80,24.25,86.5,jharkhand__giridih,Jharkhand,Giridih,cell_centre_inside
71081,71,81,24.25,86.75,jharkhand__deoghar,Jharkhand,Deoghar,cell_centre_inside
71082,71,82,24.25,87.0,jharkhand__deoghar,Jharkhand,Deoghar,cell_centre_inside
71083,71,83,24.25,87.25,jharkhand__dumka,Jharkhand,Dumka,cell_centre_inside
71084,71,84,24.25,87.5,jharkhand__dumka,Jharkhand,Dumka,cell_centre_inside
71085,71,85,24.25,87.75,west_bengal__birbhum,West Bengal,Birbhum,cell_centre_inside
71086,71,86,24.25,88.0,west_bengal__birbhum,West Bengal,Birbhum,cell_centre_inside
71087,71,87,24.25,88.25,west_bengal__murshidabad,West Bengal,Murshidabad,cell_centre_inside
71088,71,88,24.25,88.5,west_bengal__murshidabad,West Bengal,Murshidabad,cell_centre_inside
71102,71,102,24.25,92.0,tripura__north_tripura,Tripura,North Tripura,cell_centre_inside
71103,71,103,24.25,92.25,assam__karimganj,Assam,Karimganj,cell_centre_inside
71104,71,104,24.25,92.5,assam__hailakandi,Assam,Hailakandi,cell_centre_inside
71105,71,105,24.25,92.75,mizoram__kolasib,Mizoram,Kolasib,cell_centre_inside
71106,71,106,24.25,93.0,mizoram__aizawl,Mizoram,Aizawl,cell_centre_inside
71107,71,107,24.25,93.25,manipur__churachandpur,Manipur,Churachandpur,cell_centre_inside
71108,71,108,24.25,93.5,manipur__churachandpur,Manipur,Churachandpur,cell_centre_inside
71109,71,109,24.25,93.75,manipur__churachandpur,Manipur,Churachandpur,cell_centre_inside
71110,71,110,24.25,94.0,manipur__chandel,Manipur,Chandel,cell_centre_inside
71111,71,111,24.25,94.25,manipur__chandel,Manipur,Chandel,cell_centre_inside
72019,72,19,24.5,71.25,gujarat__kachchh,Gujarat,Kachchh,cell_centre_inside
72020,72,20,24.5,71.5,gujarat__banas_kantha,Gujarat,Banas Kantha,cell_centre_inside
72021,72,21,24.5,71.75,gujarat__banas_kantha,Gujarat,Banas Kantha,cell_centre_inside
72022,72,22,24.5,72.0,gujarat__banas_kantha,Gujarat,Banas Kantha,cell_centre_inside
72023,72,23,24.5,72.25,gujarat__banas_kantha,Gujarat,Banas Kantha,cell_centre_inside
72024,72,24,24.5,72.5,rajasthan__sirohi,Rajasthan,Sirohi,cell_centre_inside
72025,72,25,24.5,72.75,rajasthan__sirohi,Rajasthan,Sirohi,cell_centre_inside
72026,72,26,24.5,73.0,rajasthan__sirohi,Rajasthan,Sirohi,cell_centre_inside
72027,72,27,24.5,73.25,rajasthan__udaipur,Rajasthan,Udaipur,cell_centre_inside
72028,72,28,24.5,73.5,rajasthan__udaipur,Rajasthan,Udaipur,cell_centre_inside
72029,72,29,24.5,73.75,rajasthan__udaipur,Rajasthan,Udaipur,cell_centre_inside
72030,72,30,24.5,74.0,rajasthan__udaipur,Rajasthan,Udaipur,cell_centre_inside
72031,72,31,24.5,74.25,rajasthan__chittaurgarh,Rajasthan,Chittaurgarh,cell_centre_inside
72032,72,32,24.5,74.5,rajasthan__chittaurgarh,Rajasthan,Chittaurgarh,cell_centre_inside
72033,72,33,24.5,74.75,madhya_pradesh__neemuch,Madhya Pradesh,Neemuch,cell_centre_inside
72034,72,34,24.5,75.0,madhya_pradesh__neemuch,Madhya Pradesh,Neemuch,cell_centre_inside
72035,72,35,24.5,75.25,madhya_pradesh__neemuch,Madhya Pradesh,Neemuch,cell_centre_inside
72036,72,36,24.5,75.5,madhya_pradesh__neemuch,Madhya Pradesh,Neemuch,cell_centre_inside
72037,72,37,24.5,75.75,madhya_pradesh__mandsaur,Madhya Pradesh,Mandsaur,cell_centre_inside
72038,72,38,24.5,76.0,rajasthan__jhalawar,Rajasthan,Jhalawar,cell_centre_inside
72039,72,39,24.5,76.25,rajasthan__jhalawar,Rajasthan,Jhalawar,cell_centre_inside
72040,72,40,24.5,76.5,rajasthan__jhalawar,Rajasthan,Jhalawar,cell_centre_inside
72041,72,41,24.5,76.75,rajasthan__baran,Rajasthan,Baran,cell_centre_inside
72042,72,42,24.5,77.0,rajasthan__baran,Rajasthan,Baran,cell_centre_inside
72043,72,43,24.5,77.25,madhya_pradesh__guna,Madhya Pradesh,Guna,cell_centre_inside
72044,72,44,24.5,77.5,madhya_pradesh__ashoknagar,Madhya Pradesh,Ashoknagar,cell_centre_inside
72045,72,45,24.5,77.75,madhya_pradesh__ashoknagar,Madhya Pradesh,Ashoknagar,cell_centre_inside
72046,72,46,24.5,78.0,madhya_pradesh__ashoknagar,Madhya Pradesh,Ashoknagar,cell_centre_inside
72047,72,47,24.5,78.25,uttar_pradesh__lalitpur,Uttar Pradesh,Lalitpur,cell_centre_inside
72048,72,48,24.5,78.5,uttar_pradesh__lalitpur,Uttar Pradesh,Lalitpur,cell_centre_inside
72049,72,49,24.5,78.75,uttar_pradesh__lalitpur,Uttar Pradesh,Lalitpur,cell_centre_inside
72050,72,50,24.5,79.0,madhya_pradesh__tikamgarh,Madhya Pradesh,Tikamgarh,cell_centre_inside
72051,72,51,24.5,79.25,madhya_pradesh__chhatarpur,Madhya Pradesh,Chhatarpur,cell_centre_inside
72052,72,52,24.5,79.5,madhya_pradesh__chhatarpur,Madhya Pradesh,Chhatarpur,cell_centre_inside
72053,72,53,24.5,79.75,madhya_pradesh__chhatarpur,Madhya Pradesh,Chhatarpur,cell_centre_inside
72054,72,54,24.5,80.0,madhya_pradesh__panna,Madhya Pradesh,Panna,cell_centre_inside
72055,72,55,24.5,80.25,madhya_pradesh__panna,Madhya Pradesh,Panna,cell_centre_inside
72056,72,56,24.5,80.5,madhya_pradesh__satna,Madhya Pradesh,Satna,cell_centre_inside
72057,72,57,24.5,80.75,madhya_pradesh__satna,Madhya Pradesh,Satna,cell_centre_inside
72058,72,58,24.5,81.0,madhya_pradesh__satna,Madhya Pradesh,Satna,cell_centre_inside
72059,72,59,24.5,81.25,madhya_pradesh__rewa,Madhya Pradesh,Rewa,cell_centre_inside
72060,72,60,24.5,81.5,madhya_pradesh__rewa,Madhya Pradesh,Rewa,cell_centre_inside
72061,72,61,24.5,81.75,madhya_pradesh__rewa,Madhya Pradesh,Rewa,cell_centre_inside
72062,72,62,24.5,82.0,madhya_pradesh__sidhi,Madhya Pradesh,Sidhi,cell_centre_inside
72063,72,63,24.5,82.25,madhya_pradesh__sidhi,Madhya Pradesh,Sidhi,cell_centre_inside
72064,72,64,24.5,82.5,madhya_pradesh__singrauli,Madhya Pradesh,Singrauli,cell_centre_inside
72065,72,65,24.5,82.75,uttar_pradesh__sonbhadra,Uttar Pradesh,Sonbhadra,cell_centre_inside
72066,72,66,24.5,83.0,uttar_pradesh__sonbhadra,Uttar Pradesh,Sonbhadra,cell_centre_inside
72067,72,67,24.5,83.25,uttar_pradesh__sonbhadra,Uttar Pradesh,Sonbhadra,cell_centre_inside
72068,72,68,24.5,83.5,jharkhand__garhwa,Jharkhand,Garhwa,cell_centre_inside
72069,72,69,24.5,83.75,jharkhand__garhwa,Jharkhand,Garhwa,cell_centre_inside
72070,72,70,24.5,84.0,jharkhand__palamu,Jharkhand,Palamu,cell_centre_inside
72071,72,71,24.5,84.25,jharkhand__palamu,Jharkhand,Palamu,cell_centre_inside
72072,72,72,24.5,84.5,bihar__gaya,Bihar,Gaya,cell_centre_inside
72073,72,73,24.5,84.75,bihar__gaya,Bihar,Gaya,cell_centre_inside
72074,72,74,24.5,85.0,bihar__gaya,Bihar,Gaya,cell_centre_inside
72075,72,75,24.5,85.25,bihar__gaya,Bihar,Gaya,cell_centre_inside
72076,72,76,24.5,85.5,jharkhand__kodarma,Jharkhand,Kodarma,cell_centre_inside
72077,72,77,24.5,85.75,jharkhand__kodarma,Jharkhand,Kodarma,cell_centre_inside
72078,72,78,24.5,86.0,jharkhand__giridih,Jharkhand,Giridih,cell_centre_inside
72079,72,79,24.5,86.25,jharkhand__giridih,Jharkhand,Giridih,cell_centre_inside
72080,72,80,24.5,86.5,bihar__jamui,Bihar,Jamui,cell_centre_inside
72081,72,81,24.5,86.75,jharkhand__deoghar,Jharkhand,Deoghar,cell_centre_inside
72082,72,82,24.5,87.0,jharkhand__dumka,Jharkhand,Dumka,cell_centre_inside
72083,72,83,24.5,87.25,jharkhand__dumka,Jharkhand,Dumka,cell_centre_inside
72084,72,84,24.5,87.5,jharkhand__dumka,Jharkhand,Dumka,cell_centre_inside
72085,72,85,24.5,87.75,jharkhand__pakur,Jharkhand,Pakur,cell_centre_inside
72086,72,86,24.5,88.0,west_bengal__murshidabad,West Bengal,Murshidabad,cell_centre_inside
72103,72,103,24.5,92.25,assam__karimganj,Assam,Karimganj,cell_centre_inside
72104,72,104,24.5,92.5,assam__karimganj,Assam,Karimganj,cell_centre_inside
72105,72,105,24.5,92.75,assam__hailakandi,Assam,Hailakandi,cell_centre_inside
72106,72,106,24.5,93.0,assam__cachar,Assam,Cachar,cell_centre_inside
72107,72,107,24.5,93.25,manipur__churachandpur,Manipur,Churachandpur,cell_centre_inside
72108,72,108,24.5,93.5,manipur__churachandpur,Manipur,Churachandpur,cell_centre_inside
72109,72,109,24.5,93.75,manipur__bishnupur,Manipur,Bishnupur,cell_centre_inside
72110,72,110,24.5,94.0,manipur__thoubal,Manipur,Thoubal,cell_centre_inside
72111,72,111,24.5,94.25,manipur__chandel,Manipur,Chandel,cell_centre_inside
73019,73,19,24.75,71.25,rajasthan__barmer,Rajasthan,Barmer,cell_centre_inside
73020,73,20,24.75,71.5,rajasthan__jalor,Rajasthan,Jalor,cell_centre_inside
73021,73,21,24.75,71.75,rajasthan__jalor,Rajasthan,Jalor,cell_centre_inside
73022,73,22,24.75,72.0,rajasthan__jalor,Rajasthan,Jalor,cell_centre_inside
73023,73,23,24.75,72.25,rajasthan__jalor,Rajasthan,Jalor,cell_centre_inside
73024,73,24,24.75,72.5,rajasthan__sirohi,Rajasthan,Sirohi,cell_centre_inside
73025,73,25,24.75,72.75,rajasthan__sirohi,Rajasthan,Sirohi,cell_centre_inside
73026,73,26,24.75,73.0,rajasthan__sirohi,Rajasthan,Sirohi,cell_centre_inside
73027,73,27,24.75,73.25,rajasthan__udaipur,Rajasthan,Udaipur,cell_centre_inside
73028,73,28,24.75,73.5,rajasthan__udaipur,Rajasthan,Udaipur,cell_centre_inside
73029,73,29,24.75,73.75,rajasthan__rajsamand,Rajasthan,Rajsamand,cell_centre_inside
73030,73,30,24.75,74.0,rajasthan__udaipur,Rajasthan,Udaipur,cell_centre_inside
73031,73,31,24.75,74.25,rajasthan__chittaurgarh,Rajasthan,Chittaurgarh,cell_centre_inside
73032,73,32,24.75,74.5,rajasthan__chittaurgarh,Rajasthan,Chittaurgarh,cell_centre_inside
73033,73,33,24.75,74.75,rajasthan__chittaurgarh,Rajasthan,Chittaurgarh,cell_centre_inside
73034,73,34,24.75,75.0,madhya_pradesh__neemuch,Madhya Pradesh,Neemuch,cell_centre_inside
73035,73,35,24.75,75.25,rajasthan__chittaurgarh,Rajasthan,Chittaurgarh,cell_centre_inside
73036,73,36,24.75,75.5,rajasthan__chittaurgarh,Rajasthan,Chittaurgarh,cell_centre_inside
73037,73,37,24.75,75.75,madhya_pradesh__mandsaur,Madhya Pradesh,Mandsaur,cell_centre_inside
73038,73,38,24.75,76.0,rajasthan__kota,Rajasthan,Kota,cell_centre_inside
73039,73,39,24.75,76.25,rajasthan__jhalawar,Rajasthan,Jhalawar,cell_centre_inside
73040,73,40,24.75,76.5,rajasthan__baran,Rajasthan,Baran,cell_centre_inside
73041,73,41,24.75,76.75,rajasthan__baran,Rajasthan,Baran,cell_centre_inside
73042,73,42,24.75,77.0,madhya_pradesh__guna,Madhya Pradesh,Guna,cell_centre_inside
73043,73,43,24.75,77.25,madhya_pradesh__guna,Madhya Pradesh,Guna,cell_centre_inside
73044,73,44,24.75,77.5,madhya_pradesh__guna,Madhya Pradesh,Guna,cell_centre_inside
73045,73,45,24.75,77.75,madhya_pradesh__ashoknagar,Madhya Pradesh,Ashoknagar,cell_centre_inside
73046,73,46,24.75,78.0,madhya_pradesh__ashoknagar,Madhya Pradesh,Ashoknagar,cell_centre_inside
73047,73,47,24.75,78.25,uttar_pradesh__lalitpur,Uttar Pradesh,Lalitpur,cell_centre_inside
73048,73,48,24.75,78.5,uttar_pradesh__lalitpur,Uttar Pradesh,Lalitpur,cell_centre_inside
73049,73,49,24.75,78.75,uttar_pradesh__lalitpur,Uttar Pradesh,Lalitpur,cell_centre_inside
73050,73,50,24.75,79.0,madhya_pradesh__tikamgarh,Madhya Pradesh,Tikamgarh,cell_centre_inside
73051,73,51,24.75,79.25,madhya_pradesh__tikamgarh,Madhya Pradesh,Tikamgarh,cell_centre_inside
73052,73,52,24.75,79.5,madhya_pradesh__chhatarpur,Madhya Pradesh,Chhatarpur,cell_centre_inside
73053,73,53,24.75,79.75,madhya_pradesh__chhatarpur,Madhya Pradesh,Chhatarpur,cell_centre_inside
73054,73,54,24.75,80.0,madhya_pradesh__chhatarpur,Madhya Pradesh,Chhatarpur,cell_centre_inside
73055,73,55,24.75,80.25,madhya_pradesh__panna,Madhya Pradesh,Panna,cell_centre_inside
73056,73,56,24.75,80.5,madhya_pradesh__satna,Madhya Pradesh,Satna,cell_centre_inside
73057,73,57,24.75,80.75,madhya_pradesh__satna,Madhya Pradesh,Satna,cell_centre_inside
73058,73,58,24.75,81.0,madhya_pradesh__satna,Madhya Pradesh,Satna,cell_centre_inside
73059,73,59,24.75,81.25,madhya_pradesh__rewa,Madhya Pradesh,Rewa,cell_centre_inside
73060,73,60,24.75,81.5,madhya_pradesh__rewa,Madhya Pradesh,Rewa,cell_centre_inside
73061,73,61,24.75,81.75,madhya_pradesh__rewa,Madhya Pradesh,Rewa,cell_centre_inside
73062,73,62,24.75,82.0,madhya_pradesh__rewa,Madhya Pradesh,Rewa,cell_centre_inside
73063,73,63,24.75,82.25,madhya_pradesh__rewa,Madhya Pradesh,Rewa,cell_centre_inside
73064,73,64,24.75,82.5,uttar_pradesh__mirzapur,Uttar Pradesh,Mirzapur,cell_centre_inside
73065,73,65,24.75,82.75,uttar_pradesh__sonbhadra,Uttar Pradesh,Sonbhadra,cell_centre_inside
73066,73,66,24.75,83.0,uttar_pradesh__sonbhadra,Uttar Pradesh,Sonbhadra,cell_centre_inside
73067,73,67,24.75,83.25,uttar_pradesh__chandauli,Uttar Pradesh,Chandauli,cell_centre_inside
73068,73,68,24.75,83.5,bihar__kaimur_bhabua,Bihar,Kaimur (bhabua),cell_centre_inside
73069,73,69,24.75,83.75,bihar__kaimur_bhabua,Bihar,Kaimur (bhabua),cell_centre_inside
73070,73,70,24.75,84.0,bihar__rohtas,Bihar,Rohtas,cell_centre_inside
73071,73,71,24.75,84.25,bihar__aurangabad,Bihar,Aurangabad,cell_centre_inside
73072,73,72,24.75,84.5,bihar__aurangabad,Bihar,Aurangabad,cell_centre_inside
73073,73,73,24.75,84.75,bihar__gaya,Bihar,Gaya,cell_centre_inside
73074,73,74,24.75,85.0,bihar__gaya,Bihar,Gaya,cell_centre_inside
73075,73,75,24.75,85.25,bihar__gaya,Bihar,Gaya,cell_centre_inside
73076,73,76,24.75,85.5,bihar__nawada,Bihar,Nawada,cell_centre_inside
73077,73,77,24.75,85.75,jharkhand__kodarma,Jharkhand,Kodarma,cell_centre_inside
73078,73,78,24.75,86.0,jharkhand__giridih,Jharkhand,Giridih,cell_centre_inside
73079,73,79,24.75,86.25,bihar__jamui,Bihar,Jamui,cell_centre_inside
73080,73,80,24.75,86.5,bihar__jamui,Bihar,Jamui,cell_centre_inside
73081,73,81,24.75,86.75,bihar__banka,Bihar,Banka,cell_centre_inside
73082,73,82,24.75,87.0,bihar__banka,Bihar,Banka,cell_centre_inside
73083,73,83,24.75,87.25,jharkhand__godda,Jharkhand,Godda,cell_centre_inside
73084,73,84,24.75,87.5,jharkhand__pakur,Jharkhand,Pakur,cell_centre_inside
73085,73,85,24.75,87.75,jharkhand__pakur,Jharkhand,Pakur,cell_centre_inside
73086,73,86,24.75,88.0,west_bengal__maldah,West Bengal,Maldah,cell_centre_inside
73104,73,104,24.75,92.5,assam__karimganj,Assam,Karimganj,cell_centre_inside
73105,73,105,24.75,92.75,assam__cachar,Assam,Cachar,cell_centre_inside
73106,73,106,24.75,93.0,assam__cachar,Assam,Cachar,cell_centre_inside
73107,73,107,24.75,93.25,manipur__tamenglong,Manipur,Tamenglong,cell_centre_inside
73108,73,108,24.75,93.5,manipur__tamenglong,Manipur,Tamenglong,cell_centre_inside
73109,73,109,24.75,93.75,manipur__senapati,Manipur,Senapati,cell_centre_inside
73110,73,110,24.75,94.0,manipur__imphal_east,Manipur,Imphal East,cell_centre_inside
73111,73,111,24.75,94.25,manipur__ukhrul,Manipur,Ukhrul,cell_centre_inside
73112,73,112,24.75,94.5,manipur__ukhrul,Manipur,Ukhrul,cell_centre_inside
74018,74,18,25.0,71.0,rajasthan__barmer,Rajasthan,Barmer,cell_centre_inside
74019,74,19,25.0,71.25,rajasthan__barmer,Rajasthan,Barmer,cell_centre_inside
74020,74,20,25.0,71.5,rajasthan__jalor,Rajasthan,Jalor,cell_centre_inside
74021,74,21,25.0,71.75,rajasthan__jalor,Rajasthan,Jalor,cell_centre_inside
74022,74,22,25.0,72.0,rajasthan__jalor,Rajasthan,Jalor,cell_centre_inside
74023,74,23,25.0,72.25,rajasthan__jalor,Rajasthan,Jalor,cell_centre_inside
74024,74,24,25.0,72.5,rajasthan__jalor,Rajasthan,Jalor,cell_centre_inside
74025,74,25,25.0,72.75,rajasthan__sirohi,Rajasthan,Sirohi,cell_centre_inside
74026,74,26,25.0,73.0,rajasthan__sirohi,Rajasthan,Sirohi,cell_centre_inside
74027,74,27,25.0,73.25,rajasthan__pali,Rajasthan,Pali,cell_centre_inside
74028,74,28,25.0,73.5,rajasthan__udaipur,Rajasthan,Udaipur,cell_centre_inside
74029,74,29,25.0,73.75,rajasthan__rajsamand,Rajasthan,Rajsamand,cell_centre_inside
74030,74,30,25.0,74.0,rajasthan__rajsamand,Rajasthan,Rajsamand,cell_centre_inside
74031,74,31,25.0,74.25,rajasthan__rajsamand,Rajasthan,Rajsamand,cell_centre_inside
74032,74,32,25.0,74.5,rajasthan__chittaurgarh,Rajasthan,Chittaurgarh,cell_centre_inside
74033,74,33,25.0,74.75,rajasthan__chittaurgarh,Rajasthan,Chittaurgarh,cell_centre_inside
74034,74,34,25.0,75.0,rajasthan__chittaurgarh,Rajasthan,Chittaurgarh,cell_centre_inside
74035,74,35,25.0,75.25,madhya_pradesh__neemuch,Madhya Pradesh,Neemuch,cell_centre_inside
74036,74,36,25.0,75.5,rajasthan__chittaurgarh,Rajasthan,Chittaurgarh,cell_centre_inside
74037,74,37,25.0,75.75,rajasthan__kota,Rajasthan,Kota,cell_centre_inside
74038,74,38,25.0,76.0,rajasthan__kota,Rajasthan,Kota,cell_centre_inside
74039,74,39,25.0,76.25,rajasthan__kota,Rajasthan,Kota,cell_centre_inside
74040,74,40,25.0,76.5,rajasthan__baran,Rajasthan,Baran,cell_centre_inside
74041,74,41,25.0,76.75,rajasthan__baran,Rajasthan,Baran,cell_centre_inside
74042,74,42,25.0,77.0,madhya_pradesh__guna,Madhya Pradesh,Guna,cell_centre_inside
74043,74,43,25.0,77.25,madhya_pradesh__guna,Madhya Pradesh,Guna,cell_centre_inside
74044,74,44,25.0,77.5,madhya_pradesh__shivpuri,Madhya Pradesh,Shivpuri,cell_centre_inside
74045,74,45,25.0,77.75,madhya_pradesh__shivpuri,Madhya Pradesh,Shivpuri,cell_centre_inside
74046,74,46,25.0,78.0,madhya_pradesh__shivpuri,Madhya Pradesh,Shivpuri,cell_centre_inside
74047,74,47,25.0,78.25,madhya_pradesh__shivpuri,Madhya Pradesh,Shivpuri,cell_centre_inside
74048,74,48,25.0,78.5,uttar_pradesh__lalitpur,Uttar Pradesh,Lalitpur,cell_centre_inside
74049,74,49,25.0,78.75,madhya_pradesh__tikamgarh,Madhya Pradesh,Tikamgarh,cell_centre_inside
74050,74,50,25.0,79.0,madhya_pradesh__tikamgarh,Madhya Pradesh,Tikamgarh,cell_centre_inside
74051,74,51,25.0,79.25,madhya_pradesh__tikamgarh,Madhya Pradesh,Tikamgarh,cell_centre_inside
74052,74,52,25.0,79.5,madhya_pradesh__chhatarpur,Madhya Pradesh,Chhatarpur,cell_centre_inside
74053,74,53,25.0,79.75,madhya_pradesh__chhatarpur,Madhya Pradesh,Chhatarpur,cell_centre_inside
74054,74,54,25.0,80.0,madhya_pradesh__chhatarpur,Madhya Pradesh,Chhatarpur,cell_centre_inside
74055,74,55,25.0,80.25,madhya_pradesh__panna,Madhya Pradesh,Panna,cell_centre_inside
74056,74,56,25.0,80.5,uttar_pradesh__banda,Uttar Pradesh,Banda,cell_centre_inside
74057,74,57,25.0,80.75,madhya_pradesh__satna,Madhya Pradesh,Satna,cell_centre_inside
74058,74,58,25.0,81.0,uttar_pradesh__chitrakoot,Uttar Pradesh,Chitrakoot,cell_centre_inside
74059,74,59,25.0,81.25,madhya_pradesh__rewa,Madhya Pradesh,Rewa,cell_centre_inside
74060,74,60,25.0,81.5,madhya_pradesh__rewa,Madhya Pradesh,Rewa,cell_centre_inside
74061,74,61,25.0,81.75,madhya_pradesh__rewa,Madhya Pradesh,Rewa,cell_centre_inside
74062,74,62,25.0,82.0,uttar_pradesh__allahabad,Uttar Pradesh,Allahabad,cell_centre_inside
74063,74,63,25.0,82.25,uttar_pradesh__allahabad,Uttar Pradesh,Allahabad,cell_centre_inside
74064,74,64,25.0,82.5,uttar_pradesh__mirzapur,Uttar Pradesh,Mirzapur,cell_centre_inside
74065,74,65,25.0,82.75,uttar_pradesh__mirzapur,Uttar Pradesh,Mirzapur,cell_centre_inside
74066,74,66,25.0,83.0,uttar_pradesh__mirzapur,Uttar Pradesh,Mirzapur,cell_centre_inside
74067,74,67,25.0,83.25,uttar_pradesh__chandauli,Uttar Pradesh,Chandauli,cell_centre_inside
74068,74,68,25.0,83.5,bihar__kaimur_bhabua,Bihar,Kaimur (bhabua),cell_centre_inside
74069,74,69,25.0,83.75,bihar__kaimur_bhabua,Bihar,Kaimur (bhabua),cell_centre_inside
74070,74,70,25.0,84.0,bihar__rohtas,Bihar,Rohtas,cell_centre_inside
74071,74,71,25.0,84.25,bihar__rohtas,Bihar,Rohtas,cell_centre_inside
74072,74,72,25.0,84.5,bihar__aurangabad,Bihar,Aurangabad,cell_centre_inside
74073,74,73,25.0,84.75,bihar__gaya,Bihar,Gaya,cell_centre_inside
74074,74,74,25.0,85.0,bihar__gaya,Bihar,Gaya,cell_centre_inside
74075,74,75,25.0,85.25,bihar__gaya,Bihar,Gaya,cell_centre_inside
74076,74,76,25.0,85.5,bihar__nawada,Bihar,Nawada,cell_centre_inside
74077,74,77,25.0,85.75,bihar__nawada,Bihar,Nawada,cell_centre_inside
74078,74,78,25.0,86.0,bihar__lakhisarai,Bihar,Lakhisarai,cell_centre_inside
74079,74,79,25.0,86.25,bihar__jamui,Bihar,Jamui,cell_centre_inside
74080,74,80,25.0,86.5,bihar__munger,Bihar,Munger,cell_centre_inside
74081,74,81,25.0,86.75,bihar__banka,Bihar,Banka,cell_centre_inside
74082,74,82,25.0,87.0,bihar__banka,Bihar,Banka,cell_centre_inside
74083,74,83,25.0,87.25,jharkhand__godda,Jharkhand,Godda,cell_centre_inside
74084,74,84,25.0,87.5,jharkhand__sahibganj,Jharkhand,Sahibganj,cell_centre_inside
74085,74,85,25.0,87.75,jharkhand__sahibganj,Jharkhand,Sahibganj,cell_centre_inside
74086,74,86,25.0,88.0,west_bengal__maldah,West Bengal,Maldah,cell_centre_inside
74087,74,87,25.0,88.25,west_bengal__maldah,West Bengal,Maldah,cell_centre_inside
74104,74,104,25.0,92.5,assam__cachar,Assam,Cachar,cell_centre_inside
74105,74,105,25.0,92.75,assam__cachar,Assam,Cachar,cell_centre_inside
74106,74,106,25.0,93.0,assam__cachar,Assam,Cachar,cell_centre_inside
74107,74,107,25.0,93.25,manipur__tamenglong,Manipur,Tamenglong,cell_centre_inside
74108,74,108,25.0,93.5,manipur__tamenglong,Manipur,Tamenglong,cell_centre_inside
74109,74,109,25.0,93.75,manipur__tamenglong,Manipur,Tamenglong,cell_centre_inside
74110,74,110,25.0,94.0,manipur__imphal_east,Manipur,Imphal East,cell_centre_inside
74111,74,111,25.0,94.25,manipur__ukhrul,Manipur,Ukhrul,cell_centre_inside
74112,74,112,25.0,94.5,manipur__ukhrul,Manipur,Ukhrul,cell_centre_inside
75018,75,18,25.25,71.0,rajasthan__barmer,Rajasthan,Barmer,cell_centre_inside
75019,75,19,25.25,71.25,rajasthan__barmer,Rajasthan,Barmer,cell_centre_inside
75020,75,20,25.25,71.5,rajasthan__barmer,Rajasthan,Barmer,cell_centre_inside
75021,75,21,25.25,71.75,rajasthan__barmer,Rajasthan,Barmer,cell_centre_inside
75022,75,22,25.25,72.0,rajasthan__jalor,Rajasthan,Jalor,cell_centre_inside
75023,75,23,25.25,72.25,rajasthan__jalor,Rajasthan,Jalor,cell_centre_inside
75024,75,24,25.25,72.5,rajasthan__jalor,Rajasthan,Jalor,cell_centre_inside
75025,75,25,25.25,72.75,rajasthan__jalor,Rajasthan,Jalor,cell_centre_inside
75026,75,26,25.25,73.0,rajasthan__pali,Rajasthan,Pali,cell_centre_inside
75027,75,27,25.25,73.25,rajasthan__pali,Rajasthan,Pali,cell_centre_inside
75028,75,28,25.25,73.5,rajasthan__pali,Rajasthan,Pali,cell_centre_inside
75029,75,29,25.25,73.75,rajasthan__rajsamand,Rajasthan,Rajsamand,cell_centre_inside
75030,75,30,25.25,74.0,rajasthan__rajsamand,Rajasthan,Rajsamand,cell_centre_inside
75031,75,31,25.25,74.25,rajasthan__bhilwara,Rajasthan,Bhilwara,cell_centre_inside
75032,75,32,25.25,74.5,rajasthan__bhilwara,Rajasthan,Bhilwara,cell_centre_inside
75033,75,33,25.25,74.75,rajasthan__bhilwara,Rajasthan,Bhilwara,cell_centre_inside
75034,75,34,25.25,75.0,rajasthan__bhilwara,Rajasthan,Bhilwara,cell_centre_inside
75035,75,35,25.25,75.25,rajasthan__bhilwara,Rajasthan,Bhilwara,cell_centre_inside
75036,75,36,25.25,75.5,rajasthan__bundi,Rajasthan,Bundi,cell_centre_inside
75037,75,37,25.25,75.75,rajasthan__bundi,Rajasthan,Bundi,cell_centre_inside
75038,75,38,25.25,76.0,rajasthan__bundi,Rajasthan,Bundi,cell_centre_inside
75039,75,39,25.25,76.25,rajasthan__kota,Rajasthan,Kota,cell_centre_inside
75040,75,40,25.25,76.5,rajasthan__baran,Rajasthan,Baran,cell_centre_inside
75041,75,41,25.25,76.75,rajasthan__baran,Rajasthan,Baran,cell_centre_inside
75042,75,42,25.25,77.0,rajasthan__baran,Rajasthan,Baran,cell_centre_inside
75043,75,43,25.25,77.25,rajasthan__baran,Rajasthan,Baran,cell_centre_inside
75044,75,44,25.25,77.5,madhya_pradesh__shivpuri,Madhya Pradesh,Shivpuri,cell_centre_inside
75045,75,45,25.25,77.75,madhya_pradesh__shivpuri,Madhya Pradesh,Shivpuri,cell_centre_inside
75046,75,46,25.25,78.0,madhya_pradesh__shivpuri,Madhya Pradesh,Shivpuri,cell_centre_inside
75047,75,47,25.25,78.25,madhya_pradesh__shivpuri,Madhya Pradesh,Shivpuri,cell_centre_inside
75048,75,48,25.25,78.5,uttar_pradesh__jhansi,Uttar Pradesh,Jhansi,cell_centre_inside
75049,75,49,25.25,78.75,madhya_pradesh__tikamgarh,Madhya Pradesh,Tikamgarh,cell_centre_inside
75050,75,50,25.25,79.0,madhya_pradesh__tikamgarh,Madhya Pradesh,Tikamgarh,cell_centre_inside
75051,75,51,25.25,79.25,uttar_pradesh__jhansi,Uttar Pradesh,Jhansi,cell_centre_inside
75052,75,52,25.25,79.5,uttar_pradesh__mahoba,Uttar Pradesh,Mahoba,cell_centre_inside
75053,75,53,25.25,79.75,uttar_pradesh__mahoba,Uttar Pradesh,Mahoba,cell_centre_inside
75054,75,54,25.25,80.0,madhya_pradesh__chhatarpur,Madhya Pradesh,Chhatarpur,cell_centre_inside
75055,75,55,25.25,80.25,madhya_pradesh__chhatarpur,Madhya Pradesh,Chhatarpur,cell_centre_inside
75056,75,56,25.25,80.5,uttar_pradesh__banda,Uttar Pradesh,Banda,cell_centre_inside
75057,75,57,25.25,80.75,uttar_pradesh__banda,Uttar Pradesh,Banda,cell_centre_inside
75058,75,58,25.25,81.0,uttar_pradesh__chitrakoot,Uttar Pradesh,Chitrakoot,cell_centre_inside
75059,75,59,25.25,81.25,uttar_pradesh__chitrakoot,Uttar Pradesh,Chitrakoot,cell_centre_inside
75060,75,60,25.25,81.5,uttar_pradesh__chitrakoot,Uttar Pradesh,Chitrakoot,cell_centre_inside
75061,75,61,25.25,81.75,uttar_pradesh__allahabad,Uttar Pradesh,Allahabad,cell_centre_inside
75062,75,62,25.25,82.0,uttar_pradesh__allahabad,Uttar Pradesh,Allahabad,cell_centre_inside
75063,75,63,25.25,82.25,uttar_pradesh__sant_ravi_das_nagar_bhadohi,Uttar Pradesh,Sant Ravi Das Nagar(bhadohi),cell_centre_inside
75064,75,64,25.25,82.5,uttar_pradesh__sant_ravi_das_nagar_bhadohi,Uttar Pradesh,Sant Ravi Das Nagar(bhadohi),cell_centre_inside
75065,75,65,25.25,82.75,uttar_pradesh__varanasi,Uttar Pradesh,Varanasi,cell_centre_inside
75066,75,66,25.25,83.0,uttar_pradesh__varanasi,Uttar Pradesh,Varanasi,cell_centre_inside
75067,75,67,25.25,83.25,uttar_pradesh__chandauli,Uttar Pradesh,Chandauli,cell_centre_inside
75068,75,68,25.25,83.5,bihar__kaimur_bhabua,Bihar,Kaimur (bhabua),cell_centre_inside
75069,75,69,25.25,83.75,bihar__kaimur_bhabua,Bihar,Kaimur (bhabua),cell_centre_inside
75070,75,70,25.25,84.0,bihar__rohtas,Bihar,Rohtas,cell_centre_inside
75071,75,71,25.25,84.25,bihar__rohtas,Bihar,Rohtas,cell_centre_inside
75072,75,72,25.25,84.5,bihar__bhojpur,Bihar,Bhojpur,cell_centre_inside
75073,75,73,25.25,84.75,bihar__arwal,Bihar,Arwal,cell_centre_inside
75074,75,74,25.25,85.0,bihar__jehanabad,Bihar,Jehanabad,cell_centre_inside
75075,75,75,25.25,85.25,bihar__nalanda,Bihar,Nalanda,cell_centre_inside
75076,75,76,25.25,85.5,bihar__nalanda,Bihar,Nalanda,cell_centre_inside
75077,75,77,25.25,85.75,bihar__sheikhpura,Bihar,Sheikhpura,cell_centre_inside
75078,75,78,25.25,86.0,bihar__lakhisarai,Bihar,Lakhisarai,cell_centre_inside
75079,75,79,25.25,86.25,bihar__lakhisarai,Bihar,Lakhisarai,cell_centre_inside
75080,75,80,25.25,86.5,bihar__munger,Bihar,Munger,cell_centre_inside
75081,75,81,25.25,86.75,bihar__bhagalpur,Bihar,Bhagalpur,cell_centre_inside
75082,75,82,25.25,87.0,bihar__bhagalpur,Bihar,Bhagalpur,cell_centre_inside
75083,75,83,25.25,87.25,bihar__bhagalpur,Bihar,Bhagalpur,cell_centre_inside
75084,75,84,25.25,87.5,jharkhand__sahibganj,Jharkhand,Sahibganj,cell_centre_inside
75085,75,85,25.25,87.75,jharkhand__sahibganj,Jharkhand,Sahibganj,cell_centre_inside
75086,75,86,25.25,88.0,west_bengal__maldah,West Bengal,Maldah,cell_centre_inside
75087,75,87,25.25,88.25,west_bengal__maldah,West Bengal,Maldah,cell_centre_inside
75088,75,88,25.25,88.5,west_bengal__dakshin_dinajpur,West Bengal,Dakshin Dinajpur,cell_centre_inside
75089,75,89,25.25,88.75,west_bengal__dakshin_dinajpur,West Bengal,Dakshin Dinajpur,cell_centre_inside
75095,75,95,25.25,90.25,meghalaya__south_garo_hills,Meghalaya,South Garo Hills,cell_centre_inside
75096,75,96,25.25,90.5,meghalaya__south_garo_hills,Meghalaya,South Garo Hills,cell_centre_inside
75097,75,97,25.25,90.75,meghalaya__south_garo_hills,Meghalaya,South Garo Hills,cell_centre_inside
75098,75,98,25.25,91.0,meghalaya__west_khasi_hills,Meghalaya,West Khasi Hills,cell_centre_inside
75099,75,99,25.25,91.25,meghalaya__west_khasi_hills,Meghalaya,West Khasi Hills,cell_centre_inside
75100,75,100,25.25,91.5,meghalaya__east_khasi_hills,Meghalaya,East Khasi Hills,cell_centre_inside
75101,75,101,25.25,91.75,meghalaya__east_khasi_hills,Meghalaya,East Khasi Hills,cell_centre_inside
75102,75,102,25.25,92.0,meghalaya__jaintia_hills,Meghalaya,Jaintia Hills,cell_centre_inside
75103,75,103,25.25,92.25,meghalaya__jaintia_hills,Meghalaya,Jaintia Hills,cell_centre_inside
75104,75,104,25.25,92.5,meghalaya__jaintia_hills,Meghalaya,Jaintia Hills,cell_centre_inside
75105,75,105,25.25,92.75,meghalaya__jaintia_hills,Meghalaya,Jaintia Hills,cell_centre_inside
75106,75,106,25.25,93.0,assam__dima_hasao,Assam,Dima Hasao,cell_centre_inside
75107,75,107,25.25,93.25,assam__dima_hasao,Assam,Dima Hasao,cell_centre_inside
75108,75,108,25.25,93.5,manipur__tamenglong,Manipur,Tamenglong,cell_centre_inside
75109,75,109,25.25,93.75,manipur__tamenglong,Manipur,Tamenglong,cell_centre_inside
75110,75,110,25.25,94.0,manipur__senapati,Manipur,Senapati,cell_centre_inside
75111,75,111,25.25,94.25,manipur__senapati,Manipur,Senapati,cell_centre_inside
75112,75,112,25.25,94.5,manipur__ukhrul,Manipur,Ukhrul,cell_centre_inside
76017,76,17,25.5,70.75,rajasthan__barmer,Rajasthan,Barmer,cell_centre_inside
76018,76,18,25.5,71.0,rajasthan__barmer,Rajasthan,Barmer,cell_centre_inside
76019,76,19,25.5,71.25,rajasthan__barmer,Rajasthan,Barmer,cell_centre_inside
76020,76,20,25.5,71.5,rajasthan__barmer,Rajasthan,Barmer,cell_centre_inside
76021,76,21,25.5,71.75,rajasthan__barmer,Rajasthan,Barmer,cell_centre_inside
76022,76,22,25.5,72.0,rajasthan__barmer,Rajasthan,Barmer,cell_centre_inside
76023,76,23,25.5,72.25,rajasthan__barmer,Rajasthan,Barmer,cell_centre_inside
76024,76,24,25.5,72.5,rajasthan__barmer,Rajasthan,Barmer,cell_centre_inside
76025,76,25,25.5,72.75,rajasthan__jalor,Rajasthan,Jalor,cell_centre_inside
76026,76,26,25.5,73.0,rajasthan__jalor,Rajasthan,Jalor,cell_centre_inside
76027,76,27,25.5,73.25,rajasthan__pali,Rajasthan,Pali,cell_centre_inside
76028,76,28,25.5,73.5,rajasthan__pali,Rajasthan,Pali,cell_centre_inside
76029,76,29,25.5,73.75,rajasthan__pali,Rajasthan,Pali,cell_centre_inside
76030,76,30,25.5,74.0,rajasthan__rajsamand,Rajasthan,Rajsamand,cell_centre_inside
76031,76,31,25.5,74.25,rajasthan__bhilwara,Rajasthan,Bhilwara,cell_centre_inside
76032,76,32,25.5,74.5,rajasthan__bhilwara,Rajasthan,Bhilwara,cell_centre_inside
76033,76,33,25.5,74.75,rajasthan__bhilwara,Rajasthan,Bhilwara,cell_centre_inside
76034,76,34,25.5,75.0,rajasthan__bhilwara,Rajasthan,Bhilwara,cell_centre_inside
76035,76,35,25.5,75.25,rajasthan__bhilwara,Rajasthan,Bhilwara,cell_centre_inside
76036,76,36,25.5,75.5,rajasthan__bundi,Rajasthan,Bundi,cell_centre_inside
76037,76,37,25.5,75.75,rajasthan__bundi,Rajasthan,Bundi,cell_centre_inside
76038,76,38,25.5,76.0,rajasthan__bundi,Rajasthan,Bundi,cell_centre_inside
76039,76,39,25.5,76.25,rajasthan__kota,Rajasthan,Kota,cell_centre_inside
76040,76,40,25.5,76.5,rajasthan__kota,Rajasthan,Kota,cell_centre_inside
76041,76,41,25.5,76.75,madhya_pradesh__sheopur,Madhya Pradesh,Sheopur,cell_centre_inside
76042,76,42,25.5,77.0,madhya_pradesh__sheopur,Madhya Pradesh,Sheopur,cell_centre_inside
76043,76,43,25.5,77.25,madhya_pradesh__shivpuri,Madhya Pradesh,Shivpuri,cell_centre_inside
76044,76,44,25.5,77.5,madhya_pradesh__shivpuri,Madhya Pradesh,Shivpuri,cell_centre_inside
76045,76,45,25.5,77.75,madhya_pradesh__shivpuri,Madhya Pradesh,Shivpuri,cell_centre_inside
76046,76,46,25.5,78.0,madhya_pradesh__shivpuri,Madhya Pradesh,Shivpuri,cell_centre_inside
76047,76,47,25.5,78.25,madhya_pradesh__shivpuri,Madhya Pradesh,Shivpuri,cell_centre_inside
76048,76,48,25.5,78.5,uttar_pradesh__jhansi,Uttar Pradesh,Jhansi,cell_centre_inside
76049,76,49,25.5,78.75,uttar_pradesh__jhansi,Uttar Pradesh,Jhansi,cell_centre_inside
76050,76,50,25.5,79.0,uttar_pradesh__jhansi,Uttar Pradesh,Jhansi,cell_centre_inside
76051,76,51,25.5,79.25,uttar_pradesh__jhansi,Uttar Pradesh,Jhansi,cell_centre_inside
76052,76,52,25.5,79.5,uttar_pradesh__hamirpur,Uttar Pradesh,Hamirpur,cell_centre_inside
76053,76,53,25.5,79.75,uttar_pradesh__mahoba,Uttar Pradesh,Mahoba,cell_centre_inside
76054,76,54,25.5,80.0,uttar_pradesh__hamirpur,Uttar Pradesh,Hamirpur,cell_centre_inside
76055,76,55,25.5,80.25,uttar_pradesh__banda,Uttar Pradesh,Banda,cell_centre_inside
76056,76,56,25.5,80.5,uttar_pradesh__banda,Uttar Pradesh,Banda,cell_centre_inside
76057,76,57,25.5,80.75,uttar_pradesh__banda,Uttar Pradesh,Banda,cell_centre_inside
76058,76,58,25.5,81.0,uttar_pradesh__banda,Uttar Pradesh,Banda,cell_centre_inside
76059,76,59,25.5,81.25,uttar_pradesh__fatehpur,Uttar Pradesh,Fatehpur,cell_centre_inside
76060,76,60,25.5,81.5,uttar_pradesh__kaushambi,Uttar Pradesh,Kaushambi,cell_centre_inside
76061,76,61,25.5,81.75,uttar_pradesh__allahabad,Uttar Pradesh,Allahabad,cell_centre_inside
76062,76,62,25.5,82.0,uttar_pradesh__allahabad,Uttar Pradesh,Allahabad,cell_centre_inside
76063,76,63,25.5,82.25,uttar_pradesh__allahabad,Uttar Pradesh,Allahabad,cell_centre_inside
76064,76,64,25.5,82.5,uttar_pradesh__jaunpur,Uttar Pradesh,Jaunpur,cell_centre_inside
76065,76,65,25.5,82.75,uttar_pradesh__varanasi,Uttar Pradesh,Varanasi,cell_centre_inside
76066,76,66,25.5,83.0,uttar_pradesh__varanasi,Uttar Pradesh,Varanasi,cell_centre_inside
76067,76,67,25.5,83.25,uttar_pradesh__chandauli,Uttar Pradesh,Chandauli,cell_centre_inside
76068,76,68,25.5,83.5,uttar_pradesh__ghazipur,Uttar Pradesh,Ghazipur,cell_centre_inside
76069,76,69,25.5,83.75,uttar_pradesh__ghazipur,Uttar Pradesh,Ghazipur,cell_centre_inside
76070,76,70,25.5,84.0,bihar__buxar,Bihar,Buxar,cell_centre_inside
76071,76,71,25.5,84.25,bihar__buxar,Bihar,Buxar,cell_centre_inside
76072,76,72,25.5,84.5,bihar__bhojpur,Bihar,Bhojpur,cell_centre_inside
76073,76,73,25.5,84.75,bihar__bhojpur,Bihar,Bhojpur,cell_centre_inside
76074,76,74,25.5,85.0,bihar__patna,Bihar,Patna,cell_centre_inside
76075,76,75,25.5,85.25,bihar__patna,Bihar,Patna,cell_centre_inside
76076,76,76,25.5,85.5,bihar__vaishali,Bihar,Vaishali,cell_centre_inside
76077,76,77,25.5,85.75,bihar__patna,Bihar,Patna,cell_centre_inside
76078,76,78,25.5,86.0,bihar__begusarai,Bihar,Begusarai,cell_centre_inside
76079,76,79,25.5,86.25,bihar__begusarai,Bihar,Begusarai,cell_centre_inside
76080,76,80,25.5,86.5,bihar__khagaria,Bihar,Khagaria,cell_centre_inside
76081,76,81,25.5,86.75,bihar__khagaria,Bihar,Khagaria,cell_centre_inside
76082,76,82,25.5,87.0,bihar__madhepura,Bihar,Madhepura,cell_centre_inside
76083,76,83,25.5,87.25,bihar__katihar,Bihar,Katihar,cell_centre_inside
76084,76,84,25.5,87.5,bihar__katihar,Bihar,Katihar,cell_centre_inside
76085,76,85,25.5,87.75,bihar__katihar,Bihar,Katihar,cell_centre_inside
76086,76,86,25.5,88.0,bihar__katihar,Bihar,Katihar,cell_centre_inside
76087,76,87,25.5,88.25,west_bengal__uttar_dinajpur,West Bengal,Uttar Dinajpur,cell_centre_inside
76088,76,88,25.5,88.5,west_bengal__dakshin_dinajpur,West Bengal,Dakshin Dinajpur,cell_centre_inside
76094,76,94,25.5,90.0,meghalaya__west_garo_hills,Meghalaya,West Garo Hills,cell_centre_inside
76095,76,95,25.5,90.25,meghalaya__west_garo_hills,Meghalaya,West Garo Hills,cell_centre_inside
76096,76,96,25.5,90.5,meghalaya__east_garo_hills,Meghalaya,East Garo Hills,cell_centre_inside
76097,76,97,25.5,90.75,meghalaya__south_garo_hills,Meghalaya,South Garo Hills,cell_centre_inside
76098,76,98,25.5,91.0,meghalaya__west_khasi_hills,Meghalaya,West Khasi Hills,cell_centre_inside
76099,76,99,25.5,91.25,meghalaya__west_khasi_hills,Meghalaya,West Khasi Hills,cell_centre_inside
76100,76,100,25.5,91.5,meghalaya__west_khasi_hills,Meghalaya,West Khasi Hills,cell_centre_inside
76101,76,101,25.5,91.75,meghalaya__east_khasi_hills,Meghalaya,East Khasi Hills,cell_centre_inside
76102,76,102,25.5,92.0,meghalaya__east_khasi_hills,Meghalaya,East Khasi Hills,cell_centre_inside
76103,76,103,25.5,92.25,meghalaya__jaintia_hills,Meghalaya,Jaintia Hills,cell_centre_inside
76104,76,104,25.5,92.5,meghalaya__jaintia_hills,Meghalaya,Jaintia Hills,cell_centre_inside
76105,76,105,25.5,92.75,assam__dima_hasao,Assam,Dima Hasao,cell_centre_inside
76106,76,106,25.5,93.0,assam__dima_hasao,Assam,Dima Hasao,cell_centre_inside
76107,76,107,25.5,93.25,assam__dima_hasao,Assam,Dima Hasao,cell_centre_inside
76108,76,108,25.5,93.5,nagaland__peren,Nagaland,Peren,cell_centre_inside
76109,76,109,25.5,93.75,nagaland__peren,Nagaland,Peren,cell_centre_inside
76110,76,110,25.5,94.0,manipur__senapati,Manipur,Senapati,cell_centre_inside
76111,76,111,25.5,94.25,nagaland__phek,Nagaland,Phek,cell_centre_inside
76112,76,112,25.5,94.5,manipur__ukhrul,Manipur,Ukhrul,cell_centre_inside
76113,76,113,25.5,94.75,nagaland__phek,Nagaland,Phek,cell_centre_inside
77016,77,16,25.75,70.5,rajasthan__barmer,Rajasthan,Barmer,cell_centre_inside
77017,77,17,25.75,70.75,rajasthan__barmer,Rajasthan,Barmer,cell_centre_inside
77018,77,18,25.75,71.0,rajasthan__barmer,Rajasthan,Barmer,cell_centre_inside
77019,77,19,25.75,71.25,rajasthan__barmer,Rajasthan,Barmer,cell_centre_inside
77020,77,20,25.75,71.5,rajasthan__barmer,Rajasthan,Barmer,cell_centre_inside
77021,77,21,25.75,71.75,rajasthan__barmer,Rajasthan,Barmer,cell_centre_inside
77022,77,22,25.75,72.0,rajasthan__barmer,Rajasthan,Barmer,cell_centre_inside
77023,77,23,25.75,72.25,rajasthan__barmer,Rajasthan,Barmer,cell_centre_inside
77024,77,24,25.75,72.5,rajasthan__barmer,Rajasthan,Barmer,cell_centre_inside
77025,77,25,25.75,72.75,rajasthan__jalor,Rajasthan,Jalor,cell_centre_inside
77026,77,26,25.75,73.0,rajasthan__pali,Rajasthan,Pali,cell_centre_inside
77027,77,27,25.75,73.25,rajasthan__pali,Rajasthan,Pali,cell_centre_inside
77028,77,28,25.75,73.5,rajasthan__pali,Rajasthan,Pali,cell_centre_inside
77029,77,29,25.75,73.75,rajasthan__pali,Rajasthan,Pali,cell_centre_inside
77030,77,30,25.75,74.0,rajasthan__ajmer,Rajasthan,Ajmer,cell_centre_inside
77031,77,31,25.75,74.25,rajasthan__bhilwara,Rajasthan,Bhilwara,cell_centre_inside
77032,77,32,25.75,74.5,rajasthan__bhilwara,Rajasthan,Bhilwara,cell_centre_inside
77033,77,33,25.75,74.75,rajasthan__bhilwara,Rajasthan,Bhilwara,cell_centre_inside
77034,77,34,25.75,75.0,rajasthan__bhilwara,Rajasthan,Bhilwara,cell_centre_inside
77035,77,35,25.75,75.25,rajasthan__ajmer,Rajasthan,Ajmer,cell_centre_inside
77036,77,36,25.75,75.5,rajasthan__tonk,Rajasthan,Tonk,cell_centre_inside
77037,77,37,25.75,75.75,rajasthan__bundi,Rajasthan,Bundi,cell_centre_inside
77038,77,38,25.75,76.0,rajasthan__bundi,Rajasthan,Bundi,cell_centre_inside
77039,77,39,25.75,76.25,rajasthan__kota,Rajasthan,Kota,cell_centre_inside
77040,77,40,25.75,76.5,rajasthan__kota,Rajasthan,Kota,cell_centre_inside
77041,77,41,25.75,76.75,madhya_pradesh__sheopur,Madhya Pradesh,Sheopur,cell_centre_inside
77042,77,42,25.75,77.0,madhya_pradesh__sheopur,Madhya Pradesh,Sheopur,cell_centre_inside
77043,77,43,25.75,77.25,madhya_pradesh__sheopur,Madhya Pradesh,Sheopur,cell_centre_inside
77044,77,44,25.75,77.5,madhya_pradesh__shivpuri,Madhya Pradesh,Shivpuri,cell_centre_inside
77045,77,45,25.75,77.75,madhya_pradesh__shivpuri,Madhya Pradesh,Shivpuri,cell_centre_inside
77046,77,46,25.75,78.0,madhya_pradesh__gwalior,Madhya Pradesh,Gwalior,cell_centre_inside
77047,77,47,25.75,78.25,madhya_pradesh__shivpuri,Madhya Pradesh,Shivpuri,cell_centre_inside
77048,77,48,25.75,78.5,madhya_pradesh__datia,Madhya Pradesh,Datia,cell_centre_inside
77049,77,49,25.75,78.75,madhya_pradesh__gwalior,Madhya Pradesh,Gwalior,cell_centre_inside
77050,77,50,25.75,79.0,uttar_pradesh__jhansi,Uttar Pradesh,Jhansi,cell_centre_inside
77051,77,51,25.75,79.25,uttar_pradesh__jhansi,Uttar Pradesh,Jhansi,cell_centre_inside
77052,77,52,25.75,79.5,uttar_pradesh__hamirpur,Uttar Pradesh,Hamirpur,cell_centre_inside
77053,77,53,25.75,79.75,uttar_pradesh__hamirpur,Uttar Pradesh,Hamirpur,cell_centre_inside
77054,77,54,25.75,80.0,uttar_pradesh__hamirpur,Uttar Pradesh,Hamirpur,cell_centre_inside
77055,77,55,25.75,80.25,uttar_pradesh__hamirpur,Uttar Pradesh,Hamirpur,cell_centre_inside
77056,77,56,25.75,80.5,uttar_pradesh__banda,Uttar Pradesh,Banda,cell_centre_inside
77057,77,57,25.75,80.75,uttar_pradesh__fatehpur,Uttar Pradesh,Fatehpur,cell_centre_inside
77058,77,58,25.75,81.0,uttar_pradesh__fatehpur,Uttar Pradesh,Fatehpur,cell_centre_inside
77059,77,59,25.75,81.25,uttar_pradesh__kaushambi,Uttar Pradesh,Kaushambi,cell_centre_inside
77060,77,60,25.75,81.5,uttar_pradesh__pratapgarh,Uttar Pradesh,Pratapgarh,cell_centre_inside
77061,77,61,25.75,81.75,uttar_pradesh__pratapgarh,Uttar Pradesh,Pratapgarh,cell_centre_inside
77062,77,62,25.75,82.0,uttar_pradesh__pratapgarh,Uttar Pradesh,Pratapgarh,cell_centre_inside
77063,77,63,25.75,82.25,uttar_pradesh__jaunpur,Uttar Pradesh,Jaunpur,cell_centre_inside
77064,77,64,25.75,82.5,uttar_pradesh__jaunpur,Uttar Pradesh,Jaunpur,cell_centre_inside
77065,77,65,25.75,82.75,uttar_pradesh__jaunpur,Uttar Pradesh,Jaunpur,cell_centre_inside
77066,77,66,25.75,83.0,uttar_pradesh__azamgarh,Uttar Pradesh,Azamgarh,cell_centre_inside
77067,77,67,25.75,83.25,uttar_pradesh__ghazipur,Uttar Pradesh,Ghazipur,cell_centre_inside
77068,77,68,25.75,83.5,uttar_pradesh__ghazipur,Uttar Pradesh,Ghazipur,cell_centre_inside
77069,77,69,25.75,83.75,uttar_pradesh__ghazipur,Uttar Pradesh,Ghazipur,cell_centre_inside
77070,77,70,25.75,84.0,uttar_pradesh__ballia,Uttar Pradesh,Ballia,cell_centre_inside
77071,77,71,25.75,84.25,uttar_pradesh__ballia,Uttar Pradesh,Ballia,cell_centre_inside
77072,77,72,25.75,84.5,uttar_pradesh__ballia,Uttar Pradesh,Ballia,cell_centre_inside
77073,77,73,25.75,84.75,bihar__saran_chhapra,Bihar,Saran (chhapra),cell_centre_inside
77074,77,74,25.75,85.0,bihar__saran_chhapra,Bihar,Saran (chhapra),cell_centre_inside
77075,77,75,25.75,85.25,bihar__vaishali,Bihar,Vaishali,cell_centre_inside
77076,77,76,25.75,85.5,bihar__vaishali,Bihar,Vaishali,cell_centre_inside
77077,77,77,25.75,85.75,bihar__samastipur,Bihar,Samastipur,cell_centre_inside
77078,77,78,25.75,86.0,bihar__samastipur,Bihar,Samastipur,cell_centre_inside
77079,77,79,25.75,86.25,bihar__samastipur,Bihar,Samastipur,cell_centre_inside
77080,77,80,25.75,86.5,bihar__saharsa,Bihar,Saharsa,cell_centre_inside
77081,77,81,25.75,86.75,bihar__saharsa,Bihar,Saharsa,cell_centre_inside
77082,77,82,25.75,87.0,bihar__madhepura,Bihar,Madhepura,cell_centre_inside
77083,77,83,25.75,87.25,bihar__purnia,Bihar,Purnia,cell_centre_inside
77084,77,84,25.75,87.5,bihar__purnia,Bihar,Purnia,cell_centre_inside
77085,77,85,25.75,87.75,bihar__katihar,Bihar,Katihar,cell_centre_inside
77086,77,86,25.75,88.0,west_bengal__uttar_dinajpur,West Bengal,Uttar Dinajpur,cell_centre_inside
77087,77,87,25.75,88.25,west_bengal__uttar_dinajpur,West Bengal,Uttar Dinajpur,cell_centre_inside
77094,77,94,25.75,90.0,meghalaya__west_garo_hills,Meghalaya,West Garo Hills,cell_centre_inside
77095,77,95,25.75,90.25,meghalaya__west_garo_hills,Meghalaya,West Garo Hills,cell_centre_inside
77096,77,96,25.75,90.5,meghalaya__east_garo_hills,Meghalaya,East Garo Hills,cell_centre_inside
77097,77,97,25.75,90.75,meghalaya__east_garo_hills,Meghalaya,East Garo Hills,cell_centre_inside
77098,77,98,25.75,91.0,meghalaya__west_khasi_hills,Meghalaya,West Khasi Hills,cell_centre_inside
77099,77,99,25.75,91.25,assam__kamrup,Assam,Kamrup,cell_centre_inside
77100,77,100,25.75,91.5,meghalaya__west_khasi_hills,Meghalaya,West Khasi Hills,cell_centre_inside
77101,77,101,25.75,91.75,meghalaya__west_khasi_hills,Meghalaya,West Khasi Hills,cell_centre_inside
77102,77,102,25.75,92.0,meghalaya__ri_bhoi,Meghalaya,Ri Bhoi,cell_centre_inside
77103,77,103,25.75,92.25,assam__karbi_anglong,Assam,Karbi Anglong,cell_centre_inside
77104,77,104,25.75,92.5,assam__karbi_anglong,Assam,Karbi Anglong,cell_centre_inside
77105,77,105,25.75,92.75,assam__karbi_anglong,Assam,Karbi Anglong,cell_centre_inside
77106,77,106,25.75,93.0,assam__dima_hasao,Assam,Dima Hasao,cell_centre_inside
77107,77,107,25.75,93.25,assam__karbi_anglong,Assam,Karbi Anglong,cell_centre_inside
77108,77,108,25.75,93.5,assam__karbi_anglong,Assam,Karbi Anglong,cell_centre_inside
77109,77,109,25.75,93.75,nagaland__dimapur,Nagaland,Dimapur,cell_centre_inside
77110,77,110,25.75,94.0,nagaland__kohima,Nagaland,Kohima,cell_centre_inside
77111,77,111,25.75,94.25,nagaland__kohima,Nagaland,Kohima,cell_centre_inside
77112,77,112,25.75,94.5,nagaland__phek,Nagaland,Phek,cell_centre_inside
77113,77,113,25.75,94.75,nagaland__phek,Nagaland,Phek,cell_centre_inside
77114,77,114,25.75,95.0,nagaland__kiphire,Nagaland,Kiphire,cell_centre_inside
78015,78,15,26.0,70.25,rajasthan__barmer,Rajasthan,Barmer,cell_centre_inside
78016,78,16,26.0,70.5,rajasthan__barmer,Rajasthan,Barmer,cell_centre_inside
78017,78,17,26.0,70.75,rajasthan__barmer,Rajasthan,Barmer,cell_centre_inside
78018,78,18,26.0,71.0,rajasthan__barmer,Rajasthan,Barmer,cell_centre_inside
78019,78,19,26.0,71.25,rajasthan__barmer,Rajasthan,Barmer,cell_centre_inside
78020,78,20,26.0,71.5,rajasthan__barmer,Rajasthan,Barmer,cell_centre_inside
78021,78,21,26.0,71.75,rajasthan__barmer,Rajasthan,Barmer,cell_centre_inside
78022,78,22,26.0,72.0,rajasthan__barmer,Rajasthan,Barmer,cell_centre_inside
78023,78,23,26.0,72.25,rajasthan__barmer,Rajasthan,Barmer,cell_centre_inside
78024,78,24,26.0,72.5,rajasthan__barmer,Rajasthan,Barmer,cell_centre_inside
78025,78,25,26.0,72.75,rajasthan__jodhpur,Rajasthan,Jodhpur,cell_centre_inside
78026,78,26,26.0,73.0,rajasthan__jodhpur,Rajasthan,Jodhpur,cell_centre_inside
78027,78,27,26.0,73.25,rajasthan__pali,Rajasthan,Pali,cell_centre_inside
78028,78,28,26.0,73.5,rajasthan__pali,Rajasthan,Pali,cell_centre_inside
78029,78,29,26.0,73.75,rajasthan__pali,Rajasthan,Pali,cell_centre_inside
78030,78,30,26.0,74.0,rajasthan__pali,Rajasthan,Pali,cell_centre_inside
78031,78,31,26.0,74.25,rajasthan__ajmer,Rajasthan,Ajmer,cell_centre_inside
78032,78,32,26.0,74.5,rajasthan__ajmer,Rajasthan,Ajmer,cell_centre_inside
78033,78,33,26.0,74.75,rajasthan__ajmer,Rajasthan,Ajmer,cell_centre_inside
78034,78,34,26.0,75.0,rajasthan__ajmer,Rajasthan,Ajmer,cell_centre_inside
78035,78,35,26.0,75.25,rajasthan__ajmer,Rajasthan,Ajmer,cell_centre_inside
78036,78,36,26.0,75.5,rajasthan__tonk,Rajasthan,Tonk,cell_centre_inside
78037,78,37,26.0,75.75,rajasthan__tonk,Rajasthan,Tonk,cell_centre_inside
78038,78,38,26.0,76.0,rajasthan__tonk,Rajasthan,Tonk,cell_centre_inside
78039,78,39,26.0,76.25,rajasthan__tonk,Rajasthan,Tonk,cell_centre_inside
78040,78,40,26.0,76.5,rajasthan__sawai_madhopur,Rajasthan,Sawai Madhopur,cell_centre_inside
78041,78,41,26.0,76.75,rajasthan__sawai_madhopur,Rajasthan,Sawai Madhopur,cell_centre_inside
78042,78,42,26.0,77.0,madhya_pradesh__sheopur,Madhya Pradesh,Sheopur,cell_centre_inside
78043,78,43,26.0,77.25,madhya_pradesh__sheopur,Madhya Pradesh,Sheopur,cell_centre_inside
78044,78,44,26.0,77.5,madhya_pradesh__sheopur,Madhya Pradesh,Sheopur,cell_centre_inside
78045,78,45,26.0,77.75,madhya_pradesh__gwalior,Madhya Pradesh,Gwalior,cell_centre_inside
78046,78,46,26.0,78.0,madhya_pradesh__gwalior,Madhya Pradesh,Gwalior,cell_centre_inside
78047,78,47,26.0,78.25,madhya_pradesh__gwalior,Madhya Pradesh,Gwalior,cell_centre_inside
78048,78,48,26.0,78.5,madhya_pradesh__gwalior,Madhya Pradesh,Gwalior,cell_centre_inside
78049,78,49,26.0,78.75,madhya_pradesh__gwalior,Madhya Pradesh,Gwalior,cell_centre_inside
78050,78,50,26.0,79.0,uttar_pradesh__jalaun,Uttar Pradesh,Jalaun,cell_centre_inside
78051,78,51,26.0,79.25,uttar_pradesh__jalaun,Uttar Pradesh,Jalaun,cell_centre_inside
78052,78,52,26.0,79.5,uttar_pradesh__jalaun,Uttar Pradesh,Jalaun,cell_centre_inside
78053,78,53,26.0,79.75,uttar_pradesh__jalaun,Uttar Pradesh,Jalaun,cell_centre_inside
78054,78,54,26.0,80.0,uttar_pradesh__hamirpur,Uttar Pradesh,Hamirpur,cell_centre_inside
78055,78,55,26.0,80.25,uttar_pradesh__fatehpur,Uttar Pradesh,Fatehpur,cell_centre_inside
78056,78,56,26.0,80.5,uttar_pradesh__fatehpur,Uttar Pradesh,Fatehpur,cell_centre_inside
78057,78,57,26.0,80.75,uttar_pradesh__fatehpur,Uttar Pradesh,Fatehpur,cell_centre_inside
78058,78,58,26.0,81.0,uttar_pradesh__fatehpur,Uttar Pradesh,Fatehpur,cell_centre_inside
78059,78,59,26.0,81.25,uttar_pradesh__rae_bareli,Uttar Pradesh,Rae Bareli,cell_centre_inside
78060,78,60,26.0,81.5,uttar_pradesh__rae_bareli,Uttar Pradesh,Rae Bareli,cell_centre_inside
78061,78,61,26.0,81.75,uttar_pradesh__pratapgarh,Uttar Pradesh,Pratapgarh,cell_centre_inside
78062,78,62,26.0,82.0,uttar_pradesh__pratapgarh,Uttar Pradesh,Pratapgarh,cell_centre_inside
78063,78,63,26.0,82.25,uttar_pradesh__pratapgarh,Uttar Pradesh,Pratapgarh,cell_centre_inside
78064,78,64,26.0,82.5,uttar_pradesh__sultanpur,Uttar Pradesh,Sultanpur,cell_centre_inside
78065,78,65,26.0,82.75,uttar_pradesh__azamgarh,Uttar Pradesh,Azamgarh,cell_centre_inside
78066,78,66,26.0,83.0,uttar_pradesh__azamgarh,Uttar Pradesh,Azamgarh,cell_centre_inside
78067,78,67,26.0,83.25,uttar_pradesh__azamgarh,Uttar Pradesh,Azamgarh,cell_centre_inside
78068,78,68,26.0,83.5,uttar_pradesh__mau,Uttar Pradesh,Mau,cell_centre_inside
78069,78,69,26.0,83.75,uttar_pradesh__mau,Uttar Pradesh,Mau,cell_centre_inside
78070,78,70,26.0,84.0,uttar_pradesh__ballia,Uttar Pradesh,Ballia,cell_centre_inside
78071,78,71,26.0,84.25,bihar__siwan,Bihar,Siwan,cell_centre_inside
78072,78,72,26.0,84.5,bihar__saran_chhapra,Bihar,Saran (chhapra),cell_centre_inside
78073,78,73,26.0,84.75,bihar__saran_chhapra,Bihar,Saran (chhapra),cell_centre_inside
78074,78,74,26.0,85.0,bihar__saran_chhapra,Bihar,Saran (chhapra),cell_centre_inside
78075,78,75,26.0,85.25,bihar__vaishali,Bihar,Vaishali,cell_centre_inside
78076,78,76,26.0,85.5,bihar__muzaffarpur,Bihar,Muzaffarpur,cell_centre_inside
78077,78,77,26.0,85.75,bihar__samastipur,Bihar,Samastipur,cell_centre_inside
78078,78,78,26.0,86.0,bihar__darbhanga,Bihar,Darbhanga,cell_centre_inside
78079,78,79,26.0,86.25,bihar__darbhanga,Bihar,Darbhanga,cell_centre_inside
78080,78,80,26.0,86.5,bihar__saharsa,Bihar,Saharsa,cell_centre_inside
78081,78,81,26.0,86.75,bihar__madhepura,Bihar,Madhepura,cell_centre_inside
78082,78,82,26.0,87.0,bihar__madhepura,Bihar,Madhepura,cell_centre_inside
78083,78,83,26.0,87.25,bihar__araria,Bihar,Araria,cell_centre_inside
78084,78,84,26.0,87.5,bihar__araria,Bihar,Araria,cell_centre_inside
78085,78,85,26.0,87.75,bihar__purnia,Bihar,Purnia,cell_centre_inside
78086,78,86,26.0,88.0,west_bengal__uttar_dinajpur,West Bengal,Uttar Dinajpur,cell_centre_inside
78094,78,94,26.0,90.0,assam__dhubri,Assam,Dhubri,cell_centre_inside
78095,78,95,26.0,90.25,assam__goalpara,Assam,Goalpara,cell_centre_inside
78096,78,96,26.0,90.5,meghalaya__east_garo_hills,Meghalaya,East Garo Hills,cell_centre_inside
78097,78,97,26.0,90.75,assam__goalpara,Assam,Goalpara,cell_centre_inside
78098,78,98,26.0,91.0,assam__goalpara,Assam,Goalpara,cell_centre_inside
78099,78,99,26.0,91.25,assam__kamrup,Assam,Kamrup,cell_centre_inside
78100,78,100,26.0,91.5,assam__kamrup_metropolitan,Assam,Kamrup Metropolitan,cell_centre_inside
78101,78,101,26.0,91.75,meghalaya__ri_bhoi,Meghalaya,Ri Bhoi,cell_centre_inside
78102,78,102,26.0,92.0,meghalaya__ri_bhoi,Meghalaya,Ri Bhoi,cell_centre_inside
78103,78,103,26.0,92.25,assam__karbi_anglong,Assam,Karbi Anglong,cell_centre_inside
78104,78,104,26.0,92.5,assam__karbi_anglong,Assam,Karbi Anglong,cell_centre_inside
78105,78,105,26.0,92.75,assam__karbi_anglong,Assam,Karbi Anglong,cell_centre_inside
78106,78,106,26.0,93.0,assam__nagaon,Assam,Nagaon,cell_centre_inside
78107,78,107,26.0,93.25,assam__karbi_anglong,Assam,Karbi Anglong,cell_centre_inside
78108,78,108,26.0,93.5,assam__karbi_anglong,Assam,Karbi Anglong,cell_centre_inside
78109,78,109,26.0,93.75,assam__karbi_anglong,Assam,Karbi Anglong,cell_centre_inside
78110,78,110,26.0,94.0,nagaland__wokha,Nagaland,Wokha,cell_centre_inside
78111,78,111,26.0,94.25,nagaland__kohima,Nagaland,Kohima,cell_centre_inside
78112,78,112,26.0,94.5,nagaland__zunheboto,Nagaland,Zunheboto,cell_centre_inside
78113,78,113,26.0,94.75,nagaland__kiphire,Nagaland,Kiphire,cell_centre_inside
78114,78,114,26.0,95.0,nagaland__tuensang,Nagaland,Tuensang,cell_centre_inside
79015,79,15,26.25,70.25,rajasthan__jaisalmer,Rajasthan,Jaisalmer,cell_centre_inside
79016,79,16,26.25,70.5,rajasthan__jaisalmer,Rajasthan,Jaisalmer,cell_centre_inside
79017,79,17,26.25,70.75,rajasthan__jaisalmer,Rajasthan,Jaisalmer,cell_centre_inside
79018,79,18,26.25,71.0,rajasthan__barmer,Rajasthan,Barmer,cell_centre_inside
79019,79,19,26.25,71.25,rajasthan__barmer,Rajasthan,Barmer,cell_centre_inside
79020,79,20,26.25,71.5,rajasthan__barmer,Rajasthan,Barmer,cell_centre_inside
79021,79,21,26.25,71.75,rajasthan__barmer,Rajasthan,Barmer,cell_centre_inside
79022,79,22,26.25,72.0,rajasthan__barmer,Rajasthan,Barmer,cell_centre_inside
79023,79,23,26.25,72.25,rajasthan__jodhpur,Rajasthan,Jodhpur,cell_centre_inside
79024,79,24,26.25,72.5,rajasthan__barmer,Rajasthan,Barmer,cell_centre_inside
79025,79,25,26.25,72.75,rajasthan__jodhpur,Rajasthan,Jodhpur,cell_centre_inside
79026,79,26,26.25,73.0,rajasthan__jodhpur,Rajasthan,Jodhpur,cell_centre_inside
79027,79,27,26.25,73.25,rajasthan__jodhpur,Rajasthan,Jodhpur,cell_centre_inside
79028,79,28,26.25,73.5,rajasthan__jodhpur,Rajasthan,Jodhpur,cell_centre_inside
79029,79,29,26.25,73.75,rajasthan__jodhpur,Rajasthan,Jodhpur,cell_centre_inside
79030,79,30,26.25,74.0,rajasthan__pali,Rajasthan,Pali,cell_centre_inside
79031,79,31,26.25,74.25,rajasthan__pali,Rajasthan,Pali,cell_centre_inside
79032,79,32,26.25,74.5,rajasthan__ajmer,Rajasthan,Ajmer,cell_centre_inside
79033,79,33,26.25,74.75,rajasthan__ajmer,Rajasthan,Ajmer,cell_centre_inside
79034,79,34,26.25,75.0,rajasthan__ajmer,Rajasthan,Ajmer,cell_centre_inside
79035,79,35,26.25,75.25,rajasthan__tonk,Rajasthan,Tonk,cell_centre_inside
79036,79,36,26.25,75.5,rajasthan__tonk,Rajasthan,Tonk,cell_centre_inside
79037,79,37,26.25,75.75,rajasthan__tonk,Rajasthan,Tonk,cell_centre_inside
79038,79,38,26.25,76.0,rajasthan__tonk,Rajasthan,Tonk,cell_centre_inside
79039,79,39,26.25,76.25,rajasthan__sawai_madhopur,Rajasthan,Sawai Madhopur,cell_centre_inside
79040,79,40,26.25,76.5,rajasthan__sawai_madhopur,Rajasthan,Sawai Madhopur,cell_centre_inside
79041,79,41,26.25,76.75,rajasthan__karauli,Rajasthan,Karauli,cell_centre_inside
79042,79,42,26.25,77.0,rajasthan__karauli,Rajasthan,Karauli,cell_centre_inside
79043,79,43,26.25,77.25,madhya_pradesh__morena,Madhya Pradesh,Morena,cell_centre_inside
79044,79,44,26.25,77.5,madhya_pradesh__morena,Madhya Pradesh,Morena,cell_centre_inside
79045,79,45,26.25,77.75,madhya_pradesh__morena,Madhya Pradesh,Morena,cell_centre_inside
79046,79,46,26.25,78.0,madhya_pradesh__gwalior,Madhya Pradesh,Gwalior,cell_centre_inside
79047,79,47,26.25,78.25,madhya_pradesh__gwalior,Madhya Pradesh,Gwalior,cell_centre_inside
79048,79,48,26.25,78.5,madhya_pradesh__gwalior,Madhya Pradesh,Gwalior,cell_centre_inside
79049,79,49,26.25,78.75,madhya_pradesh__datia,Madhya Pradesh,Datia,cell_centre_inside
79050,79,50,26.25,79.0,madhya_pradesh__bhind,Madhya Pradesh,Bhind,cell_centre_inside
79051,79,51,26.25,79.25,uttar_pradesh__jalaun,Uttar Pradesh,Jalaun,cell_centre_inside
79052,79,52,26.25,79.5,uttar_pradesh__jalaun,Uttar Pradesh,Jalaun,cell_centre_inside
79053,79,53,26.25,79.75,uttar_pradesh__kanpur_dehat,Uttar Pradesh,Kanpur Dehat,cell_centre_inside
79054,79,54,26.25,80.0,uttar_pradesh__kanpur_dehat,Uttar Pradesh,Kanpur Dehat,cell_centre_inside
79055,79,55,26.25,80.25,uttar_pradesh__kanpur_nagar,Uttar Pradesh,Kanpur Nagar,cell_centre_inside
79056,79,56,26.25,80.5,uttar_pradesh__kanpur_nagar,Uttar Pradesh,Kanpur Nagar,cell_centre_inside
79057,79,57,26.25,80.75,uttar_pradesh__unnao,Uttar Pradesh,Unnao,cell_centre_inside
79058,79,58,26.25,81.0,uttar_pradesh__rae_bareli,Uttar Pradesh,Rae Bareli,cell_centre_inside
79059,79,59,26.25,81.25,uttar_pradesh__rae_bareli,Uttar Pradesh,Rae Bareli,cell_centre_inside
79060,79,60,26.25,81.5,uttar_pradesh__rae_bareli,Uttar Pradesh,Rae Bareli,cell_centre_inside
79061,79,61,26.25,81.75,uttar_pradesh__sultanpur,Uttar Pradesh,Sultanpur,cell_centre_inside
79062,79,62,26.25,82.0,uttar_pradesh__sultanpur,Uttar Pradesh,Sultanpur,cell_centre_inside
79063,79,63,26.25,82.25,uttar_pradesh__sultanpur,Uttar Pradesh,Sultanpur,cell_centre_inside
79064,79,64,26.25,82.5,uttar_pradesh__sultanpur,Uttar Pradesh,Sultanpur,cell_centre_inside
79065,79,65,26.25,82.75,uttar_pradesh__azamgarh,Uttar Pradesh,Azamgarh,cell_centre_inside
79066,79,66,26.25,83.0,uttar_pradesh__azamgarh,Uttar Pradesh,Azamgarh,cell_centre_inside
79067,79,67,26.25,83.25,uttar_pradesh__azamgarh,Uttar Pradesh,Azamgarh,cell_centre_inside
79068,79,68,26.25,83.5,uttar_pradesh__mau,Uttar Pradesh,Mau,cell_centre_inside
79069,79,69,26.25,83.75,uttar_pradesh__mau,Uttar Pradesh,Mau,cell_centre_inside
79070,79,70,26.25,84.0,uttar_pradesh__deoria,Uttar Pradesh,Deoria,cell_centre_inside
79071,79,71,26.25,84.25,bihar__siwan,Bihar,Siwan,cell_centre_inside
79072,79,72,26.25,84.5,bihar__siwan,Bihar,Siwan,cell_centre_inside
79073,79,73,26.25,84.75,bihar__gopalganj,Bihar,Gopalganj,cell_centre_inside
79074,79,74,26.25,85.0,bihar__muzaffarpur,Bihar,Muzaffarpur,cell_centre_inside
79075,79,75,26.25,85.25,bihar__muzaffarpur,Bihar,Muzaffarpur,cell_centre_inside
79076,79,76,26.25,85.5,bihar__muzaffarpur,Bihar,Muzaffarpur,cell_centre_inside
79077,79,77,26.25,85.75,bihar__darbhanga,Bihar,Darbhanga,cell_centre_inside
79078,79,78,26.25,86.0,bihar__darbhanga,Bihar,Darbhanga,cell_centre_inside
79079,79,79,26.25,86.25,bihar__madhubani,Bihar,Madhubani,cell_centre_inside
79080,79,80,26.25,86.5,bihar__madhubani,Bihar,Madhubani,cell_centre_inside
79081,79,81,26.25,86.75,bihar__supaul,Bihar,Supaul,cell_centre_inside
79082,79,82,26.25,87.0,bihar__supaul,Bihar,Supaul,cell_centre_inside
79083,79,83,26.25,87.25,bihar__araria,Bihar,Araria,cell_centre_inside
79084,79,84,26.25,87.5,bihar__araria,Bihar,Araria,cell_centre_inside
79085,79,85,26.25,87.75,bihar__kishanganj,Bihar,Kishanganj,cell_centre_inside
79086,79,86,26.25,88.0,bihar__kishanganj,Bihar,Kishanganj,cell_centre_inside
79087,79,87,26.25,88.25,west_bengal__uttar_dinajpur,West Bengal,Uttar Dinajpur,cell_centre_inside
79090,79,90,26.25,89.0,west_bengal__koch_bihar,West Bengal,Koch Bihar,cell_centre_inside
79091,79,91,26.25,89.25,west_bengal__koch_bihar,West Bengal,Koch Bihar,cell_centre_inside
79092,79,92,26.25,89.5,west_bengal__koch_bihar,West Bengal,Koch Bihar,cell_centre_inside
79093,79,93,26.25,89.75,assam__dhubri,Assam,Dhubri,cell_centre_inside
79094,79,94,26.25,90.0,assam__kokrajhar,Assam,Kokrajhar,cell_centre_inside
79095,79,95,26.25,90.25,assam__dhubri,Assam,Dhubri,cell_centre_inside
79096,79,96,26.25,90.5,assam__bongaigaon,Assam,Bongaigaon,cell_centre_inside
79097,79,97,26.25,90.75,assam__barpeta,Assam,Barpeta,cell_centre_inside
79098,79,98,26.25,91.0,assam__barpeta,Assam,Barpeta,cell_centre_inside
79099,79,99,26.25,91.25,assam__nalbari,Assam,Nalbari,cell_centre_inside
79100,79,100,26.25,91.5,assam__kamrup,Assam,Kamrup,cell_centre_inside
79101,79,101,26.25,91.75,assam__kamrup,Assam,Kamrup,cell_centre_inside
79102,79,102,26.25,92.0,assam__marigaon,Assam,Marigaon,cell_centre_inside
79103,79,103,26.25,92.25,assam__marigaon,Assam,Marigaon,cell_centre_inside
79104,79,104,26.25,92.5,assam__nagaon,Assam,Nagaon,cell_centre_inside
79105,79,105,26.25,92.75,assam__nagaon,Assam,Nagaon,cell_centre_inside
79106,79,106,26.25,93.0,assam__karbi_anglong,Assam,Karbi Anglong,cell_centre_inside
79107,79,107,26.25,93.25,assam__karbi_anglong,Assam,Karbi Anglong,cell_centre_inside
79108,79,108,26.25,93.5,assam__karbi_anglong,Assam,Karbi Anglong,cell_centre_inside
79109,79,109,26.25,93.75,assam__karbi_anglong,Assam,Karbi Anglong,cell_centre_inside
79110,79,110,26.25,94.0,assam__golaghat,Assam,Golaghat,cell_centre_inside
79111,79,111,26.25,94.25,nagaland__wokha,Nagaland,Wokha,cell_centre_inside
79112,79,112,26.25,94.5,nagaland__zunheboto,Nagaland,Zunheboto,cell_centre_inside
79113,79,113,26.25,94.75,nagaland__tuensang,Nagaland,Tuensang,cell_centre_inside
79114,79,114,26.25,95.0,nagaland__tuensang,Nagaland,Tuensang,cell_centre_inside
80015,80,15,26.5,70.25,rajasthan__jaisalmer,Rajasthan,Jaisalmer,cell_centre_inside
80016,80,16,26.5,70.5,rajasthan__jaisalmer,Rajasthan,Jaisalmer,cell_centre_inside
80017,80,17,26.5,70.75,rajasthan__jaisalmer,Rajasthan,Jaisalmer,cell_centre_inside
80018,80,18,26.5,71.0,rajasthan__jaisalmer,Rajasthan,Jaisalmer,cell_centre_inside
80019,80,19,26.5,71.25,rajasthan__jaisalmer,Rajasthan,Jaisalmer,cell_centre_inside
80020,80,20,26.5,71.5,rajasthan__jaisalmer,Rajasthan,Jaisalmer,cell_centre_inside
80021,80,21,26.5,71.75,rajasthan__jaisalmer,Rajasthan,Jaisalmer,cell_centre_inside
80022,80,22,26.5,72.0,rajasthan__jaisalmer,Rajasthan,Jaisalmer,cell_centre_inside
80023,80,23,26.5,72.25,rajasthan__jodhpur,Rajasthan,Jodhpur,cell_centre_inside
80024,80,24,26.5,72.5,rajasthan__jodhpur,Rajasthan,Jodhpur,cell_centre_inside
80025,80,25,26.5,72.75,rajasthan__jodhpur,Rajasthan,Jodhpur,cell_centre_inside
80026,80,26,26.5,73.0,rajasthan__jodhpur,Rajasthan,Jodhpur,cell_centre_inside
80027,80,27,26.5,73.25,rajasthan__jodhpur,Rajasthan,Jodhpur,cell_centre_inside
80028,80,28,26.5,73.5,rajasthan__jodhpur,Rajasthan,Jodhpur,cell_centre_inside
80029,80,29,26.5,73.75,rajasthan__jodhpur,Rajasthan,Jodhpur,cell_centre_inside
80030,80,30,26.5,74.0,rajasthan__nagaur,Rajasthan,Nagaur,cell_centre_inside
80031,80,31,26.5,74.25,rajasthan__nagaur,Rajasthan,Nagaur,cell_centre_inside
80032,80,32,26.5,74.5,rajasthan__ajmer,Rajasthan,Ajmer,cell_centre_inside
80033,80,33,26.5,74.75,rajasthan__ajmer,Rajasthan,Ajmer,cell_centre_inside
80034,80,34,26.5,75.0,rajasthan__ajmer,Rajasthan,Ajmer,cell_centre_inside
80035,80,35,26.5,75.25,rajasthan__tonk,Rajasthan,Tonk,cell_centre_inside
80036,80,36,26.5,75.5,rajasthan__jaipur,Rajasthan,Jaipur,cell_centre_inside
80037,80,37,26.5,75.75,rajasthan__jaipur,Rajasthan,Jaipur,cell_centre_inside
80038,80,38,26.5,76.0,rajasthan__jaipur,Rajasthan,Jaipur,cell_centre_inside
80039,80,39,26.5,76.25,rajasthan__dausa,Rajasthan,Dausa,cell_centre_inside
80040,80,40,26.5,76.5,rajasthan__sawai_madhopur,Rajasthan,Sawai Madhopur,cell_centre_inside
80041,80,41,26.5,76.75,rajasthan__sawai_madhopur,Rajasthan,Sawai Madhopur,cell_centre_inside
80042,80,42,26.5,77.0,rajasthan__karauli,Rajasthan,Karauli,cell_centre_inside
80043,80,43,26.5,77.25,rajasthan__dhaulpur,Rajasthan,Dhaulpur,cell_centre_inside
80044,80,44,26.5,77.5,rajasthan__dhaulpur,Rajasthan,Dhaulpur,cell_centre_inside
80045,80,45,26.5,77.75,madhya_pradesh__morena,Madhya Pradesh,Morena,cell_centre_inside
80046,80,46,26.5,78.0,madhya_pradesh__morena,Madhya Pradesh,Morena,cell_centre_inside
80047,80,47,26.5,78.25,madhya_pradesh__bhind,Madhya Pradesh,Bhind,cell_centre_inside
80048,80,48,26.5,78.5,madhya_pradesh__bhind,Madhya Pradesh,Bhind,cell_centre_inside
80049,80,49,26.5,78.75,madhya_pradesh__bhind,Madhya Pradesh,Bhind,cell_centre_inside
80050,80,50,26.5,79.0,madhya_pradesh__bhind,Madhya Pradesh,Bhind,cell_centre_inside
80051,80,51,26.5,79.25,uttar_pradesh__etawah,Uttar Pradesh,Etawah,cell_centre_inside
80052,80,52,26.5,79.5,uttar_pradesh__auraiya,Uttar Pradesh,Auraiya,cell_centre_inside
80053,80,53,26.5,79.75,uttar_pradesh__kanpur_dehat,Uttar Pradesh,Kanpur Dehat,cell_centre_inside
80054,80,54,26.5,80.0,uttar_pradesh__kanpur_dehat,Uttar Pradesh,Kanpur Dehat,cell_centre_inside
80055,80,55,26.5,80.25,uttar_pradesh__kanpur_nagar,Uttar Pradesh,Kanpur Nagar,cell_centre_inside
80056,80,56,26.5,80.5,uttar_pradesh__unnao,Uttar Pradesh,Unnao,cell_centre_inside
80057,80,57,26.5,80.75,uttar_pradesh__unnao,Uttar Pradesh,Unnao,cell_centre_inside
80058,80,58,26.5,81.0,uttar_pradesh__rae_bareli,Uttar Pradesh,Rae Bareli,cell_centre_inside
80059,80,59,26.5,81.25,uttar_pradesh__rae_bareli,Uttar Pradesh,Rae Bareli,cell_centre_inside
80060,80,60,26.5,81.5,uttar_pradesh__rae_bareli,Uttar Pradesh,Rae Bareli,cell_centre_inside
80061,80,61,26.5,81.75,uttar_pradesh__sultanpur,Uttar Pradesh,Sultanpur,cell_centre_inside
80062,80,62,26.5,82.0,uttar_pradesh__faizabad,Uttar Pradesh,Faizabad,cell_centre_inside
80063,80,63,26.5,82.25,uttar_pradesh__faizabad,Uttar Pradesh,Faizabad,cell_centre_inside
80064,80,64,26.5,82.5,uttar_pradesh__ambedkar_nagar,Uttar Pradesh,Ambedkar Nagar,cell_centre_inside
80065,80,65,26.5,82.75,uttar_pradesh__ambedkar_nagar,Uttar Pradesh,Ambedkar Nagar,cell_centre_inside
80066,80,66,26.5,83.0,uttar_pradesh__sant_kabir_nagar,Uttar Pradesh,Sant Kabir Nagar,cell_centre_inside
80067,80,67,26.5,83.25,uttar_pradesh__gorakhpur,Uttar Pradesh,Gorakhpur,cell_centre_inside
80068,80,68,26.5,83.5,uttar_pradesh__gorakhpur,Uttar Pradesh,Gorakhpur,cell_centre_inside
80069,80,69,26.5,83.75,uttar_pradesh__deoria,Uttar Pradesh,Deoria,cell_centre_inside
80070,80,70,26.5,84.0,bihar__gopalganj,Bihar,Gopalganj,cell_centre_inside
80071,80,71,26.5,84.25,bihar__gopalganj,Bihar,Gopalganj,cell_centre_inside
80072,80,72,26.5,84.5,bihar__gopalganj,Bihar,Gopalganj,cell_centre_inside
80073,80,73,26.5,84.75,bihar__purba_champaran,Bihar,Purba Champaran,cell_centre_inside
80074,80,74,26.5,85.0,bihar__purba_champaran,Bihar,Purba Champaran,cell_centre_inside
80075,80,75,26.5,85.25,bihar__sheohar,Bihar,Sheohar,cell_centre_inside
80076,80,76,26.5,85.5,bihar__sitamarhi,Bihar,Sitamarhi,cell_centre_inside
80077,80,77,26.5,85.75,bihar__sitamarhi,Bihar,Sitamarhi,cell_centre_inside
80078,80,78,26.5,86.0,bihar__madhubani,Bihar,Madhubani,cell_centre_inside
80079,80,79,26.5,86.25,bihar__madhubani,Bihar,Madhubani,cell_centre_inside
80080,80,80,26.5,86.5,bihar__madhubani,Bihar,Madhubani,cell_centre_inside
80082,80,82,26.5,87.0,bihar__supaul,Bihar,Supaul,cell_centre_inside
80087,80,87,26.5,88.25,west_bengal__darjiling,West Bengal,Darjiling,cell_centre_inside
80089,80,89,26.5,88.75,west_bengal__jalpaiguri,West Bengal,Jalpaiguri,cell_centre_inside
80090,80,90,26.5,89.0,west_bengal__koch_bihar,West Bengal,Koch Bihar,cell_centre_inside
80091,80,91,26.5,89.25,west_bengal__jalpaiguri,West Bengal,Jalpaiguri,cell_centre_inside
80092,80,92,26.5,89.5,west_bengal__jalpaiguri,West Bengal,Jalpaiguri,cell_centre_inside
80093,80,93,26.5,89.75,west_bengal__jalpaiguri,West Bengal,Jalpaiguri,cell_centre_inside
80094,80,94,26.5,90.0,assam__kokrajhar,Assam,Kokrajhar,cell_centre_inside
80095,80,95,26.5,90.25,assam__kokrajhar,Assam,Kokrajhar,cell_centre_inside
80096,80,96,26.5,90.5,assam__chirang,Assam,Chirang,cell_centre_inside
80097,80,97,26.5,90.75,assam__chirang,Assam,Chirang,cell_centre_inside
80098,80,98,26.5,91.0,assam__barpeta,Assam,Barpeta,cell_centre_inside
80099,80,99,26.5,91.25,assam__barpeta,Assam,Barpeta,cell_centre_inside
80100,80,100,26.5,91.5,assam__nalbari,Assam,Nalbari,cell_centre_inside
80101,80,101,26.5,91.75,assam__baksa,Assam,Baksa,cell_centre_inside
80102,80,102,26.5,92.0,assam__darrang,Assam,Darrang,cell_centre_inside
80103,80,103,26.5,92.25,assam__darrang,Assam,Darrang,cell_centre_inside
80104,80,104,26.5,92.5,assam__nagaon,Assam,Nagaon,cell_centre_inside
80105,80,105,26.5,92.75,assam__nagaon,Assam,Nagaon,cell_centre_inside
80106,80,106,26.5,93.0,assam__nagaon,Assam,Nagaon,cell_centre_inside
80107,80,107,26.5,93.25,assam__karbi_anglong,Assam,Karbi Anglong,cell_centre_inside
80108,80,108,26.5,93.5,assam__karbi_anglong,Assam,Karbi Anglong,cell_centre_inside
80109,80,109,26.5,93.75,assam__karbi_anglong,Assam,Karbi Anglong,cell_centre_inside
80110,80,110,26.5,94.0,assam__golaghat,Assam,Golaghat,cell_centre_inside
80111,80,111,26.5,94.25,nagaland__wokha,Nagaland,Wokha,cell_centre_inside
80112,80,112,26.5,94.5,nagaland__mokokchung,Nagaland,Mokokchung,cell_centre_inside
80113,80,113,26.5,94.75,nagaland__longleng,Nagaland,Longleng,cell_centre_inside
80114,80,114,26.5,95.0,nagaland__mon,Nagaland,Mon,cell_centre_inside
81013,81,13,26.75,69.75,rajasthan__jaisalmer,Rajasthan,Jaisalmer,cell_centre_inside
81014,81,14,26.75,70.0,rajasthan__jaisalmer,Rajasthan,Jaisalmer,cell_centre_inside
81015,81,15,26.75,70.25,rajasthan__jaisalmer,Rajasthan,Jaisalmer,cell_centre_inside
81016,81,16,26.75,70.5,rajasthan__jaisalmer,Rajasthan,Jaisalmer,cell_centre_inside
81017,81,17,26.75,70.75,rajasthan__jaisalmer,Rajasthan,Jaisalmer,cell_centre_inside
81018,81,18,26.75,71.0,rajasthan__jaisalmer,Rajasthan,Jaisalmer,cell_centre_inside
81019,81,19,26.75,71.25,rajasthan__jaisalmer,Rajasthan,Jaisalmer,cell_centre_inside
81020,81,20,26.75,71.5,rajasthan__jaisalmer,Rajasthan,Jaisalmer,cell_centre_inside
81021,81,21,26.75,71.75,rajasthan__jaisalmer,Rajasthan,Jaisalmer,cell_centre_inside
81022,81,22,26.75,72.0,rajasthan__jaisalmer,Rajasthan,Jaisalmer,cell_centre_inside
81023,81,23,26.75,72.25,rajasthan__jodhpur,Rajasthan,Jodhpur,cell_centre_inside
81024,81,24,26.75,72.5,rajasthan__jodhpur,Rajasthan,Jodhpur,cell_centre_inside
81025,81,25,26.75,72.75,rajasthan__jodhpur,Rajasthan,Jodhpur,cell_centre_inside
81026,81,26,26.75,73.0,rajasthan__jodhpur,Rajasthan,Jodhpur,cell_centre_inside
81027,81,27,26.75,73.25,rajasthan__jodhpur,Rajasthan,Jodhpur,cell_centre_inside
81028,81,28,26.75,73.5,rajasthan__jodhpur,Rajasthan,Jodhpur,cell_centre_inside
81029,81,29,26.75,73.75,rajasthan__nagaur,Rajasthan,Nagaur,cell_centre_inside
81030,81,30,26.75,74.0,rajasthan__nagaur,Rajasthan,Nagaur,cell_centre_inside
81031,81,31,26.75,74.25,rajasthan__nagaur,Rajasthan,Nagaur,cell_centre_inside
81032,81,32,26.75,74.5,rajasthan__nagaur,Rajasthan,Nagaur,cell_centre_inside
81033,81,33,26.75,74.75,rajasthan__ajmer,Rajasthan,Ajmer,cell_centre_inside
81034,81,34,26.75,75.0,rajasthan__ajmer,Rajasthan,Ajmer,cell_centre_inside
81035,81,35,26.75,75.25,rajasthan__jaipur,Rajasthan,Jaipur,cell_centre_inside
81036,81,36,26.75,75.5,rajasthan__jaipur,Rajasthan,Jaipur,cell_centre_inside
81037,81,37,26.75,75.75,rajasthan__jaipur,Rajasthan,Jaipur,cell_centre_inside
81038,81,38,26.75,76.0,rajasthan__jaipur,Rajasthan,Jaipur,cell_centre_inside
81039,81,39,26.75,76.25,rajasthan__dausa,Rajasthan,Dausa,cell_centre_inside
81040,81,40,26.75,76.5,rajasthan__dausa,Rajasthan,Dausa,cell_centre_inside
81041,81,41,26.75,76.75,rajasthan__karauli,Rajasthan,Karauli,cell_centre_inside
81042,81,42,26.75,77.0,rajasthan__karauli,Rajasthan,Karauli,cell_centre_inside
81043,81,43,26.75,77.25,rajasthan__karauli,Rajasthan,Karauli,cell_centre_inside
81044,81,44,26.75,77.5,rajasthan__dhaulpur,Rajasthan,Dhaulpur,cell_centre_inside
81045,81,45,26.75,77.75,rajasthan__dhaulpur,Rajasthan,Dhaulpur,cell_centre_inside
81046,81,46,26.75,78.0,rajasthan__dhaulpur,Rajasthan,Dhaulpur,cell_centre_inside
81047,81,47,26.75,78.25,madhya_pradesh__morena,Madhya Pradesh,Morena,cell_centre_inside
81048,81,48,26.75,78.5,madhya_pradesh__morena,Madhya Pradesh,Morena,cell_centre_inside
81049,81,49,26.75,78.75,madhya_pradesh__bhind,Madhya Pradesh,Bhind,cell_centre_inside
81050,81,50,26.75,79.0,uttar_pradesh__etawah,Uttar Pradesh,Etawah,cell_centre_inside
81051,81,51,26.75,79.25,uttar_pradesh__etawah,Uttar Pradesh,Etawah,cell_centre_inside
81052,81,52,26.75,79.5,uttar_pradesh__auraiya,Uttar Pradesh,Auraiya,cell_centre_inside
81053,81,53,26.75,79.75,uttar_pradesh__kanpur_dehat,Uttar Pradesh,Kanpur Dehat,cell_centre_inside
81054,81,54,26.75,80.0,uttar_pradesh__kanpur_nagar,Uttar Pradesh,Kanpur Nagar,cell_centre_inside
81055,81,55,26.75,80.25,uttar_pradesh__unnao,Uttar Pradesh,Unnao,cell_centre_inside
81056,81,56,26.75,80.5,uttar_pradesh__unnao,Uttar Pradesh,Unnao,cell_centre_inside
81057,81,57,26.75,80.75,uttar_pradesh__lucknow,Uttar Pradesh,Lucknow,cell_centre_inside
81058,81,58,26.75,81.0,uttar_pradesh__lucknow,Uttar Pradesh,Lucknow,cell_centre_inside
81059,81,59,26.75,81.25,uttar_pradesh__bara_banki,Uttar Pradesh,Bara Banki,cell_centre_inside
81060,81,60,26.75,81.5,uttar_pradesh__bara_banki,Uttar Pradesh,Bara Banki,cell_centre_inside
81061,81,61,26.75,81.75,uttar_pradesh__faizabad,Uttar Pradesh,Faizabad,cell_centre_inside
81062,81,62,26.75,82.0,uttar_pradesh__faizabad,Uttar Pradesh,Faizabad,cell_centre_inside
81063,81,63,26.75,82.25,uttar_pradesh__basti,Uttar Pradesh,Basti,cell_centre_inside
81064,81,64,26.75,82.5,uttar_pradesh__basti,Uttar Pradesh,Basti,cell_centre_inside
81065,81,65,26.75,82.75,uttar_pradesh__basti,Uttar Pradesh,Basti,cell_centre_inside
81066,81,66,26.75,83.0,uttar_pradesh__sant_kabir_nagar,Uttar Pradesh,Sant Kabir Nagar,cell_centre_inside
81067,81,67,26.75,83.25,uttar_pradesh__gorakhpur,Uttar Pradesh,Gorakhpur,cell_centre_inside
81068,81,68,26.75,83.5,uttar_pradesh__gorakhpur,Uttar Pradesh,Gorakhpur,cell_centre_inside
81069,81,69,26.75,83.75,uttar_pradesh__kushinagar,Uttar Pradesh,Kushinagar,cell_centre_inside
81070,81,70,26.75,84.0,uttar_pradesh__kushinagar,Uttar Pradesh,Kushinagar,cell_centre_inside
81071,81,71,26.75,84.25,bihar__pashchim_champaran,Bihar,Pashchim Champaran,cell_centre_inside
81072,81,72,26.75,84.5,bihar__pashchim_champaran,Bihar,Pashchim Champaran,cell_centre_inside
81073,81,73,26.75,84.75,bihar__purba_champaran,Bihar,Purba Champaran,cell_centre_inside
81074,81,74,26.75,85.0,bihar__purba_champaran,Bihar,Purba Champaran,cell_centre_inside
81075,81,75,26.75,85.25,bihar__purba_champaran,Bihar,Purba Champaran,cell_centre_inside
81076,81,76,26.75,85.5,bihar__sitamarhi,Bihar,Sitamarhi,cell_centre_inside
81087,81,87,26.75,88.25,west_bengal__darjiling,West Bengal,Darjiling,cell_centre_inside
81088,81,88,26.75,88.5,west_bengal__jalpaiguri,West Bengal,Jalpaiguri,cell_centre_inside
81089,81,89,26.75,88.75,west_bengal__jalpaiguri,West Bengal,Jalpaiguri,cell_centre_inside
81090,81,90,26.75,89.0,west_bengal__jalpaiguri,West Bengal,Jalpaiguri,cell_centre_inside
81091,81,91,26.75,89.25,west_bengal__jalpaiguri,West Bengal,Jalpaiguri,cell_centre_inside
81092,81,92,26.75,89.5,west_bengal__jalpaiguri,West Bengal,Jalpaiguri,cell_centre_inside
81095,81,95,26.75,90.25,assam__kokrajhar,Assam,Kokrajhar,cell_centre_inside
81096,81,96,26.75,90.5,assam__chirang,Assam,Chirang,cell_centre_inside
81097,81,97,26.75,90.75,assam__chirang,Assam,Chirang,cell_centre_inside
81098,81,98,26.75,91.0,assam__baksa,Assam,Baksa,cell_centre_inside
81099,81,99,26.75,91.25,assam__baksa,Assam,Baksa,cell_centre_inside
81100,81,100,26.75,91.5,assam__baksa,Assam,Baksa,cell_centre_inside
81101,81,101,26.75,91.75,assam__udalguri,Assam,Udalguri,cell_centre_inside
81102,81,102,26.75,92.0,assam__udalguri,Assam,Udalguri,cell_centre_inside
81103,81,103,26.75,92.25,assam__udalguri,Assam,Udalguri,cell_centre_inside
81104,81,104,26.75,92.5,assam__sonitpur,Assam,Sonitpur,cell_centre_inside
81105,81,105,26.75,92.75,assam__sonitpur,Assam,Sonitpur,cell_centre_inside
81106,81,106,26.75,93.0,assam__sonitpur,Assam,Sonitpur,cell_centre_inside
81107,81,107,26.75,93.25,assam__sonitpur,Assam,Sonitpur,cell_centre_inside
81108,81,108,26.75,93.5,assam__golaghat,Assam,Golaghat,cell_centre_inside
81109,81,109,26.75,93.75,assam__golaghat,Assam,Golaghat,cell_centre_inside
81110,81,110,26.75,94.0,assam__golaghat,Assam,Golaghat,cell_centre_inside
81111,81,111,26.75,94.25,assam__jorhat,Assam,Jorhat,cell_centre_inside
81112,81,112,26.75,94.5,assam__jorhat,Assam,Jorhat,cell_centre_inside
81113,81,113,26.75,94.75,nagaland__longleng,Nagaland,Longleng,cell_centre_inside
81114,81,114,26.75,95.0,nagaland__mon,Nagaland,Mon,cell_centre_inside
81115,81,115,26.75,95.25,arunanchal_pradesh__tirap,Arunanchal Pradesh,Tirap,cell_centre_inside
82013,82,13,27.0,69.75,rajasthan__jaisalmer,Rajasthan,Jaisalmer,cell_centre_inside
82014,82,14,27.0,70.0,rajasthan__jaisalmer,Rajasthan,Jaisalmer,cell_centre_inside
82015,82,15,27.0,70.25,rajasthan__jaisalmer,Rajasthan,Jaisalmer,cell_centre_inside
82016,82,16,27.0,70.5,rajasthan__jaisalmer,Rajasthan,Jaisalmer,cell_centre_inside
82017,82,17,27.0,70.75,rajasthan__jaisalmer,Rajasthan,Jaisalmer,cell_centre_inside
82018,82,18,27.0,71.0,rajasthan__jaisalmer,Rajasthan,Jaisalmer,cell_centre_inside
82019,82,19,27.0,71.25,rajasthan__jaisalmer,Rajasthan,Jaisalmer,cell_centre_inside
82020,82,20,27.0,71.5,rajasthan__jaisalmer,Rajasthan,Jaisalmer,cell_centre_inside
82021,82,21,27.0,71.75,rajasthan__jaisalmer,Rajasthan,Jaisalmer,cell_centre_inside
82022,82,22,27.0,72.0,rajasthan__jaisalmer,Rajasthan,Jaisalmer,cell_centre_inside
82023,82,23,27.0,72.25,rajasthan__jodhpur,Rajasthan,Jodhpur,cell_centre_inside
82024,82,24,27.0,72.5,rajasthan__jodhpur,Rajasthan,Jodhpur,cell_centre_inside
82025,82,25,27.0,72.75,rajasthan__jodhpur,Rajasthan,Jodhpur,cell_centre_inside
82026,82,26,27.0,73.0,rajasthan__jodhpur,Rajasthan,Jodhpur,cell_centre_inside
82027,82,27,27.0,73.25,rajasthan__nagaur,Rajasthan,Nagaur,cell_centre_inside
82028,82,28,27.0,73.5,rajasthan__nagaur,Rajasthan,Nagaur,cell_centre_inside
82029,82,29,27.0,73.75,rajasthan__nagaur,Rajasthan,Nagaur,cell_centre_inside
82030,82,30,27.0,74.0,rajasthan__nagaur,Rajasthan,Nagaur,cell_centre_inside
82031,82,31,27.0,74.25,rajasthan__nagaur,Rajasthan,Nagaur,cell_centre_inside
82032,82,32,27.0,74.5,rajasthan__nagaur,Rajasthan,Nagaur,cell_centre_inside
82033,82,33,27.0,74.75,rajasthan__nagaur,Rajasthan,Nagaur,cell_centre_inside
82034,82,34,27.0,75.0,rajasthan__nagaur,Rajasthan,Nagaur,cell_centre_inside
82035,82,35,27.0,75.25,rajasthan__jaipur,Rajasthan,Jaipur,cell_centre_inside
82036,82,36,27.0,75.5,rajasthan__jaipur,Rajasthan,Jaipur,cell_centre_inside
82037,82,37,27.0,75.75,rajasthan__jaipur,Rajasthan,Jaipur,cell_centre_inside
82038,82,38,27.0,76.0,rajasthan__jaipur,Rajasthan,Jaipur,cell_centre_inside
82039,82,39,27.0,76.25,rajasthan__jaipur,Rajasthan,Jaipur,cell_centre_inside
82040,82,40,27.0,76.5,rajasthan__dausa,Rajasthan,Dausa,cell_centre_inside
82041,82,41,27.0,76.75,rajasthan__dausa,Rajasthan,Dausa,cell_centre_inside
82042,82,42,27.0,77.0,rajasthan__dausa,Rajasthan,Dausa,cell_centre_inside
82043,82,43,27.0,77.25,rajasthan__bharatpur,Rajasthan,Bharatpur,cell_centre_inside
82044,82,44,27.0,77.5,rajasthan__bharatpur,Rajasthan,Bharatpur,cell_centre_inside
82045,82,45,27.0,77.75,rajasthan__bharatpur,Rajasthan,Bharatpur,cell_centre_inside
82046,82,46,27.0,78.0,uttar_pradesh__agra,Uttar Pradesh,Agra,cell_centre_inside
82047,82,47,27.0,78.25,uttar_pradesh__agra,Uttar Pradesh,Agra,cell_centre_inside
82048,82,48,27.0,78.5,uttar_pradesh__firozabad,Uttar Pradesh,Firozabad,cell_centre_inside
82049,82,49,27.0,78.75,uttar_pradesh__firozabad,Uttar Pradesh,Firozabad,cell_centre_inside
82050,82,50,27.0,79.0,uttar_pradesh__mainpuri,Uttar Pradesh,Mainpuri,cell_centre_inside
82051,82,51,27.0,79.25,uttar_pradesh__mainpuri,Uttar Pradesh,Mainpuri,cell_centre_inside
82052,82,52,27.0,79.5,uttar_pradesh__kannauj,Uttar Pradesh,Kannauj,cell_centre_inside
82053,82,53,27.0,79.75,uttar_pradesh__kannauj,Uttar Pradesh,Kannauj,cell_centre_inside
82054,82,54,27.0,80.0,uttar_pradesh__kannauj,Uttar Pradesh,Kannauj,cell_centre_inside
82055,82,55,27.0,80.25,uttar_pradesh__unnao,Uttar Pradesh,Unnao,cell_centre_inside
82056,82,56,27.0,80.5,uttar_pradesh__hardoi,Uttar Pradesh,Hardoi,cell_centre_inside
82057,82,57,27.0,80.75,uttar_pradesh__lucknow,Uttar Pradesh,Lucknow,cell_centre_inside
82058,82,58,27.0,81.0,uttar_pradesh__lucknow,Uttar Pradesh,Lucknow,cell_centre_inside
82059,82,59,27.0,81.25,uttar_pradesh__bara_banki,Uttar Pradesh,Bara Banki,cell_centre_inside
82060,82,60,27.0,81.5,uttar_pradesh__bara_banki,Uttar Pradesh,Bara Banki,cell_centre_inside
82061,82,61,27.0,81.75,uttar_pradesh__gonda,Uttar Pradesh,Gonda,cell_centre_inside
82062,82,62,27.0,82.0,uttar_pradesh__gonda,Uttar Pradesh,Gonda,cell_centre_inside
82063,82,63,27.0,82.25,uttar_pradesh__gonda,Uttar Pradesh,Gonda,cell_centre_inside
82064,82,64,27.0,82.5,uttar_pradesh__gonda,Uttar Pradesh,Gonda,cell_centre_inside
82065,82,65,27.0,82.75,uttar_pradesh__basti,Uttar Pradesh,Basti,cell_centre_inside
82066,82,66,27.0,83.0,uttar_pradesh__sant_kabir_nagar,Uttar Pradesh,Sant Kabir Nagar,cell_centre_inside
82067,82,67,27.0,83.25,uttar_pradesh__gorakhpur,Uttar Pradesh,Gorakhpur,cell_centre_inside
82068,82,68,27.0,83.5,uttar_pradesh__maharajganj,Uttar Pradesh,Maharajganj,cell_centre_inside
82069,82,69,27.0,83.75,uttar_pradesh__maharajganj,Uttar Pradesh,Maharajganj,cell_centre_inside
82070,82,70,27.0,84.0,uttar_pradesh__kushinagar,Uttar Pradesh,Kushinagar,cell_centre_inside
82071,82,71,27.0,84.25,bihar__pashchim_champaran,Bihar,Pashchim Champaran,cell_centre_inside
82072,82,72,27.0,84.5,bihar__pashchim_champaran,Bihar,Pashchim Champaran,cell_centre_inside
82073,82,73,27.0,84.75,bihar__pashchim_champaran,Bihar,Pashchim Champaran,cell_centre_inside
82087,82,87,27.0,88.25,west_bengal__darjiling,West Bengal,Darjiling,cell_centre_inside
82088,82,88,27.0,88.5,west_bengal__darjiling,West Bengal,Darjiling,cell_centre_inside
82089,82,89,27.0,88.75,west_bengal__darjiling,West Bengal,Darjiling,cell_centre_inside
82103,82,103,27.0,92.25,arunanchal_pradesh__west_kameng,Arunanchal Pradesh,West Kameng,cell_centre_inside
82104,82,104,27.0,92.5,arunanchal_pradesh__west_kameng,Arunanchal Pradesh,West Kameng,cell_centre_inside
82105,82,105,27.0,92.75,assam__sonitpur,Assam,Sonitpur,cell_centre_inside
82106,82,106,27.0,93.0,arunanchal_pradesh__east_kameng,Arunanchal Pradesh,East Kameng,cell_centre_inside
82107,82,107,27.0,93.25,arunanchal_pradesh__east_kameng,Arunanchal Pradesh,East Kameng,cell_centre_inside
82108,82,108,27.0,93.5,arunanchal_pradesh__papum_pare,Arunanchal Pradesh,Papum Pare,cell_centre_inside
82109,82,109,27.0,93.75,assam__lakhimpur,Assam,Lakhimpur,cell_centre_inside
82110,82,110,27.0,94.0,assam__lakhimpur,Assam,Lakhimpur,cell_centre_inside
82111,82,111,27.0,94.25,assam__jorhat,Assam,Jorhat,cell_centre_inside
82112,82,112,27.0,94.5,assam__sivasagar,Assam,Sivasagar,cell_centre_inside
82113,82,113,27.0,94.75,assam__sivasagar,Assam,Sivasagar,cell_centre_inside
82114,82,114,27.0,95.0,assam__sivasagar,Assam,Sivasagar,cell_centre_inside
82115,82,115,27.0,95.25,arunanchal_pradesh__tirap,Arunanchal Pradesh,Tirap,cell_centre_inside
82116,82,116,27.0,95.5,arunanchal_pradesh__tirap,Arunanchal Pradesh,Tirap,cell_centre_inside
82117,82,117,27.0,95.75,arunanchal_pradesh__changlang,Arunanchal Pradesh,Changlang,cell_centre_inside
83013,83,13,27.25,69.75,rajasthan__jaisalmer,Rajasthan,Jaisalmer,cell_centre_inside
83014,83,14,27.25,70.0,rajasthan__jaisalmer,Rajasthan,Jaisalmer,cell_centre_inside
83015,83,15,27.25,70.25,rajasthan__jaisalmer,Rajasthan,Jaisalmer,cell_centre_inside
83016,83,16,27.25,70.5,rajasthan__jaisalmer,Rajasthan,Jaisalmer,cell_centre_inside
83017,83,17,27.25,70.75,rajasthan__jaisalmer,Rajasthan,Jaisalmer,cell_centre_inside
83018,83,18,27.25,71.0,rajasthan__jaisalmer,Rajasthan,Jaisalmer,cell_centre_inside
83019,83,19,27.25,71.25,rajasthan__jaisalmer,Rajasthan,Jaisalmer,cell_centre_inside
83020,83,20,27.25,71.5,rajasthan__jaisalmer,Rajasthan,Jaisalmer,cell_centre_inside
83021,83,21,27.25,71.75,rajasthan__jaisalmer,Rajasthan,Jaisalmer,cell_centre_inside
83022,83,22,27.25,72.0,rajasthan__jodhpur,Rajasthan,Jodhpur,cell_centre_inside
83023,83,23,27.25,72.25,rajasthan__jodhpur,Rajasthan,Jodhpur,cell_centre_inside
83024,83,24,27.25,72.5,rajasthan__jodhpur,Rajasthan,Jodhpur,cell_centre_inside
83025,83,25,27.25,72.75,rajasthan__jodhpur,Rajasthan,Jodhpur,cell_centre_inside
83026,83,26,27.25,73.0,rajasthan__jodhpur,Rajasthan,Jodhpur,cell_centre_inside
83027,83,27,27.25,73.25,rajasthan__nagaur,Rajasthan,Nagaur,cell_centre_inside
83028,83,28,27.25,73.5,rajasthan__nagaur,Rajasthan,Nagaur,cell_centre_inside
83029,83,29,27.25,73.75,rajasthan__nagaur,Rajasthan,Nagaur,cell_centre_inside
83030,83,30,27.25,74.0,rajasthan__nagaur,Rajasthan,Nagaur,cell_centre_inside
83031,83,31,27.25,74.25,rajasthan__nagaur,Rajasthan,Nagaur,cell_centre_inside
83032,83,32,27.25,74.5,rajasthan__nagaur,Rajasthan,Nagaur,cell_centre_inside
83033,83,33,27.25,74.75,rajasthan__nagaur,Rajasthan,Nagaur,cell_centre_inside
83034,83,34,27.25,75.0,rajasthan__nagaur,Rajasthan,Nagaur,cell_centre_inside
83035,83,35,27.25,75.25,rajasthan__sikar,Rajasthan,Sikar,cell_centre_inside
83036,83,36,27.25,75.5,rajasthan__jaipur,Rajasthan,Jaipur,cell_centre_inside
83037,83,37,27.25,75.75,rajasthan__jaipur,Rajasthan,Jaipur,cell_centre_inside
83038,83,38,27.25,76.0,rajasthan__jaipur,Rajasthan,Jaipur,cell_centre_inside
83039,83,39,27.25,76.25,rajasthan__alwar,Rajasthan,Alwar,cell_centre_inside
83040,83,40,27.25,76.5,rajasthan__alwar,Rajasthan,Alwar,cell_centre_inside
83041,83,41,27.25,76.75,rajasthan__alwar,Rajasthan,Alwar,cell_centre_inside
83042,83,42,27.25,77.0,rajasthan__alwar,Rajasthan,Alwar,cell_centre_inside
83043,83,43,27.25,77.25,rajasthan__bharatpur,Rajasthan,Bharatpur,cell_centre_inside
83044,83,44,27.25,77.5,rajasthan__bharatpur,Rajasthan,Bharatpur,cell_centre_inside
83045,83,45,27.25,77.75,uttar_pradesh__mathura,Uttar Pradesh,Mathura,cell_centre_inside
83046,83,46,27.25,78.0,uttar_pradesh__agra,Uttar Pradesh,Agra,cell_centre_inside
83047,83,47,27.25,78.25,uttar_pradesh__firozabad,Uttar Pradesh,Firozabad,cell_centre_inside
83048,83,48,27.25,78.5,uttar_pradesh__firozabad,Uttar Pradesh,Firozabad,cell_centre_inside
83049,83,49,27.25,78.75,uttar_pradesh__firozabad,Uttar Pradesh,Firozabad,cell_centre_inside
83050,83,50,27.25,79.0,uttar_pradesh__mainpuri,Uttar Pradesh,Mainpuri,cell_centre_inside
83051,83,51,27.25,79.25,uttar_pradesh__mainpuri,Uttar Pradesh,Mainpuri,cell_centre_inside
83052,83,52,27.25,79.5,uttar_pradesh__farrukhabad,Uttar Pradesh,Farrukhabad,cell_centre_inside
83053,83,53,27.25,79.75,uttar_pradesh__hardoi,Uttar Pradesh,Hardoi,cell_centre_inside
83054,83,54,27.25,80.0,uttar_pradesh__hardoi,Uttar Pradesh,Hardoi,cell_centre_inside
83055,83,55,27.25,80.25,uttar_pradesh__hardoi,Uttar Pradesh,Hardoi,cell_centre_inside
83056,83,56,27.25,80.5,uttar_pradesh__hardoi,Uttar Pradesh,Hardoi,cell_centre_inside
83057,83,57,27.25,80.75,uttar_pradesh__sitapur,Uttar Pradesh,Sitapur,cell_centre_inside
83058,83,58,27.25,81.0,uttar_pradesh__sitapur,Uttar Pradesh,Sitapur,cell_centre_inside
83059,83,59,27.25,81.25,uttar_pradesh__bara_banki,Uttar Pradesh,Bara Banki,cell_centre_inside
83060,83,60,27.25,81.5,uttar_pradesh__bahraich,Uttar Pradesh,Bahraich,cell_centre_inside
83061,83,61,27.25,81.75,uttar_pradesh__gonda,Uttar Pradesh,Gonda,cell_centre_inside
83062,83,62,27.25,82.0,uttar_pradesh__gonda,Uttar Pradesh,Gonda,cell_centre_inside
83063,83,63,27.25,82.25,uttar_pradesh__gonda,Uttar Pradesh,Gonda,cell_centre_inside
83064,83,64,27.25,82.5,uttar_pradesh__balrampur,Uttar Pradesh,Balrampur,cell_centre_inside
83065,83,65,27.25,82.75,uttar_pradesh__siddharth_nagar,Uttar Pradesh,Siddharth Nagar,cell_centre_inside
83066,83,66,27.25,83.0,uttar_pradesh__siddharth_nagar,Uttar Pradesh,Siddharth Nagar,cell_centre_inside
83067,83,67,27.25,83.25,uttar_pradesh__maharajganj,Uttar Pradesh,Maharajganj,cell_centre_inside
83068,83,68,27.25,83.5,uttar_pradesh__maharajganj,Uttar Pradesh,Maharajganj,cell_centre_inside
83069,83,69,27.25,83.75,uttar_pradesh__maharajganj,Uttar Pradesh,Maharajganj,cell_centre_inside
83070,83,70,27.25,84.0,bihar__pashchim_champaran,Bihar,Pashchim Champaran,cell_centre_inside
83071,83,71,27.25,84.25,bihar__pashchim_champaran,Bihar,Pashchim Champaran,cell_centre_inside
83072,83,72,27.25,84.5,bihar__pashchim_champaran,Bihar,Pashchim Champaran,cell_centre_inside
83087,83,87,27.25,88.25,sikkim__west,Sikkim,West,cell_centre_inside
83088,83,88,27.25,88.5,sikkim__east,Sikkim,East,cell_centre_inside
83089,83,89,27.25,88.75,sikkim__east,Sikkim,East,cell_centre_inside
83103,83,103,27.25,92.25,arunanchal_pradesh__west_kameng,Arunanchal Pradesh,West Kameng,cell_centre_inside
83104,83,104,27.25,92.5,arunanchal_pradesh__west_kameng,Arunanchal Pradesh,West Kameng,cell_centre_inside
83105,83,105,27.25,92.75,arunanchal_pradesh__west_kameng,Arunanchal Pradesh,West Kameng,cell_centre_inside
83106,83,106,27.25,93.0,arunanchal_pradesh__east_kameng,Arunanchal Pradesh,East Kameng,cell_centre_inside
83107,83,107,27.25,93.25,arunanchal_pradesh__papum_pare,Arunanchal Pradesh,Papum Pare,cell_centre_inside
83108,83,108,27.25,93.5,arunanchal_pradesh__papum_pare,Arunanchal Pradesh,Papum Pare,cell_centre_inside
83109,83,109,27.25,93.75,arunanchal_pradesh__papum_pare,Arunanchal Pradesh,Papum Pare,cell_centre_inside
83110,83,110,27.25,94.0,assam__lakhimpur,Assam,Lakhimpur,cell_centre_inside
83111,83,111,27.25,94.25,assam__lakhimpur,Assam,Lakhimpur,cell_centre_inside
83112,83,112,27.25,94.5,assam__lakhimpur,Assam,Lakhimpur,cell_centre_inside
83113,83,113,27.25,94.75,assam__dibrugarh,Assam,Dibrugarh,cell_centre_inside
83114,83,114,27.25,95.0,assam__dibrugarh,Assam,Dibrugarh,cell_centre_inside
83115,83,115,27.25,95.25,assam__dibrugarh,Assam,Dibrugarh,cell_centre_inside
83116,83,116,27.25,95.5,assam__tinsukia,Assam,Tinsukia,cell_centre_inside
83117,83,117,27.25,95.75,arunanchal_pradesh__changlang,Arunanchal Pradesh,Changlang,cell_centre_inside
83118,83,118,27.25,96.0,arunanchal_pradesh__changlang,Arunanchal Pradesh,Changlang,cell_centre_inside
83122,83,122,27.25,97.0,arunanchal_pradesh__changlang,Arunanchal Pradesh,Changlang,cell_centre_inside
84014,84,14,27.5,70.0,rajasthan__jaisalmer,Rajasthan,Jaisalmer,cell_centre_inside
84015,84,15,27.5,70.25,rajasthan__jaisalmer,Rajasthan,Jaisalmer,cell_centre_inside
84016,84,16,27.5,70.5,rajasthan__jaisalmer,Rajasthan,Jaisalmer,cell_centre_inside
84017,84,17,27.5,70.75,rajasthan__jaisalmer,Rajasthan,Jaisalmer,cell_centre_inside
84018,84,18,27.5,71.0,rajasthan__jaisalmer,Rajasthan,Jaisalmer,cell_centre_inside
84019,84,19,27.5,71.25,rajasthan__jaisalmer,Rajasthan,Jaisalmer,cell_centre_inside
84020,84,20,27.5,71.5,rajasthan__jaisalmer,Rajasthan,Jaisalmer,cell_centre_inside
84021,84,21,27.5,71.75,rajasthan__jaisalmer,Rajasthan,Jaisalmer,cell_centre_inside
84022,84,22,27.5,72.0,rajasthan__jodhpur,Rajasthan,Jodhpur,cell_centre_inside
84023,84,23,27.5,72.25,rajasthan__jodhpur,Rajasthan,Jodhpur,cell_centre_inside
84024,84,24,27.5,72.5,rajasthan__jodhpur,Rajasthan,Jodhpur,cell_centre_inside
84025,84,25,27.5,72.75,rajasthan__jodhpur,Rajasthan,Jodhpur,cell_centre_inside
84026,84,26,27.5,73.0,rajasthan__bikaner,Rajasthan,Bikaner,cell_centre_inside
84027,84,27,27.5,73.25,rajasthan__bikaner,Rajasthan,Bikaner,cell_centre_inside
84028,84,28,27.5,73.5,rajasthan__bikaner,Rajasthan,Bikaner,cell_centre_inside
84029,84,29,27.5,73.75,rajasthan__nagaur,Rajasthan,Nagaur,cell_centre_inside
84030,84,30,27.5,74.0,rajasthan__nagaur,Rajasthan,Nagaur,cell_centre_inside
84031,84,31,27.5,74.25,rajasthan__nagaur,Rajasthan,Nagaur,cell_centre_inside
84032,84,32,27.5,74.5,rajasthan__nagaur,Rajasthan,Nagaur,cell_centre_inside
84033,84,33,27.5,74.75,rajasthan__nagaur,Rajasthan,Nagaur,cell_centre_inside
84034,84,34,27.5,75.0,rajasthan__sikar,Rajasthan,Sikar,cell_centre_inside
84035,84,35,27.5,75.25,rajasthan__sikar,Rajasthan,Sikar,cell_centre_inside
84036,84,36,27.5,75.5,rajasthan__sikar,Rajasthan,Sikar,cell_centre_inside
84037,84,37,27.5,75.75,rajasthan__sikar,Rajasthan,Sikar,cell_centre_inside
84038,84,38,27.5,76.0,rajasthan__jaipur,Rajasthan,Jaipur,cell_centre_inside
84039,84,39,27.5,76.25,rajasthan__alwar,Rajasthan,Alwar,cell_centre_inside
84040,84,40,27.5,76.5,rajasthan__alwar,Rajasthan,Alwar,cell_centre_inside
84041,84,41,27.5,76.75,rajasthan__alwar,Rajasthan,Alwar,cell_centre_inside
84042,84,42,27.5,77.0,rajasthan__alwar,Rajasthan,Alwar,cell_centre_inside
84043,84,43,27.5,77.25,rajasthan__bharatpur,Rajasthan,Bharatpur,cell_centre_inside
84044,84,44,27.5,77.5,uttar_pradesh__mathura,Uttar Pradesh,Mathura,cell_centre_inside
84045,84,45,27.5,77.75,uttar_pradesh__mathura,Uttar Pradesh,Mathura,cell_centre_inside
84046,84,46,27.5,78.0,uttar_pradesh__mahamaya_nagar,Uttar Pradesh,Mahamaya Nagar,cell_centre_inside
84047,84,47,27.5,78.25,uttar_pradesh__etah,Uttar Pradesh,Etah,cell_centre_inside
84048,84,48,27.5,78.5,uttar_pradesh__etah,Uttar Pradesh,Etah,cell_centre_inside
84049,84,49,27.5,78.75,uttar_pradesh__etah,Uttar Pradesh,Etah,cell_centre_inside
84050,84,50,27.5,79.0,uttar_pradesh__etah,Uttar Pradesh,Etah,cell_centre_inside
84051,84,51,27.5,79.25,uttar_pradesh__etah,Uttar Pradesh,Etah,cell_centre_inside
84052,84,52,27.5,79.5,uttar_pradesh__farrukhabad,Uttar Pradesh,Farrukhabad,cell_centre_inside
84053,84,53,27.5,79.75,uttar_pradesh__hardoi,Uttar Pradesh,Hardoi,cell_centre_inside
84054,84,54,27.5,80.0,uttar_pradesh__hardoi,Uttar Pradesh,Hardoi,cell_centre_inside
84055,84,55,27.5,80.25,uttar_pradesh__hardoi,Uttar Pradesh,Hardoi,cell_centre_inside
84056,84,56,27.5,80.5,uttar_pradesh__sitapur,Uttar Pradesh,Sitapur,cell_centre_inside
84057,84,57,27.5,80.75,uttar_pradesh__sitapur,Uttar Pradesh,Sitapur,cell_centre_inside
84058,84,58,27.5,81.0,uttar_pradesh__sitapur,Uttar Pradesh,Sitapur,cell_centre_inside
84059,84,59,27.5,81.25,uttar_pradesh__sitapur,Uttar Pradesh,Sitapur,cell_centre_inside
84060,84,60,27.5,81.5,uttar_pradesh__bahraich,Uttar Pradesh,Bahraich,cell_centre_inside
84061,84,61,27.5,81.75,uttar_pradesh__shrawasti,Uttar Pradesh,Shrawasti,cell_centre_inside
84062,84,62,27.5,82.0,uttar_pradesh__shrawasti,Uttar Pradesh,Shrawasti,cell_centre_inside
84063,84,63,27.5,82.25,uttar_pradesh__balrampur,Uttar Pradesh,Balrampur,cell_centre_inside
84064,84,64,27.5,82.5,uttar_pradesh__balrampur,Uttar Pradesh,Balrampur,cell_centre_inside
84065,84,65,27.5,82.75,uttar_pradesh__siddharth_nagar,Uttar Pradesh,Siddharth Nagar,cell_centre_inside
84087,84,87,27.5,88.25,sikkim__west,Sikkim,West,cell_centre_inside
84088,84,88,27.5,88.5,sikkim__north,Sikkim,North,cell_centre_inside
84089,84,89,27.5,88.75,sikkim__north,Sikkim,North,cell_centre_inside
84101,84,101,27.5,91.75,arunanchal_pradesh__tawang,Arunanchal Pradesh,Tawang,cell_centre_inside
84102,84,102,27.5,92.0,arunanchal_pradesh__tawang,Arunanchal Pradesh,Tawang,cell_centre_inside
84103,84,103,27.5,92.25,arunanchal_pradesh__west_kameng,Arunanchal Pradesh,West Kameng,cell_centre_inside
84104,84,104,27.5,92.5,arunanchal_pradesh__west_kameng,Arunanchal Pradesh,West Kameng,cell_centre_inside
84105,84,105,27.5,92.75,arunanchal_pradesh__west_kameng,Arunanchal Pradesh,West Kameng,cell_centre_inside
84106,84,106,27.5,93.0,arunanchal_pradesh__east_kameng,Arunanchal Pradesh,East Kameng,cell_centre_inside
84107,84,107,27.5,93.25,arunanchal_pradesh__east_kameng,Arunanchal Pradesh,East Kameng,cell_centre_inside
84108,84,108,27.5,93.5,arunanchal_pradesh__papum_pare,Arunanchal Pradesh,Papum Pare,cell_centre_inside
84109,84,109,27.5,93.75,arunanchal_pradesh__lower_subansiri,Arunanchal Pradesh,Lower Subansiri,cell_centre_inside
84110,84,110,27.5,94.0,arunanchal_pradesh__papum_pare,Arunanchal Pradesh,Papum Pare,cell_centre_inside
84111,84,111,27.5,94.25,assam__lakhimpur,Assam,Lakhimpur,cell_centre_inside
84112,84,112,27.5,94.5,assam__dhemaji,Assam,Dhemaji,cell_centre_inside
84113,84,113,27.5,94.75,assam__dhemaji,Assam,Dhemaji,cell_centre_inside
84114,84,114,27.5,95.0,assam__dibrugarh,Assam,Dibrugarh,cell_centre_inside
84115,84,115,27.5,95.25,assam__tinsukia,Assam,Tinsukia,cell_centre_inside
84116,84,116,27.5,95.5,assam__tinsukia,Assam,Tinsukia,cell_centre_inside
84117,84,117,27.5,95.75,assam__tinsukia,Assam,Tinsukia,cell_centre_inside
84118,84,118,27.5,96.0,arunanchal_pradesh__changlang,Arunanchal Pradesh,Changlang,cell_centre_inside
84119,84,119,27.5,96.25,arunanchal_pradesh__changlang,Arunanchal Pradesh,Changlang,cell_centre_inside
84120,84,120,27.5,96.5,arunanchal_pradesh__changlang,Arunanchal Pradesh,Changlang,cell_centre_inside
84121,84,121,27.5,96.75,arunanchal_pradesh__changlang,Arunanchal Pradesh,Changlang,cell_centre_inside
85015,85,15,27.75,70.25,rajasthan__jaisalmer,Rajasthan,Jaisalmer,cell_centre_inside
85016,85,16,27.75,70.5,rajasthan__jaisalmer,Rajasthan,Jaisalmer,cell_centre_inside
85018,85,18,27.75,71.0,rajasthan__jaisalmer,Rajasthan,Jaisalmer,cell_centre_inside
85019,85,19,27.75,71.25,rajasthan__jaisalmer,Rajasthan,Jaisalmer,cell_centre_inside
85020,85,20,27.75,71.5,rajasthan__jaisalmer,Rajasthan,Jaisalmer,cell_centre_inside
85021,85,21,27.75,71.75,rajasthan__jaisalmer,Rajasthan,Jaisalmer,cell_centre_inside
85022,85,22,27.75,72.0,rajasthan__jaisalmer,Rajasthan,Jaisalmer,cell_centre_inside
85023,85,23,27.75,72.25,rajasthan__bikaner,Rajasthan,Bikaner,cell_centre_inside
85024,85,24,27.75,72.5,rajasthan__bikaner,Rajasthan,Bikaner,cell_centre_inside
85025,85,25,27.75,72.75,rajasthan__bikaner,Rajasthan,Bikaner,cell_centre_inside
85026,85,26,27.75,73.0,rajasthan__bikaner,Rajasthan,Bikaner,cell_centre_inside
85027,85,27,27.75,73.25,rajasthan__bikaner,Rajasthan,Bikaner,cell_centre_inside
85028,85,28,27.75,73.5,rajasthan__bikaner,Rajasthan,Bikaner,cell_centre_inside
85029,85,29,27.75,73.75,rajasthan__bikaner,Rajasthan,Bikaner,cell_centre_inside
85030,85,30,27.75,74.0,rajasthan__churu,Rajasthan,Churu,cell_centre_inside
85031,85,31,27.75,74.25,rajasthan__churu,Rajasthan,Churu,cell_centre_inside
85032,85,32,27.75,74.5,rajasthan__churu,Rajasthan,Churu,cell_centre_inside
85033,85,33,27.75,74.75,rajasthan__sikar,Rajasthan,Sikar,cell_centre_inside
85034,85,34,27.75,75.0,rajasthan__sikar,Rajasthan,Sikar,cell_centre_inside
85035,85,35,27.75,75.25,rajasthan__sikar,Rajasthan,Sikar,cell_centre_inside
85036,85,36,27.75,75.5,rajasthan__jhunjhunun,Rajasthan,Jhunjhunun,cell_centre_inside
85037,85,37,27.75,75.75,rajasthan__sikar,Rajasthan,Sikar,cell_centre_inside
85038,85,38,27.75,76.0,rajasthan__sikar,Rajasthan,Sikar,cell_centre_inside
85039,85,39,27.75,76.25,rajasthan__alwar,Rajasthan,Alwar,cell_centre_inside
85040,85,40,27.75,76.5,rajasthan__alwar,Rajasthan,Alwar,cell_centre_inside
85041,85,41,27.75,76.75,rajasthan__alwar,Rajasthan,Alwar,cell_centre_inside
85042,85,42,27.75,77.0,haryana__mewat,Haryana,Mewat,cell_centre_inside
85043,85,43,27.75,77.25,rajasthan__bharatpur,Rajasthan,Bharatpur,cell_centre_inside
85044,85,44,27.75,77.5,uttar_pradesh__mathura,Uttar Pradesh,Mathura,cell_centre_inside
85045,85,45,27.75,77.75,uttar_pradesh__mathura,Uttar Pradesh,Mathura,cell_centre_inside
85046,85,46,27.75,78.0,uttar_pradesh__aligarh,Uttar Pradesh,Aligarh,cell_centre_inside
85047,85,47,27.75,78.25,uttar_pradesh__aligarh,Uttar Pradesh,Aligarh,cell_centre_inside
85048,85,48,27.75,78.5,uttar_pradesh__kansiram_nagar,Uttar Pradesh,Kansiram Nagar,cell_centre_inside
85049,85,49,27.75,78.75,uttar_pradesh__kansiram_nagar,Uttar Pradesh,Kansiram Nagar,cell_centre_inside
85050,85,50,27.75,79.0,uttar_pradesh__kansiram_nagar,Uttar Pradesh,Kansiram Nagar,cell_centre_inside
85051,85,51,27.75,79.25,uttar_pradesh__budaun,Uttar Pradesh,Budaun,cell_centre_inside
85052,85,52,27.75,79.5,uttar_pradesh__shahjahanpur,Uttar Pradesh,Shahjahanpur,cell_centre_inside
85053,85,53,27.75,79.75,uttar_pradesh__shahjahanpur,Uttar Pradesh,Shahjahanpur,cell_centre_inside
85054,85,54,27.75,80.0,uttar_pradesh__shahjahanpur,Uttar Pradesh,Shahjahanpur,cell_centre_inside
85055,85,55,27.75,80.25,uttar_pradesh__hardoi,Uttar Pradesh,Hardoi,cell_centre_inside
85056,85,56,27.75,80.5,uttar_pradesh__sitapur,Uttar Pradesh,Sitapur,cell_centre_inside
85057,85,57,27.75,80.75,uttar_pradesh__sitapur,Uttar Pradesh,Sitapur,cell_centre_inside
85058,85,58,27.75,81.0,uttar_pradesh__sitapur,Uttar Pradesh,Sitapur,cell_centre_inside
85059,85,59,27.75,81.25,uttar_pradesh__kheri,Uttar Pradesh,Kheri,cell_centre_inside
85060,85,60,27.75,81.5,uttar_pradesh__bahraich,Uttar Pradesh,Bahraich,cell_centre_inside
85061,85,61,27.75,81.75,uttar_pradesh__shrawasti,Uttar Pradesh,Shrawasti,cell_centre_inside
85062,85,62,27.75,82.0,uttar_pradesh__shrawasti,Uttar Pradesh,Shrawasti,cell_centre_inside
85063,85,63,27.75,82.25,uttar_pradesh__balrampur,Uttar Pradesh,Balrampur,cell_centre_inside
85087,85,87,27.75,88.25,sikkim__north,Sikkim,North,cell_centre_inside
85088,85,88,27.75,88.5,sikkim__north,Sikkim,North,cell_centre_inside
85089,85,89,27.75,88.75,sikkim__north,Sikkim,North,cell_centre_inside
85101,85,101,27.75,91.75,arunanchal_pradesh__tawang,Arunanchal Pradesh,Tawang,cell_centre_inside
85102,85,102,27.75,92.0,arunanchal_pradesh__tawang,Arunanchal Pradesh,Tawang,cell_centre_inside
85103,85,103,27.75,92.25,arunanchal_pradesh__tawang,Arunanchal Pradesh,Tawang,cell_centre_inside
85104,85,104,27.75,92.5,arunanchal_pradesh__west_kameng,Arunanchal Pradesh,West Kameng,cell_centre_inside
85105,85,105,27.75,92.75,arunanchal_pradesh__east_kameng,Arunanchal Pradesh,East Kameng,cell_centre_inside
85106,85,106,27.75,93.0,arunanchal_pradesh__east_kameng,Arunanchal Pradesh,East Kameng,cell_centre_inside
85107,85,107,27.75,93.25,arunanchal_pradesh__kurung_kumey,Arunanchal Pradesh,Kurung Kumey,cell_centre_inside
85108,85,108,27.75,93.5,arunanchal_pradesh__kurung_kumey,Arunanchal Pradesh,Kurung Kumey,cell_centre_inside
85109,85,109,27.75,93.75,arunanchal_pradesh__kurung_kumey,Arunanchal Pradesh,Kurung Kumey,cell_centre_inside
85110,85,110,27.75,94.0,arunanchal_pradesh__lower_subansiri,Arunanchal Pradesh,Lower Subansiri,cell_centre_inside
85111,85,111,27.75,94.25,arunanchal_pradesh__lower_subansiri,Arunanchal Pradesh,Lower Subansiri,cell_centre_inside
85112,85,112,27.75,94.5,arunanchal_pradesh__west_siang,Arunanchal Pradesh,West Siang,cell_centre_inside
85113,85,113,27.75,94.75,arunanchal_pradesh__west_siang,Arunanchal Pradesh,West Siang,cell_centre_inside
85114,85,114,27.75,95.0,assam__dhemaji,Assam,Dhemaji,cell_centre_inside
85115,85,115,27.75,95.25,assam__dhemaji,Assam,Dhemaji,cell_centre_inside
85116,85,116,27.75,95.5,assam__tinsukia,Assam,Tinsukia,cell_centre_inside
85117,85,117,27.75,95.75,assam__tinsukia,Assam,Tinsukia,cell_centre_inside
85118,85,118,27.75,96.0,arunanchal_pradesh__lohit,Arunanchal Pradesh,Lohit,cell_centre_inside
85119,85,119,27.75,96.25,arunanchal_pradesh__lohit,Arunanchal Pradesh,Lohit,cell_centre_inside
85120,85,120,27.75,96.5,arunanchal_pradesh__lohit,Arunanchal Pradesh,Lohit,cell_centre_inside
85121,85,121,27.75,96.75,arunanchal_pradesh__anjaw,Arunanchal Pradesh,Anjaw,cell_centre_inside
85122,85,122,27.75,97.0,arunanchal_pradesh__anjaw,Arunanchal Pradesh,Anjaw,cell_centre_inside
86016,86,16,28.0,70.5,rajasthan__jaisalmer,Rajasthan,Jaisalmer,cell_centre_inside
86022,86,22,28.0,72.0,rajasthan__bikaner,Rajasthan,Bikaner,cell_centre_inside
86023,86,23,28.0,72.25,rajasthan__bikaner,Rajasthan,Bikaner,cell_centre_inside
86024,86,24,28.0,72.5,rajasthan__bikaner,Rajasthan,Bikaner,cell_centre_inside
86025,86,25,28.0,72.75,rajasthan__bikaner,Rajasthan,Bikaner,cell_centre_inside
86026,86,26,28.0,73.0,rajasthan__bikaner,Rajasthan,Bikaner,cell_centre_inside
86027,86,27,28.0,73.25,rajasthan__bikaner,Rajasthan,Bikaner,cell_centre_inside
86028,86,28,28.0,73.5,rajasthan__bikaner,Rajasthan,Bikaner,cell_centre_inside
86029,86,29,28.0,73.75,rajasthan__bikaner,Rajasthan,Bikaner,cell_centre_inside
86030,86,30,28.0,74.0,rajasthan__bikaner,Rajasthan,Bikaner,cell_centre_inside
86031,86,31,28.0,74.25,rajasthan__churu,Rajasthan,Churu,cell_centre_inside
86032,86,32,28.0,74.5,rajasthan__churu,Rajasthan,Churu,cell_centre_inside
86033,86,33,28.0,74.75,rajasthan__churu,Rajasthan,Churu,cell_centre_inside
86034,86,34,28.0,75.0,rajasthan__sikar,Rajasthan,Sikar,cell_centre_inside
86035,86,35,28.0,75.25,rajasthan__jhunjhunun,Rajasthan,Jhunjhunun,cell_centre_inside
86036,86,36,28.0,75.5,rajasthan__jhunjhunun,Rajasthan,Jhunjhunun,cell_centre_inside
86037,86,37,28.0,75.75,rajasthan__jhunjhunun,Rajasthan,Jhunjhunun,cell_centre_inside
86038,86,38,28.0,76.0,haryana__mahendragarh,Haryana,Mahendragarh,cell_centre_inside
86039,86,39,28.0,76.25,rajasthan__alwar,Rajasthan,Alwar,cell_centre_inside
86040,86,40,28.0,76.5,rajasthan__alwar,Rajasthan,Alwar,cell_centre_inside
86041,86,41,28.0,76.75,rajasthan__alwar,Rajasthan,Alwar,cell_centre_inside
86042,86,42,28.0,77.0,haryana__mewat,Haryana,Mewat,cell_centre_inside
86043,86,43,28.0,77.25,haryana__palwal,Haryana,Palwal,cell_centre_inside
86044,86,44,28.0,77.5,haryana__palwal,Haryana,Palwal,cell_centre_inside
86045,86,45,28.0,77.75,uttar_pradesh__aligarh,Uttar Pradesh,Aligarh,cell_centre_inside
86046,86,46,28.0,78.0,uttar_pradesh__aligarh,Uttar Pradesh,Aligarh,cell_centre_inside
86047,86,47,28.0,78.25,uttar_pradesh__aligarh,Uttar Pradesh,Aligarh,cell_centre_inside
86048,86,48,28.0,78.5,uttar_pradesh__aligarh,Uttar Pradesh,Aligarh,cell_centre_inside
86049,86,49,28.0,78.75,uttar_pradesh__budaun,Uttar Pradesh,Budaun,cell_centre_inside
86050,86,50,28.0,79.0,uttar_pradesh__budaun,Uttar Pradesh,Budaun,cell_centre_inside
86051,86,51,28.0,79.25,uttar_pradesh__budaun,Uttar Pradesh,Budaun,cell_centre_inside
86052,86,52,28.0,79.5,uttar_pradesh__shahjahanpur,Uttar Pradesh,Shahjahanpur,cell_centre_inside
86053,86,53,28.0,79.75,uttar_pradesh__shahjahanpur,Uttar Pradesh,Shahjahanpur,cell_centre_inside
86054,86,54,28.0,80.0,uttar_pradesh__shahjahanpur,Uttar Pradesh,Shahjahanpur,cell_centre_inside
86055,86,55,28.0,80.25,uttar_pradesh__kheri,Uttar Pradesh,Kheri,cell_centre_inside
86056,86,56,28.0,80.5,uttar_pradesh__kheri,Uttar Pradesh,Kheri,cell_centre_inside
86057,86,57,28.0,80.75,uttar_pradesh__kheri,Uttar Pradesh,Kheri,cell_centre_inside
86058,86,58,28.0,81.0,uttar_pradesh__kheri,Uttar Pradesh,Kheri,cell_centre_inside
86059,86,59,28.0,81.25,uttar_pradesh__bahraich,Uttar Pradesh,Bahraich,cell_centre_inside
86060,86,60,28.0,81.5,uttar_pradesh__bahraich,Uttar Pradesh,Bahraich,cell_centre_inside
86088,86,88,28.0,88.5,sikkim__north,Sikkim,North,cell_centre_inside
86089,86,89,28.0,88.75,sikkim__north,Sikkim,North,cell_centre_inside
86105,86,105,28.0,92.75,arunanchal_pradesh__kurung_kumey,Arunanchal Pradesh,Kurung Kumey,cell_centre_inside
86106,86,106,28.0,93.0,arunanchal_pradesh__kurung_kumey,Arunanchal Pradesh,Kurung Kumey,cell_centre_inside
86107,86,107,28.0,93.25,arunanchal_pradesh__kurung_kumey,Arunanchal Pradesh,Kurung Kumey,cell_centre_inside
86108,86,108,28.0,93.5,arunanchal_pradesh__kurung_kumey,Arunanchal Pradesh,Kurung Kumey,cell_centre_inside
86109,86,109,28.0,93.75,arunanchal_pradesh__kurung_kumey,Arunanchal Pradesh,Kurung Kumey,cell_centre_inside
86110,86,110,28.0,94.0,arunanchal_pradesh__upper_subansiri,Arunanchal Pradesh,Upper Subansiri,cell_centre_inside
86111,86,111,28.0,94.25,arunanchal_pradesh__upper_subansiri,Arunanchal Pradesh,Upper Subansiri,cell_centre_inside
86112,86,112,28.0,94.5,arunanchal_pradesh__upper_subansiri,Arunanchal Pradesh,Upper Subansiri,cell_centre_inside
86113,86,113,28.0,94.75,arunanchal_pradesh__west_siang,Arunanchal Pradesh,West Siang,cell_centre_inside
86114,86,114,28.0,95.0,arunanchal_pradesh__east_siang,Arunanchal Pradesh,East Siang,cell_centre_inside
86115,86,115,28.0,95.25,arunanchal_pradesh__east_siang,Arunanchal Pradesh,East Siang,cell_centre_inside
86116,86,116,28.0,95.5,arunanchal_pradesh__east_siang,Arunanchal Pradesh,East Siang,cell_centre_inside
86117,86,117,28.0,95.75,arunanchal_pradesh__lower_dibang_valley,Arunanchal Pradesh,Lower Dibang Valley,cell_centre_inside
86118,86,118,28.0,96.0,arunanchal_pradesh__lohit,Arunanchal Pradesh,Lohit,cell_centre_inside
86119,86,119,28.0,96.25,arunanchal_pradesh__lohit,Arunanchal Pradesh,Lohit,cell_centre_inside
86120,86,120,28.0,96.5,arunanchal_pradesh__anjaw,Arunanchal Pradesh,Anjaw,cell_centre_inside
86121,86,121,28.0,96.75,arunanchal_pradesh__anjaw,Arunanchal Pradesh,Anjaw,cell_centre_inside
86122,86,122,28.0,97.0,arunanchal_pradesh__anjaw,Arunanchal Pradesh,Anjaw,cell_centre_inside
86123,86,123,28.0,97.25,arunanchal_pradesh__anjaw,Arunanchal Pradesh,Anjaw,cell_centre_inside
87023,87,23,28.25,72.25,rajasthan__bikaner,Rajasthan,Bikaner,cell_centre_inside
87024,87,24,28.25,72.5,rajasthan__bikaner,Rajasthan,Bikaner,cell_centre_inside
87025,87,25,28.25,72.75,rajasthan__bikaner,Rajasthan,Bikaner,cell_centre_inside
87026,87,26,28.25,73.0,rajasthan__bikaner,Rajasthan,Bikaner,cell_centre_inside
87027,87,27,28.25,73.25,rajasthan__bikaner,Rajasthan,Bikaner,cell_centre_inside
87028,87,28,28.25,73.5,rajasthan__bikaner,Rajasthan,Bikaner,cell_centre_inside
87029,87,29,28.25,73.75,rajasthan__bikaner,Rajasthan,Bikaner,cell_centre_inside
87030,87,30,28.25,74.0,rajasthan__bikaner,Rajasthan,Bikaner,cell_centre_inside
87031,87,31,28.25,74.25,rajasthan__churu,Rajasthan,Churu,cell_centre_inside
87032,87,32,28.25,74.5,rajasthan__churu,Rajasthan,Churu,cell_centre_inside
87033,87,33,28.25,74.75,rajasthan__churu,Rajasthan,Churu,cell_centre_inside
87034,87,34,28.25,75.0,rajasthan__churu,Rajasthan,Churu,cell_centre_inside
87035,87,35,28.25,75.25,rajasthan__jhunjhunun,Rajasthan,Jhunjhunun,cell_centre_inside
87036,87,36,28.25,75.5,rajasthan__jhunjhunun,Rajasthan,Jhunjhunun,cell_centre_inside
87037,87,37,28.25,75.75,rajasthan__jhunjhunun,Rajasthan,Jhunjhunun,cell_centre_inside
87038,87,38,28.25,76.0,rajasthan__jhunjhunun,Rajasthan,Jhunjhunun,cell_centre_inside
87039,87,39,28.25,76.25,haryana__mahendragarh,Haryana,Mahendragarh,cell_centre_inside
87040,87,40,28.25,76.5,haryana__rewari,Haryana,Rewari,cell_centre_inside
87041,87,41,28.25,76.75,haryana__gurgaon,Haryana,Gurgaon,cell_centre_inside
87042,87,42,28.25,77.0,haryana__mewat,Haryana,Mewat,cell_centre_inside
87043,87,43,28.25,77.25,haryana__palwal,Haryana,Palwal,cell_centre_inside
87044,87,44,28.25,77.5,haryana__faridabad,Haryana,Faridabad,cell_centre_inside
87045,87,45,28.25,77.75,uttar_pradesh__bulandshahr,Uttar Pradesh,Bulandshahr,cell_centre_inside
87046,87,46,28.25,78.0,uttar_pradesh__bulandshahr,Uttar Pradesh,Bulandshahr,cell_centre_inside
87047,87,47,28.25,78.25,uttar_pradesh__bulandshahr,Uttar Pradesh,Bulandshahr,cell_centre_inside
87048,87,48,28.25,78.5,uttar_pradesh__budaun,Uttar Pradesh,Budaun,cell_centre_inside
87049,87,49,28.25,78.75,uttar_pradesh__budaun,Uttar Pradesh,Budaun,cell_centre_inside
87050,87,50,28.25,79.0,uttar_pradesh__budaun,Uttar Pradesh,Budaun,cell_centre_inside
87051,87,51,28.25,79.25,uttar_pradesh__bareilly,Uttar Pradesh,Bareilly,cell_centre_inside
87052,87,52,28.25,79.5,uttar_pradesh__bareilly,Uttar Pradesh,Bareilly,cell_centre_inside
87053,87,53,28.25,79.75,uttar_pradesh__pilibhit,Uttar Pradesh,Pilibhit,cell_centre_inside
87054,87,54,28.25,80.0,uttar_pradesh__shahjahanpur,Uttar Pradesh,Shahjahanpur,cell_centre_inside
87055,87,55,28.25,80.25,uttar_pradesh__shahjahanpur,Uttar Pradesh,Shahjahanpur,cell_centre_inside
87056,87,56,28.25,80.5,uttar_pradesh__kheri,Uttar Pradesh,Kheri,cell_centre_inside
87057,87,57,28.25,80.75,uttar_pradesh__kheri,Uttar Pradesh,Kheri,cell_centre_inside
87058,87,58,28.25,81.0,uttar_pradesh__kheri,Uttar Pradesh,Kheri,cell_centre_inside
87059,87,59,28.25,81.25,uttar_pradesh__bahraich,Uttar Pradesh,Bahraich,cell_centre_inside
87107,87,107,28.25,93.25,arunanchal_pradesh__kurung_kumey,Arunanchal Pradesh,Kurung Kumey,cell_centre_inside
87108,87,108,28.25,93.5,arunanchal_pradesh__kurung_kumey,Arunanchal Pradesh,Kurung Kumey,cell_centre_inside
87109,87,109,28.25,93.75,arunanchal_pradesh__kurung_kumey,Arunanchal Pradesh,Kurung Kumey,cell_centre_inside
87110,87,110,28.25,94.0,arunanchal_pradesh__upper_subansiri,Arunanchal Pradesh,Upper Subansiri,cell_centre_inside
87111,87,111,28.25,94.25,arunanchal_pradesh__upper_subansiri,Arunanchal Pradesh,Upper Subansiri,cell_centre_inside
87112,87,112,28.25,94.5,arunanchal_pradesh__west_siang,Arunanchal Pradesh,West Siang,cell_centre_inside
87113,87,113,28.25,94.75,arunanchal_pradesh__west_siang,Arunanchal Pradesh,West Siang,cell_centre_inside
87114,87,114,28.25,95.0,arunanchal_pradesh__east_siang,Arunanchal Pradesh,East Siang,cell_centre_inside
87115,87,115,28.25,95.25,arunanchal_pradesh__upper_siang,Arunanchal Pradesh,Upper Siang,cell_centre_inside
87116,87,116,28.25,95.5,arunanchal_pradesh__east_siang,Arunanchal Pradesh,East Siang,cell_centre_inside
87117,87,117,28.25,95.75,arunanchal_pradesh__lower_dibang_valley,Arunanchal Pradesh,Lower Dibang Valley,cell_centre_inside
87118,87,118,28.25,96.0,arunanchal_pradesh__lower_dibang_valley,Arunanchal Pradesh,Lower Dibang Valley,cell_centre_inside
87119,87,119,28.25,96.25,arunanchal_pradesh__lower_dibang_valley,Arunanchal Pradesh,Lower Dibang Valley,cell_centre_inside
87120,87,120,28.25,96.5,arunanchal_pradesh__anjaw,Arunanchal Pradesh,Anjaw,cell_centre_inside
87121,87,121,28.25,96.75,arunanchal_pradesh__anjaw,Arunanchal Pradesh,Anjaw,cell_centre_inside
87122,87,122,28.25,97.0,arunanchal_pradesh__anjaw,Arunanchal Pradesh,Anjaw,cell_centre_inside
87123,87,123,28.25,97.25,arunanchal_pradesh__anjaw,Arunanchal Pradesh,Anjaw,cell_centre_inside
88023,88,23,28.5,72.25,rajasthan__bikaner,Rajasthan,Bikaner,cell_centre_inside
88024,88,24,28.5,72.5,rajasthan__bikaner,Rajasthan,Bikaner,cell_centre_inside
88025,88,25,28.5,72.75,rajasthan__bikaner,Rajasthan,Bikaner,cell_centre_inside
88026,88,26,28.5,73.0,rajasthan__bikaner,Rajasthan,Bikaner,cell_centre_inside
88027,88,27,28.5,73.25,rajasthan__bikaner,Rajasthan,Bikaner,cell_centre_inside
88028,88,28,28.5,73.5,rajasthan__bikaner,Rajasthan,Bikaner,cell_centre_inside
88029,88,29,28.5,73.75,rajasthan__bikaner,Rajasthan,Bikaner,cell_centre_inside
88030,88,30,28.5,74.0,rajasthan__bikaner,Rajasthan,Bikaner,cell_centre_inside
88031,88,31,28.5,74.25,rajasthan__churu,Rajasthan,Churu,cell_centre_inside
88032,88,32,28.5,74.5,rajasthan__churu,Rajasthan,Churu,cell_centre_inside
88033,88,33,28.5,74.75,rajasthan__churu,Rajasthan,Churu,cell_centre_inside
88034,88,34,28.5,75.0,rajasthan__churu,Rajasthan,Churu,cell_centre_inside
88035,88,35,28.5,75.25,rajasthan__churu,Rajasthan,Churu,cell_centre_inside
88036,88,36,28.5,75.5,rajasthan__churu,Rajasthan,Churu,cell_centre_inside
88037,88,37,28.5,75.75,haryana__bhiwani,Haryana,Bhiwani,cell_centre_inside
88038,88,38,28.5,76.0,haryana__bhiwani,Haryana,Bhiwani,cell_centre_inside
88039,88,39,28.5,76.25,haryana__bhiwani,Haryana,Bhiwani,cell_centre_inside
88040,88,40,28.5,76.5,haryana__jhajjar,Haryana,Jhajjar,cell_centre_inside
88041,88,41,28.5,76.75,haryana__jhajjar,Haryana,Jhajjar,cell_centre_inside
88042,88,42,28.5,77.0,haryana__gurgaon,Haryana,Gurgaon,cell_centre_inside
88043,88,43,28.5,77.25,nct_of_delhi__south,NCT of Delhi,South,cell_centre_inside
88044,88,44,28.5,77.5,uttar_pradesh__gautam_buddha_nagar,Uttar Pradesh,Gautam Buddha Nagar,cell_centre_inside
88045,88,45,28.5,77.75,uttar_pradesh__bulandshahr,Uttar Pradesh,Bulandshahr,cell_centre_inside
88046,88,46,28.5,78.0,uttar_pradesh__bulandshahr,Uttar Pradesh,Bulandshahr,cell_centre_inside
88047,88,47,28.5,78.25,uttar_pradesh__jyotiba_phule_nagar,Uttar Pradesh,Jyotiba Phule Nagar,cell_centre_inside
88048,88,48,28.5,78.5,uttar_pradesh__moradabad,Uttar Pradesh,Moradabad,cell_centre_inside
88049,88,49,28.5,78.75,uttar_pradesh__moradabad,Uttar Pradesh,Moradabad,cell_centre_inside
88050,88,50,28.5,79.0,uttar_pradesh__rampur,Uttar Pradesh,Rampur,cell_centre_inside
88051,88,51,28.5,79.25,uttar_pradesh__bareilly,Uttar Pradesh,Bareilly,cell_centre_inside
88052,88,52,28.5,79.5,uttar_pradesh__bareilly,Uttar Pradesh,Bareilly,cell_centre_inside
88053,88,53,28.5,79.75,uttar_pradesh__pilibhit,Uttar Pradesh,Pilibhit,cell_centre_inside
88054,88,54,28.5,80.0,uttar_pradesh__pilibhit,Uttar Pradesh,Pilibhit,cell_centre_inside
88055,88,55,28.5,80.25,uttar_pradesh__pilibhit,Uttar Pradesh,Pilibhit,cell_centre_inside
88056,88,56,28.5,80.5,uttar_pradesh__kheri,Uttar Pradesh,Kheri,cell_centre_inside
88057,88,57,28.5,80.75,uttar_pradesh__kheri,Uttar Pradesh,Kheri,cell_centre_inside
88108,88,108,28.5,93.5,arunanchal_pradesh__upper_subansiri,Arunanchal Pradesh,Upper Subansiri,cell_centre_inside
88109,88,109,28.5,93.75,arunanchal_pradesh__upper_subansiri,Arunanchal Pradesh,Upper Subansiri,cell_centre_inside
88110,88,110,28.5,94.0,arunanchal_pradesh__upper_subansiri,Arunanchal Pradesh,Upper Subansiri,cell_centre_inside
88111,88,111,28.5,94.25,arunanchal_pradesh__west_siang,Arunanchal Pradesh,West Siang,cell_centre_inside
88112,88,112,28.5,94.5,arunanchal_pradesh__west_siang,Arunanchal Pradesh,West Siang,cell_centre_inside
88113,88,113,28.5,94.75,arunanchal_pradesh__east_siang,Arunanchal Pradesh,East Siang,cell_centre_inside
88114,88,114,28.5,95.0,arunanchal_pradesh__east_siang,Arunanchal Pradesh,East Siang,cell_centre_inside
88115,88,115,28.5,95.25,arunanchal_pradesh__upper_siang,Arunanchal Pradesh,Upper Siang,cell_centre_inside
88116,88,116,28.5,95.5,arunanchal_pradesh__lower_dibang_valley,Arunanchal Pradesh,Lower Dibang Valley,cell_centre_inside
88117,88,117,28.5,95.75,arunanchal_pradesh__lower_dibang_valley,Arunanchal Pradesh,Lower Dibang Valley,cell_centre_inside
88118,88,118,28.5,96.0,arunanchal_pradesh__lower_dibang_valley,Arunanchal Pradesh,Lower Dibang Valley,cell_centre_inside
88119,88,119,28.5,96.25,arunanchal_pradesh__lower_dibang_valley,Arunanchal Pradesh,Lower Dibang Valley,cell_centre_inside
89024,89,24,28.75,72.5,rajasthan__bikaner,Rajasthan,Bikaner,cell_centre_inside
89025,89,25,28.75,72.75,rajasthan__bikaner,Rajasthan,Bikaner,cell_centre_inside
89026,89,26,28.75,73.0,rajasthan__ganganagar,Rajasthan,Ganganagar,cell_centre_inside
89027,89,27,28.75,73.25,rajasthan__bikaner,Rajasthan,Bikaner,cell_centre_inside
89028,89,28,28.75,73.5,rajasthan__bikaner,Rajasthan,Bikaner,cell_centre_inside
89029,89,29,28.75,73.75,rajasthan__bikaner,Rajasthan,Bikaner,cell_centre_inside
89030,89,30,28.75,74.0,rajasthan__bikaner,Rajasthan,Bikaner,cell_centre_inside
89031,89,31,28.75,74.25,rajasthan__churu,Rajasthan,Churu,cell_centre_inside
89032,89,32,28.75,74.5,rajasthan__churu,Rajasthan,Churu,cell_centre_inside
89033,89,33,28.75,74.75,rajasthan__churu,Rajasthan,Churu,cell_centre_inside
89034,89,34,28.75,75.0,rajasthan__churu,Rajasthan,Churu,cell_centre_inside
89035,89,35,28.75,75.25,rajasthan__churu,Rajasthan,Churu,cell_centre_inside
89036,89,36,28.75,75.5,rajasthan__churu,Rajasthan,Churu,cell_centre_inside
89037,89,37,28.75,75.75,haryana__bhiwani,Haryana,Bhiwani,cell_centre_inside
89038,89,38,28.75,76.0,haryana__bhiwani,Haryana,Bhiwani,cell_centre_inside
89039,89,39,28.75,76.25,haryana__bhiwani,Haryana,Bhiwani,cell_centre_inside
89040,89,40,28.75,76.5,haryana__rohtak,Haryana,Rohtak,cell_centre_inside
89041,89,41,28.75,76.75,haryana__jhajjar,Haryana,Jhajjar,cell_centre_inside
89042,89,42,28.75,77.0,nct_of_delhi__north_west,NCT of Delhi,North West,cell_centre_inside
89043,89,43,28.75,77.25,nct_of_delhi__north_east,NCT of Delhi,North East,cell_centre_inside
89044,89,44,28.75,77.5,uttar_pradesh__ghaziabad,Uttar Pradesh,Ghaziabad,cell_centre_inside
89045,89,45,28.75,77.75,uttar_pradesh__meerut,Uttar Pradesh,Meerut,cell_centre_inside
89046,89,46,28.75,78.0,uttar_pradesh__ghaziabad,Uttar Pradesh,Ghaziabad,cell_centre_inside
89047,89,47,28.75,78.25,uttar_pradesh__jyotiba_phule_nagar,Uttar Pradesh,Jyotiba Phule Nagar,cell_centre_inside
89048,89,48,28.75,78.5,uttar_pradesh__moradabad,Uttar Pradesh,Moradabad,cell_centre_inside
89049,89,49,28.75,78.75,uttar_pradesh__moradabad,Uttar Pradesh,Moradabad,cell_centre_inside
89050,89,50,28.75,79.0,uttar_pradesh__rampur,Uttar Pradesh,Rampur,cell_centre_inside
89051,89,51,28.75,79.25,uttar_pradesh__rampur,Uttar Pradesh,Rampur,cell_centre_inside
89052,89,52,28.75,79.5,uttar_pradesh__bareilly,Uttar Pradesh,Bareilly,cell_centre_inside
89053,89,53,28.75,79.75,uttar_pradesh__pilibhit,Uttar Pradesh,Pilibhit,cell_centre_inside
89054,89,54,28.75,80.0,uttarakhand__udham_singh_nagar,Uttarakhand,Udham Singh Nagar,cell_centre_inside
89055,89,55,28.75,80.25,uttar_pradesh__pilibhit,Uttar Pradesh,Pilibhit,cell_centre_inside
89110,89,110,28.75,94.0,arunanchal_pradesh__west_siang,Arunanchal Pradesh,West Siang,cell_centre_inside
89111,89,111,28.75,94.25,arunanchal_pradesh__west_siang,Arunanchal Pradesh,West Siang,cell_centre_inside
89112,89,112,28.75,94.5,arunanchal_pradesh__west_siang,Arunanchal Pradesh,West Siang,cell_centre_inside
89113,89,113,28.75,94.75,arunanchal_pradesh__upper_siang,Arunanchal Pradesh,Upper Siang,cell_centre_inside
89114,89,114,28.75,95.0,arunanchal_pradesh__upper_siang,Arunanchal Pradesh,Upper Siang,cell_centre_inside
89115,89,115,28.75,95.25,arunanchal_pradesh__upper_siang,Arunanchal Pradesh,Upper Siang,cell_centre_inside
89116,89,116,28.75,95.5,arunanchal_pradesh__dibang_valley,Arunanchal Pradesh,Dibang Valley,cell_centre_inside
89117,89,117,28.75,95.75,arunanchal_pradesh__dibang_valley,Arunanchal Pradesh,Dibang Valley,cell_centre_inside
89118,89,118,28.75,96.0,arunanchal_pradesh__dibang_valley,Arunanchal Pradesh,Dibang Valley,cell_centre_inside
89119,89,119,28.75,96.25,arunanchal_pradesh__lower_dibang_valley,Arunanchal Pradesh,Lower Dibang Valley,cell_centre_inside
89120,89,120,28.75,96.5,arunanchal_pradesh__dibang_valley,Arunanchal Pradesh,Dibang Valley,cell_centre_inside
90026,90,26,29.0,73.0,rajasthan__ganganagar,Rajasthan,Ganganagar,cell_centre_inside
90027,90,27,29.0,73.25,rajasthan__ganganagar,Rajasthan,Ganganagar,cell_centre_inside
90028,90,28,29.0,73.5,rajasthan__bikaner,Rajasthan,Bikaner,cell_centre_inside
90029,90,29,29.0,73.75,rajasthan__bikaner,Rajasthan,Bikaner,cell_centre_inside
90030,90,30,29.0,74.0,rajasthan__ganganagar,Rajasthan,Ganganagar,cell_centre_inside
90031,90,31,29.0,74.25,rajasthan__hanumangarh,Rajasthan,Hanumangarh,cell_centre_inside
90032,90,32,29.0,74.5,rajasthan__hanumangarh,Rajasthan,Hanumangarh,cell_centre_inside
90033,90,33,29.0,74.75,rajasthan__hanumangarh,Rajasthan,Hanumangarh,cell_centre_inside
90034,90,34,29.0,75.0,rajasthan__hanumangarh,Rajasthan,Hanumangarh,cell_centre_inside
90035,90,35,29.0,75.25,rajasthan__hanumangarh,Rajasthan,Hanumangarh,cell_centre_inside
90036,90,36,29.0,75.5,rajasthan__hanumangarh,Rajasthan,Hanumangarh,cell_centre_inside
90037,90,37,29.0,75.75,haryana__hisar,Haryana,Hisar,cell_centre_inside
90038,90,38,29.0,76.0,haryana__bhiwani,Haryana,Bhiwani,cell_centre_inside
90039,90,39,29.0,76.25,haryana__rohtak,Haryana,Rohtak,cell_centre_inside
90040,90,40,29.0,76.5,haryana__rohtak,Haryana,Rohtak,cell_centre_inside
90041,90,41,29.0,76.75,haryana__sonipat,Haryana,Sonipat,cell_centre_inside
90042,90,42,29.0,77.0,haryana__sonipat,Haryana,Sonipat,cell_centre_inside
90043,90,43,29.0,77.25,uttar_pradesh__baghpat,Uttar Pradesh,Baghpat,cell_centre_inside
90044,90,44,29.0,77.5,uttar_pradesh__meerut,Uttar Pradesh,Meerut,cell_centre_inside
90045,90,45,29.0,77.75,uttar_pradesh__meerut,Uttar Pradesh,Meerut,cell_centre_inside
90046,90,46,29.0,78.0,uttar_pradesh__meerut,Uttar Pradesh,Meerut,cell_centre_inside
90047,90,47,29.0,78.25,uttar_pradesh__jyotiba_phule_nagar,Uttar Pradesh,Jyotiba Phule Nagar,cell_centre_inside
90048,90,48,29.0,78.5,uttar_pradesh__jyotiba_phule_nagar,Uttar Pradesh,Jyotiba Phule Nagar,cell_centre_inside
90049,90,49,29.0,78.75,uttar_pradesh__moradabad,Uttar Pradesh,Moradabad,cell_centre_inside
90050,90,50,29.0,79.0,uttar_pradesh__rampur,Uttar Pradesh,Rampur,cell_centre_inside
90051,90,51,29.0,79.25,uttarakhand__udham_singh_nagar,Uttarakhand,Udham Singh Nagar,cell_centre_inside
90052,90,52,29.0,79.5,uttarakhand__udham_singh_nagar,Uttarakhand,Udham Singh Nagar,cell_centre_inside
90053,90,53,29.0,79.75,uttarakhand__udham_singh_nagar,Uttarakhand,Udham Singh Nagar,cell_centre_inside
90054,90,54,29.0,80.0,uttarakhand__udham_singh_nagar,Uttarakhand,Udham Singh Nagar,cell_centre_inside
90111,90,111,29.0,94.25,arunanchal_pradesh__west_siang,Arunanchal Pradesh,West Siang,cell_centre_inside
90112,90,112,29.0,94.5,arunanchal_pradesh__upper_siang,Arunanchal Pradesh,Upper Siang,cell_centre_inside
90113,90,113,29.0,94.75,arunanchal_pradesh__upper_siang,Arunanchal Pradesh,Upper Siang,cell_centre_inside
90114,90,114,29.0,95.0,arunanchal_pradesh__upper_siang,Arunanchal Pradesh,Upper Siang,cell_centre_inside
90115,90,115,29.0,95.25,arunanchal_pradesh__dibang_valley,Arunanchal Pradesh,Dibang Valley,cell_centre_inside
90116,90,116,29.0,95.5,arunanchal_pradesh__dibang_valley,Arunanchal Pradesh,Dibang Valley,cell_centre_inside
90117,90,117,29.0,95.75,arunanchal_pradesh__dibang_valley,Arunanchal Pradesh,Dibang Valley,cell_centre_inside
90118,90,118,29.0,96.0,arunanchal_pradesh__dibang_valley,Arunanchal Pradesh,Dibang Valley,cell_centre_inside
91027,91,27,29.25,73.25,rajasthan__ganganagar,Rajasthan,Ganganagar,cell_centre_inside
91028,91,28,29.25,73.5,rajasthan__ganganagar,Rajasthan,Ganganagar,cell_centre_inside
91029,91,29,29.25,73.75,rajasthan__ganganagar,Rajasthan,Ganganagar,cell_centre_inside
91030,91,30,29.25,74.0,rajasthan__ganganagar,Rajasthan,Ganganagar,cell_centre_inside
91031,91,31,29.25,74.25,rajasthan__hanumangarh,Rajasthan,Hanumangarh,cell_centre_inside
91032,91,32,29.25,74.5,rajasthan__hanumangarh,Rajasthan,Hanumangarh,cell_centre_inside
91033,91,33,29.25,74.75,rajasthan__hanumangarh,Rajasthan,Hanumangarh,cell_centre_inside
91034,91,34,29.25,75.0,rajasthan__hanumangarh,Rajasthan,Hanumangarh,cell_centre_inside
91035,91,35,29.25,75.25,rajasthan__hanumangarh,Rajasthan,Hanumangarh,cell_centre_inside
91036,91,36,29.25,75.5,haryana__hisar,Haryana,Hisar,cell_centre_inside
91037,91,37,29.25,75.75,haryana__hisar,Haryana,Hisar,cell_centre_inside
91038,91,38,29.25,76.0,haryana__hisar,Haryana,Hisar,cell_centre_inside
91039,91,39,29.25,76.25,haryana__jind,Haryana,Jind,cell_centre_inside
91040,91,40,29.25,76.5,haryana__jind,Haryana,Jind,cell_centre_inside
91041,91,41,29.25,76.75,haryana__sonipat,Haryana,Sonipat,cell_centre_inside
91042,91,42,29.25,77.0,haryana__panipat,Haryana,Panipat,cell_centre_inside
91043,91,43,29.25,77.25,uttar_pradesh__baghpat,Uttar Pradesh,Baghpat,cell_centre_inside
91044,91,44,29.25,77.5,uttar_pradesh__muzaffarnagar,Uttar Pradesh,Muzaffarnagar,cell_centre_inside
91045,91,45,29.25,77.75,uttar_pradesh__muzaffarnagar,Uttar Pradesh,Muzaffarnagar,cell_centre_inside
91046,91,46,29.25,78.0,uttar_pradesh__muzaffarnagar,Uttar Pradesh,Muzaffarnagar,cell_centre_inside
91047,91,47,29.25,78.25,uttar_pradesh__bijnor,Uttar Pradesh,Bijnor,cell_centre_inside
91048,91,48,29.25,78.5,uttar_pradesh__bijnor,Uttar Pradesh,Bijnor,cell_centre_inside
91049,91,49,29.25,78.75,uttar_pradesh__moradabad,Uttar Pradesh,Moradabad,cell_centre_inside
91050,91,50,29.25,79.0,uttarakhand__udham_singh_nagar,Uttarakhand,Udham Singh Nagar,cell_centre_inside
91051,91,51,29.25,79.25,uttarakhand__nainital,Uttarakhand,Nainital,cell_centre_inside
91052,91,52,29.25,79.5,uttarakhand__nainital,Uttarakhand,Nainital,cell_centre_inside
91053,91,53,29.25,79.75,uttarakhand__nainital,Uttarakhand,Nainital,cell_centre_inside
91054,91,54,29.25,80.0,uttarakhand__champawat,Uttarakhand,Champawat,cell_centre_inside
91055,91,55,29.25,80.25,uttarakhand__champawat,Uttarakhand,Champawat,cell_centre_inside
91113,91,113,29.25,94.75,arunanchal_pradesh__upper_siang,Arunanchal Pradesh,Upper Siang,cell_centre_inside
91117,91,117,29.25,95.75,arunanchal_pradesh__dibang_valley,Arunanchal Pradesh,Dibang Valley,cell_centre_inside
91118,91,118,29.25,96.0,arunanchal_pradesh__dibang_valley,Arunanchal Pradesh,Dibang Valley,cell_centre_inside
92027,92,27,29.5,73.25,rajasthan__ganganagar,Rajasthan,Ganganagar,cell_centre_inside
92028,92,28,29.5,73.5,rajasthan__ganganagar,Rajasthan,Ganganagar,cell_centre_inside
92029,92,29,29.5,73.75,rajasthan__ganganagar,Rajasthan,Ganganagar,cell_centre_inside
92030,92,30,29.5,74.0,rajasthan__hanumangarh,Rajasthan,Hanumangarh,cell_centre_inside
92031,92,31,29.5,74.25,rajasthan__hanumangarh,Rajasthan,Hanumangarh,cell_centre_inside
92032,92,32,29.5,74.5,rajasthan__hanumangarh,Rajasthan,Hanumangarh,cell_centre_inside
92033,92,33,29.5,74.75,haryana__sirsa,Haryana,Sirsa,cell_centre_inside
92034,92,34,29.5,75.0,haryana__sirsa,Haryana,Sirsa,cell_centre_inside
92035,92,35,29.5,75.25,haryana__sirsa,Haryana,Sirsa,cell_centre_inside
92036,92,36,29.5,75.5,haryana__fatehabad,Haryana,Fatehabad,cell_centre_inside
92037,92,37,29.5,75.75,haryana__fatehabad,Haryana,Fatehabad,cell_centre_inside
92038,92,38,29.5,76.0,haryana__jind,Haryana,Jind,cell_centre_inside
92039,92,39,29.5,76.25,haryana__jind,Haryana,Jind,cell_centre_inside
92040,92,40,29.5,76.5,haryana__karnal,Haryana,Karnal,cell_centre_inside
92041,92,41,29.5,76.75,haryana__karnal,Haryana,Karnal,cell_centre_inside
92042,92,42,29.5,77.0,haryana__karnal,Haryana,Karnal,cell_centre_inside
92043,92,43,29.5,77.25,uttar_pradesh__muzaffarnagar,Uttar Pradesh,Muzaffarnagar,cell_centre_inside
92044,92,44,29.5,77.5,uttar_pradesh__muzaffarnagar,Uttar Pradesh,Muzaffarnagar,cell_centre_inside
92045,92,45,29.5,77.75,uttar_pradesh__muzaffarnagar,Uttar Pradesh,Muzaffarnagar,cell_centre_inside
92046,92,46,29.5,78.0,uttar_pradesh__bijnor,Uttar Pradesh,Bijnor,cell_centre_inside
92047,92,47,29.5,78.25,uttar_pradesh__bijnor,Uttar Pradesh,Bijnor,cell_centre_inside
92048,92,48,29.5,78.5,uttar_pradesh__bijnor,Uttar Pradesh,Bijnor,cell_centre_inside
92049,92,49,29.5,78.75,uttarakhand__garhwal,Uttarakhand,Garhwal,cell_centre_inside
92050,92,50,29.5,79.0,uttarakhand__nainital,Uttarakhand,Nainital,cell_centre_inside
92051,92,51,29.5,79.25,uttarakhand__nainital,Uttarakhand,Nainital,cell_centre_inside
92052,92,52,29.5,79.5,uttarakhand__almora,Uttarakhand,Almora,cell_centre_inside
92053,92,53,29.5,79.75,uttarakhand__almora,Uttarakhand,Almora,cell_centre_inside
92054,92,54,29.5,80.0,uttarakhand__almora,Uttarakhand,Almora,cell_centre_inside
92055,92,55,29.5,80.25,uttarakhand__pithoragarh,Uttarakhand,Pithoragarh,cell_centre_inside
93028,93,28,29.75,73.5,rajasthan__ganganagar,Rajasthan,Ganganagar,cell_centre_inside
93029,93,29,29.75,73.75,rajasthan__ganganagar,Rajasthan,Ganganagar,cell_centre_inside
93030,93,30,29.75,74.0,rajasthan__ganganagar,Rajasthan,Ganganagar,cell_centre_inside
93031,93,31,29.75,74.25,rajasthan__hanumangarh,Rajasthan,Hanumangarh,cell_centre_inside
93032,93,32,29.75,74.5,haryana__sirsa,Haryana,Sirsa,cell_centre_inside
93033,93,33,29.75,74.75,haryana__sirsa,Haryana,Sirsa,cell_centre_inside
93034,93,34,29.75,75.0,haryana__sirsa,Haryana,Sirsa,cell_centre_inside
93035,93,35,29.75,75.25,punjab__mansa,Punjab,Mansa,cell_centre_inside
93036,93,36,29.75,75.5,haryana__fatehabad,Haryana,Fatehabad,cell_centre_inside
93037,93,37,29.75,75.75,haryana__fatehabad,Haryana,Fatehabad,cell_centre_inside
93038,93,38,29.75,76.0,punjab__sangrur,Punjab,Sangrur,cell_centre_inside
93039,93,39,29.75,76.25,haryana__kaithal,Haryana,Kaithal,cell_centre_inside
93040,93,40,29.75,76.5,haryana__kaithal,Haryana,Kaithal,cell_centre_inside
93041,93,41,29.75,76.75,haryana__karnal,Haryana,Karnal,cell_centre_inside
93042,93,42,29.75,77.0,haryana__karnal,Haryana,Karnal,cell_centre_inside
93043,93,43,29.75,77.25,uttar_pradesh__saharanpur,Uttar Pradesh,Saharanpur,cell_centre_inside
93044,93,44,29.75,77.5,uttar_pradesh__saharanpur,Uttar Pradesh,Saharanpur,cell_centre_inside
93045,93,45,29.75,77.75,uttar_pradesh__saharanpur,Uttar Pradesh,Saharanpur,cell_centre_inside
93046,93,46,29.75,78.0,uttarakhand__hardwar,Uttarakhand,Hardwar,cell_centre_inside
93047,93,47,29.75,78.25,uttarakhand__hardwar,Uttarakhand,Hardwar,cell_centre_inside
93048,93,48,29.75,78.5,uttarakhand__garhwal,Uttarakhand,Garhwal,cell_centre_inside
93049,93,49,29.75,78.75,uttarakhand__garhwal,Uttarakhand,Garhwal,cell_centre_inside
93050,93,50,29.75,79.0,uttarakhand__garhwal,Uttarakhand,Garhwal,cell_centre_inside
93051,93,51,29.75,79.25,uttarakhand__almora,Uttarakhand,Almora,cell_centre_inside
93052,93,52,29.75,79.5,uttarakhand__almora,Uttarakhand,Almora,cell_centre_inside
93053,93,53,29.75,79.75,uttarakhand__bageshwar,Uttarakhand,Bageshwar,cell_centre_inside
93054,93,54,29.75,80.0,uttarakhand__pithoragarh,Uttarakhand,Pithoragarh,cell_centre_inside
93055,93,55,29.75,80.25,uttarakhand__pithoragarh,Uttarakhand,Pithoragarh,cell_centre_inside
94029,94,29,30.0,73.75,rajasthan__ganganagar,Rajasthan,Ganganagar,cell_centre_inside
94030,94,30,30.0,74.0,punjab__firozpur,Punjab,Firozpur,cell_centre_inside
94031,94,31,30.0,74.25,punjab__firozpur,Punjab,Firozpur,cell_centre_inside
94032,94,32,30.0,74.5,punjab__muktsar,Punjab,Muktsar,cell_centre_inside
94033,94,33,30.0,74.75,punjab__bathinda,Punjab,Bathinda,cell_centre_inside
94034,94,34,30.0,75.0,punjab__bathinda,Punjab,Bathinda,cell_centre_inside
94035,94,35,30.0,75.25,punjab__bathinda,Punjab,Bathinda,cell_centre_inside
94036,94,36,30.0,75.5,punjab__mansa,Punjab,Mansa,cell_centre_inside
94037,94,37,30.0,75.75,punjab__sangrur,Punjab,Sangrur,cell_centre_inside
94038,94,38,30.0,76.0,punjab__sangrur,Punjab,Sangrur,cell_centre_inside
94039,94,39,30.0,76.25,haryana__kaithal,Haryana,Kaithal,cell_centre_inside
94040,94,40,30.0,76.5,haryana__kurukshetra,Haryana,Kurukshetra,cell_centre_inside
94041,94,41,30.0,76.75,haryana__kurukshetra,Haryana,Kurukshetra,cell_centre_inside
94042,94,42,30.0,77.0,haryana__kurukshetra,Haryana,Kurukshetra,cell_centre_inside
94043,94,43,30.0,77.25,haryana__yamunanagar,Haryana,Yamunanagar,cell_centre_inside
94044,94,44,30.0,77.5,uttar_pradesh__saharanpur,Uttar Pradesh,Saharanpur,cell_centre_inside
94045,94,45,30.0,77.75,uttar_pradesh__saharanpur,Uttar Pradesh,Saharanpur,cell_centre_inside
94046,94,46,30.0,78.0,uttarakhand__hardwar,Uttarakhand,Hardwar,cell_centre_inside
94047,94,47,30.0,78.25,uttarakhand__garhwal,Uttarakhand,Garhwal,cell_centre_inside
94048,94,48,30.0,78.5,uttarakhand__garhwal,Uttarakhand,Garhwal,cell_centre_inside
94049,94,49,30.0,78.75,uttarakhand__garhwal,Uttarakhand,Garhwal,cell_centre_inside
94050,94,50,30.0,79.0,uttarakhand__garhwal,Uttarakhand,Garhwal,cell_centre_inside
94051,94,51,30.0,79.25,uttarakhand__chamoli,Uttarakhand,Chamoli,cell_centre_inside
94052,94,52,30.0,79.5,uttarakhand__bageshwar,Uttarakhand,Bageshwar,cell_centre_inside
94053,94,53,30.0,79.75,uttarakhand__bageshwar,Uttarakhand,Bageshwar,cell_centre_inside
94054,94,54,30.0,80.0,uttarakhand__bageshwar,Uttarakhand,Bageshwar,cell_centre_inside
94055,94,55,30.0,80.25,uttarakhand__pithoragarh,Uttarakhand,Pithoragarh,cell_centre_inside
94056,94,56,30.0,80.5,uttarakhand__pithoragarh,Uttarakhand,Pithoragarh,cell_centre_inside
95030,95,30,30.25,74.0,punjab__firozpur,Punjab,Firozpur,cell_centre_inside
95031,95,31,30.25,74.25,punjab__firozpur,Punjab,Firozpur,cell_centre_inside
95032,95,32,30.25,74.5,punjab__muktsar,Punjab,Muktsar,cell_centre_inside
95033,95,33,30.25,74.75,punjab__bathinda,Punjab,Bathinda,cell_centre_inside
95034,95,34,30.25,75.0,punjab__bathinda,Punjab,Bathinda,cell_centre_inside
95035,95,35,30.25,75.25,punjab__bathinda,Punjab,Bathinda,cell_centre_inside
95036,95,36,30.25,75.5,punjab__barnala,Punjab,Barnala,cell_centre_inside
95037,95,37,30.25,75.75,punjab__sangrur,Punjab,Sangrur,cell_centre_inside
95038,95,38,30.25,76.0,punjab__sangrur,Punjab,Sangrur,cell_centre_inside
95039,95,39,30.25,76.25,punjab__patiala,Punjab,Patiala,cell_centre_inside
95040,95,40,30.25,76.5,punjab__patiala,Punjab,Patiala,cell_centre_inside
95041,95,41,30.25,76.75,haryana__ambala,Haryana,Ambala,cell_centre_inside
95042,95,42,30.25,77.0,haryana__ambala,Haryana,Ambala,cell_centre_inside
95043,95,43,30.25,77.25,haryana__yamunanagar,Haryana,Yamunanagar,cell_centre_inside
95044,95,44,30.25,77.5,haryana__yamunanagar,Haryana,Yamunanagar,cell_centre_inside
95045,95,45,30.25,77.75,uttar_pradesh__saharanpur,Uttar Pradesh,Saharanpur,cell_centre_inside
95046,95,46,30.25,78.0,uttarakhand__dehradun,Uttarakhand,Dehradun,cell_centre_inside
95047,95,47,30.25,78.25,uttarakhand__dehradun,Uttarakhand,Dehradun,cell_centre_inside
95048,95,48,30.25,78.5,uttarakhand__tehri_garhwal,Uttarakhand,Tehri Garhwal,cell_centre_inside
95049,95,49,30.25,78.75,uttarakhand__tehri_garhwal,Uttarakhand,Tehri Garhwal,cell_centre_inside
95050,95,50,30.25,79.0,uttarakhand__garhwal,Uttarakhand,Garhwal,cell_centre_inside
95051,95,51,30.25,79.25,uttarakhand__chamoli,Uttarakhand,Chamoli,cell_centre_inside
95052,95,52,30.25,79.5,uttarakhand__chamoli,Uttarakhand,Chamoli,cell_centre_inside
95053,95,53,30.25,79.75,uttarakhand__chamoli,Uttarakhand,Chamoli,cell_centre_inside
95054,95,54,30.25,80.0,uttarakhand__bageshwar,Uttarakhand,Bageshwar,cell_centre_inside
95055,95,55,30.25,80.25,uttarakhand__pithoragarh,Uttarakhand,Pithoragarh,cell_centre_inside
95056,95,56,30.25,80.5,uttarakhand__pithoragarh,Uttarakhand,Pithoragarh,cell_centre_inside
95057,95,57,30.25,80.75,uttarakhand__pithoragarh,Uttarakhand,Pithoragarh,cell_centre_inside
95058,95,58,30.25,81.0,uttarakhand__pithoragarh,Uttarakhand,Pithoragarh,cell_centre_inside
96030,96,30,30.5,74.0,punjab__firozpur,Punjab,Firozpur,cell_centre_inside
96031,96,31,30.5,74.25,punjab__firozpur,Punjab,Firozpur,cell_centre_inside
96032,96,32,30.5,74.5,punjab__muktsar,Punjab,Muktsar,cell_centre_inside
96033,96,33,30.5,74.75,punjab__faridkot,Punjab,Faridkot,cell_centre_inside
96034,96,34,30.5,75.0,punjab__moga,Punjab,Moga,cell_centre_inside
96035,96,35,30.5,75.25,punjab__bathinda,Punjab,Bathinda,cell_centre_inside
96036,96,36,30.5,75.5,punjab__barnala,Punjab,Barnala,cell_centre_inside
96037,96,37,30.5,75.75,punjab__sangrur,Punjab,Sangrur,cell_centre_inside
96038,96,38,30.5,76.0,punjab__sangrur,Punjab,Sangrur,cell_centre_inside
96039,96,39,30.5,76.25,punjab__patiala,Punjab,Patiala,cell_centre_inside
96040,96,40,30.5,76.5,punjab__patiala,Punjab,Patiala,cell_centre_inside
96041,96,41,30.5,76.75,punjab__patiala,Punjab,Patiala,cell_centre_inside
96042,96,42,30.5,77.0,haryana__ambala,Haryana,Ambala,cell_centre_inside
96043,96,43,30.5,77.25,himachal_pradesh__sirmaur,Himachal Pradesh,Sirmaur,cell_centre_inside
96044,96,44,30.5,77.5,himachal_pradesh__sirmaur,Himachal Pradesh,Sirmaur,cell_centre_inside
96045,96,45,30.5,77.75,himachal_pradesh__sirmaur,Himachal Pradesh,Sirmaur,cell_centre_inside
96046,96,46,30.5,78.0,uttarakhand__tehri_garhwal,Uttarakhand,Tehri Garhwal,cell_centre_inside
96047,96,47,30.5,78.25,uttarakhand__tehri_garhwal,Uttarakhand,Tehri Garhwal,cell_centre_inside
96048,96,48,30.5,78.5,uttarakhand__tehri_garhwal,Uttarakhand,Tehri Garhwal,cell_centre_inside
96049,96,49,30.5,78.75,uttarakhand__tehri_garhwal,Uttarakhand,Tehri Garhwal,cell_centre_inside
96050,96,50,30.5,79.0,uttarakhand__rudraprayag,Uttarakhand,Rudraprayag,cell_centre_inside
96051,96,51,30.5,79.25,uttarakhand__chamoli,Uttarakhand,Chamoli,cell_centre_inside
96052,96,52,30.5,79.5,uttarakhand__chamoli,Uttarakhand,Chamoli,cell_centre_inside
96053,96,53,30.5,79.75,uttarakhand__chamoli,Uttarakhand,Chamoli,cell_centre_inside
96054,96,54,30.5,80.0,uttarakhand__chamoli,Uttarakhand,Chamoli,cell_centre_inside
96055,96,55,30.5,80.25,uttarakhand__pithoragarh,Uttarakhand,Pithoragarh,cell_centre_inside
97032,97,32,30.75,74.5,punjab__faridkot,Punjab,Faridkot,cell_centre_inside
97033,97,33,30.75,74.75,punjab__faridkot,Punjab,Faridkot,cell_centre_inside
97034,97,34,30.75,75.0,punjab__moga,Punjab,Moga,cell_centre_inside
97035,97,35,30.75,75.25,punjab__moga,Punjab,Moga,cell_centre_inside
97036,97,36,30.75,75.5,punjab__ludhiana,Punjab,Ludhiana,cell_centre_inside
97037,97,37,30.75,75.75,punjab__ludhiana,Punjab,Ludhiana,cell_centre_inside
97038,97,38,30.75,76.0,punjab__ludhiana,Punjab,Ludhiana,cell_centre_inside
97039,97,39,30.75,76.25,punjab__ludhiana,Punjab,Ludhiana,cell_centre_inside
97040,97,40,30.75,76.5,punjab__rupnagar,Punjab,Rupnagar,cell_centre_inside
97041,97,41,30.75,76.75,chandigarh__chandigarh,Chandigarh,Chandigarh,cell_centre_inside
97042,97,42,30.75,77.0,haryana__panchkula,Haryana,Panchkula,cell_centre_inside
97043,97,43,30.75,77.25,himachal_pradesh__sirmaur,Himachal Pradesh,Sirmaur,cell_centre_inside
97044,97,44,30.75,77.5,himachal_pradesh__sirmaur,Himachal Pradesh,Sirmaur,cell_centre_inside
97045,97,45,30.75,77.75,uttarakhand__dehradun,Uttarakhand,Dehradun,cell_centre_inside
97046,97,46,30.75,78.0,uttarakhand__dehradun,Uttarakhand,Dehradun,cell_centre_inside
97047,97,47,30.75,78.25,uttarakhand__uttarkashi,Uttarakhand,Uttarkashi,cell_centre_inside
97048,97,48,30.75,78.5,uttarakhand__uttarkashi,Uttarakhand,Uttarkashi,cell_centre_inside
97049,97,49,30.75,78.75,uttarakhand__uttarkashi,Uttarakhand,Uttarkashi,cell_centre_inside
97050,97,50,30.75,79.0,uttarakhand__tehri_garhwal,Uttarakhand,Tehri Garhwal,cell_centre_inside
97051,97,51,30.75,79.25,uttarakhand__uttarkashi,Uttarakhand,Uttarkashi,cell_centre_inside
97052,97,52,30.75,79.5,uttarakhand__chamoli,Uttarakhand,Chamoli,cell_centre_inside
97053,97,53,30.75,79.75,uttarakhand__chamoli,Uttarakhand,Chamoli,cell_centre_inside
97054,97,54,30.75,80.0,uttarakhand__chamoli,Uttarakhand,Chamoli,cell_centre_inside
98033,98,33,31.0,74.75,punjab__firozpur,Punjab,Firozpur,cell_centre_inside
98034,98,34,31.0,75.0,punjab__firozpur,Punjab,Firozpur,cell_centre_inside
98035,98,35,31.0,75.25,punjab__moga,Punjab,Moga,cell_centre_inside
98036,98,36,31.0,75.5,punjab__jalandhar,Punjab,Jalandhar,cell_centre_inside
98037,98,37,31.0,75.75,punjab__ludhiana,Punjab,Ludhiana,cell_centre_inside
98038,98,38,31.0,76.0,punjab__shahid_bhagat_singh_nagar,Punjab,Shahid Bhagat Singh Nagar,cell_centre_inside
98039,98,39,31.0,76.25,punjab__shahid_bhagat_singh_nagar,Punjab,Shahid Bhagat Singh Nagar,cell_centre_inside
98040,98,40,31.0,76.5,punjab__shahid_bhagat_singh_nagar,Punjab,Shahid Bhagat Singh Nagar,cell_centre_inside
98041,98,41,31.0,76.75,himachal_pradesh__solan,Himachal Pradesh,Solan,cell_centre_inside
98042,98,42,31.0,77.0,himachal_pradesh__solan,Himachal Pradesh,Solan,cell_centre_inside
98043,98,43,31.0,77.25,himachal_pradesh__shimla,Himachal Pradesh,Shimla,cell_centre_inside
98044,98,44,31.0,77.5,himachal_pradesh__shimla,Himachal Pradesh,Shimla,cell_centre_inside
98045,98,45,31.0,77.75,himachal_pradesh__shimla,Himachal Pradesh,Shimla,cell_centre_inside
98046,98,46,31.0,78.0,uttarakhand__uttarkashi,Uttarakhand,Uttarkashi,cell_centre_inside
98047,98,47,31.0,78.25,uttarakhand__uttarkashi,Uttarakhand,Uttarkashi,cell_centre_inside
98048,98,48,31.0,78.5,uttarakhand__uttarkashi,Uttarakhand,Uttarkashi,cell_centre_inside
98049,98,49,31.0,78.75,uttarakhand__uttarkashi,Uttarakhand,Uttarkashi,cell_centre_inside
98050,98,50,31.0,79.0,uttarakhand__uttarkashi,Uttarakhand,Uttarkashi,cell_centre_inside
98051,98,51,31.0,79.25,uttarakhand__uttarkashi,Uttarakhand,Uttarkashi,cell_centre_inside
98052,98,52,31.0,79.5,uttarakhand__chamoli,Uttarakhand,Chamoli,cell_centre_inside
99033,99,33,31.25,74.75,punjab__tarn_taran,Punjab,Tarn Taran,cell_centre_inside
99034,99,34,31.25,75.0,punjab__tarn_taran,Punjab,Tarn Taran,cell_centre_inside
99035,99,35,31.25,75.25,punjab__kapurthala,Punjab,Kapurthala,cell_centre_inside
99036,99,36,31.25,75.5,punjab__jalandhar,Punjab,Jalandhar,cell_centre_inside
99037,99,37,31.25,75.75,punjab__kapurthala,Punjab,Kapurthala,cell_centre_inside
99038,99,38,31.25,76.0,punjab__hoshiarpur,Punjab,Hoshiarpur,cell_centre_inside
99039,99,39,31.25,76.25,punjab__hoshiarpur,Punjab,Hoshiarpur,cell_centre_inside
99040,99,40,31.25,76.5,punjab__rupnagar,Punjab,Rupnagar,cell_centre_inside
99041,99,41,31.25,76.75,himachal_pradesh__bilaspur,Himachal Pradesh,Bilaspur,cell_centre_inside
99042,99,42,31.25,77.0,himachal_pradesh__solan,Himachal Pradesh,Solan,cell_centre_inside
99043,99,43,31.25,77.25,himachal_pradesh__shimla,Himachal Pradesh,Shimla,cell_centre_inside
99044,99,44,31.25,77.5,himachal_pradesh__shimla,Himachal Pradesh,Shimla,cell_centre_inside
99045,99,45,31.25,77.75,himachal_pradesh__shimla,Himachal Pradesh,Shimla,cell_centre_inside
99046,99,46,31.25,78.0,himachal_pradesh__shimla,Himachal Pradesh,Shimla,cell_centre_inside
99047,99,47,31.25,78.25,himachal_pradesh__shimla,Himachal Pradesh,Shimla,cell_centre_inside
99048,99,48,31.25,78.5,himachal_pradesh__kinnaur,Himachal Pradesh,Kinnaur,cell_centre_inside
99049,99,49,31.25,78.75,himachal_pradesh__kinnaur,Himachal Pradesh,Kinnaur,cell_centre_inside
99050,99,50,31.25,79.0,uttarakhand__uttarkashi,Uttarakhand,Uttarkashi,cell_centre_inside
100033,100,33,31.5,74.75,punjab__tarn_taran,Punjab,Tarn Taran,cell_centre_inside
100034,100,34,31.5,75.0,punjab__tarn_taran,Punjab,Tarn Taran,cell_centre_inside
100035,100,35,31.5,75.25,punjab__tarn_taran,Punjab,Tarn Taran,cell_centre_inside
100036,100,36,31.5,75.5,punjab__kapurthala,Punjab,Kapurthala,cell_centre_inside
100037,100,37,31.5,75.75,punjab__hoshiarpur,Punjab,Hoshiarpur,cell_centre_inside
100038,100,38,31.5,76.0,punjab__hoshiarpur,Punjab,Hoshiarpur,cell_centre_inside
100039,100,39,31.5,76.25,himachal_pradesh__una,Himachal Pradesh,Una,cell_centre_inside
100040,100,40,31.5,76.5,himachal_pradesh__hamirpur,Himachal Pradesh,Hamirpur,cell_centre_inside
100041,100,41,31.5,76.75,himachal_pradesh__bilaspur,Himachal Pradesh,Bilaspur,cell_centre_inside
100042,100,42,31.5,77.0,himachal_pradesh__mandi,Himachal Pradesh,Mandi,cell_centre_inside
100043,100,43,31.5,77.25,himachal_pradesh__mandi,Himachal Pradesh,Mandi,cell_centre_inside
100044,100,44,31.5,77.5,himachal_pradesh__kullu,Himachal Pradesh,Kullu,cell_centre_inside
100045,100,45,31.5,77.75,himachal_pradesh__shimla,Himachal Pradesh,Shimla,cell_centre_inside
100046,100,46,31.5,78.0,himachal_pradesh__kinnaur,Himachal Pradesh,Kinnaur,cell_centre_inside
100047,100,47,31.5,78.25,himachal_pradesh__kinnaur,Himachal Pradesh,Kinnaur,cell_centre_inside
100048,100,48,31.5,78.5,himachal_pradesh__kinnaur,Himachal Pradesh,Kinnaur,cell_centre_inside
101033,101,33,31.75,74.75,punjab__amritsar,Punjab,Amritsar,cell_centre_inside
101034,101,34,31.75,75.0,punjab__amritsar,Punjab,Amritsar,cell_centre_inside
101035,101,35,31.75,75.25,punjab__gurdaspur,Punjab,Gurdaspur,cell_centre_inside
101036,101,36,31.75,75.5,punjab__gurdaspur,Punjab,Gurdaspur,cell_centre_inside
101037,101,37,31.75,75.75,punjab__hoshiarpur,Punjab,Hoshiarpur,cell_centre_inside
101038,101,38,31.75,76.0,himachal_pradesh__una,Himachal Pradesh,Una,cell_centre_inside
101039,101,39,31.75,76.25,himachal_pradesh__kangra,Himachal Pradesh,Kangra,cell_centre_inside
101040,101,40,31.75,76.5,himachal_pradesh__hamirpur,Himachal Pradesh,Hamirpur,cell_centre_inside
101041,101,41,31.75,76.75,himachal_pradesh__mandi,Himachal Pradesh,Mandi,cell_centre_inside
101042,101,42,31.75,77.0,himachal_pradesh__mandi,Himachal Pradesh,Mandi,cell_centre_inside
101043,101,43,31.75,77.25,himachal_pradesh__kullu,Himachal Pradesh,Kullu,cell_centre_inside
101044,101,44,31.75,77.5,himachal_pradesh__kullu,Himachal Pradesh,Kullu,cell_centre_inside
101045,101,45,31.75,77.75,himachal_pradesh__kullu,Himachal Pradesh,Kullu,cell_centre_inside
101046,101,46,31.75,78.0,himachal_pradesh__kinnaur,Himachal Pradesh,Kinnaur,cell_centre_inside
101047,101,47,31.75,78.25,himachal_pradesh__kinnaur,Himachal Pradesh,Kinnaur,cell_centre_inside
101048,101,48,31.75,78.5,himachal_pradesh__kinnaur,Himachal Pradesh,Kinnaur,cell_centre_inside
102034,102,34,32.0,75.0,punjab__gurdaspur,Punjab,Gurdaspur,cell_centre_inside
102035,102,35,32.0,75.25,punjab__gurdaspur,Punjab,Gurdaspur,cell_centre_inside
102036,102,36,32.0,75.5,punjab__gurdaspur,Punjab,Gurdaspur,cell_centre_inside
102037,102,37,32.0,75.75,punjab__hoshiarpur,Punjab,Hoshiarpur,cell_centre_inside
102038,102,38,32.0,76.0,himachal_pradesh__kangra,Himachal Pradesh,Kangra,cell_centre_inside
102039,102,39,32.0,76.25,himachal_pradesh__kangra,Himachal Pradesh,Kangra,cell_centre_inside
102040,102,40,32.0,76.5,himachal_pradesh__kangra,Himachal Pradesh,Kangra,cell_centre_inside
102041,102,41,32.0,76.75,himachal_pradesh__mandi,Himachal Pradesh,Mandi,cell_centre_inside
102042,102,42,32.0,77.0,himachal_pradesh__kullu,Himachal Pradesh,Kullu,cell_centre_inside
102043,102,43,32.0,77.25,himachal_pradesh__kullu,Himachal Pradesh,Kullu,cell_centre_inside
102044,102,44,32.0,77.5,himachal_pradesh__kullu,Himachal Pradesh,Kullu,cell_centre_inside
102045,102,45,32.0,77.75,himachal_pradesh__kullu,Himachal Pradesh,Kullu,cell_centre_inside
102046,102,46,32.0,78.0,himachal_pradesh__lahul_and_spiti,Himachal Pradesh,Lahul & Spiti,cell_centre_inside
102047,102,47,32.0,78.25,himachal_pradesh__lahul_and_spiti,Himachal Pradesh,Lahul & Spiti,cell_centre_inside
102048,102,48,32.0,78.5,himachal_pradesh__kinnaur,Himachal Pradesh,Kinnaur,cell_centre_inside
102049,102,49,32.0,78.75,himachal_pradesh__kinnaur,Himachal Pradesh,Kinnaur,cell_centre_inside
103036,103,36,32.25,75.5,punjab__gurdaspur,Punjab,Gurdaspur,cell_centre_inside
103037,103,37,32.25,75.75,himachal_pradesh__kangra,Himachal Pradesh,Kangra,cell_centre_inside
103038,103,38,32.25,76.0,himachal_pradesh__kangra,Himachal Pradesh,Kangra,cell_centre_inside
103039,103,39,32.25,76.25,himachal_pradesh__kangra,Himachal Pradesh,Kangra,cell_centre_inside
103040,103,40,32.25,76.5,himachal_pradesh__chamba,Himachal Pradesh,Chamba,cell_centre_inside
103041,103,41,32.25,76.75,himachal_pradesh__chamba,Himachal Pradesh,Chamba,cell_centre_inside
103042,103,42,32.25,77.0,himachal_pradesh__kangra,Himachal Pradesh,Kangra,cell_centre_inside
103043,103,43,32.25,77.25,himachal_pradesh__kullu,Himachal Pradesh,Kullu,cell_centre_inside
103044,103,44,32.25,77.5,himachal_pradesh__lahul_and_spiti,Himachal Pradesh,Lahul & Spiti,cell_centre_inside
103045,103,45,32.25,77.75,himachal_pradesh__lahul_and_spiti,Himachal Pradesh,Lahul & Spiti,cell_centre_inside
103046,103,46,32.25,78.0,himachal_pradesh__lahul_and_spiti,Himachal Pradesh,Lahul & Spiti,cell_centre_inside
103047,103,47,32.25,78.25,himachal_pradesh__lahul_and_spiti,Himachal Pradesh,Lahul & Spiti,cell_centre_inside
104033,104,33,32.5,74.75,jammu_and_kashmir__jammu,Jammu & Kashmir,Jammu,cell_centre_inside
104034,104,34,32.5,75.0,jammu_and_kashmir__samba,Jammu & Kashmir,Samba,cell_centre_inside
104035,104,35,32.5,75.25,jammu_and_kashmir__kathua,Jammu & Kashmir,Kathua,cell_centre_inside
104036,104,36,32.5,75.5,jammu_and_kashmir__kathua,Jammu & Kashmir,Kathua,cell_centre_inside
104037,104,37,32.5,75.75,jammu_and_kashmir__kathua,Jammu & Kashmir,Kathua,cell_centre_inside
104038,104,38,32.5,76.0,himachal_pradesh__chamba,Himachal Pradesh,Chamba,cell_centre_inside
104039,104,39,32.5,76.25,himachal_pradesh__chamba,Himachal Pradesh,Chamba,cell_centre_inside
104040,104,40,32.5,76.5,himachal_pradesh__chamba,Himachal Pradesh,Chamba,cell_centre_inside
104041,104,41,32.5,76.75,himachal_pradesh__chamba,Himachal Pradesh,Chamba,cell_centre_inside
104042,104,42,32.5,77.0,himachal_pradesh__lahul_and_spiti,Himachal Pradesh,Lahul & Spiti,cell_centre_inside
104043,104,43,32.5,77.25,himachal_pradesh__lahul_and_spiti,Himachal Pradesh,Lahul & Spiti,cell_centre_inside
104044,104,44,32.5,77.5,himachal_pradesh__lahul_and_spiti,Himachal Pradesh,Lahul & Spiti,cell_centre_inside
104045,104,45,32.5,77.75,himachal_pradesh__lahul_and_spiti,Himachal Pradesh,Lahul & Spiti,cell_centre_inside
104046,104,46,32.5,78.0,himachal_pradesh__lahul_and_spiti,Himachal Pradesh,Lahul & Spiti,cell_centre_inside
104047,104,47,32.5,78.25,himachal_pradesh__lahul_and_spiti,Himachal Pradesh,Lahul & Spiti,cell_centre_inside
104050,104,50,32.5,79.0,jammu_and_kashmir__leh_ladakh,Jammu & Kashmir,Leh (ladakh),cell_centre_inside
105033,105,33,32.75,74.75,jammu_and_kashmir__jammu,Jammu & Kashmir,Jammu,cell_centre_inside
105034,105,34,32.75,75.0,jammu_and_kashmir__jammu,Jammu & Kashmir,Jammu,cell_centre_inside
105035,105,35,32.75,75.25,jammu_and_kashmir__udhampur,Jammu & Kashmir,Udhampur,cell_centre_inside
105036,105,36,32.75,75.5,jammu_and_kashmir__udhampur,Jammu & Kashmir,Udhampur,cell_centre_inside
105037,105,37,32.75,75.75,jammu_and_kashmir__kathua,Jammu & Kashmir,Kathua,cell_centre_inside
105038,105,38,32.75,76.0,himachal_pradesh__chamba,Himachal Pradesh,Chamba,cell_centre_inside
105039,105,39,32.75,76.25,himachal_pradesh__chamba,Himachal Pradesh,Chamba,cell_centre_inside
105040,105,40,32.75,76.5,himachal_pradesh__lahul_and_spiti,Himachal Pradesh,Lahul & Spiti,cell_centre_inside
105041,105,41,32.75,76.75,himachal_pradesh__lahul_and_spiti,Himachal Pradesh,Lahul & Spiti,cell_centre_inside
105042,105,42,32.75,77.0,himachal_pradesh__lahul_and_spiti,Himachal Pradesh,Lahul & Spiti,cell_centre_inside
105043,105,43,32.75,77.25,himachal_pradesh__lahul_and_spiti,Himachal Pradesh,Lahul & Spiti,cell_centre_inside
105044,105,44,32.75,77.5,himachal_pradesh__lahul_and_spiti,Himachal Pradesh,Lahul & Spiti,cell_centre_inside
105045,105,45,32.75,77.75,himachal_pradesh__lahul_and_spiti,Himachal Pradesh,Lahul & Spiti,cell_centre_inside
105046,105,46,32.75,78.0,jammu_and_kashmir__leh_ladakh,Jammu & Kashmir,Leh (ladakh),cell_centre_inside
105047,105,47,32.75,78.25,jammu_and_kashmir__leh_ladakh,Jammu & Kashmir,Leh (ladakh),cell_centre_inside
105048,105,48,32.75,78.5,jammu_and_kashmir__leh_ladakh,Jammu & Kashmir,Leh (ladakh),cell_centre_inside
105049,105,49,32.75,78.75,jammu_and_kashmir__leh_ladakh,Jammu & Kashmir,Leh (ladakh),cell_centre_inside
105050,105,50,32.75,79.0,jammu_and_kashmir__leh_ladakh,Jammu & Kashmir,Leh (ladakh),cell_centre_inside
105051,105,51,32.75,79.25,jammu_and_kashmir__leh_ladakh,Jammu & Kashmir,Leh (ladakh),cell_centre_inside
105052,105,52,32.75,79.5,jammu_and_kashmir__leh_ladakh,Jammu & Kashmir,Leh (ladakh),cell_centre_inside
106030,106,30,33.0,74.0,jammu_and_kashmir__data_not_available,Jammu & Kashmir,Data Not Available,cell_centre_inside
106031,106,31,33.0,74.25,jammu_and_kashmir__data_not_available,Jammu & Kashmir,Data Not Available,cell_centre_inside
106032,106,32,33.0,74.5,jammu_and_kashmir__data_not_available,Jammu & Kashmir,Data Not Available,cell_centre_inside
106033,106,33,33.0,74.75,jammu_and_kashmir__jammu,Jammu & Kashmir,Jammu,cell_centre_inside
106034,106,34,33.0,75.0,jammu_and_kashmir__reasi,Jammu & Kashmir,Reasi,cell_centre_inside
106035,106,35,33.0,75.25,jammu_and_kashmir__udhampur,Jammu & Kashmir,Udhampur,cell_centre_inside
106036,106,36,33.0,75.5,jammu_and_kashmir__doda,Jammu & Kashmir,Doda,cell_centre_inside
106037,106,37,33.0,75.75,jammu_and_kashmir__doda,Jammu & Kashmir,Doda,cell_centre_inside
106038,106,38,33.0,76.0,jammu_and_kashmir__doda,Jammu & Kashmir,Doda,cell_centre_inside
106039,106,39,33.0,76.25,himachal_pradesh__chamba,Himachal Pradesh,Chamba,cell_centre_inside
106040,106,40,33.0,76.5,himachal_pradesh__chamba,Himachal Pradesh,Chamba,cell_centre_inside
106041,106,41,33.0,76.75,himachal_pradesh__chamba,Himachal Pradesh,Chamba,cell_centre_inside
106042,106,42,33.0,77.0,jammu_and_kashmir__kargil,Jammu & Kashmir,Kargil,cell_centre_inside
106043,106,43,33.0,77.25,jammu_and_kashmir__kargil,Jammu & Kashmir,Kargil,cell_centre_inside
106044,106,44,33.0,77.5,jammu_and_kashmir__leh_ladakh,Jammu & Kashmir,Leh (ladakh),cell_centre_inside
106045,106,45,33.0,77.75,jammu_and_kashmir__leh_ladakh,Jammu & Kashmir,Leh (ladakh),cell_centre_inside
106046,106,46,33.0,78.0,jammu_and_kashmir__leh_ladakh,Jammu & Kashmir,Leh (ladakh),cell_centre_inside
106047,106,47,33.0,78.25,jammu_and_kashmir__leh_ladakh,Jammu & Kashmir,Leh (ladakh),cell_centre_inside
106048,106,48,33.0,78.5,jammu_and_kashmir__leh_ladakh,Jammu & Kashmir,Leh (ladakh),cell_centre_inside
106049,106,49,33.0,78.75,jammu_and_kashmir__leh_ladakh,Jammu & Kashmir,Leh (ladakh),cell_centre_inside
106050,106,50,33.0,79.0,jammu_and_kashmir__leh_ladakh,Jammu & Kashmir,Leh (ladakh),cell_centre_inside
106051,106,51,33.0,79.25,jammu_and_kashmir__leh_ladakh,Jammu & Kashmir,Leh (ladakh),cell_centre_inside
107029,107,29,33.25,73.75,jammu_and_kashmir__data_not_available,Jammu & Kashmir,Data Not Available,cell_centre_inside
107030,107,30,33.25,74.0,jammu_and_kashmir__data_not_available,Jammu & Kashmir,Data Not Available,cell_centre_inside
107031,107,31,33.25,74.25,jammu_and_kashmir__rajouri,Jammu & Kashmir,Rajouri,cell_centre_inside
107032,107,32,33.25,74.5,jammu_and_kashmir__rajouri,Jammu & Kashmir,Rajouri,cell_centre_inside
107033,107,33,33.25,74.75,jammu_and_kashmir__reasi,Jammu & Kashmir,Reasi,cell_centre_inside
107034,107,34,33.25,75.0,jammu_and_kashmir__reasi,Jammu & Kashmir,Reasi,cell_centre_inside
107035,107,35,33.25,75.25,jammu_and_kashmir__ramban,Jammu & Kashmir,Ramban,cell_centre_inside
107036,107,36,33.25,75.5,jammu_and_kashmir__doda,Jammu & Kashmir,Doda,cell_centre_inside
107037,107,37,33.25,75.75,jammu_and_kashmir__kishtwar,Jammu & Kashmir,Kishtwar,cell_centre_inside
107038,107,38,33.25,76.0,jammu_and_kashmir__kishtwar,Jammu & Kashmir,Kishtwar,cell_centre_inside
107039,107,39,33.25,76.25,jammu_and_kashmir__kishtwar,Jammu & Kashmir,Kishtwar,cell_centre_inside
107040,107,40,33.25,76.5,jammu_and_kashmir__kishtwar,Jammu & Kashmir,Kishtwar,cell_centre_inside
107041,107,41,33.25,76.75,jammu_and_kashmir__kishtwar,Jammu & Kashmir,Kishtwar,cell_centre_inside
107042,107,42,33.25,77.0,jammu_and_kashmir__kargil,Jammu & Kashmir,Kargil,cell_centre_inside
107043,107,43,33.25,77.25,jammu_and_kashmir__kargil,Jammu & Kashmir,Kargil,cell_centre_inside
107044,107,44,33.25,77.5,jammu_and_kashmir__leh_ladakh,Jammu & Kashmir,Leh (ladakh),cell_centre_inside
107045,107,45,33.25,77.75,jammu_and_kashmir__leh_ladakh,Jammu & Kashmir,Leh (ladakh),cell_centre_inside
107046,107,46,33.25,78.0,jammu_and_kashmir__leh_ladakh,Jammu & Kashmir,Leh (ladakh),cell_centre_inside
107047,107,47,33.25,78.25,jammu_and_kashmir__leh_ladakh,Jammu & Kashmir,Leh (ladakh),cell_centre_inside
107048,107,48,33.25,78.5,jammu_and_kashmir__leh_ladakh,Jammu & Kashmir,Leh (ladakh),cell_centre_inside
107049,107,49,33.25,78.75,jammu_and_kashmir__leh_ladakh,Jammu & Kashmir,Leh (ladakh),cell_centre_inside
107050,107,50,33.25,79.0,jammu_and_kashmir__leh_ladakh,Jammu & Kashmir,Leh (ladakh),cell_centre_inside
107051,107,51,33.25,79.25,jammu_and_kashmir__leh_ladakh,Jammu & Kashmir,Leh (ladakh),cell_centre_inside
108029,108,29,33.5,73.75,jammu_and_kashmir__data_not_available,Jammu & Kashmir,Data Not Available,cell_centre_inside
108030,108,30,33.5,74.0,jammu_and_kashmir__data_not_available,Jammu & Kashmir,Data Not Available,cell_centre_inside
108031,108,31,33.5,74.25,jammu_and_kashmir__rajouri,Jammu & Kashmir,Rajouri,cell_centre_inside
108032,108,32,33.5,74.5,jammu_and_kashmir__punch,Jammu & Kashmir,Punch,cell_centre_inside
108033,108,33,33.5,74.75,jammu_and_kashmir__reasi,Jammu & Kashmir,Reasi,cell_centre_inside
108034,108,34,33.5,75.0,jammu_and_kashmir__kulgam,Jammu & Kashmir,Kulgam,cell_centre_inside
108035,108,35,33.5,75.25,jammu_and_kashmir__anantnag,Jammu & Kashmir,Anantnag,cell_centre_inside
108036,108,36,33.5,75.5,jammu_and_kashmir__anantnag,Jammu & Kashmir,Anantnag,cell_centre_inside
108037,108,37,33.5,75.75,jammu_and_kashmir__kishtwar,Jammu & Kashmir,Kishtwar,cell_centre_inside
108038,108,38,33.5,76.0,jammu_and_kashmir__kishtwar,Jammu & Kashmir,Kishtwar,cell_centre_inside
108039,108,39,33.5,76.25,jammu_and_kashmir__kishtwar,Jammu & Kashmir,Kishtwar,cell_centre_inside
108040,108,40,33.5,76.5,jammu_and_kashmir__kishtwar,Jammu & Kashmir,Kishtwar,cell_centre_inside
108041,108,41,33.5,76.75,jammu_and_kashmir__kargil,Jammu & Kashmir,Kargil,cell_centre_inside
108042,108,42,33.5,77.0,jammu_and_kashmir__kargil,Jammu & Kashmir,Kargil,cell_centre_inside
108043,108,43,33.5,77.25,jammu_and_kashmir__kargil,Jammu & Kashmir,Kargil,cell_centre_inside
108044,108,44,33.5,77.5,jammu_and_kashmir__kargil,Jammu & Kashmir,Kargil,cell_centre_inside
108045,108,45,33.5,77.75,jammu_and_kashmir__leh_ladakh,Jammu & Kashmir,Leh (ladakh),cell_centre_inside
108046,108,46,33.5,78.0,jammu_and_kashmir__leh_ladakh,Jammu & Kashmir,Leh (ladakh),cell_centre_inside
108047,108,47,33.5,78.25,jammu_and_kashmir__leh_ladakh,Jammu & Kashmir,Leh (ladakh),cell_centre_inside
108048,108,48,33.5,78.5,jammu_and_kashmir__leh_ladakh,Jammu & Kashmir,Leh (ladakh),cell_centre_inside
108049,108,49,33.5,78.75,jammu_and_kashmir__leh_ladakh,Jammu & Kashmir,Leh (ladakh),cell_centre_inside
109029,109,29,33.75,73.75,jammu_and_kashmir__data_not_available,Jammu & Kashmir,Data Not Available,cell_centre_inside
109030,109,30,33.75,74.0,jammu_and_kashmir__punch,Jammu & Kashmir,Punch,cell_centre_inside
109031,109,31,33.75,74.25,jammu_and_kashmir__punch,Jammu & Kashmir,Punch,cell_centre_inside
109032,109,32,33.75,74.5,jammu_and_kashmir__badgam,Jammu & Kashmir,Badgam,cell_centre_inside
109033,109,33,33.75,74.75,jammu_and_kashmir__shupiyan,Jammu & Kashmir,Shupiyan,cell_centre_inside
109034,109,34,33.75,75.0,jammu_and_kashmir__shupiyan,Jammu & Kashmir,Shupiyan,cell_centre_inside
109035,109,35,33.75,75.25,jammu_and_kashmir__anantnag,Jammu & Kashmir,Anantnag,cell_centre_inside
109036,109,36,33.75,75.5,jammu_and_kashmir__anantnag,Jammu & Kashmir,Anantnag,cell_centre_inside
109037,109,37,33.75,75.75,jammu_and_kashmir__kishtwar,Jammu & Kashmir,Kishtwar,cell_centre_inside
109038,109,38,33.75,76.0,jammu_and_kashmir__kishtwar,Jammu & Kashmir,Kishtwar,cell_centre_inside
109039,109,39,33.75,76.25,jammu_and_kashmir__kargil,Jammu & Kashmir,Kargil,cell_centre_inside
109040,109,40,33.75,76.5,jammu_and_kashmir__kargil,Jammu & Kashmir,Kargil,cell_centre_inside
109041,109,41,33.75,76.75,jammu_and_kashmir__kargil,Jammu & Kashmir,Kargil,cell_centre_inside
109042,109,42,33.75,77.0,jammu_and_kashmir__kargil,Jammu & Kashmir,Kargil,cell_centre_inside
109043,109,43,33.75,77.25,jammu_and_kashmir__leh_ladakh,Jammu & Kashmir,Leh (ladakh),cell_centre_inside
109044,109,44,33.75,77.5,jammu_and_kashmir__leh_ladakh,Jammu & Kashmir,Leh (ladakh),cell_centre_inside
109045,109,45,33.75,77.75,jammu_and_kashmir__leh_ladakh,Jammu & Kashmir,Leh (ladakh),cell_centre_inside
109046,109,46,33.75,78.0,jammu_and_kashmir__leh_ladakh,Jammu & Kashmir,Leh (ladakh),cell_centre_inside
109047,109,47,33.75,78.25,jammu_and_kashmir__leh_ladakh,Jammu & Kashmir,Leh (ladakh),cell_centre_inside
109048,109,48,33.75,78.5,jammu_and_kashmir__leh_ladakh,Jammu & Kashmir,Leh (ladakh),cell_centre_inside
109049,109,49,33.75,78.75,jammu_and_kashmir__leh_ladakh,Jammu & Kashmir,Leh (ladakh),cell_centre_inside
109050,109,50,33.75,79.0,jammu_and_kashmir__leh_ladakh,Jammu & Kashmir,Leh (ladakh),cell_centre_inside
110029,110,29,34.0,73.75,jammu_and_kashmir__data_not_available,Jammu & Kashmir,Data Not Available,cell_centre_inside
110030,110,30,34.0,74.0,jammu_and_kashmir__data_not_available,Jammu & Kashmir,Data Not Available,cell_centre_inside
110031,110,31,34.0,74.25,jammu_and_kashmir__data_not_available,Jammu & Kashmir,Data Not Available,cell_centre_inside
110032,110,32,34.0,74.5,jammu_and_kashmir__baramula,Jammu & Kashmir,Baramula,cell_centre_inside
110033,110,33,34.0,74.75,jammu_and_kashmir__badgam,Jammu & Kashmir,Badgam,cell_centre_inside
110034,110,34,34.0,75.0,jammu_and_kashmir__pulwama,Jammu & Kashmir,Pulwama,cell_centre_inside
110035,110,35,34.0,75.25,jammu_and_kashmir__anantnag,Jammu & Kashmir,Anantnag,cell_centre_inside
110036,110,36,34.0,75.5,jammu_and_kashmir__anantnag,Jammu & Kashmir,Anantnag,cell_centre_inside
110037,110,37,34.0,75.75,jammu_and_kashmir__kishtwar,Jammu & Kashmir,Kishtwar,cell_centre_inside
110038,110,38,34.0,76.0,jammu_and_kashmir__kargil,Jammu & Kashmir,Kargil,cell_centre_inside
110039,110,39,34.0,76.25,jammu_and_kashmir__kargil,Jammu & Kashmir,Kargil,cell_centre_inside
110040,110,40,34.0,76.5,jammu_and_kashmir__kargil,Jammu & Kashmir,Kargil,cell_centre_inside
110041,110,41,34.0,76.75,jammu_and_kashmir__leh_ladakh,Jammu & Kashmir,Leh (ladakh),cell_centre_inside
110042,110,42,34.0,77.0,jammu_and_kashmir__leh_ladakh,Jammu & Kashmir,Leh (ladakh),cell_centre_inside
110043,110,43,34.0,77.25,jammu_and_kashmir__leh_ladakh,Jammu & Kashmir,Leh (ladakh),cell_centre_inside
110044,110,44,34.0,77.5,jammu_and_kashmir__leh_ladakh,Jammu & Kashmir,Leh (ladakh),cell_centre_inside
110045,110,45,34.0,77.75,jammu_and_kashmir__leh_ladakh,Jammu & Kashmir,Leh (ladakh),cell_centre_inside
110046,110,46,34.0,78.0,jammu_and_kashmir__leh_ladakh,Jammu & Kashmir,Leh (ladakh),cell_centre_inside
110047,110,47,34.0,78.25,jammu_and_kashmir__leh_ladakh,Jammu & Kashmir,Leh (ladakh),cell_centre_inside
110048,110,48,34.0,78.5,jammu_and_kashmir__leh_ladakh,Jammu & Kashmir,Leh (ladakh),cell_centre_inside
110049,110,49,34.0,78.75,jammu_and_kashmir__leh_ladakh,Jammu & Kashmir,Leh (ladakh),cell_centre_inside
111028,111,28,34.25,73.5,jammu_and_kashmir__data_not_available,Jammu & Kashmir,Data Not Available,cell_centre_inside
111029,111,29,34.25,73.75,jammu_and_kashmir__data_not_available,Jammu & Kashmir,Data Not Available,cell_centre_inside
111030,111,30,34.25,74.0,jammu_and_kashmir__data_not_available,Jammu & Kashmir,Data Not Available,cell_centre_inside
111031,111,31,34.25,74.25,jammu_and_kashmir__baramula,Jammu & Kashmir,Baramula,cell_centre_inside
111032,111,32,34.25,74.5,jammu_and_kashmir__baramula,Jammu & Kashmir,Baramula,cell_centre_inside
111033,111,33,34.25,74.75,jammu_and_kashmir__srinagar,Jammu & Kashmir,Srinagar,cell_centre_inside
111034,111,34,34.25,75.0,jammu_and_kashmir__srinagar,Jammu & Kashmir,Srinagar,cell_centre_inside
111035,111,35,34.25,75.25,jammu_and_kashmir__ganderbal,Jammu & Kashmir,Ganderbal,cell_centre_inside
111036,111,36,34.25,75.5,jammu_and_kashmir__ganderbal,Jammu & Kashmir,Ganderbal,cell_centre_inside
111037,111,37,34.25,75.75,jammu_and_kashmir__kargil,Jammu & Kashmir,Kargil,cell_centre_inside
111038,111,38,34.25,76.0,jammu_and_kashmir__kargil,Jammu & Kashmir,Kargil,cell_centre_inside
111039,111,39,34.25,76.25,jammu_and_kashmir__kargil,Jammu & Kashmir,Kargil,cell_centre_inside
111040,111,40,34.25,76.5,jammu_and_kashmir__kargil,Jammu & Kashmir,Kargil,cell_centre_inside
111041,111,41,34.25,76.75,jammu_and_kashmir__leh_ladakh,Jammu & Kashmir,Leh (ladakh),cell_centre_inside
111042,111,42,34.25,77.0,jammu_and_kashmir__leh_ladakh,Jammu & Kashmir,Leh (ladakh),cell_centre_inside
111043,111,43,34.25,77.25,jammu_and_kashmir__leh_ladakh,Jammu & Kashmir,Leh (ladakh),cell_centre_inside
111044,111,44,34.25,77.5,jammu_and_kashmir__leh_ladakh,Jammu & Kashmir,Leh (ladakh),cell_centre_inside
111045,111,45,34.25,77.75,jammu_and_kashmir__leh_ladakh,Jammu & Kashmir,Leh (ladakh),cell_centre_inside
111046,111,46,34.25,78.0,jammu_and_kashmir__leh_ladakh,Jammu & Kashmir,Leh (ladakh),cell_centre_inside
111047,111,47,34.25,78.25,jammu_and_kashmir__leh_ladakh,Jammu & Kashmir,Leh (ladakh),cell_centre_inside
111048,111,48,34.25,78.5,jammu_and_kashmir__leh_ladakh,Jammu & Kashmir,Leh (ladakh),cell_centre_inside
111049,111,49,34.25,78.75,jammu_and_kashmir__leh_ladakh,Jammu & Kashmir,Leh (ladakh),cell_centre_inside
111050,111,50,34.25,79.0,jammu_and_kashmir__leh_ladakh,Jammu & Kashmir,Leh (ladakh),cell_centre_inside
111051,111,51,34.25,79.25,jammu_and_kashmir__leh_ladakh,Jammu & Kashmir,Leh (ladakh),cell_centre_inside
111052,111,52,34.25,79.5,jammu_and_kashmir__leh_ladakh,Jammu & Kashmir,Leh (ladakh),cell_centre_inside
112028,112,28,34.5,73.5,jammu_and_kashmir__data_not_available,Jammu & Kashmir,Data Not Available,cell_centre_inside
112029,112,29,34.5,73.75,jammu_and_kashmir__data_not_available,Jammu & Kashmir,Data Not Available,cell_centre_inside
112030,112,30,34.5,74.0,jammu_and_kashmir__kupwara,Jammu & Kashmir,Kupwara,cell_centre_inside
112031,112,31,34.5,74.25,jammu_and_kashmir__kupwara,Jammu & Kashmir,Kupwara,cell_centre_inside
112032,112,32,34.5,74.5,jammu_and_kashmir__kupwara,Jammu & Kashmir,Kupwara,cell_centre_inside
112033,112,33,34.5,74.75,jammu_and_kashmir__bandipore,Jammu & Kashmir,Bandipore,cell_centre_inside
112034,112,34,34.5,75.0,jammu_and_kashmir__bandipore,Jammu & Kashmir,Bandipore,cell_centre_inside
112035,112,35,34.5,75.25,jammu_and_kashmir__bandipore,Jammu & Kashmir,Bandipore,cell_centre_inside
112036,112,36,34.5,75.5,jammu_and_kashmir__kargil,Jammu & Kashmir,Kargil,cell_centre_inside
112037,112,37,34.5,75.75,jammu_and_kashmir__kargil,Jammu & Kashmir,Kargil,cell_centre_inside
112038,112,38,34.5,76.0,jammu_and_kashmir__kargil,Jammu & Kashmir,Kargil,cell_centre_inside
112039,112,39,34.5,76.25,jammu_and_kashmir__kargil,Jammu & Kashmir,Kargil,cell_centre_inside
112040,112,40,34.5,76.5,jammu_and_kashmir__kargil,Jammu & Kashmir,Kargil,cell_centre_inside
112041,112,41,34.5,76.75,jammu_and_kashmir__leh_ladakh,Jammu & Kashmir,Leh (ladakh),cell_centre_inside
112042,112,42,34.5,77.0,jammu_and_kashmir__leh_ladakh,Jammu & Kashmir,Leh (ladakh),cell_centre_inside
112043,112,43,34.5,77.25,jammu_and_kashmir__leh_ladakh,Jammu & Kashmir,Leh (ladakh),cell_centre_inside
112044,112,44,34.5,77.5,jammu_and_kashmir__leh_ladakh,Jammu & Kashmir,Leh (ladakh),cell_centre_inside
112045,112,45,34.5,77.75,jammu_and_kashmir__leh_ladakh,Jammu & Kashmir,Leh (ladakh),cell_centre_inside
112046,112,46,34.5,78.0,jammu_and_kashmir__leh_ladakh,Jammu & Kashmir,Leh (ladakh),cell_centre_inside
112047,112,47,34.5,78.25,jammu_and_kashmir__leh_ladakh,Jammu & Kashmir,Leh (ladakh),cell_centre_inside
112048,112,48,34.5,78.5,jammu_and_kashmir__leh_ladakh,Jammu & Kashmir,Leh (ladakh),cell_centre_inside
112049,112,49,34.5,78.75,jammu_and_kashmir__leh_ladakh,Jammu & Kashmir,Leh (ladakh),cell_centre_inside
112050,112,50,34.5,79.0,jammu_and_kashmir__leh_ladakh,Jammu & Kashmir,Leh (ladakh),cell_centre_inside
112051,112,51,34.5,79.25,jammu_and_kashmir__leh_ladakh,Jammu & Kashmir,Leh (ladakh),cell_centre_inside
112052,112,52,34.5,79.5,jammu_and_kashmir__leh_ladakh,Jammu & Kashmir,Leh (ladakh),cell_centre_inside
112053,112,53,34.5,79.75,jammu_and_kashmir__leh_ladakh,Jammu & Kashmir,Leh (ladakh),cell_centre_inside
113029,113,29,34.75,73.75,jammu_and_kashmir__data_not_available,Jammu & Kashmir,Data Not Available,cell_centre_inside
113030,113,30,34.75,74.0,jammu_and_kashmir__data_not_available,Jammu & Kashmir,Data Not Available,cell_centre_inside
113031,113,31,34.75,74.25,jammu_and_kashmir__data_not_available,Jammu & Kashmir,Data Not Available,cell_centre_inside
113032,113,32,34.75,74.5,jammu_and_kashmir__kupwara,Jammu & Kashmir,Kupwara,cell_centre_inside
113033,113,33,34.75,74.75,jammu_and_kashmir__data_not_available,Jammu & Kashmir,Data Not Available,cell_centre_inside
113034,113,34,34.75,75.0,jammu_and_kashmir__data_not_available,Jammu & Kashmir,Data Not Available,cell_centre_inside
113035,113,35,34.75,75.25,jammu_and_kashmir__data_not_available,Jammu & Kashmir,Data Not Available,cell_centre_inside
113036,113,36,34.75,75.5,jammu_and_kashmir__data_not_available,Jammu & Kashmir,Data Not Available,cell_centre_inside
113037,113,37,34.75,75.75,jammu_and_kashmir__data_not_available,Jammu & Kashmir,Data Not Available,cell_centre_inside
113038,113,38,34.75,76.0,jammu_and_kashmir__data_not_available,Jammu & Kashmir,Data Not Available,cell_centre_inside
113039,113,39,34.75,76.25,jammu_and_kashmir__kargil,Jammu & Kashmir,Kargil,cell_centre_inside
113040,113,40,34.75,76.5,jammu_and_kashmir__leh_ladakh,Jammu & Kashmir,Leh (ladakh),cell_centre_inside
113041,113,41,34.75,76.75,jammu_and_kashmir__leh_ladakh,Jammu & Kashmir,Leh (ladakh),cell_centre_inside
113042,113,42,34.75,77.0,jammu_and_kashmir__leh_ladakh,Jammu & Kashmir,Leh (ladakh),cell_centre_inside
113043,113,43,34.75,77.25,jammu_and_kashmir__leh_ladakh,Jammu & Kashmir,Leh (ladakh),cell_centre_inside
113044,113,44,34.75,77.5,jammu_and_kashmir__leh_ladakh,Jammu & Kashmir,Leh (ladakh),cell_centre_inside
113045,113,45,34.75,77.75,jammu_and_kashmir__leh_ladakh,Jammu & Kashmir,Leh (ladakh),cell_centre_inside
113046,113,46,34.75,78.0,jammu_and_kashmir__leh_ladakh,Jammu & Kashmir,Leh (ladakh),cell_centre_inside
113047,113,47,34.75,78.25,jammu_and_kashmir__leh_ladakh,Jammu & Kashmir,Leh (ladakh),cell_centre_inside
113048,113,48,34.75,78.5,jammu_and_kashmir__leh_ladakh,Jammu & Kashmir,Leh (ladakh),cell_centre_inside
113049,113,49,34.75,78.75,jammu_and_kashmir__leh_ladakh,Jammu & Kashmir,Leh (ladakh),cell_centre_inside
113050,113,50,34.75,79.0,jammu_and_kashmir__leh_ladakh,Jammu & Kashmir,Leh (ladakh),cell_centre_inside
113051,113,51,34.75,79.25,jammu_and_kashmir__leh_ladakh,Jammu & Kashmir,Leh (ladakh),cell_centre_inside
113052,113,52,34.75,79.5,jammu_and_kashmir__leh_ladakh,Jammu & Kashmir,Leh (ladakh),cell_centre_inside
113053,113,53,34.75,79.75,jammu_and_kashmir__leh_ladakh,Jammu & Kashmir,Leh (ladakh),cell_centre_inside
113054,113,54,34.75,80.0,jammu_and_kashmir__leh_ladakh,Jammu & Kashmir,Leh (ladakh),cell_centre_inside
114031,114,31,35.0,74.25,jammu_and_kashmir__data_not_available,Jammu & Kashmir,Data Not Available,cell_centre_inside
114032,114,32,35.0,74.5,jammu_and_kashmir__data_not_available,Jammu & Kashmir,Data Not Available,cell_centre_inside
114033,114,33,35.0,74.75,jammu_and_kashmir__data_not_available,Jammu & Kashmir,Data Not Available,cell_centre_inside
114034,114,34,35.0,75.0,jammu_and_kashmir__data_not_available,Jammu & Kashmir,Data Not Available,cell_centre_inside
114035,114,35,35.0,75.25,jammu_and_kashmir__data_not_available,Jammu & Kashmir,Data Not Available,cell_centre_inside
114036,114,36,35.0,75.5,jammu_and_kashmir__data_not_available,Jammu & Kashmir,Data Not Available,cell_centre_inside
114037,114,37,35.0,75.75,jammu_and_kashmir__data_not_available,Jammu & Kashmir,Data Not Available,cell_centre_inside
114038,114,38,35.0,76.0,jammu_and_kashmir__data_not_available,Jammu & Kashmir,Data Not Available,cell_centre_inside
114039,114,39,35.0,76.25,jammu_and_kashmir__data_not_available,Jammu & Kashmir,Data Not Available,cell_centre_inside
114040,114,40,35.0,76.5,jammu_and_kashmir__data_not_available,Jammu & Kashmir,Data Not Available,cell_centre_inside
114041,114,41,35.0,76.75,jammu_and_kashmir__data_not_available,Jammu & Kashmir,Data Not Available,cell_centre_inside
114042,114,42,35.0,77.0,jammu_and_kashmir__data_not_available,Jammu & Kashmir,Data Not Available,cell_centre_inside
114043,114,43,35.0,77.25,jammu_and_kashmir__leh_ladakh,Jammu & Kashmir,Leh (ladakh),cell_centre_inside
114044,114,44,35.0,77.5,jammu_and_kashmir__leh_ladakh,Jammu & Kashmir,Leh (ladakh),cell_centre_inside
114045,114,45,35.0,77.75,jammu_and_kashmir__leh_ladakh,Jammu & Kashmir,Leh (ladakh),cell_centre_inside
114046,114,46,35.0,78.0,jammu_and_kashmir__leh_ladakh,Jammu & Kashmir,Leh (ladakh),cell_centre_inside
114047,114,47,35.0,78.25,jammu_and_kashmir__leh_ladakh,Jammu & Kashmir,Leh (ladakh),cell_centre_inside
114048,114,48,35.0,78.5,jammu_and_kashmir__leh_ladakh,Jammu & Kashmir,Leh (ladakh),cell_centre_inside
114049,114,49,35.0,78.75,jammu_and_kashmir__leh_ladakh,Jammu & Kashmir,Leh (ladakh),cell_centre_inside
114050,114,50,35.0,79.0,jammu_and_kashmir__leh_ladakh,Jammu & Kashmir,Leh (ladakh),cell_centre_inside
114051,114,51,35.0,79.25,jammu_and_kashmir__leh_ladakh,Jammu & Kashmir,Leh (ladakh),cell_centre_inside
114052,114,52,35.0,79.5,jammu_and_kashmir__leh_ladakh,Jammu & Kashmir,Leh (ladakh),cell_centre_inside
114053,114,53,35.0,79.75,jammu_and_kashmir__leh_ladakh,Jammu & Kashmir,Leh (ladakh),cell_centre_inside
114054,114,54,35.0,80.0,jammu_and_kashmir__leh_ladakh,Jammu & Kashmir,Leh (ladakh),cell_centre_inside
115029,115,29,35.25,73.75,jammu_and_kashmir__data_not_available,Jammu & Kashmir,Data Not Available,cell_centre_inside
115030,115,30,35.25,74.0,jammu_and_kashmir__data_not_available,Jammu & Kashmir,Data Not Available,cell_centre_inside
115031,115,31,35.25,74.25,jammu_and_kashmir__data_not_available,Jammu & Kashmir,Data Not Available,cell_centre_inside
115032,115,32,35.25,74.5,jammu_and_kashmir__data_not_available,Jammu & Kashmir,Data Not Available,cell_centre_inside
115033,115,33,35.25,74.75,jammu_and_kashmir__data_not_available,Jammu & Kashmir,Data Not Available,cell_centre_inside
115034,115,34,35.25,75.0,jammu_and_kashmir__data_not_available,Jammu & Kashmir,Data Not Available,cell_centre_inside
115035,115,35,35.25,75.25,jammu_and_kashmir__data_not_available,Jammu & Kashmir,Data Not Available,cell_centre_inside
115036,115,36,35.25,75.5,jammu_and_kashmir__data_not_available,Jammu & Kashmir,Data Not Available,cell_centre_inside
115037,115,37,35.25,75.75,jammu_and_kashmir__data_not_available,Jammu & Kashmir,Data Not Available,cell_centre_inside
115038,115,38,35.25,76.0,jammu_and_kashmir__data_not_available,Jammu & Kashmir,Data Not Available,cell_centre_inside
115039,115,39,35.25,76.25,jammu_and_kashmir__data_not_available,Jammu & Kashmir,Data Not Available,cell_centre_inside
115040,115,40,35.25,76.5,jammu_and_kashmir__data_not_available,Jammu & Kashmir,Data Not Available,cell_centre_inside
115041,115,41,35.25,76.75,jammu_and_kashmir__data_not_available,Jammu & Kashmir,Data Not Available,cell_centre_inside
115042,115,42,35.25,77.0,jammu_and_kashmir__data_not_available,Jammu & Kashmir,Data Not Available,cell_centre_inside
115043,115,43,35.25,77.25,jammu_and_kashmir__data_not_available,Jammu & Kashmir,Data Not Available,cell_centre_inside
115044,115,44,35.25,77.5,jammu_and_kashmir__leh_ladakh,Jammu & Kashmir,Leh (ladakh),cell_centre_inside
115045,115,45,35.25,77.75,jammu_and_kashmir__leh_ladakh,Jammu & Kashmir,Leh (ladakh),cell_centre_inside
115046,115,46,35.25,78.0,jammu_and_kashmir__leh_ladakh,Jammu & Kashmir,Leh (ladakh),cell_centre_inside
115047,115,47,35.25,78.25,jammu_and_kashmir__leh_ladakh,Jammu & Kashmir,Leh (ladakh),cell_centre_inside
115048,115,48,35.25,78.5,jammu_and_kashmir__leh_ladakh,Jammu & Kashmir,Leh (ladakh),cell_centre_inside
115049,115,49,35.25,78.75,jammu_and_kashmir__leh_ladakh,Jammu & Kashmir,Leh (ladakh),cell_centre_inside
115050,115,50,35.25,79.0,jammu_and_kashmir__leh_ladakh,Jammu & Kashmir,Leh (ladakh),cell_centre_inside
115051,115,51,35.25,79.25,jammu_and_kashmir__leh_ladakh,Jammu & Kashmir,Leh (ladakh),cell_centre_inside
115052,115,52,35.25,79.5,jammu_and_kashmir__leh_ladakh,Jammu & Kashmir,Leh (ladakh),cell_centre_inside
115053,115,53,35.25,79.75,jammu_and_kashmir__leh_ladakh,Jammu & Kashmir,Leh (ladakh),cell_centre_inside
115054,115,54,35.25,80.0,jammu_and_kashmir__leh_ladakh,Jammu & Kashmir,Leh (ladakh),cell_centre_inside
116030,116,30,35.5,74.0,jammu_and_kashmir__data_not_available,Jammu & Kashmir,Data Not Available,cell_centre_inside
116031,116,31,35.5,74.25,jammu_and_kashmir__data_not_available,Jammu & Kashmir,Data Not Available,cell_centre_inside
116032,116,32,35.5,74.5,jammu_and_kashmir__data_not_available,Jammu & Kashmir,Data Not Available,cell_centre_inside
116033,116,33,35.5,74.75,jammu_and_kashmir__data_not_available,Jammu & Kashmir,Data Not Available,cell_centre_inside
116034,116,34,35.5,75.0,jammu_and_kashmir__data_not_available,Jammu & Kashmir,Data Not Available,cell_centre_inside
116035,116,35,35.5,75.25,jammu_and_kashmir__data_not_available,Jammu & Kashmir,Data Not Available,cell_centre_inside
116036,116,36,35.5,75.5,jammu_and_kashmir__data_not_available,Jammu & Kashmir,Data Not Available,cell_centre_inside
116037,116,37,35.5,75.75,jammu_and_kashmir__data_not_available,Jammu & Kashmir,Data Not Available,cell_centre_inside
116038,116,38,35.5,76.0,jammu_and_kashmir__data_not_available,Jammu & Kashmir,Data Not Available,cell_centre_inside
116039,116,39,35.5,76.25,jammu_and_kashmir__data_not_available,Jammu & Kashmir,Data Not Available,cell_centre_inside
116040,116,40,35.5,76.5,jammu_and_kashmir__data_not_available,Jammu & Kashmir,Data Not Available,cell_centre_inside
116041,116,41,35.5,76.75,jammu_and_kashmir__data_not_available,Jammu & Kashmir,Data Not Available,cell_centre_inside
116042,116,42,35.5,77.0,jammu_and_kashmir__data_not_available,Jammu & Kashmir,Data Not Available,cell_centre_inside
116043,116,43,35.5,77.25,jammu_and_kashmir__data_not_available,Jammu & Kashmir,Data Not Available,cell_centre_inside
116045,116,45,35.5,77.75,jammu_and_kashmir__leh_ladakh,Jammu & Kashmir,Leh (ladakh),cell_centre_inside
116046,116,46,35.5,78.0,jammu_and_kashmir__leh_ladakh,Jammu & Kashmir,Leh (ladakh),cell_centre_inside
116047,116,47,35.5,78.25,jammu_and_kashmir__leh_ladakh,Jammu & Kashmir,Leh (ladakh),cell_centre_inside
116048,116,48,35.5,78.5,jammu_and_kashmir__leh_ladakh,Jammu & Kashmir,Leh (ladakh),cell_centre_inside
116049,116,49,35.5,78.75,jammu_and_kashmir__leh_ladakh,Jammu & Kashmir,Leh (ladakh),cell_centre_inside
116050,116,50,35.5,79.0,jammu_and_kashmir__leh_ladakh,Jammu & Kashmir,Leh (ladakh),cell_centre_inside
116051,116,51,35.5,79.25,jammu_and_kashmir__leh_ladakh,Jammu & Kashmir,Leh (ladakh),cell_centre_inside
116052,116,52,35.5,79.5,jammu_and_kashmir__leh_ladakh,Jammu & Kashmir,Leh (ladakh),cell_centre_inside
116053,116,53,35.5,79.75,jammu_and_kashmir__leh_ladakh,Jammu & Kashmir,Leh (ladakh),cell_centre_inside
116054,116,54,35.5,80.0,jammu_and_kashmir__leh_ladakh,Jammu & Kashmir,Leh (ladakh),cell_centre_inside
116055,116,55,35.5,80.25,jammu_and_kashmir__leh_ladakh,Jammu & Kashmir,Leh (ladakh),cell_centre_inside
117027,117,27,35.75,73.25,jammu_and_kashmir__data_not_available,Jammu & Kashmir,Data Not Available,cell_centre_inside
117028,117,28,35.75,73.5,jammu_and_kashmir__data_not_available,Jammu & Kashmir,Data Not Available,cell_centre_inside
117029,117,29,35.75,73.75,jammu_and_kashmir__data_not_available,Jammu & Kashmir,Data Not Available,cell_centre_inside
117030,117,30,35.75,74.0,jammu_and_kashmir__data_not_available,Jammu & Kashmir,Data Not Available,cell_centre_inside
117031,117,31,35.75,74.25,jammu_and_kashmir__data_not_available,Jammu & Kashmir,Data Not Available,cell_centre_inside
117032,117,32,35.75,74.5,jammu_and_kashmir__data_not_available,Jammu & Kashmir,Data Not Available,cell_centre_inside
117033,117,33,35.75,74.75,jammu_and_kashmir__data_not_available,Jammu & Kashmir,Data Not Available,cell_centre_inside
117034,117,34,35.75,75.0,jammu_and_kashmir__data_not_available,Jammu & Kashmir,Data Not Available,cell_centre_inside
117035,117,35,35.75,75.25,jammu_and_kashmir__data_not_available,Jammu & Kashmir,Data Not Available,cell_centre_inside
117036,117,36,35.75,75.5,jammu_and_kashmir__data_not_available,Jammu & Kashmir,Data Not Available,cell_centre_inside
117037,117,37,35.75,75.75,jammu_and_kashmir__data_not_available,Jammu & Kashmir,Data Not Available,cell_centre_inside
117038,117,38,35.75,76.0,jammu_and_kashmir__data_not_available,Jammu & Kashmir,Data Not Available,cell_centre_inside
117039,117,39,35.75,76.25,jammu_and_kashmir__data_not_available,Jammu & Kashmir,Data Not Available,cell_centre_inside
117040,117,40,35.75,76.5,jammu_and_kashmir__data_not_available,Jammu & Kashmir,Data Not Available,cell_centre_inside
117041,117,41,35.75,76.75,jammu_and_kashmir__data_not_available,Jammu & Kashmir,Data Not Available,cell_centre_inside
117042,117,42,35.75,77.0,jammu_and_kashmir__data_not_available,Jammu & Kashmir,Data Not Available,cell_centre_inside
117048,117,48,35.75,78.5,jammu_and_kashmir__leh_ladakh,Jammu & Kashmir,Leh (ladakh),cell_centre_inside
117049,117,49,35.75,78.75,jammu_and_kashmir__leh_ladakh,Jammu & Kashmir,Leh (ladakh),cell_centre_inside
117050,117,50,35.75,79.0,jammu_and_kashmir__leh_ladakh,Jammu & Kashmir,Leh (ladakh),cell_centre_inside
117051,117,51,35.75,79.25,jammu_and_kashmir__leh_ladakh,Jammu & Kashmir,Leh (ladakh),cell_centre_inside
117052,117,52,35.75,79.5,jammu_and_kashmir__leh_ladakh,Jammu & Kashmir,Leh (ladakh),cell_centre_inside
117053,117,53,35.75,79.75,jammu_and_kashmir__leh_ladakh,Jammu & Kashmir,Leh (ladakh),cell_centre_inside
117054,117,54,35.75,80.0,jammu_and_kashmir__leh_ladakh,Jammu & Kashmir,Leh (ladakh),cell_centre_inside
118025,118,25,36.0,72.75,jammu_and_kashmir__data_not_available,Jammu & Kashmir,Data Not Available,cell_centre_inside
118026,118,26,36.0,73.0,jammu_and_kashmir__data_not_available,Jammu & Kashmir,Data Not Available,cell_centre_inside
118027,118,27,36.0,73.25,jammu_and_kashmir__data_not_available,Jammu & Kashmir,Data Not Available,cell_centre_inside
118028,118,28,36.0,73.5,jammu_and_kashmir__data_not_available,Jammu & Kashmir,Data Not Available,cell_centre_inside
118029,118,29,36.0,73.75,jammu_and_kashmir__data_not_available,Jammu & Kashmir,Data Not Available,cell_centre_inside
118030,118,30,36.0,74.0,jammu_and_kashmir__data_not_available,Jammu & Kashmir,Data Not Available,cell_centre_inside
118031,118,31,36.0,74.25,jammu_and_kashmir__data_not_available,Jammu & Kashmir,Data Not Available,cell_centre_inside
118032,118,32,36.0,74.5,jammu_and_kashmir__data_not_available,Jammu & Kashmir,Data Not Available,cell_centre_inside
118033,118,33,36.0,74.75,jammu_and_kashmir__data_not_available,Jammu & Kashmir,Data Not Available,cell_centre_inside
118034,118,34,36.0,75.0,jammu_and_kashmir__data_not_available,Jammu & Kashmir,Data Not Available,cell_centre_inside
118035,118,35,36.0,75.25,jammu_and_kashmir__data_not_available,Jammu & Kashmir,Data Not Available,cell_centre_inside
118036,118,36,36.0,75.5,jammu_and_kashmir__data_not_available,Jammu & Kashmir,Data Not Available,cell_centre_inside
118037,118,37,36.0,75.75,jammu_and_kashmir__data_not_available,Jammu & Kashmir,Data Not Available,cell_centre_inside
118038,118,38,36.0,76.0,jammu_and_kashmir__data_not_available,Jammu & Kashmir,Data Not Available,cell_centre_inside
118039,118,39,36.0,76.25,jammu_and_kashmir__data_not_available,Jammu & Kashmir,Data Not Available,cell_centre_inside
118040,118,40,36.0,76.5,jammu_and_kashmir__data_not_available,Jammu & Kashmir,Data Not Available,cell_centre_inside
118041,118,41,36.0,76.75,jammu_and_kashmir__data_not_available,Jammu & Kashmir,Data Not Available,cell_centre_inside
119025,119,25,36.25,72.75,jammu_and_kashmir__data_not_available,Jammu & Kashmir,Data Not Available,cell_centre_inside
119026,119,26,36.25,73.0,jammu_and_kashmir__data_not_available,Jammu & Kashmir,Data Not Available,cell_centre_inside
119027,119,27,36.25,73.25,jammu_and_kashmir__data_not_available,Jammu & Kashmir,Data Not Available,cell_centre_inside
119028,119,28,36.25,73.5,jammu_and_kashmir__data_not_available,Jammu & Kashmir,Data Not Available,cell_centre_inside
119029,119,29,36.25,73.75,jammu_and_kashmir__data_not_available,Jammu & Kashmir,Data Not Available,cell_centre_inside
119030,119,30,36.25,74.0,jammu_and_kashmir__data_not_available,Jammu & Kashmir,Data Not Available,cell_centre_inside
119031,119,31,36.25,74.25,jammu_and_kashmir__data_not_available,Jammu & Kashmir,Data Not Available,cell_centre_inside
119032,119,32,36.25,74.5,jammu_and_kashmir__data_not_available,Jammu & Kashmir,Data Not Available,cell_centre_inside
119033,119,33,36.25,74.75,jammu_and_kashmir__data_not_available,Jammu & Kashmir,Data Not Available,cell_centre_inside
119034,119,34,36.25,75.0,jammu_and_kashmir__data_not_available,Jammu & Kashmir,Data Not Available,cell_centre_inside
119035,119,35,36.25,75.25,jammu_and_kashmir__data_not_available,Jammu & Kashmir,Data Not Available,cell_centre_inside
119036,119,36,36.25,75.5,jammu_and_kashmir__data_not_available,Jammu & Kashmir,Data Not Available,cell_centre_inside
119037,119,37,36.25,75.75,jammu_and_kashmir__data_not_available,Jammu & Kashmir,Data Not Available,cell_centre_inside
119038,119,38,36.25,76.0,jammu_and_kashmir__data_not_available,Jammu & Kashmir,Data Not Available,cell_centre_inside
119039,119,39,36.25,76.25,jammu_and_kashmir__data_not_available,Jammu & Kashmir,Data Not Available,cell_centre_inside
120026,120,26,36.5,73.0,jammu_and_kashmir__data_not_available,Jammu & Kashmir,Data Not Available,cell_centre_inside
120027,120,27,36.5,73.25,jammu_and_kashmir__data_not_available,Jammu & Kashmir,Data Not Available,cell_centre_inside
120028,120,28,36.5,73.5,jammu_and_kashmir__data_not_available,Jammu & Kashmir,Data Not Available,cell_centre_inside
120029,120,29,36.5,73.75,jammu_and_kashmir__data_not_available,Jammu & Kashmir,Data Not Available,cell_centre_inside
120030,120,30,36.5,74.0,jammu_and_kashmir__data_not_available,Jammu & Kashmir,Data Not Available,cell_centre_inside
120031,120,31,36.5,74.25,jammu_and_kashmir__data_not_available,Jammu & Kashmir,Data Not Available,cell_centre_inside
120032,120,32,36.5,74.5,jammu_and_kashmir__data_not_available,Jammu & Kashmir,Data Not Available,cell_centre_inside
120033,120,33,36.5,74.75,jammu_and_kashmir__data_not_available,Jammu & Kashmir,Data Not Available,cell_centre_inside
120034,120,34,36.5,75.0,jammu_and_kashmir__data_not_available,Jammu & Kashmir,Data Not Available,cell_centre_inside
120035,120,35,36.5,75.25,jammu_and_kashmir__data_not_available,Jammu & Kashmir,Data Not Available,cell_centre_inside
120036,120,36,36.5,75.5,jammu_and_kashmir__data_not_available,Jammu & Kashmir,Data Not Available,cell_centre_inside
120037,120,37,36.5,75.75,jammu_and_kashmir__data_not_available,Jammu & Kashmir,Data Not Available,cell_centre_inside
121030,121,30,36.75,74.0,jammu_and_kashmir__data_not_available,Jammu & Kashmir,Data Not Available,cell_centre_inside
121031,121,31,36.75,74.25,jammu_and_kashmir__data_not_available,Jammu & Kashmir,Data Not Available,cell_centre_inside
121032,121,32,36.75,74.5,jammu_and_kashmir__data_not_available,Jammu & Kashmir,Data Not Available,cell_centre_inside
121033,121,33,36.75,74.75,jammu_and_kashmir__data_not_available,Jammu & Kashmir,Data Not Available,cell_centre_inside
121034,121,34,36.75,75.0,jammu_and_kashmir__data_not_available,Jammu & Kashmir,Data Not Available,cell_centre_inside
121035,121,35,36.75,75.25,jammu_and_kashmir__data_not_available,Jammu & Kashmir,Data Not Available,cell_centre_inside
121036,121,36,36.75,75.5,jammu_and_kashmir__data_not_available,Jammu & Kashmir,Data Not Available,cell_centre_inside
122033,122,33,37.0,74.75,jammu_and_kashmir__data_not_available,Jammu & Kashmir,Data Not Available,cell_centre_inside
122035,122,35,37.0,75.25,jammu_and_kashmir__data_not_available,Jammu & Kashmir,Data Not Available,cell_centre_inside
89043,89,43,28.75,77.25,nct_of_delhi__central,NCT of Delhi,Central,nearest_cell_fallback
56025,56,25,20.5,72.75,daman_and_diu__daman,Daman & Diu,Daman,nearest_cell_fallback
57018,57,18,20.75,71.0,daman_and_diu__diu,Daman & Diu,Diu,nearest_cell_fallback
88043,88,43,28.5,77.25,nct_of_delhi__east,NCT of Delhi,East,nearest_cell_fallback
97039,97,39,30.75,76.25,punjab__fatehgarh_sahib,Punjab,Fatehgarh Sahib,nearest_cell_fallback
44048,44,48,17.5,78.5,andhra_pradesh__hyderabad,Andhra Pradesh,Hyderabad,nearest_cell_fallback
73107,73,107,24.75,93.25,manipur__imphal_west,Manipur,Imphal West,nearest_cell_fallback
64087,64,87,22.5,88.25,west_bengal__kolkata,West Bengal,Kolkata,nearest_cell_fallback
21036,21,36,11.75,75.5,puducherry__mahe,Puducherry,Mahe,nearest_cell_fallback
50025,50,25,19.0,72.75,maharashtra__mumbai,Maharashtra,Mumbai,nearest_cell_fallback
50026,50,26,19.0,73.0,maharashtra__mumbai_suburban,Maharashtra,Mumbai Suburban,nearest_cell_fallback
88043,88,43,28.5,77.25,nct_of_delhi__new_delhi,NCT of Delhi,New Delhi,nearest_cell_fallback
89043,89,43,28.75,77.25,nct_of_delhi__north,NCT of Delhi,North,nearest_cell_fallback
97041,97,41,30.75,76.75,punjab__sahibzada_ajit_singh_nagar,Punjab,Sahibzada Ajit Singh Nagar,nearest_cell_fallback
83088,83,88,27.25,88.5,sikkim__south,Sikkim,South,nearest_cell_fallback
88042,88,42,28.5,77.0,nct_of_delhi__south_west,NCT of Delhi,South West,nearest_cell_fallback
89042,89,42,28.75,77.0,nct_of_delhi__west,NCT of Delhi,West,nearest_cell_fallback
41063,41,63,16.75,82.25,puducherry__yanam,Puducherry,Yanam,nearest_cell_fallback
19030,19,30,11.25,74.0,lakshadweep__lakshadweep,Lakshadweep,Lakshadweep,nearest_cell_fallback
