{
"type": "FeatureCollection",
"name": "districts_pilot",
"crs": { "type": "name", "properties": { "name": "urn:ogc:def:crs:OGC:1.3:CRS84" } },
"features": [
{ "type": "Feature", "properties": { "district_id": "maharashtra__ahmadnagar", "state": "Maharashtra", "district": "Ahmadnagar", "area_km2": 17054.0, "point_lat": 19.1569, "point_lon": 74.8552 }, "geometry": { "type": "Polygon", "coordinates": [ [ [ 74.673326709049277, 19.946696343556695 ], [ 74.681950530740053, 19.924933850115533 ], [ 74.655993501867613, 19.922162914855576 ], [ 74.649161401922939, 19.909825891926886 ], [ 74.64809925517882, 19.861238708397742 ], [ 74.663328945703398, 19.861116434008252 ], [ 74.660867004057536, 19.839049149236022 ], [ 74.606685419541947, 19.849634758689259 ], [ 74.601451797913697, 19.801643547234157 ], [ 74.591970463270471, 19.786992836196717 ], [ 74.597831533878448, 19.773021451890557 ], [ 74.615485133922405, 19.772289013377449 ], [ 74.636130027299814, 19.794320337574341 ], [ 74.656486981749381, 19.778440986318792 ], [ 74.691909926831883, 19.768518279302668 ], [ 74.695363576475572, 19.759414038832343 ], [ 74.707469991485311, 19.762309537220229 ], [ 74.703929868161296, 19.775321303774756 ], [ 74.713035594699278, 19.782272753562669 ], [ 74.723720567476732, 19.752542303983397 ], [ 74.706644416291354, 19.721822244307422 ], [ 74.72990334081301, 19.723466562587532 ], [ 74.729945484606503, 19.699180532037925 ], [ 74.751268926096486, 19.690763287195569 ], [ 74.78747368092283, 19.716611149515916 ], [ 74.80664855082324, 19.703003078698409 ], [ 74.78812868293754, 19.687616692241168 ], [ 74.782171048090163, 19.671724891044324 ], [ 74.780530907605069, 19.652307137296823 ], [ 74.788846719761423, 19.6495465550916 ], [ 74.824823728142093, 19.672335303829207 ], [ 74.852957479110685, 19.647932542606487 ], [ 74.888613874976315, 19.656294725387486 ], [ 74.898615932665606, 19.643893732761832 ], [ 74.927422394717084, 19.649444031304494 ], [ 74.938196410856875, 19.640371973374531 ], [ 74.966504845594557, 19.647113485470172 ], [ 75.000034367268256, 19.621752679529664 ], [ 75.038056377931127, 19.624056398777398 ], [ 75.044694529015331, 19.610486293855562 ], [ 75.061772805442075, 19.603365050842037 ], [ 75.092321672732012, 19.609460472383919 ], [ 75.155371307578605, 19.587472492076884 ], [ 75.172057215152734, 19.596102382094625 ], [ 75.19445132918699, 19.593222527767892 ], [ 75.206513800945203, 19.578341691290582 ], [ 75.206781961650861, 19.561825512401256 ], [ 75.257591373803947, 19.523325616334912 ], [ 75.263691836502431, 19.523729338636379 ], [ 75.270925453701352, 19.550922863071996 ], [ 75.281337639418297, 19.548983619793024 ], [ 75.27683182292526, 19.512858581207393 ], [ 75.305806692280768, 19.507738544948769 ], [ 75.314475624496069, 19.494039724873755 ], [ 75.326806189769286, 19.494117966338653 ], [ 75.332911211505731, 19.502954004553128 ], [ 75.330508782637466, 19.479212188388306 ], [ 75.338067409947101, 19.478530590771406 ], [ 75.342651497546996, 19.496658397448343 ], [ 75.35595453937367, 19.500620288115506 ], [ 75.361528877209892, 19.479589183178501 ], [ 75.349804247665489, 19.4810055355717 ], [ 75.341408535604529, 19.463452680254974 ], [ 75.326346364070957, 19.463151728857877 ], [ 75.324722313499038, 19.453974495709542 ], [ 75.332046266980157, 19.436952488813422 ], [ 75.349332121916646, 19.447806350119663 ], [ 75.356052005502875, 19.441165370322469 ], [ 75.34307500719575, 19.405715182021645 ], [ 75.366166948302265, 19.397369914701237 ], [ 75.395837469692736, 19.414646242271594 ], [ 75.430235721023422, 19.415989356180127 ], [ 75.444087435519862, 19.427415214883208 ], [ 75.452849066809577, 19.411767224750736 ], [ 75.483555045838344, 19.419454368382901 ], [ 75.490875938789742, 19.412410206200462 ], [ 75.488861662009157, 19.378973297393301 ], [ 75.517397533791922, 19.383917823295373 ], [ 75.535467962450554, 19.374915013107682 ], [ 75.519303481005224, 19.329667035529063 ], [ 75.544200981011642, 19.325714601027258 ], [ 75.541713107735163, 19.308450809322597 ], [ 75.5174071077587, 19.276520259097094 ], [ 75.492703506289217, 19.25931396045593 ], [ 75.464134050302007, 19.252245823698395 ], [ 75.445468643434637, 19.216977034106002 ], [ 75.424455932241102, 19.218620047205778 ], [ 75.40525815061298, 19.198942043815627 ], [ 75.405807467894121, 19.18977420863321 ], [ 75.42832690003091, 19.171147956770593 ], [ 75.448852972202815, 19.17001802462725 ], [ 75.454458981661929, 19.142028611914348 ], [ 75.427332169573504, 19.136451667528906 ], [ 75.433845709029725, 19.116445018355151 ], [ 75.453730768625405, 19.12568910395122 ], [ 75.485147472798587, 19.125760850166767 ], [ 75.487259030338663, 19.103620324910665 ], [ 75.456981834473808, 19.084289057853848 ], [ 75.449966011786501, 19.083253954550973 ], [ 75.447793920928262, 19.091511784787908 ], [ 75.407674834624046, 19.078242614105381 ], [ 75.370780858136385, 19.082220053027523 ], [ 75.389685425471171, 19.116586480362049 ], [ 75.405691452455883, 19.123027097106728 ], [ 75.410590155706331, 19.133924614561991 ], [ 75.399475600236329, 19.138669290698061 ], [ 75.354949974905551, 19.125161131853176 ], [ 75.352062672090568, 19.147285955019235 ], [ 75.3382364572266, 19.15318137740514 ], [ 75.331519757647285, 19.134826254976431 ], [ 75.36195462818867, 19.107735987754619 ], [ 75.364563963151497, 19.076197237463457 ], [ 75.335642105134411, 19.081159211979717 ], [ 75.315342826431561, 19.09369146496174 ], [ 75.283742871331782, 19.083160641636514 ], [ 75.294182127229035, 19.068551689432891 ], [ 75.28738671599956, 19.032068566690768 ], [ 75.330454892907866, 19.032011290370249 ], [ 75.347086598711485, 19.02285354142689 ], [ 75.341745273462394, 18.989610630062128 ], [ 75.297947098882517, 18.977707427297265 ], [ 75.273308731259931, 18.992387787000396 ], [ 75.272152380219481, 19.013869176137465 ], [ 75.261445473881707, 19.025036106106331 ], [ 75.270556310638398, 19.052920567673759 ], [ 75.26359587035715, 19.069655208144962 ], [ 75.240151515848822, 19.061646889357633 ], [ 75.226587937359369, 19.065695420658059 ], [ 75.222585448250726, 19.11018389867036 ], [ 75.190208950222527, 19.092695010748074 ], [ 75.1971808228284, 19.065293760869388 ], [ 75.188999733386581, 19.049972531302835 ], [ 75.20632397374149, 19.037332065950352 ], [ 75.209914008891531, 19.022772022756193 ], [ 75.181350088804749, 19.012682892913748 ], [ 75.168633507281058, 19.035772070666447 ], [ 75.100760702104409, 19.044103847697862 ], [ 75.07162951214805, 19.057515890921714 ], [ 75.076186030080436, 19.066415024534301 ], [ 75.090110890403849, 19.06879256122313 ], [ 75.081043471281973, 19.080355958963182 ], [ 75.09708609455528, 19.079367436562436 ], [ 75.109982115877557, 19.123721945352617 ], [ 75.079105068999127, 19.119691040925915 ], [ 75.074065132866195, 19.10384620762445 ], [ 75.054303083522484, 19.098757532678452 ], [ 75.053859914730566, 19.10597963827886 ], [ 75.028055699276592, 19.103618501525908 ], [ 75.025622424466235, 19.113183075039409 ], [ 75.010983466670979, 19.104257259898517 ], [ 74.980632096114192, 19.117253878886221 ], [ 74.980606306326749, 19.111111427208758 ], [ 74.942435073714577, 19.129797978132061 ], [ 74.921761753797668, 19.087976063470723 ], [ 74.916368050843261, 19.039910371105673 ], [ 74.952385989831626, 19.032870128985873 ], [ 74.949049450287731, 19.005568146998431 ], [ 74.960672041681619, 18.996082579836525 ], [ 74.953083144993954, 18.96842373718091 ], [ 74.939319292340898, 18.976427410499689 ], [ 74.917158441026288, 18.96010120409926 ], [ 74.89967916038708, 18.979115586172007 ], [ 74.878296233475865, 18.982961014272384 ], [ 74.842854964314512, 18.968289759531757 ], [ 74.826801127642256, 18.988092103924934 ], [ 74.812419367006768, 18.972827266079371 ], [ 74.817449395875641, 18.96373281890974 ], [ 74.835470603714256, 18.958594151930846 ], [ 74.838732293158074, 18.946041245567066 ], [ 74.828490726723686, 18.938321742712194 ], [ 74.848578558903455, 18.924459271639318 ], [ 74.858174721172247, 18.904409470318772 ], [ 74.868592081435494, 18.899003113812665 ], [ 74.878849045144918, 18.911160760404421 ], [ 74.88646046082539, 18.90947683132465 ], [ 74.899089294789988, 18.84739968370048 ], [ 74.921709548458352, 18.851874482997072 ], [ 74.917197953468715, 18.830927486634845 ], [ 74.967139193224895, 18.824737390870297 ], [ 74.987144052644851, 18.797662753890027 ], [ 75.008548024131812, 18.804408499991606 ], [ 75.00253610253715, 18.788541592483259 ], [ 75.007576185403352, 18.77922371093738 ], [ 75.037013705336818, 18.763321002118584 ], [ 75.058861989558423, 18.732201950815679 ], [ 75.123411134046322, 18.684526309881697 ], [ 75.149782735725438, 18.649859400174535 ], [ 75.159042648716479, 18.649885364493485 ], [ 75.165454486052028, 18.662133509870035 ], [ 75.174184776626348, 18.735864627844929 ], [ 75.214384538727288, 18.737467496508781 ], [ 75.254257619504642, 18.720800691656855 ], [ 75.276854608751648, 18.732248330643788 ], [ 75.29265792852739, 18.76238164294627 ], [ 75.327277823930146, 18.798153503164638 ], [ 75.342665715183898, 18.78241172027856 ], [ 75.359697073510162, 18.788304844002688 ], [ 75.382199793212322, 18.768411924132494 ], [ 75.398437174443345, 18.83082186295729 ], [ 75.440853012446311, 18.791072356701257 ], [ 75.450745313697027, 18.750123814251832 ], [ 75.463711630745891, 18.752957548137321 ], [ 75.504084662186287, 18.723174593460037 ], [ 75.527746851840448, 18.730743581453172 ], [ 75.526541051165012, 18.753327082079871 ], [ 75.556863950898801, 18.740999943666527 ], [ 75.553197985187538, 18.712979876420349 ], [ 75.563368407662779, 18.701747816093242 ], [ 75.587372648636148, 18.697059081097898 ], [ 75.588841158313443, 18.687699976386085 ], [ 75.548664617941796, 18.68233216325795 ], [ 75.544213195808013, 18.658852991610441 ], [ 75.553924483927716, 18.655934823779237 ], [ 75.551337033112489, 18.643989736729445 ], [ 75.52583530710335, 18.638512844889583 ], [ 75.507624257124391, 18.62176741074185 ], [ 75.488405711160212, 18.624110070770985 ], [ 75.462609428641983, 18.593762299276417 ], [ 75.456073766353967, 18.594869440511307 ], [ 75.439359033288781, 18.552339792894735 ], [ 75.419097346816969, 18.533098426180189 ], [ 75.345864306663799, 18.561674416771744 ], [ 75.33555523251394, 18.524904770475029 ], [ 75.261312512931923, 18.508841671056363 ], [ 75.239976733604678, 18.5434820804068 ], [ 75.227717068251664, 18.543313582983942 ], [ 75.21537067683154, 18.554429269319556 ], [ 75.197356337121661, 18.528501098949398 ], [ 75.159434809160672, 18.51988750445571 ], [ 75.13490334045099, 18.526243082151925 ], [ 75.125690353625103, 18.493861599701152 ], [ 75.105645759351134, 18.48924243590886 ], [ 75.092715823254551, 18.456321809834765 ], [ 75.09266229361171, 18.433817963375098 ], [ 75.078632097124796, 18.420552379419142 ], [ 75.058986860828711, 18.419987611537127 ], [ 75.050297861788422, 18.42968868365762 ], [ 75.016229580232022, 18.436639280306739 ], [ 75.004149792654317, 18.402906220467873 ], [ 74.983654817292319, 18.399673202786616 ], [ 74.965331035688948, 18.385080891302835 ], [ 74.915828309436975, 18.377119527362709 ], [ 74.907370925770877, 18.356197313152403 ], [ 74.871173915906198, 18.352880458428569 ], [ 74.863897094402816, 18.334732062951282 ], [ 74.851866584843123, 18.330751971624714 ], [ 74.795920026309886, 18.351095608173491 ], [ 74.808485321895532, 18.386045959662532 ], [ 74.779847779366875, 18.408414013544778 ], [ 74.755028350115396, 18.396396122215894 ], [ 74.734579158801765, 18.397907126078238 ], [ 74.714710134429808, 18.430257224438432 ], [ 74.726941741041401, 18.479685275174557 ], [ 74.704922986829246, 18.504152214974827 ], [ 74.659484665342575, 18.485365366089493 ], [ 74.657808382721512, 18.473745452481321 ], [ 74.674648848054716, 18.461301121443579 ], [ 74.6435725733743, 18.449797138744572 ], [ 74.612178444558651, 18.467462653964549 ], [ 74.580493071829594, 18.473294985473654 ], [ 74.553874065965687, 18.498849415277387 ], [ 74.549789084989754, 18.513799929690379 ], [ 74.573039088408635, 18.532204635502989 ], [ 74.571210427653142, 18.544707847043981 ], [ 74.581527988725881, 18.547836425622471 ], [ 74.54376218154384, 18.583350823960892 ], [ 74.550694383027334, 18.61396509285013 ], [ 74.510719773708658, 18.615912002033149 ], [ 74.474557310871646, 18.641205299846664 ], [ 74.511563061827772, 18.667434238198517 ], [ 74.507292335147952, 18.677445231575575 ], [ 74.486557632711509, 18.674618360941448 ], [ 74.479072176628151, 18.681561052033924 ], [ 74.477149383511644, 18.722197415524334 ], [ 74.451108869008834, 18.719445126934705 ], [ 74.440886926412617, 18.738587330978579 ], [ 74.424926704183818, 18.7489446867231 ], [ 74.399543375900947, 18.741310907204454 ], [ 74.399647815707681, 18.777258606818648 ], [ 74.385534859278891, 18.803192824560327 ], [ 74.397425165771779, 18.830412726023017 ], [ 74.35170435701238, 18.843652328390146 ], [ 74.332148664485516, 18.837372439553029 ], [ 74.321582205694739, 18.843360072630258 ], [ 74.311331377989077, 18.85342371652348 ], [ 74.294418695295619, 18.903218460221098 ], [ 74.270794771598233, 18.920951525066645 ], [ 74.25036545105668, 18.952792516757224 ], [ 74.239868811553066, 18.953371960409108 ], [ 74.239667611389024, 18.964172652133211 ], [ 74.223100644316844, 18.976065186221398 ], [ 74.224338451388562, 18.992209732211869 ], [ 74.21271332838738, 18.995302093975003 ], [ 74.21475422425786, 19.006921506441849 ], [ 74.175130722150755, 19.03588106745989 ], [ 74.200418463971516, 19.087584480355492 ], [ 74.197409548345547, 19.105823664537674 ], [ 74.210567497759939, 19.125072655346695 ], [ 74.224711280080669, 19.129743700962962 ], [ 74.23600857154878, 19.12330091805439 ], [ 74.265041587831846, 19.16262274400928 ], [ 74.268150231348088, 19.184533852941836 ], [ 74.304309124001065, 19.188769725993044 ], [ 74.316451049462955, 19.208058787936778 ], [ 74.264876409248316, 19.224071202817772 ], [ 74.221709798870307, 19.201505683969955 ], [ 74.168623911832327, 19.219659183849291 ], [ 74.158937537194603, 19.202742091949446 ], [ 74.152831986675793, 19.221803463592547 ], [ 74.128370869441326, 19.220073798287547 ], [ 74.089180677452546, 19.234901138870072 ], [ 74.093857976765506, 19.226220776999934 ], [ 74.053359576532344, 19.243728063536928 ], [ 74.047412323222076, 19.258252678396332 ], [ 74.034560736125712, 19.250249961556491 ], [ 74.026808356490875, 19.268837449201278 ], [ 74.03190863718072, 19.283707817068667 ], [ 74.014129164144222, 19.295581564954798 ], [ 74.027562650618165, 19.3005467297628 ], [ 74.028297672486445, 19.310317345123551 ], [ 74.01308242726013, 19.325603876101578 ], [ 74.000027275185587, 19.357520756180207 ], [ 73.930953047161481, 19.340559206578398 ], [ 73.914849331095823, 19.365190971882431 ], [ 73.896160844166928, 19.374271247868979 ], [ 73.88432817178915, 19.376275325809157 ], [ 73.872754206141451, 19.359530789786458 ], [ 73.85721314429378, 19.358780185204484 ], [ 73.813695731707199, 19.392871637268307 ], [ 73.79690163182434, 19.394455147088223 ], [ 73.781648558751414, 19.385974666561541 ], [ 73.755294667447131, 19.396987377619457 ], [ 73.752934297690899, 19.409442120212891 ], [ 73.729920757366145, 19.414482116023816 ], [ 73.729029976554315, 19.430258266530593 ], [ 73.707447672932986, 19.431565232128907 ], [ 73.686949392243406, 19.443759954078672 ], [ 73.675785528464189, 19.462593302207708 ], [ 73.707316150442509, 19.48301221725594 ], [ 73.709246719508627, 19.496313972053166 ], [ 73.686525532898145, 19.516142112233478 ], [ 73.668375933092648, 19.514288949647881 ], [ 73.65648719720717, 19.534777038204762 ], [ 73.635120514972428, 19.532809987942802 ], [ 73.626207580696544, 19.542742958975477 ], [ 73.628683796987886, 19.572561148769051 ], [ 73.620210778547772, 19.587028617091665 ], [ 73.638388767098292, 19.597441172956295 ], [ 73.663635800981567, 19.586270739825647 ], [ 73.683248837190703, 19.588981912732098 ], [ 73.709617484414636, 19.59969449416317 ], [ 73.712767026594818, 19.613996843627238 ], [ 73.722353765865918, 19.619299182850416 ], [ 73.778100008727222, 19.631828513675543 ], [ 73.779361867119519, 19.642390454844548 ], [ 73.793780797503047, 19.645800494488459 ], [ 73.781341670015905, 19.650313263355351 ], [ 73.783687746534639, 19.660796579683616 ], [ 73.805875775957105, 19.678522769039436 ], [ 73.795142851602435, 19.687630619886299 ], [ 73.813540438734876, 19.685663592311581 ], [ 73.819358178476989, 19.708522976947815 ], [ 73.835392668514089, 19.717440637193395 ], [ 73.842778708977008, 19.740948770743756 ], [ 73.867722961820306, 19.749530347934122 ], [ 73.869800631183338, 19.74242834832587 ], [ 73.883181421450516, 19.74185265677778 ], [ 73.891233383385526, 19.752525861641445 ], [ 73.901562501001493, 19.74652777876863 ], [ 73.896618222468462, 19.719097205134876 ], [ 73.912651660915429, 19.705090168217538 ], [ 73.906178373329951, 19.696288226732079 ], [ 73.915657975707916, 19.681610265944467 ], [ 73.958513663534703, 19.670076346011033 ], [ 73.980220342063291, 19.67634821473267 ], [ 73.991381398771381, 19.670084264356394 ], [ 74.019372530173555, 19.672316551090994 ], [ 74.070637506483834, 19.66009819441031 ], [ 74.096779915337621, 19.639747458058906 ], [ 74.101131445590624, 19.646973139194948 ], [ 74.12145892154841, 19.643727908111394 ], [ 74.14365000300991, 19.673289399269741 ], [ 74.135980769815177, 19.694923777231242 ], [ 74.153533208642756, 19.690559539008433 ], [ 74.167650961504222, 19.728077488761617 ], [ 74.246006324397158, 19.743919251891786 ], [ 74.278250873973064, 19.778384796985595 ], [ 74.319031908943828, 19.76731887295826 ], [ 74.333732270515199, 19.799034550826921 ], [ 74.378059443918787, 19.80585000375758 ], [ 74.372107165872563, 19.835776249375161 ], [ 74.363734619993878, 19.836103179226853 ], [ 74.364714491015619, 19.870562431824602 ], [ 74.340842851916662, 19.873404667480024 ], [ 74.338306679280564, 19.886012114516756 ], [ 74.277788243215582, 19.90815713754013 ], [ 74.272891747888607, 19.93297579447097 ], [ 74.250217036462033, 19.936783876110962 ], [ 74.251694274308406, 19.964079396937088 ], [ 74.283516232957169, 19.958911283522529 ], [ 74.2900026738603, 19.986760020052845 ], [ 74.309607648579757, 19.967009232384171 ], [ 74.319760354332885, 19.985416401493666 ], [ 74.348133743719202, 19.983710827468403 ], [ 74.351502717005673, 19.966285938703187 ], [ 74.365898861127647, 19.965488314053328 ], [ 74.366728382947642, 19.97410846417473 ], [ 74.378289646157427, 19.971627141157487 ], [ 74.385982014636923, 19.980478475774024 ], [ 74.44552574757455, 19.974197809686608 ], [ 74.469216919630014, 19.987712875559378 ], [ 74.485371082861221, 19.979913917643884 ], [ 74.480194246795591, 19.966261020088705 ], [ 74.496002142576941, 19.963523271202835 ], [ 74.497352858065, 19.96944600324727 ], [ 74.531480252968677, 19.975396021140924 ], [ 74.573524016784575, 19.954525812803446 ], [ 74.673326709049277, 19.946696343556695 ] ] ] } },
{ "type": "Feature", "properties": { "district_id": "maharashtra__akola", "state": "Maharashtra", "district": "Akola", "area_km2": 5406.8, "point_lat": 20.7618, "point_lon": 77.1912 }, "geometry": { "type": "Polygon", "coordinates": [ [ [ 77.616117974091196, 20.759908189589463 ], [ 77.591160696846927, 20.757217887580723 ], [ 77.588789188951679, 20.747796482262501 ], [ 77.571992759985619, 20.741085743351714 ], [ 77.565809024959023, 20.721023372553589 ], [ 77.518733911112477, 20.7285298908442 ], [ 77.508031560055201, 20.710046177100615 ], [ 77.515589778989337, 20.698029204848112 ], [ 77.524826404186868, 20.700757812400489 ], [ 77.523466855546872, 20.695032092170635 ], [ 77.539423976768219, 20.688580027099043 ], [ 77.543576708533749, 20.675494127273488 ], [ 77.512839546210856, 20.68308148556736 ], [ 77.517524170072804, 20.673040664877604 ], [ 77.504392514446238, 20.664451533475397 ], [ 77.496278919889349, 20.680045828395347 ], [ 77.471296732347696, 20.688088774036324 ], [ 77.456702550248608, 20.653898378451171 ], [ 77.433982647132552, 20.661329454246598 ], [ 77.434444923102291, 20.647539441912141 ], [ 77.469618786515042, 20.617231689129326 ], [ 77.466823827821415, 20.610101778896873 ], [ 77.417713192699466, 20.608434513988641 ], [ 77.403932236792556, 20.578762032639244 ], [ 77.365591970595801, 20.581311081800251 ], [ 77.362446819053574, 20.56755059355562 ], [ 77.340484323483309, 20.576635763065539 ], [ 77.337697766081718, 20.550004106754024 ], [ 77.344102130336879, 20.547174617530153 ], [ 77.336214181384065, 20.526615409120978 ], [ 77.366812970242506, 20.519799202935978 ], [ 77.371053845978494, 20.527507822858446 ], [ 77.397937044520447, 20.525862505541305 ], [ 77.381011241234404, 20.483075016596555 ], [ 77.367413001732572, 20.479709131981082 ], [ 77.371347473475055, 20.497897052953665 ], [ 77.329064147576048, 20.49861929529041 ], [ 77.327088069509401, 20.485247795573127 ], [ 77.346440889578545, 20.479062463951944 ], [ 77.342532441511054, 20.469519961032717 ], [ 77.348675032676425, 20.46493847992112 ], [ 77.333243124609709, 20.450960342701666 ], [ 77.301209286714226, 20.447442396753576 ], [ 77.29552811642148, 20.419749005410132 ], [ 77.250576516016977, 20.437414537693872 ], [ 77.248364817779347, 20.426429445310706 ], [ 77.241298697127405, 20.428414458058004 ], [ 77.225083656928746, 20.447979868086787 ], [ 77.18671727330613, 20.448734287212798 ], [ 77.184781626313168, 20.429567835295668 ], [ 77.197071543420606, 20.420509907462275 ], [ 77.192674062235213, 20.407000001966296 ], [ 77.15222237385295, 20.400900401942984 ], [ 77.141008511480905, 20.382568668865165 ], [ 77.123643947438495, 20.40973384886675 ], [ 77.085637096185067, 20.421229433299171 ], [ 77.078255310270464, 20.437456170285522 ], [ 77.059300857597293, 20.43855601333059 ], [ 77.055079606416072, 20.448497987396447 ], [ 77.024690075807811, 20.450287455393681 ], [ 77.015597817870699, 20.429320309763195 ], [ 77.017629534396647, 20.41271395595021 ], [ 76.993920793149115, 20.408468082402646 ], [ 76.997840504404223, 20.394751397194192 ], [ 76.976755174901953, 20.382554187523553 ], [ 76.979629994309022, 20.371943983300447 ], [ 76.951809716438277, 20.364481410324903 ], [ 76.934606446811031, 20.370383154617851 ], [ 76.930572011083228, 20.359264208070183 ], [ 76.920803112646681, 20.359982834439439 ], [ 76.900387091311259, 20.340523494762937 ], [ 76.892235495727135, 20.318006564266877 ], [ 76.908706868758671, 20.314026129104771 ], [ 76.884816488849026, 20.297620036489327 ], [ 76.87630440555489, 20.278222227193293 ], [ 76.863563736698751, 20.297726900906891 ], [ 76.839887304387176, 20.301366078236818 ], [ 76.821720441594422, 20.280403242900761 ], [ 76.81030913613732, 20.279528279616546 ], [ 76.807679620871923, 20.288167113156987 ], [ 76.79212357102611, 20.286024327045201 ], [ 76.785987458461236, 20.298029243850259 ], [ 76.792837816190428, 20.315297973425647 ], [ 76.769891375364452, 20.322381413831639 ], [ 76.769482153170401, 20.31394851029178 ], [ 76.744233062221809, 20.326227228680516 ], [ 76.747049483129743, 20.338131720773347 ], [ 76.726710857541747, 20.338351798092056 ], [ 76.727935186108539, 20.343869156893938 ], [ 76.699607763228727, 20.353364889885384 ], [ 76.708806071295072, 20.385463573679026 ], [ 76.725024702020605, 20.389450579565363 ], [ 76.727659890338856, 20.401469518110794 ], [ 76.720063395209763, 20.418720699323963 ], [ 76.713796015699302, 20.41826798354521 ], [ 76.714658638756816, 20.437034086594423 ], [ 76.693925096947012, 20.458474695153736 ], [ 76.698860129368882, 20.472056550034253 ], [ 76.708985646554993, 20.470833380489633 ], [ 76.70496093206404, 20.483647348685555 ], [ 76.712226531463969, 20.507867714195392 ], [ 76.736191192989978, 20.51272514145251 ], [ 76.74171727045298, 20.501701849952639 ], [ 76.737118382475913, 20.491793994350896 ], [ 76.750643528209977, 20.497993778832864 ], [ 76.752957439731773, 20.512356600618944 ], [ 76.770067131164581, 20.512911093828365 ], [ 76.784780170607306, 20.571491689076147 ], [ 76.77036876368561, 20.575442587005103 ], [ 76.790672806606636, 20.595413463271125 ], [ 76.785717902858934, 20.603340140267534 ], [ 76.763347663065701, 20.602972810349495 ], [ 76.772218863061809, 20.627376728131782 ], [ 76.751200373969581, 20.631599681788622 ], [ 76.756134230204637, 20.645533369598514 ], [ 76.766161506198429, 20.6498602655446 ], [ 76.735601398330203, 20.657283234522463 ], [ 76.737808631219977, 20.689139244481414 ], [ 76.722950793538629, 20.693071973161626 ], [ 76.734828834273088, 20.70115602662208 ], [ 76.735252280713325, 20.71532630789687 ], [ 76.760438282648323, 20.722892955054057 ], [ 76.755340815712742, 20.746360307963783 ], [ 76.772519231937466, 20.783684796299866 ], [ 76.745286577105233, 20.798297282152852 ], [ 76.745399512111746, 20.820383865529134 ], [ 76.755723083457724, 20.825928126133142 ], [ 76.751766554224602, 20.838104881779373 ], [ 76.762884645352273, 20.857759676090268 ], [ 76.74626751400686, 20.872294301505686 ], [ 76.743598116052866, 20.890167336342632 ], [ 76.7228740810978, 20.885913287253313 ], [ 76.705669508307565, 20.909959213971636 ], [ 76.69573944840333, 20.907398843211833 ], [ 76.688384332404482, 20.916619856995606 ], [ 76.746545082079535, 20.927932238721024 ], [ 76.77317283187773, 20.922142441339432 ], [ 76.774877068118286, 20.909478681068762 ], [ 76.785693127567228, 20.908484854716832 ], [ 76.786570153433658, 20.927017140320679 ], [ 76.775770535196528, 20.931797827059508 ], [ 76.786921689000422, 20.941988772639014 ], [ 76.788272556340971, 20.961902724572575 ], [ 76.807925919731545, 20.957604159807691 ], [ 76.806091505212649, 20.971404635755274 ], [ 76.783797824665072, 20.971273277791152 ], [ 76.782463524478487, 20.990182359908435 ], [ 76.776166969605057, 20.990010385972329 ], [ 76.778314560112065, 21.003121184737658 ], [ 76.789025595098309, 21.003235783362602 ], [ 76.789145491362461, 21.031806669122808 ], [ 76.778330774571259, 21.02830802844186 ], [ 76.765477349818596, 21.038660314338326 ], [ 76.782611838784561, 21.061443549387604 ], [ 76.774317575116413, 21.088866611020002 ], [ 76.788631424162489, 21.110300883329352 ], [ 76.776562921066244, 21.143274351773609 ], [ 76.775221809979485, 21.18888694183811 ], [ 76.792711246864698, 21.184788549464315 ], [ 76.921590632057757, 21.202221812195734 ], [ 76.999155637977481, 21.204106383402205 ], [ 77.006041810486551, 21.207078393030844 ], [ 77.004187550644474, 21.228903870651347 ], [ 77.023824028826837, 21.245943078147317 ], [ 77.043775562225647, 21.243435486552563 ], [ 77.079869651147348, 21.217101974268033 ], [ 77.092711925356696, 21.225293374321694 ], [ 77.116096808328194, 21.219076322558315 ], [ 77.164760051363146, 21.237104279279464 ], [ 77.182762361787383, 21.203699764405741 ], [ 77.165158839274525, 21.182742586801336 ], [ 77.159059125828435, 21.145600140831835 ], [ 77.163916527938355, 21.136275418560416 ], [ 77.196908560496695, 21.138650283526442 ], [ 77.195815780188298, 21.121731880147809 ], [ 77.172540773742, 21.119908135035708 ], [ 77.176042323449167, 21.07480243236207 ], [ 77.149196116185792, 21.072684604174761 ], [ 77.150971993446433, 21.036793785789893 ], [ 77.173412691149323, 21.022955386340239 ], [ 77.173738132248204, 21.007610795201845 ], [ 77.169367157261078, 20.989879773145756 ], [ 77.135760776378092, 20.987284293084489 ], [ 77.136167732299015, 20.974373159077029 ], [ 77.16295474461127, 20.971686967209219 ], [ 77.136801830981582, 20.916100072408572 ], [ 77.134156402140803, 20.863354181636751 ], [ 77.15420029576687, 20.860699906141573 ], [ 77.160428276922886, 20.86903873233841 ], [ 77.182389491649232, 20.852202182354013 ], [ 77.238014138897583, 20.858021795265987 ], [ 77.260496593042433, 20.846280711884578 ], [ 77.271673676877541, 20.853545826071631 ], [ 77.287211091042906, 20.84644233551953 ], [ 77.327824755038904, 20.856990968884457 ], [ 77.332775658978662, 20.847372875100969 ], [ 77.353410634601062, 20.844175886453584 ], [ 77.411235781636236, 20.850107907921871 ], [ 77.438032686210548, 20.845018463778054 ], [ 77.440055667118145, 20.852516626691909 ], [ 77.464162475174476, 20.855364458213884 ], [ 77.456078732953031, 20.860650977287793 ], [ 77.462274179840421, 20.879071409300963 ], [ 77.479581211467888, 20.879271370794648 ], [ 77.477059470679123, 20.862491436865547 ], [ 77.529465975836118, 20.8480048510533 ], [ 77.55115520198747, 20.853149400253137 ], [ 77.553195115112558, 20.826576528691461 ], [ 77.570947651935128, 20.808245106176596 ], [ 77.610833990474305, 20.798201071307464 ], [ 77.612305864478387, 20.778284739091323 ], [ 77.62093586052184, 20.779530528962532 ], [ 77.616117974091196, 20.759908189589463 ] ] ] } },
{ "type": "Feature", "properties": { "district_id": "kerala__alappuzha", "state": "Kerala", "district": "Alappuzha", "area_km2": 1420.9, "point_lat": 9.4907, "point_lon": 76.4146 }, "geometry": { "type": "Polygon", "coordinates": [ [ [ 76.370219758198701, 9.858824371044424 ], [ 76.381757077992887, 9.815535393303668 ], [ 76.366218291370544, 9.791580434329342 ], [ 76.381822279048592, 9.749927087673001 ], [ 76.377343334110364, 9.695211084262235 ], [ 76.403311261267575, 9.684328146325527 ], [ 76.391742194664957, 9.545846580943403 ], [ 76.410783955017891, 9.560927347367269 ], [ 76.427522387739117, 9.547525496810994 ], [ 76.465874371472566, 9.558718423906697 ], [ 76.466011761724246, 9.540448140263978 ], [ 76.479331262896949, 9.534140463471488 ], [ 76.481643036665048, 9.505742054572009 ], [ 76.507804896059355, 9.498697550540999 ], [ 76.496675821540705, 9.439615125260177 ], [ 76.51148435404518, 9.43300438397689 ], [ 76.50627579104993, 9.425692945984785 ], [ 76.515675936929085, 9.400109528368812 ], [ 76.509453707485463, 9.375744651882723 ], [ 76.523398788926286, 9.362477226039015 ], [ 76.489779377572518, 9.346487362194072 ], [ 76.476440604295362, 9.328381825866249 ], [ 76.501482366680747, 9.320657726016403 ], [ 76.550019634400073, 9.321417772424619 ], [ 76.559961286986805, 9.341904282217461 ], [ 76.551385172194657, 9.346684875858786 ], [ 76.572952425137601, 9.353289136152014 ], [ 76.624554036414409, 9.339767590675777 ], [ 76.641984820552466, 9.3420356399792 ], [ 76.645006265440628, 9.330577123102868 ], [ 76.638943080998544, 9.3255724385797 ], [ 76.659596713126589, 9.285586738076878 ], [ 76.693850565170791, 9.29420259028025 ], [ 76.692989121848058, 9.282031802226498 ], [ 76.656866984164154, 9.257633409029678 ], [ 76.659075145251094, 9.239346213844696 ], [ 76.640961465881674, 9.229905534873243 ], [ 76.644819872635537, 9.201723663044916 ], [ 76.650124186562664, 9.207136400413303 ], [ 76.668375688160921, 9.197849378378647 ], [ 76.686361895914558, 9.172707472744303 ], [ 76.674351588844701, 9.167465707077778 ], [ 76.673341183189834, 9.151275193846976 ], [ 76.642676523030019, 9.148027599372199 ], [ 76.634648409726665, 9.135111397055597 ], [ 76.590773745350148, 9.12771925069522 ], [ 76.585156783380029, 9.113517869997718 ], [ 76.55840471982458, 9.106728556335744 ], [ 76.543151120781289, 9.135574854528443 ], [ 76.514593547297508, 9.135801936087036 ], [ 76.508461925887985, 9.120916746137533 ], [ 76.481164991721528, 9.119351139566094 ], [ 76.4917708479054, 9.087615279566348 ], [ 76.486624553589849, 9.084559773296572 ], [ 76.465253212799666, 9.119394954837343 ], [ 76.342865642504336, 9.402734418973768 ], [ 76.289969927308007, 9.672356925241836 ], [ 76.280244757595057, 9.788524251153994 ], [ 76.291173096935708, 9.808392608491109 ], [ 76.281817827696543, 9.827535096267763 ], [ 76.286896118970205, 9.848467142710774 ], [ 76.298343520902179, 9.852462483452287 ], [ 76.293283447102112, 9.888291604019122 ], [ 76.33345828985631, 9.876447162628244 ], [ 76.355105332415889, 9.881744646379623 ], [ 76.370219758198701, 9.858824371044424 ] ] ] } },
{ "type": "Feature", "properties": { "district_id": "maharashtra__amravati", "state": "Maharashtra", "district": "Amravati", "area_km2": 12207.6, "point_lat": 21.1542, "point_lon": 77.6431 }, "geometry": { "type": "Polygon", "coordinates": [ [ [ 78.341506654876184, 21.588748277004289 ], [ 78.352421360551986, 21.577109830646133 ], [ 78.365725572576125, 21.57655757892973 ], [ 78.382407239738583, 21.59385256863305 ], [ 78.376459863528922, 21.613255422462622 ], [ 78.38430498278818, 21.616876472807078 ], [ 78.427412470155645, 21.600219694412729 ], [ 78.418332746331117, 21.576039952954833 ], [ 78.437021139756922, 21.518290180354494 ], [ 78.430393576715971, 21.479699836630154 ], [ 78.444476033868156, 21.445437167867507 ], [ 78.448685276623678, 21.404554518847878 ], [ 78.423325178601189, 21.3968940242484 ], [ 78.409421725204709, 21.383674944694739 ], [ 78.373778042115163, 21.394537486028934 ], [ 78.366983277383753, 21.383567639606351 ], [ 78.348488647665476, 21.384858914011783 ], [ 78.310768364871947, 21.356958046894487 ], [ 78.275996698216161, 21.350807196175811 ], [ 78.252255975585172, 21.336979857346538 ], [ 78.251274269241264, 21.32859635263717 ], [ 78.157979699934756, 21.329776171720969 ], [ 78.150245118156576, 21.341297404057951 ], [ 78.105247428480354, 21.354757786488562 ], [ 78.075120157547445, 21.353291634506299 ], [ 78.079763687660559, 21.328033873288309 ], [ 78.068006501599541, 21.298821145610702 ], [ 78.081697166189031, 21.27778696392215 ], [ 78.061196508160251, 21.274222540800615 ], [ 78.055492798931908, 21.249164388137537 ], [ 78.071745026464413, 21.235321950311878 ], [ 78.073842225179547, 21.219562576376035 ], [ 78.098761761473739, 21.199216839543666 ], [ 78.0945622908703, 21.176904333249141 ], [ 78.145311160039753, 21.13719269173221 ], [ 78.132206313065254, 21.112980081985896 ], [ 78.14762340181224, 21.099580827861963 ], [ 78.153941980279896, 21.074900695242949 ], [ 78.151231347236518, 21.044396198779001 ], [ 78.14030096463361, 21.034947615557027 ], [ 78.147214913620417, 21.022729431655783 ], [ 78.137574700180764, 21.004093883715829 ], [ 78.149562836124048, 20.985894134304957 ], [ 78.146123136816385, 20.952224594993055 ], [ 78.169550086751869, 20.940998387008129 ], [ 78.184401369929574, 20.904641435873064 ], [ 78.204687264806878, 20.899478534714813 ], [ 78.215991903586058, 20.908265829754459 ], [ 78.25567668389489, 20.886441953478823 ], [ 78.279981176293319, 20.843899477766549 ], [ 78.292246203011274, 20.839702267758337 ], [ 78.293866903355593, 20.827651444698972 ], [ 78.309230925435628, 20.834444337831325 ], [ 78.317856785169482, 20.823090816935601 ], [ 78.295541779581015, 20.802435288246361 ], [ 78.294279521286413, 20.777947451371396 ], [ 78.308371808321468, 20.763416956147648 ], [ 78.311365607796432, 20.734949270008535 ], [ 78.299353493010528, 20.700995974165469 ], [ 78.259647729300156, 20.695694597171187 ], [ 78.254015860815173, 20.683915260612505 ], [ 78.213380451647751, 20.689350284318976 ], [ 78.209045453311973, 20.676490207046253 ], [ 78.182862855880799, 20.677223274486543 ], [ 78.181129201105648, 20.670545125125305 ], [ 78.158915727819732, 20.667224484548253 ], [ 78.159023289758409, 20.659131619830834 ], [ 78.132240899671274, 20.664330123147561 ], [ 78.125031526651497, 20.660813776415811 ], [ 78.131369038745817, 20.648004489876627 ], [ 78.112270579422614, 20.648962816185495 ], [ 78.11190232320547, 20.64016740962013 ], [ 78.093298193333013, 20.640961729877123 ], [ 78.100322288303659, 20.665977316819475 ], [ 78.089017077914761, 20.672067385763942 ], [ 78.077061624473885, 20.663785616520837 ], [ 78.063630323381403, 20.672681699755206 ], [ 78.038659740628177, 20.666446878576895 ], [ 78.021259884140093, 20.642254839729251 ], [ 78.026645098137266, 20.632831473678607 ], [ 77.996080743573614, 20.622843548508921 ], [ 77.973803965321395, 20.590098966406401 ], [ 77.951060245869428, 20.575335518652 ], [ 77.934105009158458, 20.577054430980986 ], [ 77.924327257035699, 20.55854507673309 ], [ 77.912373347152311, 20.565421625354617 ], [ 77.919082246339201, 20.604523957548903 ], [ 77.89308879351583, 20.623464032915443 ], [ 77.877371467611354, 20.609369384880452 ], [ 77.866136022456999, 20.609253291683189 ], [ 77.865793430840128, 20.594872397280568 ], [ 77.846681550570281, 20.58765437094911 ], [ 77.846803052450284, 20.570387767481403 ], [ 77.837603379863808, 20.565568966049046 ], [ 77.811510208217825, 20.587187750720496 ], [ 77.806968097577567, 20.566801548951965 ], [ 77.77160842130553, 20.539935436481422 ], [ 77.750509021385099, 20.547910920468127 ], [ 77.741911183446845, 20.561375175255964 ], [ 77.702842561519063, 20.567407189391581 ], [ 77.687387194977191, 20.579723849238668 ], [ 77.666826360216021, 20.580434768481766 ], [ 77.655631630215964, 20.564193689625359 ], [ 77.63076155150442, 20.566791111421452 ], [ 77.649566990446118, 20.608558396765378 ], [ 77.65572813915216, 20.647172178102725 ], [ 77.652933378088605, 20.662623047007671 ], [ 77.637011858974262, 20.657428399250431 ], [ 77.64048808719842, 20.690554197514036 ], [ 77.633530281570145, 20.71149798189559 ], [ 77.614170536979984, 20.719012135754877 ], [ 77.632723317261821, 20.738067877994503 ], [ 77.636484752246204, 20.755129536755238 ], [ 77.616114263297547, 20.759898484120168 ], [ 77.62093586052184, 20.779530528962532 ], [ 77.612305864478387, 20.778284739091323 ], [ 77.610833990474305, 20.798201071307464 ], [ 77.570947651935128, 20.808245106176596 ], [ 77.554826735536793, 20.824333134256694 ], [ 77.549269167726436, 20.853912071600142 ], [ 77.529465975836118, 20.8480048510533 ], [ 77.477059470679123, 20.862491436865547 ], [ 77.479581211467888, 20.879271370794648 ], [ 77.466878122143314, 20.8804626586628 ], [ 77.45616095540359, 20.863120337888262 ], [ 77.464162475174476, 20.855364458213884 ], [ 77.440055667118145, 20.852516626691909 ], [ 77.438032686210548, 20.845018463778054 ], [ 77.411235781636236, 20.850107907921871 ], [ 77.353410634601062, 20.844175886453584 ], [ 77.332775658978662, 20.847372875100969 ], [ 77.327824755038904, 20.856990968884457 ], [ 77.287211091042906, 20.84644233551953 ], [ 77.271673676877541, 20.853545826071631 ], [ 77.260496593042433, 20.846280711884578 ], [ 77.238014138897583, 20.858021795265987 ], [ 77.182389491649232, 20.852202182354013 ], [ 77.160428276922886, 20.86903873233841 ], [ 77.15420029576687, 20.860699906141573 ], [ 77.134156402140803, 20.863354181636751 ], [ 77.136801830981582, 20.916100072408572 ], [ 77.16295474461127, 20.971686967209219 ], [ 77.136167732299015, 20.974373159077029 ], [ 77.135760776378092, 20.987284293084489 ], [ 77.169367157261078, 20.989879773145756 ], [ 77.173738132248204, 21.007610795201845 ], [ 77.173412691149323, 21.022955386340239 ], [ 77.150971993446433, 21.036793785789893 ], [ 77.149196116185792, 21.072684604174761 ], [ 77.176042323449167, 21.07480243236207 ], [ 77.172540773742, 21.119908135035708 ], [ 77.195815780188298, 21.121731880147809 ], [ 77.196908560496695, 21.138650283526442 ], [ 77.163916527938355, 21.136275418560416 ], [ 77.159059125828435, 21.145600140831835 ], [ 77.165158839274525, 21.182742586801336 ], [ 77.182762361787383, 21.203699764405741 ], [ 77.164760051363146, 21.237104279279464 ], [ 77.116096808328194, 21.219076322558315 ], [ 77.092711925356696, 21.225293374321694 ], [ 77.079869651147348, 21.217101974268033 ], [ 77.043775562225647, 21.243435486552563 ], [ 77.023824028826837, 21.245943078147317 ], [ 77.004187550644474, 21.228903870651347 ], [ 77.006041810486551, 21.207078393030844 ], [ 76.999155637977481, 21.204106383402205 ], [ 76.921590632057757, 21.202221812195734 ], [ 76.792711246864698, 21.184788549464315 ], [ 76.76598770684663, 21.193971220739503 ], [ 76.760537228482249, 21.221236693808954 ], [ 76.748364412643497, 21.222064427751654 ], [ 76.749049201553504, 21.253266343721851 ], [ 76.724093190150001, 21.28906663267799 ], [ 76.662796007271353, 21.280225966397104 ], [ 76.626204311028332, 21.332856939250167 ], [ 76.734016772279503, 21.406518342666335 ], [ 76.745367027055579, 21.440822681630028 ], [ 76.786239979881344, 21.464154653336426 ], [ 76.793885629048575, 21.487533356485908 ], [ 76.764983835387156, 21.520254672228425 ], [ 76.789934089238002, 21.537724553024052 ], [ 76.782346357757504, 21.560045115843518 ], [ 76.797501855112998, 21.595078503772264 ], [ 76.835759160765107, 21.590621281039791 ], [ 76.854410382477013, 21.612569721526992 ], [ 76.90346766761779, 21.598378030463767 ], [ 76.999857137940495, 21.679116677069732 ], [ 77.062205022990298, 21.706906552599332 ], [ 77.075074224039184, 21.720422791314935 ], [ 77.123930946230942, 21.722849511047489 ], [ 77.160663994963073, 21.710928811121349 ], [ 77.174359223901419, 21.724776474135155 ], [ 77.190980239400204, 21.720095125350113 ], [ 77.187265764107536, 21.701998310725926 ], [ 77.21038144582289, 21.691564906469026 ], [ 77.224605005684751, 21.697670844824593 ], [ 77.227607469235835, 21.7154290010461 ], [ 77.261103550213548, 21.713383002181061 ], [ 77.270454719680131, 21.72661578551363 ], [ 77.286270147173155, 21.721778180706941 ], [ 77.290014237579015, 21.733978949625239 ], [ 77.280185718740256, 21.757321070356831 ], [ 77.289396440148934, 21.760269379144084 ], [ 77.404465438810391, 21.753736680568558 ], [ 77.478932091916391, 21.769018156352558 ], [ 77.479329665476016, 21.755466864775862 ], [ 77.500369576819125, 21.746804498160817 ], [ 77.52456776367022, 21.711784960142062 ], [ 77.536936134681028, 21.710355841244557 ], [ 77.545746458924981, 21.698700422336685 ], [ 77.574903749785889, 21.624805454287042 ], [ 77.574545419097333, 21.560457736868219 ], [ 77.59425666981528, 21.559453019681058 ], [ 77.610733137058261, 21.540643393117865 ], [ 77.59282198584097, 21.528233517316078 ], [ 77.570520871735383, 21.52762451981425 ], [ 77.507811310776788, 21.552487711758399 ], [ 77.460863797124048, 21.554365938620347 ], [ 77.420249220146772, 21.530861738654117 ], [ 77.442524644594144, 21.487174971678833 ], [ 77.441625612138097, 21.470785140180279 ], [ 77.472640377623264, 21.454799073969689 ], [ 77.490375849316678, 21.375744226291975 ], [ 77.513921545293982, 21.374773048288784 ], [ 77.530580142471081, 21.419002415590111 ], [ 77.562381073504909, 21.396180058048959 ], [ 77.557697350304394, 21.388382216836956 ], [ 77.565985302656756, 21.371418522346211 ], [ 77.587956919022716, 21.362536702165563 ], [ 77.608365517663813, 21.365057622557284 ], [ 77.605103183318533, 21.391597232206145 ], [ 77.642823407369463, 21.386001310068263 ], [ 77.654607605947376, 21.391452197655465 ], [ 77.665737326234932, 21.386038717772582 ], [ 77.670877656061393, 21.369577400552245 ], [ 77.694843630725259, 21.395141222545579 ], [ 77.696311814670892, 21.378739983412562 ], [ 77.708066357501806, 21.375799560798164 ], [ 77.708954326027438, 21.357199256528201 ], [ 77.73763965752967, 21.362849515756789 ], [ 77.750269832821544, 21.382326885040921 ], [ 77.797314289114723, 21.388878842233868 ], [ 77.803245141831908, 21.410421172679154 ], [ 77.887404871352743, 21.383682687620222 ], [ 77.885876419662338, 21.375888991723492 ], [ 77.94285919360513, 21.385132206389418 ], [ 77.945221983049834, 21.397156350627178 ], [ 77.984436805075561, 21.401025418282707 ], [ 78.068013541069647, 21.437092369074673 ], [ 78.1738121056935, 21.49673400595869 ], [ 78.182130865399898, 21.512540903970734 ], [ 78.172481829154421, 21.524234916936507 ], [ 78.177232747873703, 21.55146951153159 ], [ 78.185443315306017, 21.556833354780494 ], [ 78.220021270285088, 21.551923765281025 ], [ 78.273895818725151, 21.568917873285919 ], [ 78.260028839038768, 21.583425060716923 ], [ 78.266825481816085, 21.591934431679007 ], [ 78.304665980257127, 21.583273634100632 ], [ 78.308786967518046, 21.569665708224402 ], [ 78.341506654876184, 21.588748277004289 ] ] ] } },
{ "type": "Feature", "properties": { "district_id": "maharashtra__aurangabad", "state": "Maharashtra", "district": "Aurangabad", "area_km2": 10115.8, "point_lat": 20.0222, "point_lon": 75.1571 }, "geometry": { "type": "Polygon", "coordinates": [ [ [ 75.889525762834026, 20.563358699985034 ], [ 75.864970028598492, 20.561745662985878 ], [ 75.887142757375813, 20.526000621122648 ], [ 75.863586130049811, 20.527648509618881 ], [ 75.851671284702576, 20.490231516309208 ], [ 75.877674924969668, 20.453837920565434 ], [ 75.894344570359806, 20.447045413564226 ], [ 75.865230183293036, 20.441203855191556 ], [ 75.868980339978933, 20.448188643169644 ], [ 75.859408643508004, 20.461922858019918 ], [ 75.843809542732416, 20.460047888646614 ], [ 75.825588568609845, 20.474280034829217 ], [ 75.799572135320716, 20.463291342845956 ], [ 75.798958193581385, 20.453002834211734 ], [ 75.76548942743112, 20.450708290490276 ], [ 75.759691988184215, 20.42715896890104 ], [ 75.742900637095403, 20.423365202026165 ], [ 75.737294982889111, 20.414293551792333 ], [ 75.752493477207423, 20.40377478210894 ], [ 75.751707147846034, 20.373379663655161 ], [ 75.769448222542053, 20.353521746903095 ], [ 75.77335552152806, 20.336787524319529 ], [ 75.75584514657568, 20.327763935462674 ], [ 75.7407202137139, 20.337936879557024 ], [ 75.718855555638484, 20.331845409131496 ], [ 75.711935650526385, 20.317058015975494 ], [ 75.685724766666453, 20.309372007176385 ], [ 75.696639354040698, 20.286162353638034 ], [ 75.676084378182196, 20.240134900867659 ], [ 75.684145458771852, 20.204299773866456 ], [ 75.679210877759758, 20.191023115815916 ], [ 75.648714928743857, 20.191330162805482 ], [ 75.627161651436225, 20.105374583888143 ], [ 75.589374705628856, 20.10196018703725 ], [ 75.594275658175846, 20.061270540341678 ], [ 75.607380167169339, 20.051785200722669 ], [ 75.593687987768959, 20.023317048974487 ], [ 75.604972312302621, 20.005861031231909 ], [ 75.638538985583864, 20.003782850236515 ], [ 75.630006760029758, 20.000604071119803 ], [ 75.636334029308642, 19.994699714172441 ], [ 75.637381680053863, 19.955082515547286 ], [ 75.668014107071215, 19.939726649566936 ], [ 75.667628094305527, 19.920429328984799 ], [ 75.653666223642531, 19.910460080954572 ], [ 75.647504617348133, 19.873876981433096 ], [ 75.652601690979267, 19.815065073085183 ], [ 75.636641375593214, 19.81362119056147 ], [ 75.645388232678513, 19.784890288453969 ], [ 75.627860134919658, 19.775906945724653 ], [ 75.627917949072142, 19.745860900346294 ], [ 75.636263245780583, 19.73444475601698 ], [ 75.630045251209253, 19.701315726075009 ], [ 75.633511987659062, 19.655385165533303 ], [ 75.610384349095725, 19.656195572158783 ], [ 75.607163945543945, 19.641351945703278 ], [ 75.59093871661085, 19.637626891159638 ], [ 75.600827139446281, 19.602249320094526 ], [ 75.651898351306158, 19.594829616910918 ], [ 75.657127935749614, 19.566673893855821 ], [ 75.634800232309246, 19.464396585480976 ], [ 75.6193877012131, 19.467843867105248 ], [ 75.611334966935303, 19.453336549317957 ], [ 75.609614959800652, 19.43035066085065 ], [ 75.618434751244607, 19.42489078232887 ], [ 75.609870741641004, 19.381439406084827 ], [ 75.572027922749825, 19.379612311906062 ], [ 75.523029548450538, 19.400658330456537 ], [ 75.509197162119534, 19.428466154766351 ], [ 75.491907057031, 19.439985378635821 ], [ 75.468805457567683, 19.413086783937565 ], [ 75.448917806759894, 19.41308263751942 ], [ 75.444087435519862, 19.427415214883208 ], [ 75.430235721023422, 19.415989356180127 ], [ 75.395837469692736, 19.414646242271594 ], [ 75.366166948302265, 19.397369914701237 ], [ 75.34307500719575, 19.405715182021645 ], [ 75.356052005502875, 19.441165370322469 ], [ 75.349332121916646, 19.447806350119663 ], [ 75.332046266980157, 19.436952488813422 ], [ 75.324722313499038, 19.453974495709542 ], [ 75.326346364070957, 19.463151728857877 ], [ 75.341408535604529, 19.463452680254974 ], [ 75.349804247665489, 19.4810055355717 ], [ 75.361528877209892, 19.479589183178501 ], [ 75.35595453937367, 19.500620288115506 ], [ 75.342651497546996, 19.496658397448343 ], [ 75.338067409947101, 19.478530590771406 ], [ 75.330508782637466, 19.479212188388306 ], [ 75.332911211505731, 19.502954004553128 ], [ 75.326806189769286, 19.494117966338653 ], [ 75.314475624496069, 19.494039724873755 ], [ 75.305806692280768, 19.507738544948769 ], [ 75.27683182292526, 19.512858581207393 ], [ 75.281337639418297, 19.548983619793024 ], [ 75.270925453701352, 19.550922863071996 ], [ 75.263691836502431, 19.523729338636379 ], [ 75.257591373803947, 19.523325616334912 ], [ 75.206781961650861, 19.561825512401256 ], [ 75.206513800945203, 19.578341691290582 ], [ 75.19445132918699, 19.593222527767892 ], [ 75.172057215152734, 19.596102382094625 ], [ 75.155371307578605, 19.587472492076884 ], [ 75.092321672732012, 19.609460472383919 ], [ 75.061772805442075, 19.603365050842037 ], [ 75.044694529015331, 19.610486293855562 ], [ 75.038056377931127, 19.624056398777398 ], [ 75.000034367268256, 19.621752679529664 ], [ 74.966504845594557, 19.647113485470172 ], [ 74.938196410856875, 19.640371973374531 ], [ 74.927422394717084, 19.649444031304494 ], [ 74.898615932665606, 19.643893732761832 ], [ 74.888613874976315, 19.656294725387486 ], [ 74.852957479110685, 19.647932542606487 ], [ 74.824823728142093, 19.672335303829207 ], [ 74.788846719761423, 19.6495465550916 ], [ 74.780530907605069, 19.652307137296823 ], [ 74.782171048090163, 19.671724891044324 ], [ 74.78812868293754, 19.687616692241168 ], [ 74.80664855082324, 19.703003078698409 ], [ 74.78747368092283, 19.716611149515916 ], [ 74.751268926096486, 19.690763287195569 ], [ 74.729945484606503, 19.699180532037925 ], [ 74.72990334081301, 19.723466562587532 ], [ 74.706644416291354, 19.721822244307422 ], [ 74.723720567476732, 19.752542303983397 ], [ 74.713035594699278, 19.782272753562669 ], [ 74.703929868161296, 19.775321303774756 ], [ 74.707469991485311, 19.762309537220229 ], [ 74.695363576475572, 19.759414038832343 ], [ 74.691909926831883, 19.768518279302668 ], [ 74.656486981749381, 19.778440986318792 ], [ 74.636130027299814, 19.794320337574341 ], [ 74.615485133922405, 19.772289013377449 ], [ 74.593382610292238, 19.776489820747209 ], [ 74.606685419541947, 19.849634758689259 ], [ 74.660867004057536, 19.839049149236022 ], [ 74.663328945703398, 19.861116434008252 ], [ 74.64809925517882, 19.861238708397742 ], [ 74.649161401922939, 19.909825891926886 ], [ 74.655993501867613, 19.922162914855576 ], [ 74.681950530740053, 19.924933850115533 ], [ 74.673926951521764, 19.93509492197915 ], [ 74.675196336380836, 19.963125139275714 ], [ 74.689522774925052, 19.971486547760719 ], [ 74.685279158028379, 19.989205936560801 ], [ 74.691903177730481, 20.006335892137358 ], [ 74.700929722405832, 20.018228016347109 ], [ 74.720226684707171, 20.021141190775126 ], [ 74.710335681236828, 20.040262444152276 ], [ 74.72293507600638, 20.054759194956674 ], [ 74.710847961992584, 20.078375041579545 ], [ 74.73825361263566, 20.082297650168528 ], [ 74.730464473153916, 20.111427908194408 ], [ 74.705295769628549, 20.114588283773429 ], [ 74.724013892770984, 20.19033939961972 ], [ 74.738490610442554, 20.194673065742514 ], [ 74.741679192384382, 20.185935678777231 ], [ 74.764109441721004, 20.182791985017502 ], [ 74.759972110871033, 20.199509110660948 ], [ 74.784369434932813, 20.203958783596505 ], [ 74.804100332538894, 20.231093563490887 ], [ 74.784669002958111, 20.225385743630781 ], [ 74.783868896018063, 20.230438295626527 ], [ 74.828834146116947, 20.243045229549171 ], [ 74.830425823132174, 20.233576473998866 ], [ 74.858602468481536, 20.227093788690116 ], [ 74.856113833676588, 20.177056140885057 ], [ 74.899051554133223, 20.17679669156329 ], [ 74.91090739798355, 20.152647848347769 ], [ 74.930506580802614, 20.152519705962945 ], [ 74.9244542145385, 20.170660629278526 ], [ 74.932144465347633, 20.181305247728989 ], [ 74.931416634160712, 20.213690974770607 ], [ 74.911111673281226, 20.215727374157616 ], [ 74.908389618475439, 20.243349885422568 ], [ 74.934216992347714, 20.246657559442525 ], [ 74.934923148032141, 20.269694198016239 ], [ 74.948991505235668, 20.273167792662807 ], [ 74.94438343952001, 20.279863282221235 ], [ 74.953622799786586, 20.289789704826518 ], [ 74.971014641715414, 20.304068267533957 ], [ 74.987469345147971, 20.30237464172853 ], [ 74.98538574974539, 20.317401724057959 ], [ 74.995390561156043, 20.335896020494761 ], [ 75.056509348526063, 20.307307880562753 ], [ 75.059456188075131, 20.334011391451302 ], [ 75.092333604645816, 20.334633288321754 ], [ 75.125455652360543, 20.349391573002052 ], [ 75.108432244878657, 20.411859188559212 ], [ 75.129465895223788, 20.431506539635421 ], [ 75.161472746520616, 20.436585484256565 ], [ 75.163449517108191, 20.475966914062099 ], [ 75.201320700444967, 20.476285990193524 ], [ 75.202174991168519, 20.491819292044877 ], [ 75.213049159040452, 20.492821199555951 ], [ 75.211691126176348, 20.498319051640454 ], [ 75.231160478762391, 20.493052849509578 ], [ 75.22737403991124, 20.51443259557319 ], [ 75.239554908866779, 20.521604507933159 ], [ 75.259992018889832, 20.578918514017932 ], [ 75.26679969817512, 20.571133316859161 ], [ 75.292923832414928, 20.569167432312405 ], [ 75.318063275454364, 20.576664403896622 ], [ 75.321312950222861, 20.591532359761757 ], [ 75.353093378967088, 20.589560107049373 ], [ 75.362544168136793, 20.596864953643713 ], [ 75.370250430888575, 20.576906430805771 ], [ 75.394131449130541, 20.574437116206813 ], [ 75.397322548129566, 20.52408336655208 ], [ 75.434202423418569, 20.513260004422786 ], [ 75.428531097007649, 20.532095567447634 ], [ 75.450984674410677, 20.540288264035819 ], [ 75.458614328218943, 20.516016194798429 ], [ 75.460908985046132, 20.552930605630586 ], [ 75.484704473235951, 20.543097601772011 ], [ 75.49566989601604, 20.527768502738148 ], [ 75.508637214497668, 20.55434870928887 ], [ 75.526196055859032, 20.560687704740076 ], [ 75.522517728517386, 20.590356910844498 ], [ 75.533630658478856, 20.596453686362164 ], [ 75.536741151481081, 20.609651382319409 ], [ 75.555619785309133, 20.604280889996016 ], [ 75.564949420081945, 20.612710135983626 ], [ 75.590323386011633, 20.602651087704203 ], [ 75.614940589415198, 20.609226569502077 ], [ 75.608938164415761, 20.621971384163839 ], [ 75.614994322770698, 20.624152518438073 ], [ 75.648334682744377, 20.620030801394119 ], [ 75.659998444245645, 20.626637871332747 ], [ 75.657980052472112, 20.661859612451448 ], [ 75.669433318421724, 20.670472849110105 ], [ 75.705877294042239, 20.661534726111636 ], [ 75.703118064927438, 20.61771757692139 ], [ 75.724380389497242, 20.620516499853046 ], [ 75.733392244891533, 20.610096002861258 ], [ 75.758709682557182, 20.614192622615924 ], [ 75.759782810536677, 20.579945576847418 ], [ 75.789699298285385, 20.586593938531283 ], [ 75.789207975664539, 20.565365910521738 ], [ 75.805699053923234, 20.569916636810589 ], [ 75.826485353410931, 20.560796307242164 ], [ 75.845932095203949, 20.567609997488873 ], [ 75.829617665604658, 20.574348453807833 ], [ 75.833942884222822, 20.595282822925746 ], [ 75.845375743990033, 20.595589322794432 ], [ 75.840756166449381, 20.61654427480752 ], [ 75.869160445359583, 20.623564770445466 ], [ 75.871776718155104, 20.600823853498209 ], [ 75.887396228145022, 20.596833180981378 ], [ 75.889525762834026, 20.563358699985034 ] ] ] } },
{ "type": "Feature", "properties": { "district_id": "karnataka__bagalkot", "state": "Karnataka", "district": "Bagalkot", "area_km2": 6570.5, "point_lat": 16.2897, "point_lon": 75.5805 }, "geometry": { "type": "Polygon", "coordinates": [ [ [ 76.241001841606504, 16.165309060454032 ], [ 76.235378009777065, 16.130146428983384 ], [ 76.247458770006887, 16.126235092572106 ], [ 76.246060723878287, 16.111210252367481 ], [ 76.254952425516279, 16.109961416626746 ], [ 76.255286888093991, 16.097799880658094 ], [ 76.270908736573077, 16.107819653824631 ], [ 76.334649687220391, 16.090335997255345 ], [ 76.329618443990896, 16.076304385456318 ], [ 76.294269330669522, 16.087332407980419 ], [ 76.261222761474812, 16.088876868654168 ], [ 76.259158272344763, 16.081995736506158 ], [ 76.260937194101146, 16.073210637334434 ], [ 76.303005414927881, 16.072596626216491 ], [ 76.307815574587352, 16.064705625560919 ], [ 76.313292509913595, 16.000581231921711 ], [ 76.297266032705792, 15.991895890171723 ], [ 76.302257445873124, 15.968974767482836 ], [ 76.311890311317427, 15.95427683585052 ], [ 76.322098783950665, 15.952710975880814 ], [ 76.328156044394603, 15.930829426286767 ], [ 76.310950785910322, 15.921861304280794 ], [ 76.285734340260163, 15.925598587248682 ], [ 76.285629178140397, 15.901321052230452 ], [ 76.272606415817265, 15.908619279508784 ], [ 76.261433668943681, 15.904497784609033 ], [ 76.257713296803018, 15.920831250711604 ], [ 76.231575695010477, 15.920711753889082 ], [ 76.228439847378866, 15.939224499080378 ], [ 76.202989153428064, 15.940825371041036 ], [ 76.193988802497572, 15.929778483164542 ], [ 76.17377537737994, 15.928595742829591 ], [ 76.146303104411373, 15.892668050321861 ], [ 76.118015073453563, 15.884903912704099 ], [ 76.102342196186342, 15.898071846134352 ], [ 76.060090268898449, 15.904695807325778 ], [ 76.086127952765622, 15.992352000123521 ], [ 76.082163555823712, 16.008392914146359 ], [ 76.058444604583556, 16.009748555036392 ], [ 76.052771403771004, 16.002087302910446 ], [ 76.022386810177835, 16.007706494336087 ], [ 75.99441332531697, 16.003740829556619 ], [ 75.977489614419383, 15.987149570395804 ], [ 75.979671839307358, 15.876651441547109 ], [ 75.971885706492401, 15.860615020740074 ], [ 75.929439228899312, 15.874444846901902 ], [ 75.927727467612243, 15.894005907628706 ], [ 75.903337100669191, 15.922606491832713 ], [ 75.892327133051538, 15.918399210821569 ], [ 75.8774915065855, 15.932504311274393 ], [ 75.852333141407001, 15.935435755991818 ], [ 75.835068025023006, 15.924436259318766 ], [ 75.77706063512089, 15.917352051156733 ], [ 75.778854179963133, 15.905989125508238 ], [ 75.772049064757113, 15.900773771306376 ], [ 75.811702878878876, 15.893293093709019 ], [ 75.828485127219793, 15.899222022920231 ], [ 75.833869601137977, 15.879122917657806 ], [ 75.825486036608055, 15.864350726237205 ], [ 75.848134044019602, 15.868634969769548 ], [ 75.845679544290675, 15.837728749451369 ], [ 75.808057055172156, 15.850299784967673 ], [ 75.778295879823517, 15.85036388803462 ], [ 75.77414700433296, 15.827559016773879 ], [ 75.779727132324425, 15.81738346054698 ], [ 75.745539581273192, 15.813468491667589 ], [ 75.711310124549826, 15.82855538251194 ], [ 75.676611022667103, 15.823479209698005 ], [ 75.676251379559531, 15.8336306022718 ], [ 75.663448477429895, 15.836627889358827 ], [ 75.657102537651141, 15.827159813273594 ], [ 75.643077482359772, 15.832248431688141 ], [ 75.645292261534152, 15.841016195414149 ], [ 75.633375777818245, 15.831679132806057 ], [ 75.620559075719243, 15.835299985810547 ], [ 75.620683980736999, 15.822160394796486 ], [ 75.58763461347931, 15.833634164806551 ], [ 75.57624482222829, 15.824990940113445 ], [ 75.570201215549019, 15.831091146294792 ], [ 75.555865171398025, 15.824691732667397 ], [ 75.556971884608146, 15.831831406944019 ], [ 75.521866546363967, 15.84189255804254 ], [ 75.514798160025663, 15.849223939092214 ], [ 75.521276359660945, 15.857488604917359 ], [ 75.504480078192273, 15.85558958836199 ], [ 75.495061554565396, 15.873960799620322 ], [ 75.476473906347394, 15.87253498148643 ], [ 75.460910449158277, 15.886839479222385 ], [ 75.445585603128265, 15.888397161348408 ], [ 75.446756469857704, 15.895084322268289 ], [ 75.438960457749147, 15.893847064965341 ], [ 75.441394078364539, 15.918005667034716 ], [ 75.425690238023861, 15.921109041921737 ], [ 75.439902788642272, 15.959190645065902 ], [ 75.434468737481538, 15.973154841217486 ], [ 75.439723293428727, 16.000381759740637 ], [ 75.416874400307464, 16.032828462956232 ], [ 75.416364716366004, 16.051763725556953 ], [ 75.428026646963971, 16.057929092009328 ], [ 75.430542984955039, 16.080786111403736 ], [ 75.411106254499501, 16.129951754397041 ], [ 75.401544739411364, 16.113144293974003 ], [ 75.393760739865925, 16.112379904894421 ], [ 75.357371929793345, 16.113842774113838 ], [ 75.353160841566137, 16.126861348223979 ], [ 75.324297277413038, 16.11331733762372 ], [ 75.275965679989284, 16.11812461004968 ], [ 75.291199241149144, 16.169633677722828 ], [ 75.284799710931907, 16.175841890419957 ], [ 75.286791537173499, 16.200658311775641 ], [ 75.232021585596684, 16.210177578269249 ], [ 75.231884787556041, 16.259570870141996 ], [ 75.198790829520732, 16.273991580488136 ], [ 75.12662611305629, 16.287799756638019 ], [ 75.136212227096706, 16.322461467256272 ], [ 75.129855760213516, 16.327924079377144 ], [ 75.101557207191718, 16.323111790496487 ], [ 75.071088330270811, 16.330429572679158 ], [ 75.043817721558227, 16.316992517367506 ], [ 75.033705864428768, 16.337238589984967 ], [ 75.034048202293732, 16.386398971764162 ], [ 75.07279137297806, 16.402981717403438 ], [ 75.077461602759854, 16.435748083485269 ], [ 75.02459177738082, 16.432496737116953 ], [ 75.016721442133161, 16.456497265543778 ], [ 74.99567418108299, 16.458077035843875 ], [ 74.992996031798668, 16.507810213796898 ], [ 75.008033576879953, 16.537962401575413 ], [ 75.065564133275871, 16.540121413486737 ], [ 75.07029999576379, 16.567839290313174 ], [ 75.086602644840028, 16.557060778178769 ], [ 75.108276229149993, 16.508981518543031 ], [ 75.123935634412518, 16.509041233829635 ], [ 75.137879222825489, 16.525190757227485 ], [ 75.162047170556022, 16.534515029573793 ], [ 75.166352936183273, 16.55041144546751 ], [ 75.157805102250791, 16.585227627144082 ], [ 75.169789966141451, 16.601100986920805 ], [ 75.228830366715954, 16.616745943312115 ], [ 75.2560094396826, 16.604676626391704 ], [ 75.267079826622691, 16.635996703325333 ], [ 75.265675795741942, 16.687490871879476 ], [ 75.288339174044864, 16.711620957126438 ], [ 75.363634822684404, 16.713889317673384 ], [ 75.367581088021296, 16.758145387685524 ], [ 75.427623210852133, 16.766774180068797 ], [ 75.494057388285142, 16.739650708585465 ], [ 75.490977714022847, 16.698021252951786 ], [ 75.439277582772093, 16.696965937511823 ], [ 75.445719364826331, 16.663410883303474 ], [ 75.455600496759587, 16.663078253902281 ], [ 75.461547237512377, 16.621460390600802 ], [ 75.492674996985258, 16.592606652353389 ], [ 75.474016242449707, 16.560476334709261 ], [ 75.488617739191454, 16.549130524892583 ], [ 75.492210612748664, 16.523726685358959 ], [ 75.486631826426901, 16.509014209763166 ], [ 75.456316444216156, 16.505604939310938 ], [ 75.46017656851825, 16.466679381642717 ], [ 75.434718654874558, 16.437448907189108 ], [ 75.45002215390079, 16.413332081989267 ], [ 75.493392266963966, 16.419523496684359 ], [ 75.498866619694567, 16.451601879300263 ], [ 75.536340286620216, 16.464639238975174 ], [ 75.552922196270998, 16.456001806953736 ], [ 75.556872927695196, 16.422109970192174 ], [ 75.572475562788114, 16.409957504375978 ], [ 75.60464347905355, 16.444767941388783 ], [ 75.643447860556904, 16.44017126901829 ], [ 75.724504144251895, 16.390365657268408 ], [ 75.782316337092723, 16.379889849882606 ], [ 75.838685108797193, 16.350690400025549 ], [ 75.873963953027229, 16.343112711514912 ], [ 75.891233607915794, 16.326141996246641 ], [ 75.934485050962067, 16.313735293333714 ], [ 75.959197351157769, 16.297513626186099 ], [ 76.028256838742649, 16.298405145183768 ], [ 76.066878959099185, 16.25878356028295 ], [ 76.05978880218295, 16.219389605434984 ], [ 76.066839322704183, 16.207792529750744 ], [ 76.141476082982422, 16.180456904732555 ], [ 76.170029959023736, 16.183859556602503 ], [ 76.241001841606504, 16.165309060454032 ] ] ] } },
{ "type": "Feature", "properties": { "district_id": "assam__baksa", "state": "Assam", "district": "Baksa", "area_km2": 2370.9, "point_lat": 26.6477, "point_lon": 91.4565 }, "geometry": { "type": "Polygon", "coordinates": [ [ [ 91.789385657150746, 26.498521997962744 ], [ 91.741902659154846, 26.497356453548438 ], [ 91.711405102199862, 26.460830155764 ], [ 91.688529157404915, 26.462174220548718 ], [ 91.662964795180145, 26.469999995041118 ], [ 91.645619243286063, 26.486819841158972 ], [ 91.641456523229195, 26.513005576526396 ], [ 91.623568626326971, 26.515076548190677 ], [ 91.61451284596582, 26.528317558463399 ], [ 91.599523973448683, 26.533024444775226 ], [ 91.593808813653823, 26.561447484439174 ], [ 91.582775913708929, 26.572244939728492 ], [ 91.553937329506923, 26.577150890106626 ], [ 91.532435484488559, 26.571253968830565 ], [ 91.523675535001473, 26.542793534866188 ], [ 91.498593715336824, 26.531334915966884 ], [ 91.474558966581256, 26.575512426743913 ], [ 91.462477644992916, 26.581665188980924 ], [ 91.446676359571171, 26.560370579014076 ], [ 91.419123713201571, 26.548803402493913 ], [ 91.404757010377125, 26.529617460642733 ], [ 91.362685262156702, 26.524366244446782 ], [ 91.351095968265852, 26.518833158926306 ], [ 91.343353135048915, 26.497774767210316 ], [ 91.305322565235628, 26.492769872224393 ], [ 91.2928143854502, 26.504484491938754 ], [ 91.298392522915975, 26.522097888133953 ], [ 91.293830098088392, 26.536563524137982 ], [ 91.310274708842257, 26.579167216777446 ], [ 91.265581267391553, 26.575741820663996 ], [ 91.260794522049792, 26.608513476484376 ], [ 91.251236545055832, 26.618901416244903 ], [ 91.220656737556055, 26.611779133857596 ], [ 91.209313787128181, 26.601212338759492 ], [ 91.213678801031776, 26.593728335101815 ], [ 91.203547584244703, 26.59289551874388 ], [ 91.199185137480612, 26.610200154271343 ], [ 91.190521383456442, 26.608326005114073 ], [ 91.174446706407693, 26.620699137515608 ], [ 91.167350080283924, 26.658150218052128 ], [ 91.157657267565995, 26.664297413817557 ], [ 91.1413323046296, 26.650340337127528 ], [ 91.148493772888827, 26.644997959361994 ], [ 91.143502214911848, 26.627738933709846 ], [ 91.148610789658719, 26.618801340762392 ], [ 91.139182558858394, 26.608249324602106 ], [ 91.147922519666636, 26.57364293119511 ], [ 91.141179236568931, 26.552645089277114 ], [ 91.137461877640789, 26.545427060805125 ], [ 91.119079805987667, 26.54313274035529 ], [ 91.102059929680379, 26.517736620030881 ], [ 91.048384214608049, 26.55923019560289 ], [ 91.017179352243531, 26.55763898452561 ], [ 90.995989843868031, 26.544154516182999 ], [ 90.969567164327103, 26.548966681470681 ], [ 90.937754377568609, 26.539615893096304 ], [ 90.918536294953796, 26.556390908295676 ], [ 90.924667298584666, 26.565665776597566 ], [ 90.913004313379119, 26.58869167108627 ], [ 90.868811226418842, 26.569207405091522 ], [ 90.866902487253071, 26.543972345876711 ], [ 90.876335830386338, 26.525196102989 ], [ 90.862093224359157, 26.51975666066733 ], [ 90.85411324238278, 26.523210470017261 ], [ 90.856620030457151, 26.533883900273189 ], [ 90.831552227826819, 26.540654311013704 ], [ 90.832033247995554, 26.55620894401515 ], [ 90.820259223282562, 26.568143069341037 ], [ 90.830975798667865, 26.575296499214151 ], [ 90.85022943589442, 26.571877359384064 ], [ 90.85778442814491, 26.59779681697707 ], [ 90.871427663836101, 26.599851437191962 ], [ 90.876996813713475, 26.61639843538504 ], [ 90.900495588957412, 26.631438770010831 ], [ 90.902290637534009, 26.68929912444203 ], [ 90.945854356579744, 26.774621395801294 ], [ 90.959164958773272, 26.783369641789047 ], [ 91.000396334296042, 26.787779674868954 ], [ 91.058291096330237, 26.778945129404512 ], [ 91.100933472849746, 26.819262831579945 ], [ 91.133999416840922, 26.807924747484371 ], [ 91.266463106668112, 26.804363852859563 ], [ 91.299119641486001, 26.784496062308609 ], [ 91.340335992533468, 26.778967216135065 ], [ 91.383611635136916, 26.800794125914258 ], [ 91.406142761913799, 26.834424419799607 ], [ 91.49662759128681, 26.788975908503133 ], [ 91.594548196831738, 26.803922734364583 ], [ 91.636136757440497, 26.81997768266503 ], [ 91.682981261788825, 26.803833885959747 ], [ 91.707878330966437, 26.810919790398245 ], [ 91.746679766221803, 26.683172604226872 ], [ 91.735931719593722, 26.657662609732029 ], [ 91.74815286975327, 26.646285873021316 ], [ 91.741627456716941, 26.637511228309691 ], [ 91.750801985123886, 26.636347074187686 ], [ 91.739203573081284, 26.62971581429759 ], [ 91.749166480464126, 26.625387343154799 ], [ 91.742662427748982, 26.601144984828959 ], [ 91.752213950579474, 26.604007937464083 ], [ 91.745870895506869, 26.589941055317755 ], [ 91.751509028607103, 26.578766537364135 ], [ 91.763950521643054, 26.573931910654807 ], [ 91.786737370960694, 26.53658370882939 ], [ 91.779966351391579, 26.528336105900582 ], [ 91.78724912257573, 26.528755954426384 ], [ 91.780138903086851, 26.522864193360494 ], [ 91.789385657150746, 26.498521997962744 ] ] ] } },
{ "type": "Feature", "properties": { "district_id": "karnataka__bangalore_rural", "state": "Karnataka", "district": "Bangalore Rural", "area_km2": 2306.0, "point_lat": 13.1809, "point_lon": 77.3396 }, "geometry": { "type": "MultiPolygon", "coordinates": [ [ [ [ 77.387012627215412, 13.500015852704282 ], [ 77.415360321320136, 13.494749286302449 ], [ 77.437458464828595, 13.4639032135757 ], [ 77.487115802515632, 13.466420286792706 ], [ 77.505772266583236, 13.456425424078915 ], [ 77.523036976147878, 13.433220034449908 ], [ 77.550233447433669, 13.434553843670438 ], [ 77.555555228152258, 13.417254716969788 ], [ 77.592134834653379, 13.42078465291485 ], [ 77.592894762752891, 13.434969826733173 ], [ 77.60393354412868, 13.440776897743014 ], [ 77.615165577408305, 13.420463016317406 ], [ 77.601313842918614, 13.414261130444523 ], [ 77.602703029832966, 13.396569398078718 ], [ 77.608530782112751, 13.40384151594451 ], [ 77.618603917593433, 13.401217822040881 ], [ 77.615666313874854, 13.385209592536279 ], [ 77.634605369989117, 13.374681883709243 ], [ 77.640887687129521, 13.392514497595908 ], [ 77.659253821878195, 13.396861013472137 ], [ 77.659953247348568, 13.355232532542898 ], [ 77.681176264679934, 13.344859309478537 ], [ 77.68635493079104, 13.351327840120513 ], [ 77.699764778087399, 13.335141575295633 ], [ 77.706480404675574, 13.344292510590167 ], [ 77.703208695236768, 13.358660868732333 ], [ 77.715944555823683, 13.364927128879316 ], [ 77.719873933303973, 13.350613955187082 ], [ 77.754484442101798, 13.361317590336405 ], [ 77.792520948702816, 13.35098070195089 ], [ 77.80066702176596, 13.338367168959532 ], [ 77.828433811564167, 13.325779167658826 ], [ 77.813536382091101, 13.308906785112102 ], [ 77.828562175730383, 13.303212451532836 ], [ 77.831141856738412, 13.290737071051879 ], [ 77.819089119334905, 13.294359850676196 ], [ 77.811204237783798, 13.261315434588727 ], [ 77.821414529504381, 13.253632376050541 ], [ 77.810276947611754, 13.240588319033368 ], [ 77.82250906859683, 13.24994640683339 ], [ 77.851626436871328, 13.240110729149896 ], [ 77.850001923066557, 13.220263030784343 ], [ 77.856088233772283, 13.217936398182452 ], [ 77.863971694385199, 13.238896568192244 ], [ 77.877009285762696, 13.232208299832996 ], [ 77.880713033558322, 13.248878459163231 ], [ 77.892108912983915, 13.255025734119686 ], [ 77.906666894017093, 13.24891187840965 ], [ 77.892476254601618, 13.233095127952655 ], [ 77.91206964394344, 13.228640922964967 ], [ 77.916045831199227, 13.237501189850439 ], [ 77.950399070798269, 13.246988055317363 ], [ 77.966499048224804, 13.243360073465691 ], [ 77.964729460669673, 13.230191076716832 ], [ 77.946358602519865, 13.214461904014009 ], [ 77.958209297775937, 13.217378917076333 ], [ 77.963072876609658, 13.185879510399506 ], [ 77.954844370561588, 13.159788060116291 ], [ 77.957581198769262, 13.124490656356352 ], [ 77.939953490469065, 13.12237274749563 ], [ 77.938214133713089, 13.106681117514841 ], [ 77.915855640680405, 13.116405946359309 ], [ 77.902722665381972, 13.099031012468894 ], [ 77.912404470272278, 13.093686532340451 ], [ 77.914339277677755, 13.080474810569994 ], [ 77.927415239099005, 13.074993161898334 ], [ 77.941795471397114, 13.082684650056471 ], [ 77.940892430794946, 13.068406519868622 ], [ 77.928847550252598, 13.067449890455389 ], [ 77.916377037234568, 13.048168070151515 ], [ 77.893707468220185, 13.048054971584497 ], [ 77.888334667323448, 13.009685829893131 ], [ 77.877493316797683, 13.000188568512586 ], [ 77.873261341806483, 12.973305892976562 ], [ 77.86501936164457, 12.971827533581237 ], [ 77.875648101910201, 12.942550521373425 ], [ 77.869603634715986, 12.932195101545625 ], [ 77.841466297129443, 12.919272962649758 ], [ 77.84354430771161, 12.913437023067871 ], [ 77.864167363705292, 12.912701699125105 ], [ 77.8556112045367, 12.879363133154138 ], [ 77.868096951175318, 12.875773905768863 ], [ 77.868816665021484, 12.866801802271221 ], [ 77.835485616882821, 12.8680934734969 ], [ 77.815704365881189, 12.927790865069031 ], [ 77.801360405307634, 12.918829895387848 ], [ 77.767208009919017, 12.937700391456456 ], [ 77.774423143061739, 12.94843851643031 ], [ 77.768114107748744, 12.959911200784477 ], [ 77.786318696983912, 12.964784081432445 ], [ 77.775843983415015, 12.976607745347303 ], [ 77.784928451663731, 13.036387800696165 ], [ 77.764402876391841, 13.06531427936094 ], [ 77.761965727643826, 13.112212419589781 ], [ 77.734576609992871, 13.11429298681001 ], [ 77.741520247826259, 13.121840593307185 ], [ 77.729328055772413, 13.159282398932753 ], [ 77.729281247753406, 13.187708227765858 ], [ 77.701749218897177, 13.186742904116674 ], [ 77.690618821554224, 13.19775873652423 ], [ 77.689420963089546, 13.19195771209994 ], [ 77.65853578705034, 13.186061584136343 ], [ 77.653795800547201, 13.20061318645749 ], [ 77.620371277785395, 13.204765172745471 ], [ 77.598871471328948, 13.18894264106976 ], [ 77.57051830293031, 13.200881917058712 ], [ 77.570149627856807, 13.212890721645653 ], [ 77.557392671231455, 13.214201687335953 ], [ 77.559390612686443, 13.231480752456012 ], [ 77.547621901082309, 13.231353049173828 ], [ 77.521825335542701, 13.209163636600621 ], [ 77.51245142332553, 13.223958224729332 ], [ 77.479824413253937, 13.220976975624872 ], [ 77.468421390215525, 13.162380350560145 ], [ 77.429780402034595, 13.163495725006149 ], [ 77.406037898303794, 13.12419672335737 ], [ 77.404885714166696, 13.112947706498726 ], [ 77.419659648885755, 13.104456981735444 ], [ 77.430349989963773, 13.067828169269234 ], [ 77.385001767768486, 13.064593690116162 ], [ 77.387374608318609, 13.051150528448018 ], [ 77.398669365121592, 13.053923561270912 ], [ 77.393932778259099, 13.028261550240162 ], [ 77.378792839503888, 13.029116199023928 ], [ 77.373473556824749, 13.01551839179708 ], [ 77.380155805111599, 12.993914208595802 ], [ 77.345529022696567, 12.969973507687405 ], [ 77.326320695203776, 12.976534763375996 ], [ 77.321127095283572, 13.011819450538733 ], [ 77.33130644016461, 13.029701084323813 ], [ 77.312694658432179, 13.058843405945138 ], [ 77.310329988872383, 13.103038115505614 ], [ 77.270643708173509, 13.131786070087559 ], [ 77.273419382023121, 13.143637955690178 ], [ 77.265692871968454, 13.153815862686461 ], [ 77.223655129842541, 13.148585211924932 ], [ 77.193723076613324, 13.220683738941622 ], [ 77.182790978911868, 13.227081998457995 ], [ 77.192030363677048, 13.24135497497263 ], [ 77.189123703473754, 13.271626260160813 ], [ 77.21949869023193, 13.262927391630058 ], [ 77.231059714630661, 13.310678278629599 ], [ 77.246501080514278, 13.302246413846708 ], [ 77.271540419099395, 13.310155312865049 ], [ 77.283624670199671, 13.297428898807917 ], [ 77.282667456511064, 13.309722236982173 ], [ 77.308617744807989, 13.310497906411241 ], [ 77.313109995477959, 13.322263625624888 ], [ 77.339795310349217, 13.329579750654219 ], [ 77.346881159282148, 13.346044314769124 ], [ 77.349508194777769, 13.417282757396462 ], [ 77.36047175527365, 13.416504777862862 ], [ 77.365245996405861, 13.425566060020538 ], [ 77.35051253679751, 13.452653741311922 ], [ 77.374246765149593, 13.47060526289394 ], [ 77.387012627215412, 13.500015852704282 ] ] ], [ [ [ 77.305885701876548, 12.361463412726339 ], [ 77.304348704439661, 12.353040177447873 ], [ 77.302190140875879, 12.353528284258338 ], [ 77.305885701876548, 12.361463412726339 ] ] ], [ [ [ 77.291730556474718, 12.361720830012967 ], [ 77.286803342386662, 12.353809497948026 ], [ 77.288610003525562, 12.360968148761568 ], [ 77.291730556474718, 12.361720830012967 ] ] ] ] } },
{ "type": "Feature", "properties": { "district_id": "karnataka__bangalore", "state": "Karnataka", "district": "Bangalore", "area_km2": 2182.7, "point_lat": 12.9436, "point_lon": 77.5531 }, "geometry": { "type": "Polygon", "coordinates": [ [ [ 77.835485616882821, 12.8680934734969 ], [ 77.823504175492317, 12.853120319233534 ], [ 77.794715174298389, 12.842854793823975 ], [ 77.797884660497829, 12.832697259095969 ], [ 77.810908711622346, 12.829900247965863 ], [ 77.810583768678654, 12.814740724803976 ], [ 77.80127983038318, 12.805416067385854 ], [ 77.809435111938683, 12.795985222179413 ], [ 77.781551039019121, 12.768921615170505 ], [ 77.792907208966923, 12.747945193696864 ], [ 77.763014204887952, 12.734184582312274 ], [ 77.761615294305273, 12.7274891632505 ], [ 77.773030584672355, 12.723572122086047 ], [ 77.760258920136607, 12.696269143592689 ], [ 77.743514791634794, 12.700551204012289 ], [ 77.737215902569218, 12.691928827387251 ], [ 77.741410562757906, 12.673074226555507 ], [ 77.725273955837437, 12.672068383293817 ], [ 77.713742535700845, 12.682766932445871 ], [ 77.705388861145607, 12.660271010517633 ], [ 77.688252180876418, 12.658010126682607 ], [ 77.677666500131664, 12.659610129463832 ], [ 77.680129207003787, 12.680193981228371 ], [ 77.664064374521686, 12.683093227023033 ], [ 77.599974150190704, 12.666345027715339 ], [ 77.598942174142906, 12.657054502886641 ], [ 77.595135426147564, 12.664296264815958 ], [ 77.618264007976677, 12.705577885186413 ], [ 77.597274745298591, 12.718712637366862 ], [ 77.570512512564264, 12.698681152171638 ], [ 77.559462010510629, 12.721531250392076 ], [ 77.559378023867325, 12.730207797382663 ], [ 77.573104990212073, 12.731492563516271 ], [ 77.577772697477741, 12.751579768488156 ], [ 77.598244440837192, 12.756030140589454 ], [ 77.594628392445642, 12.782099892738335 ], [ 77.583040624582992, 12.786471296134309 ], [ 77.573726362582647, 12.77949226646272 ], [ 77.568754398314383, 12.758723728752857 ], [ 77.557615308258221, 12.779909129283947 ], [ 77.564101545216531, 12.785614925536271 ], [ 77.555168735320109, 12.788280138239198 ], [ 77.559166686876438, 12.799641549489207 ], [ 77.542117477875394, 12.798479504607077 ], [ 77.551271737236902, 12.786095821075129 ], [ 77.544586969046136, 12.775629960593356 ], [ 77.552576836592095, 12.773325048121462 ], [ 77.545392282885402, 12.75299571174156 ], [ 77.539264634602731, 12.754470005324107 ], [ 77.521723631879865, 12.731935640140314 ], [ 77.521029441495656, 12.743663092319128 ], [ 77.506716852282437, 12.735440285320708 ], [ 77.490373788518042, 12.742811298617822 ], [ 77.474986906541517, 12.766010164604713 ], [ 77.47888443438913, 12.778817213760506 ], [ 77.472017401214941, 12.792761504661868 ], [ 77.485653133895084, 12.798986055047623 ], [ 77.482103367452979, 12.807658416938841 ], [ 77.453675923520009, 12.818023518884301 ], [ 77.445171803354043, 12.807241247791868 ], [ 77.433891066448098, 12.816308957336668 ], [ 77.437920700415958, 12.822857568917462 ], [ 77.423547090679207, 12.82576855190807 ], [ 77.438536967910977, 12.839384328655791 ], [ 77.43900162780632, 12.849660562637416 ], [ 77.421768227465421, 12.868347710310074 ], [ 77.431488534871463, 12.870902938109175 ], [ 77.430882556377995, 12.876942083205016 ], [ 77.408842457479636, 12.873992970359387 ], [ 77.402997366020742, 12.863745374614419 ], [ 77.397398828266645, 12.869116728671427 ], [ 77.378327678296685, 12.853379431550294 ], [ 77.366935449081694, 12.870772652986606 ], [ 77.348943619151214, 12.867483372575531 ], [ 77.337810935658268, 12.908758303553352 ], [ 77.345656900750527, 12.941207435863319 ], [ 77.333431223597699, 12.946896574567099 ], [ 77.33057756416585, 12.973928074080613 ], [ 77.355611961414937, 12.97367106122411 ], [ 77.380155805111599, 12.993914208595802 ], [ 77.373473556824749, 13.01551839179708 ], [ 77.378792839503888, 13.029116199023928 ], [ 77.393932778259099, 13.028261550240162 ], [ 77.398669365121592, 13.053923561270912 ], [ 77.387374608318609, 13.051150528448018 ], [ 77.385001767768486, 13.064593690116162 ], [ 77.430349989963773, 13.067828169269234 ], [ 77.419659648885755, 13.104456981735444 ], [ 77.404885714166696, 13.112947706498726 ], [ 77.406037898303794, 13.12419672335737 ], [ 77.429780402034595, 13.163495725006149 ], [ 77.468421390215525, 13.162380350560145 ], [ 77.479824413253937, 13.220976975624872 ], [ 77.51245142332553, 13.223958224729332 ], [ 77.521825335542701, 13.209163636600621 ], [ 77.547621901082309, 13.231353049173828 ], [ 77.559390612686443, 13.231480752456012 ], [ 77.557392671231455, 13.214201687335953 ], [ 77.570149627856807, 13.212890721645653 ], [ 77.57051830293031, 13.200881917058712 ], [ 77.598871471328948, 13.18894264106976 ], [ 77.620371277785395, 13.204765172745471 ], [ 77.653795800547201, 13.20061318645749 ], [ 77.65853578705034, 13.186061584136343 ], [ 77.689420963089546, 13.19195771209994 ], [ 77.690618821554224, 13.19775873652423 ], [ 77.701749218897177, 13.186742904116674 ], [ 77.729281247753406, 13.187708227765858 ], [ 77.729328055772413, 13.159282398932753 ], [ 77.741520247826259, 13.121840593307185 ], [ 77.734576609992871, 13.11429298681001 ], [ 77.761965727643826, 13.112212419589781 ], [ 77.764402876391841, 13.06531427936094 ], [ 77.784928451663731, 13.036387800696165 ], [ 77.775843983415015, 12.976607745347303 ], [ 77.786318696983912, 12.964784081432445 ], [ 77.768114107748744, 12.959911200784477 ], [ 77.774423143061739, 12.94843851643031 ], [ 77.767208009919017, 12.937700391456456 ], [ 77.801360405307634, 12.918829895387848 ], [ 77.815704365881189, 12.927790865069031 ], [ 77.835485616882821, 12.8680934734969 ] ] ] } },
{ "type": "Feature", "properties": { "district_id": "assam__barpeta", "state": "Assam", "district": "Barpeta", "area_km2": 2310.6, "point_lat": 26.3759, "point_lon": 91.0561 }, "geometry": { "type": "Polygon", "coordinates": [ [ [ 91.169270639634505, 26.652401429182778 ], [ 91.174446706407693, 26.620699137515608 ], [ 91.190521383456442, 26.608326005114073 ], [ 91.199185137480612, 26.610200154271343 ], [ 91.203547584244703, 26.59289551874388 ], [ 91.213678801031776, 26.593728335101815 ], [ 91.209313787128181, 26.601212338759492 ], [ 91.220656737556055, 26.611779133857596 ], [ 91.251236545055832, 26.618901416244903 ], [ 91.260794522049792, 26.608513476484376 ], [ 91.265581267391553, 26.575741820663996 ], [ 91.310274708842257, 26.579167216777446 ], [ 91.306565122277505, 26.558370892457731 ], [ 91.294923382777455, 26.545354002945814 ], [ 91.296539387882333, 26.511699100169384 ], [ 91.282339457705746, 26.488930277099435 ], [ 91.26931458417458, 26.4894795498668 ], [ 91.235731588390379, 26.439679327629094 ], [ 91.237615806667606, 26.39209914692913 ], [ 91.251154122560976, 26.367119426526887 ], [ 91.282734044443444, 26.369799530452674 ], [ 91.274167438793441, 26.361486362303783 ], [ 91.279212880959577, 26.340788783845078 ], [ 91.272065510287135, 26.339768853760994 ], [ 91.272946363100331, 26.327455424403539 ], [ 91.258414003702754, 26.310736670890545 ], [ 91.264108984478469, 26.302177368036954 ], [ 91.253879237535145, 26.299049228420159 ], [ 91.263854400068681, 26.290559315899099 ], [ 91.240710665295609, 26.277210479363003 ], [ 91.230302223052774, 26.280756336925705 ], [ 91.218627586979977, 26.267865403468136 ], [ 91.221862933875329, 26.26047632871963 ], [ 91.242638972786466, 26.256538989356194 ], [ 91.217974835773276, 26.220761334568923 ], [ 91.251598981051444, 26.199105706737218 ], [ 91.242220337644895, 26.180725274202977 ], [ 91.183739373697207, 26.173656161568623 ], [ 91.1191572101323, 26.153412393843684 ], [ 91.093934079328207, 26.163806390468622 ], [ 91.034287777949928, 26.120813228994301 ], [ 91.005215514429509, 26.129371001129932 ], [ 90.958294809442762, 26.096907449886491 ], [ 90.916732171909359, 26.089039214011983 ], [ 90.87179014209427, 26.09754431795912 ], [ 90.862344252116046, 26.113040975687817 ], [ 90.841501403961757, 26.11104215464567 ], [ 90.780397772945804, 26.134216403082007 ], [ 90.722156786896591, 26.131795451165605 ], [ 90.695137439902823, 26.15298617700304 ], [ 90.655628468563265, 26.236435384183178 ], [ 90.658501045083327, 26.246027128922051 ], [ 90.719418392730717, 26.263550165359369 ], [ 90.733622027844234, 26.25751765527151 ], [ 90.734789629794889, 26.268106564642515 ], [ 90.722927547204065, 26.26789845193543 ], [ 90.721581716830215, 26.276607480735557 ], [ 90.734279301059644, 26.295434891964984 ], [ 90.762643416635029, 26.312941638330898 ], [ 90.779471470953354, 26.303361788049752 ], [ 90.803038468511218, 26.305869344856642 ], [ 90.804853368440476, 26.320670602663473 ], [ 90.792962901371126, 26.327946553029172 ], [ 90.821531402971573, 26.365576921171318 ], [ 90.842714825021076, 26.357912240398505 ], [ 90.861399372009089, 26.361617954037566 ], [ 90.863593598732351, 26.375381696301684 ], [ 90.847254141855373, 26.402251127367851 ], [ 90.860240149772807, 26.436486164422824 ], [ 90.847547365681692, 26.44543510147674 ], [ 90.835751440250107, 26.433514555410984 ], [ 90.802413123758754, 26.427922936435994 ], [ 90.789803047370668, 26.43871544479298 ], [ 90.799267705678361, 26.444559953939756 ], [ 90.818145407162703, 26.439005914295961 ], [ 90.828905337075085, 26.449671148967752 ], [ 90.820367641711002, 26.476330647939552 ], [ 90.807369116080565, 26.478595392390428 ], [ 90.80966622812312, 26.499725665749164 ], [ 90.82514701545243, 26.492418730084548 ], [ 90.841542486956556, 26.504182137419612 ], [ 90.849288947339289, 26.497016996900452 ], [ 90.85411324238278, 26.523210470017261 ], [ 90.875271671616304, 26.523399648827979 ], [ 90.866902487253071, 26.543972345876711 ], [ 90.868811226418842, 26.569207405091522 ], [ 90.913004313379119, 26.58869167108627 ], [ 90.924667298584666, 26.565665776597566 ], [ 90.918536294953796, 26.556390908295676 ], [ 90.93902623163747, 26.539293085463584 ], [ 90.969567164327103, 26.548966681470681 ], [ 90.995989843868031, 26.544154516182999 ], [ 91.017179352243531, 26.55763898452561 ], [ 91.048384214608049, 26.55923019560289 ], [ 91.102059929680379, 26.517736620030881 ], [ 91.119079805987667, 26.54313274035529 ], [ 91.137461877640789, 26.545427060805125 ], [ 91.147717619478868, 26.571319170666644 ], [ 91.139961905356301, 26.591513956537867 ], [ 91.139182558858394, 26.608249324602106 ], [ 91.148610789658719, 26.618801340762392 ], [ 91.143502214911848, 26.627738933709846 ], [ 91.148493772888827, 26.644997959361994 ], [ 91.141800037464222, 26.651709944855103 ], [ 91.150384007298399, 26.652657277456104 ], [ 91.154354128817147, 26.664221134535193 ], [ 91.169270639634505, 26.652401429182778 ] ] ] } },
{ "type": "Feature", "properties": { "district_id": "karnataka__belgaum", "state": "Karnataka", "district": "Belgaum", "area_km2": 13396.5, "point_lat": 16.1531, "point_lon": 74.8867 }, "geometry": { "type": "MultiPolygon", "coordinates": [ [ [ [ 75.026664399892837, 16.943022783100549 ], [ 75.028270560035338, 16.927173002272564 ], [ 75.047231112728639, 16.94115273723807 ], [ 75.090762668445123, 16.94873884689024 ], [ 75.094591346053562, 16.915416171184447 ], [ 75.115484697898012, 16.911520344080994 ], [ 75.135193426224731, 16.894496070516038 ], [ 75.137943854714138, 16.875129483829216 ], [ 75.168668184819637, 16.866421073392793 ], [ 75.186671253431214, 16.87511872011687 ], [ 75.180188791286724, 16.843681445374568 ], [ 75.227170155779191, 16.842586442409566 ], [ 75.238195182891744, 16.864616903657033 ], [ 75.265604152952051, 16.86252997494023 ], [ 75.283013237729222, 16.880462650837512 ], [ 75.289155890485532, 16.902779215943255 ], [ 75.282942386625777, 16.911056520355817 ], [ 75.281973899394842, 16.955145006295865 ], [ 75.34289126689292, 16.954146562287892 ], [ 75.333877113406615, 16.914366959431664 ], [ 75.334563429449574, 16.868106625020573 ], [ 75.394581379695737, 16.860502370648366 ], [ 75.377874550557081, 16.808306777830211 ], [ 75.387845333205675, 16.761928949621641 ], [ 75.367581088021296, 16.758145387685524 ], [ 75.363634822684404, 16.713889317673384 ], [ 75.290499477959528, 16.712909680400472 ], [ 75.268847041413252, 16.692847075049308 ], [ 75.267079826622691, 16.635996703325333 ], [ 75.2560094396826, 16.604676626391704 ], [ 75.228830366715954, 16.616745943312115 ], [ 75.169789966141451, 16.601100986920805 ], [ 75.157805102250791, 16.585227627144082 ], [ 75.166352936183273, 16.55041144546751 ], [ 75.162047170556022, 16.534515029573793 ], [ 75.115690409515324, 16.506264352833274 ], [ 75.108276229149993, 16.508981518543031 ], [ 75.086602644840028, 16.557060778178769 ], [ 75.07029999576379, 16.567839290313174 ], [ 75.065564133275871, 16.540121413486737 ], [ 75.008033576879953, 16.537962401575413 ], [ 74.992996031798668, 16.507810213796898 ], [ 74.993113485992126, 16.465266100737029 ], [ 74.997586115948124, 16.455954711463296 ], [ 75.016721442133161, 16.456497265543778 ], [ 75.02459177738082, 16.432496737116953 ], [ 75.077461602759854, 16.435748083485269 ], [ 75.07279137297806, 16.402981717403438 ], [ 75.034048202293732, 16.386398971764162 ], [ 75.033705864428768, 16.337238589984967 ], [ 75.043817721558227, 16.316992517367506 ], [ 75.071088330270811, 16.330429572679158 ], [ 75.101557207191718, 16.323111790496487 ], [ 75.134003459247353, 16.326444412287337 ], [ 75.12662611305629, 16.287799756638019 ], [ 75.216548622236999, 16.268234003223181 ], [ 75.235731742270374, 16.249023260892205 ], [ 75.227700858311351, 16.234255705245296 ], [ 75.232021585596684, 16.210177578269249 ], [ 75.286791537173499, 16.200658311775641 ], [ 75.284799710931907, 16.175841890419957 ], [ 75.291199241149144, 16.169633677722828 ], [ 75.275965679989284, 16.11812461004968 ], [ 75.324297277413038, 16.11331733762372 ], [ 75.353160841566137, 16.126861348223979 ], [ 75.357371929793345, 16.113842774113838 ], [ 75.393760739865925, 16.112379904894421 ], [ 75.401544739411364, 16.113144293974003 ], [ 75.411106254499501, 16.129951754397041 ], [ 75.430542984955039, 16.080786111403736 ], [ 75.428026646963971, 16.057929092009328 ], [ 75.416364716366004, 16.051763725556953 ], [ 75.416874400307464, 16.032828462956232 ], [ 75.439723293428727, 16.000381759740637 ], [ 75.434468737481538, 15.973154841217486 ], [ 75.439902788642272, 15.959190645065902 ], [ 75.425690238023861, 15.921109041921737 ], [ 75.441394078364539, 15.918005667034716 ], [ 75.438960457749147, 15.893847064965341 ], [ 75.455461912668412, 15.886457138297278 ], [ 75.460184633659011, 15.816558359539098 ], [ 75.438069757951084, 15.779640256271005 ], [ 75.416131748651623, 15.783609121614685 ], [ 75.427675972355715, 15.842380544453899 ], [ 75.377525038292546, 15.843021708895474 ], [ 75.365287295963796, 15.804732346470018 ], [ 75.342253574020276, 15.80379811216303 ], [ 75.340917092207917, 15.826283215896572 ], [ 75.321877180541151, 15.809047241193245 ], [ 75.303947171515617, 15.810791030657347 ], [ 75.304930269528555, 15.766766841707929 ], [ 75.317469854534309, 15.764986763278335 ], [ 75.318462769564704, 15.744506976659691 ], [ 75.314040784607968, 15.731223123097713 ], [ 75.302601348774431, 15.728311594294178 ], [ 75.292478783337074, 15.727607682445162 ], [ 75.293667632950445, 15.739865507346821 ], [ 75.275425724716612, 15.739296832023598 ], [ 75.273206505430366, 15.650469826416648 ], [ 75.250720902826771, 15.646378035685665 ], [ 75.237332243788615, 15.679381725713329 ], [ 75.218500104432778, 15.68190364856777 ], [ 75.202622178998837, 15.681718279507203 ], [ 75.203089909999818, 15.649856941307485 ], [ 75.107035522299569, 15.671700222207694 ], [ 75.092606882153902, 15.608653548224511 ], [ 75.081983134987453, 15.622121895565506 ], [ 75.056914892502405, 15.631345763172916 ], [ 75.064240829157455, 15.670027609377726 ], [ 75.061597738961751, 15.680834837057379 ], [ 75.049842932195645, 15.681927583519398 ], [ 75.047448645595111, 15.671371151266865 ], [ 75.030207287026968, 15.66873798510508 ], [ 75.020329212585153, 15.644890572338987 ], [ 74.967439840229076, 15.651446225507028 ], [ 74.963807826128715, 15.62534951218486 ], [ 74.89027706050166, 15.629806712542678 ], [ 74.878562957712816, 15.616766273308654 ], [ 74.830704727226134, 15.609362565588919 ], [ 74.830913713746142, 15.589609407495026 ], [ 74.840548017793836, 15.574276407143994 ], [ 74.797949948086909, 15.545895998292901 ], [ 74.81348280440443, 15.503172777860311 ], [ 74.787166351920135, 15.484555453660958 ], [ 74.789087479868527, 15.472433756657868 ], [ 74.77691690995853, 15.459568997024403 ], [ 74.765690016420493, 15.473690986997578 ], [ 74.76132060477866, 15.469609821624429 ], [ 74.746655996314047, 15.494508932931229 ], [ 74.727062140315297, 15.489154172323259 ], [ 74.734218050570803, 15.468310275459531 ], [ 74.744891980944075, 15.46142239463823 ], [ 74.73068980773283, 15.429532139344568 ], [ 74.742622392234679, 15.411496336008479 ], [ 74.699172342024809, 15.40992097779624 ], [ 74.691797268296412, 15.399123178722853 ], [ 74.651666382479092, 15.394842560953149 ], [ 74.638094419254628, 15.373915515579998 ], [ 74.614339295581757, 15.358731770065996 ], [ 74.544319996338061, 15.417256320419593 ], [ 74.479846293744188, 15.395871151105403 ], [ 74.467593534847111, 15.413768808904356 ], [ 74.454781233664391, 15.402385911522542 ], [ 74.449547097182432, 15.408695797437996 ], [ 74.426493280379972, 15.397057719037008 ], [ 74.420614385950728, 15.461962876696724 ], [ 74.411563487519004, 15.475560826273272 ], [ 74.386244640928552, 15.485457587030558 ], [ 74.375477164941941, 15.48199748030294 ], [ 74.340299665012736, 15.518812970204429 ], [ 74.276371765153044, 15.522833604934855 ], [ 74.280850079380656, 15.528294551780851 ], [ 74.272480237586606, 15.550968029659881 ], [ 74.261109824834961, 15.565705670056195 ], [ 74.247717136267156, 15.568087848014622 ], [ 74.262010557053941, 15.611821809706459 ], [ 74.255918068303998, 15.625135563010296 ], [ 74.245903016907519, 15.626035714681148 ], [ 74.248636246315186, 15.656411075750688 ], [ 74.238339881173872, 15.667822186907445 ], [ 74.224830435419875, 15.668708055598749 ], [ 74.217271261375117, 15.661057669441281 ], [ 74.222039936965274, 15.655155256482692 ], [ 74.206404082090046, 15.651218620355181 ], [ 74.204702404002703, 15.663161446692392 ], [ 74.189397742488012, 15.667090461100313 ], [ 74.190763939894651, 15.681096513915335 ], [ 74.183176359373689, 15.683146510951232 ], [ 74.168404971466884, 15.67232834067611 ], [ 74.166398641889828, 15.654229063596899 ], [ 74.135603089484874, 15.649285153095226 ], [ 74.104706367796425, 15.657195099814373 ], [ 74.089115311532225, 15.673001515367927 ], [ 74.126357964861171, 15.680553552505042 ], [ 74.134325821943648, 15.702504483319656 ], [ 74.123351183152081, 15.720048021500677 ], [ 74.152981615725068, 15.736481372529243 ], [ 74.1605618211387, 15.751365437219997 ], [ 74.197475877017951, 15.755528031278969 ], [ 74.220528907326226, 15.787779902988452 ], [ 74.232154834137219, 15.78665686695161 ], [ 74.228470339071023, 15.756101726565538 ], [ 74.243399857516238, 15.743337931890615 ], [ 74.267417303796719, 15.755263398700047 ], [ 74.285665233820339, 15.741466530494645 ], [ 74.317727988663989, 15.758690058050451 ], [ 74.323429910211047, 15.772533349430754 ], [ 74.34472866404812, 15.765523177304031 ], [ 74.358684584348097, 15.77581608670309 ], [ 74.369686482399089, 15.803334094321373 ], [ 74.360211941612405, 15.817616376574417 ], [ 74.383376472488337, 15.838425556623097 ], [ 74.383240668052707, 15.846243276373407 ], [ 74.338265093013817, 15.854142953438759 ], [ 74.360852650628587, 15.873174351064764 ], [ 74.367959034852674, 15.893684836897643 ], [ 74.387365927726719, 15.853880754103614 ], [ 74.405620217746744, 15.854707125419864 ], [ 74.385778950106825, 15.903236498235119 ], [ 74.429333081497418, 15.953229265689773 ], [ 74.464504666074276, 16.042550420446108 ], [ 74.430406330838508, 16.058712694542052 ], [ 74.383903818983583, 16.037111382673327 ], [ 74.372389483638941, 16.038604072714392 ], [ 74.375564278595789, 16.055540505842401 ], [ 74.361914643282958, 16.054923639261965 ], [ 74.374814581442578, 16.080207932523169 ], [ 74.391142478938974, 16.08034866489136 ], [ 74.391194122415286, 16.089075808474767 ], [ 74.409179521870243, 16.093765416308123 ], [ 74.428630619245467, 16.112564615274479 ], [ 74.458743895125309, 16.104067005194853 ], [ 74.476142708106053, 16.088945239444485 ], [ 74.49073772629562, 16.103544095897561 ], [ 74.480084611723754, 16.148921688805032 ], [ 74.488979068143877, 16.156972367812138 ], [ 74.492119266488729, 16.183254760299462 ], [ 74.507260932788952, 16.1901719592002 ], [ 74.507674210631038, 16.203135238176277 ], [ 74.496436091220389, 16.216031927073619 ], [ 74.502673128453836, 16.224823402867759 ], [ 74.478348388839294, 16.248604401554303 ], [ 74.467364088815074, 16.240380867715249 ], [ 74.455358268611675, 16.250289194583377 ], [ 74.4164822266778, 16.259284461757598 ], [ 74.415154259174798, 16.28240722725911 ], [ 74.385082081989381, 16.277416942069138 ], [ 74.38417757505141, 16.292044729044804 ], [ 74.373830228573922, 16.295300761252911 ], [ 74.356245620280987, 16.288945709275776 ], [ 74.346905691408494, 16.293633141865417 ], [ 74.353523979843246, 16.281418668667989 ], [ 74.327385538099108, 16.269880849269494 ], [ 74.325312375227341, 16.287978316261725 ], [ 74.342312765741596, 16.293265247255221 ], [ 74.334148478768924, 16.313403925776075 ], [ 74.32562235950607, 16.312542098254863 ], [ 74.330822532578068, 16.32515896577452 ], [ 74.316491183662038, 16.326893968514323 ], [ 74.322626225823853, 16.334354244367816 ], [ 74.316925699961658, 16.341648536145041 ], [ 74.327923510955657, 16.342273249980384 ], [ 74.317173864997102, 16.355367569354634 ], [ 74.325744223337139, 16.358693702945999 ], [ 74.318931234601791, 16.380972242707728 ], [ 74.32605916366343, 16.377303682002783 ], [ 74.328511573126761, 16.390444177787927 ], [ 74.336601464588043, 16.392399968461653 ], [ 74.345492259506329, 16.368049497372521 ], [ 74.355303966258447, 16.366495485173747 ], [ 74.361477126563088, 16.400192551164125 ], [ 74.336199578789717, 16.402215361713175 ], [ 74.33239362825023, 16.453841303923028 ], [ 74.289627911582315, 16.460684851066404 ], [ 74.293233608438499, 16.504271219200675 ], [ 74.282228697399873, 16.505418471662495 ], [ 74.275787251676419, 16.484225906573442 ], [ 74.26197513747934, 16.477683194737672 ], [ 74.246281402973622, 16.496518888200104 ], [ 74.279017176365883, 16.505011372476684 ], [ 74.265168791236661, 16.535044025660302 ], [ 74.269587657553856, 16.54613574735933 ], [ 74.281483821907187, 16.541079006582791 ], [ 74.282898866505505, 16.524192593253858 ], [ 74.28779002803509, 16.533156743516219 ], [ 74.300280107973748, 16.530795384669965 ], [ 74.307516851547575, 16.50374267242174 ], [ 74.317344795867015, 16.507940022193111 ], [ 74.315659397084247, 16.546123096857997 ], [ 74.322870559030818, 16.555080634144566 ], [ 74.339648656506355, 16.54807052666575 ], [ 74.359247343847898, 16.558683745856886 ], [ 74.356188403208876, 16.540361021224047 ], [ 74.383663746171365, 16.529549158318854 ], [ 74.397278980166504, 16.580269641634896 ], [ 74.422731809603036, 16.584338427623074 ], [ 74.434784387708348, 16.600279985011685 ], [ 74.466544120697577, 16.6063996289075 ], [ 74.456869290227459, 16.646053686977631 ], [ 74.471485210674629, 16.66233587520691 ], [ 74.49219911075933, 16.628217513866904 ], [ 74.545871871919303, 16.634803663548592 ], [ 74.544288188396166, 16.593801541622398 ], [ 74.560062531570452, 16.591997654096271 ], [ 74.564330078975857, 16.58285968869183 ], [ 74.554155175304672, 16.561396943111127 ], [ 74.568599090105394, 16.553628855806277 ], [ 74.611736789454966, 16.56962311699516 ], [ 74.618687557409729, 16.583566886021391 ], [ 74.631174170798616, 16.577396509086011 ], [ 74.637636312834815, 16.608399072263929 ], [ 74.685440957108483, 16.606105033765093 ], [ 74.689352625883132, 16.616836533969728 ], [ 74.655415383527725, 16.639193291105883 ], [ 74.666691614474388, 16.66512707530179 ], [ 74.691149880814237, 16.676562600272593 ], [ 74.682288704219502, 16.680604752020951 ], [ 74.690651837973732, 16.687414330793157 ], [ 74.693252093292912, 16.716761550410215 ], [ 74.731832279359381, 16.717411570413841 ], [ 74.774385221856335, 16.75015154345343 ], [ 74.795887178354604, 16.747219459042196 ], [ 74.846014208975603, 16.761897963185874 ], [ 74.850651997372708, 16.772344731369877 ], [ 74.919787195799231, 16.771542401213242 ], [ 74.911809973896382, 16.787254013402382 ], [ 74.907861650343108, 16.857454984343903 ], [ 74.935694529888437, 16.878026162607348 ], [ 74.96021311020958, 16.879401525909557 ], [ 74.963389844552367, 16.906873787830378 ], [ 74.934212475227412, 16.917951183744751 ], [ 74.922982341412748, 16.927079377407775 ], [ 74.924461445896384, 16.936659760702781 ], [ 74.934381454816588, 16.942440950536817 ], [ 74.950597483069174, 16.93147219173046 ], [ 74.965613624553683, 16.937378843362605 ], [ 74.982003140096069, 16.930499874728142 ], [ 74.999958846092497, 16.947307518445108 ], [ 75.026664399892837, 16.943022783100549 ] ] ], [ [ [ 74.289746733360204, 15.83079594648294 ], [ 74.309106801003779, 15.798563100352087 ], [ 74.297787064689643, 15.788585102864012 ], [ 74.266379570295086, 15.793179342813714 ], [ 74.260347634145987, 15.826894290287489 ], [ 74.289746733360204, 15.83079594648294 ] ] ] ] } },
{ "type": "Feature", "properties": { "district_id": "karnataka__bellary", "state": "Karnataka", "district": "Bellary", "area_km2": 8443.7, "point_lat": 15.1969, "point_lon": 76.7099 }, "geometry": { "type": "Polygon", "coordinates": [ [ [ 77.157574168301963, 15.137055729490307 ], [ 77.152541631745322, 15.112786524283104 ], [ 77.132403499260448, 15.09908625195426 ], [ 77.120883567541782, 15.045587197441572 ], [ 77.114383053449671, 15.034065348592192 ], [ 77.086822091975023, 15.027747314592544 ], [ 77.083569881384207, 15.005492377593127 ], [ 77.045652462476269, 15.010898657553968 ], [ 77.051508784568725, 15.034604011826023 ], [ 77.005184953602367, 15.034927565329216 ], [ 76.98797312087774, 15.025738458994573 ], [ 76.986242278718734, 15.015681292166065 ], [ 76.947079181215429, 15.032276050219329 ], [ 76.880833367668714, 15.033833525934144 ], [ 76.864618371784516, 15.061807454617623 ], [ 76.800767604840843, 15.095711467004183 ], [ 76.777983545784323, 15.076349752483063 ], [ 76.774918541865404, 15.059065305011588 ], [ 76.788433101592744, 15.021698552429262 ], [ 76.76080956709913, 14.988002748080714 ], [ 76.736283487384284, 14.986985674204263 ], [ 76.728545581345202, 15.00410189228821 ], [ 76.734017191664762, 15.032984797395706 ], [ 76.703401209648348, 15.031084568852906 ], [ 76.702778245434914, 15.016661924098862 ], [ 76.686217330751148, 15.018561876926972 ], [ 76.689332722271445, 15.026960175846598 ], [ 76.673138420290925, 15.018920509268643 ], [ 76.688966610133718, 14.980082161117158 ], [ 76.717912265174363, 14.972501039913491 ], [ 76.718677316890975, 14.963844010613913 ], [ 76.705951748544237, 14.930262484448329 ], [ 76.661569594646735, 14.941693590628192 ], [ 76.665574421436972, 14.915833472817923 ], [ 76.678146163736699, 14.911165210116598 ], [ 76.682571078076364, 14.888194371627808 ], [ 76.698244796360683, 14.88894185251729 ], [ 76.714361553168374, 14.862241822163556 ], [ 76.714625630776155, 14.8396134483827 ], [ 76.742617366413796, 14.823103573848648 ], [ 76.740489496651392, 14.814373365442369 ], [ 76.702349188138953, 14.815806772797645 ], [ 76.671644278592026, 14.792889145381585 ], [ 76.666560949608922, 14.774093242572233 ], [ 76.650455230105806, 14.756720972717275 ], [ 76.649202439316952, 14.718312034309504 ], [ 76.611919168841183, 14.686654999880755 ], [ 76.612121141269725, 14.670343368297356 ], [ 76.599449012906888, 14.665993345855542 ], [ 76.59938840711925, 14.65731295508359 ], [ 76.613106558563288, 14.649281368819928 ], [ 76.598482532148267, 14.632582635589108 ], [ 76.60342236340739, 14.624209389213858 ], [ 76.529223823270385, 14.563533247275599 ], [ 76.511427503185047, 14.561392065438941 ], [ 76.425057641503074, 14.581342011790957 ], [ 76.432553106489607, 14.618952456305218 ], [ 76.394520910221246, 14.627827957706655 ], [ 76.391566612264441, 14.649066517607604 ], [ 76.375693714369532, 14.649498107105918 ], [ 76.381435517776055, 14.661149475305141 ], [ 76.344734796237049, 14.666421383733997 ], [ 76.33893951060621, 14.686039661345074 ], [ 76.323725039984097, 14.692347143223904 ], [ 76.278070797926858, 14.686806045755997 ], [ 76.272506693396593, 14.695902833306631 ], [ 76.253699662850977, 14.697633926208779 ], [ 76.231452712252747, 14.648826025767859 ], [ 76.195199736127535, 14.681391942321829 ], [ 76.186967438083755, 14.700671941935212 ], [ 76.188338512140945, 14.718871473268701 ], [ 76.204405911205683, 14.739960923657227 ], [ 76.194700721480118, 14.766019709804242 ], [ 76.181965543796238, 14.76632177928 ], [ 76.170215510213865, 14.784951130202154 ], [ 76.154101541173219, 14.78552564522065 ], [ 76.146024606938255, 14.803158904226077 ], [ 76.149161029695335, 14.821455432086388 ], [ 76.159312792942529, 14.830012298101714 ], [ 76.196390319710829, 14.81978961185809 ], [ 76.190675923469328, 14.846869275122742 ], [ 76.157968069396745, 14.847917810493437 ], [ 76.156685219582087, 14.860269984837577 ], [ 76.132031592634945, 14.861161976656103 ], [ 76.127672511938528, 14.869606878091401 ], [ 76.074610612807746, 14.868269589502162 ], [ 76.067530276374015, 14.88328828382622 ], [ 76.081752041874054, 14.909997805695706 ], [ 76.052383456381477, 14.918127428769974 ], [ 76.04889613040244, 14.928599193586061 ], [ 76.012847867091779, 14.898826503181807 ], [ 76.007040902327319, 14.905225018250157 ], [ 75.997412243041254, 14.898127549523421 ], [ 75.986574397770241, 14.906754492482589 ], [ 75.97819544506558, 14.898597272922164 ], [ 75.971948289301082, 14.907168320989902 ], [ 75.94199446383, 14.900047061526941 ], [ 75.874557566254126, 14.868629742832457 ], [ 75.87077462221859, 14.854313056915254 ], [ 75.855507016747879, 14.86371379964096 ], [ 75.857386691536519, 14.88207571921907 ], [ 75.843290591053773, 14.889778789564815 ], [ 75.833385152286084, 14.882844638491507 ], [ 75.820496210236996, 14.900053765582671 ], [ 75.803774767857718, 14.874065263118997 ], [ 75.8072679084258, 14.842560659849935 ], [ 75.818881600925536, 14.83633878646873 ], [ 75.837035268145542, 14.805896817786772 ], [ 75.828484801226523, 14.782337530287906 ], [ 75.800713428594847, 14.769241103071309 ], [ 75.772847779147199, 14.792744457577099 ], [ 75.76096744917227, 14.777371158319474 ], [ 75.75712163060102, 14.738330235057079 ], [ 75.717487393161662, 14.718010080241394 ], [ 75.702719080709969, 14.729593525456579 ], [ 75.719064238982298, 14.747130399677395 ], [ 75.724190214230404, 14.768489922009701 ], [ 75.664793384848579, 14.802513068162803 ], [ 75.690155423605674, 14.854014413709594 ], [ 75.714987907934017, 14.851941403199874 ], [ 75.722922406341397, 14.864005571946407 ], [ 75.733976691194059, 14.863682631044032 ], [ 75.739061678452046, 14.887333082507991 ], [ 75.729033044383485, 14.897135309484703 ], [ 75.69715092839121, 14.891958158596397 ], [ 75.686815734266432, 14.943144609126662 ], [ 75.723207080363878, 14.950441407523787 ], [ 75.743521980902386, 14.944181740845229 ], [ 75.78089781895676, 14.97687567137443 ], [ 75.785666911370853, 14.999697279110602 ], [ 75.810401591758719, 15.023522236481915 ], [ 75.832364708838796, 15.027237665061859 ], [ 75.844808573613008, 15.04279210237506 ], [ 75.874693546363488, 15.03519855499089 ], [ 75.886845952385514, 15.052987499463624 ], [ 75.905083798823824, 15.055342364605909 ], [ 75.910703546119066, 15.075592808167235 ], [ 75.883864434286664, 15.101223767207927 ], [ 75.905344312652417, 15.131437030138477 ], [ 75.932165295078605, 15.140796004913186 ], [ 75.956605676518706, 15.137548867612718 ], [ 75.97839887313549, 15.153048278226507 ], [ 76.037054214859936, 15.144026101365094 ], [ 76.056318110315999, 15.155960496891433 ], [ 76.093720441639775, 15.162806187152716 ], [ 76.106945003945555, 15.175391782918394 ], [ 76.113841908802144, 15.198171517017201 ], [ 76.158926384962058, 15.197476273899815 ], [ 76.162891740752116, 15.216332327171244 ], [ 76.187864112174879, 15.235001913939961 ], [ 76.232365287362015, 15.232793589960172 ], [ 76.220664800716662, 15.200460651380689 ], [ 76.231019615767977, 15.190568670040365 ], [ 76.248699652019397, 15.191343722744598 ], [ 76.281437201441108, 15.2180723971112 ], [ 76.310835707092764, 15.260527495161579 ], [ 76.334076458421009, 15.262923886136576 ], [ 76.362958527668681, 15.325409709709648 ], [ 76.407118485490614, 15.323644136229513 ], [ 76.433555380208432, 15.338506683570797 ], [ 76.481092337522924, 15.347930252405726 ], [ 76.490941633340924, 15.342403583626089 ], [ 76.555965409078183, 15.394139102372403 ], [ 76.591752507449996, 15.412408569230077 ], [ 76.611859415314925, 15.441531790564913 ], [ 76.669541806118815, 15.450330904933393 ], [ 76.683006043657272, 15.468918971270242 ], [ 76.713588698436084, 15.489281211319133 ], [ 76.796207064143005, 15.499572907096383 ], [ 76.813012351958037, 15.51471928477228 ], [ 76.814012967644743, 15.546640797937656 ], [ 76.835744761864717, 15.561223437287698 ], [ 76.839316554720483, 15.629630483029473 ], [ 76.893074601974433, 15.682813238883471 ], [ 76.911948948928611, 15.690421918609159 ], [ 76.938678690047496, 15.751309472384985 ], [ 77.028184105612056, 15.833910654029934 ], [ 77.05375637267214, 15.824599640013124 ], [ 77.067778207039908, 15.827641802749765 ], [ 77.065416480446203, 15.802431231379718 ], [ 77.071162670323886, 15.800564084966883 ], [ 77.052391059912551, 15.765294423096007 ], [ 77.051018837351961, 15.729584905078649 ], [ 77.080293251794004, 15.72603231705091 ], [ 77.080286653679394, 15.71500374804806 ], [ 77.088404893784826, 15.713608298360953 ], [ 77.079961251519819, 15.695539588405664 ], [ 77.129182983225107, 15.663814002911177 ], [ 77.120409829263238, 15.629902012743361 ], [ 77.085532168909268, 15.657553154091671 ], [ 77.072923704487508, 15.64561401446308 ], [ 77.033240165381045, 15.638504951851159 ], [ 77.030685055023213, 15.504809601637255 ], [ 76.975806164870519, 15.51105220563281 ], [ 76.974319482651808, 15.49567036812075 ], [ 77.010178445968876, 15.45308372977564 ], [ 77.031544014437131, 15.440077027250927 ], [ 77.032718409340546, 15.406243424788386 ], [ 77.048062246204751, 15.388724531993777 ], [ 77.0422906065657, 15.363778217065301 ], [ 77.067231448171484, 15.34297615348761 ], [ 77.065938327779051, 15.326942357201114 ], [ 77.114173392717859, 15.332422217407343 ], [ 77.119963882278824, 15.295042437772809 ], [ 77.152555270637393, 15.290917712013108 ], [ 77.149812690196669, 15.271319306714288 ], [ 77.168883917822114, 15.264377307886749 ], [ 77.16997873732717, 15.2562813760204 ], [ 77.144915153028919, 15.256820479249612 ], [ 77.125537355778988, 15.226517770527698 ], [ 77.146071878643951, 15.223441303566293 ], [ 77.162914136000069, 15.199192535325203 ], [ 77.16929251487025, 15.173878306878668 ], [ 77.162518173792805, 15.15436895484499 ], [ 77.141717554985831, 15.154639457931957 ], [ 77.136835176013008, 15.148068422716673 ], [ 77.157574168301963, 15.137055729490307 ] ] ] } },
{ "type": "Feature", "properties": { "district_id": "maharashtra__bhandara", "state": "Maharashtra", "district": "Bhandara", "area_km2": 3858.9, "point_lat": 21.1199, "point_lon": 79.7958 }, "geometry": { "type": "Polygon", "coordinates": [ [ [ 79.922229607047583, 21.524147848209253 ], [ 79.929977438692532, 21.503879396418569 ], [ 79.92585672109837, 21.486483856705416 ], [ 79.884203682538711, 21.440627859046998 ], [ 79.883038410689366, 21.424430410203193 ], [ 79.799468448476858, 21.376857957468811 ], [ 79.801658296895639, 21.357996356667218 ], [ 79.813061698526397, 21.352489711304731 ], [ 79.815372283848262, 21.315868690201238 ], [ 79.838752285036946, 21.310190482103163 ], [ 79.82846773190623, 21.289659164108411 ], [ 79.837508967524826, 21.283136014979544 ], [ 79.826038571547699, 21.270332920818905 ], [ 79.833218524883549, 21.259759282682879 ], [ 79.865418042087867, 21.258227304234108 ], [ 79.865523725273192, 21.250866245752871 ], [ 79.856789740772655, 21.24892585831212 ], [ 79.842647899275988, 21.255076681197018 ], [ 79.848352647302576, 21.245053027282584 ], [ 79.832471503406296, 21.229577897656302 ], [ 79.836894545021039, 21.224153965263916 ], [ 79.868981015494569, 21.228878030127305 ], [ 79.867392337734614, 21.24727938004138 ], [ 79.887313422737549, 21.252448410543028 ], [ 79.905579489593507, 21.240499192027531 ], [ 79.922846464347728, 21.253298955917767 ], [ 79.941889973708541, 21.252203383869745 ], [ 79.956913814914216, 21.235093839032967 ], [ 79.9916578840173, 21.22994707448203 ], [ 80.008046771738236, 21.216053209464857 ], [ 80.023062655979388, 21.225528900171327 ], [ 80.058283127257383, 21.199664000736725 ], [ 80.062588418542489, 21.174359497633898 ], [ 80.083660632727316, 21.14343447219397 ], [ 80.061281114661838, 21.105354816519338 ], [ 80.080986027058117, 21.100193184692948 ], [ 80.077431152515814, 21.057229782372193 ], [ 80.085755095895394, 21.046001131824326 ], [ 80.047615400422259, 21.003054584824707 ], [ 80.027237784506951, 21.008119524156655 ], [ 80.019398530890641, 21.001220943341899 ], [ 80.000000000979753, 21.022013762537966 ], [ 79.987556881234937, 21.007753512661903 ], [ 79.949246120310335, 21.011793357578885 ], [ 79.954741055100683, 20.988243828658245 ], [ 79.94182265861842, 20.959260809872958 ], [ 79.947810202063934, 20.926053508390961 ], [ 79.911012482104866, 20.897703068434033 ], [ 79.905344557085442, 20.883625216004738 ], [ 79.889689483126006, 20.875611576585463 ], [ 79.87382612876344, 20.882774130860231 ], [ 79.865316885670069, 20.876143573681485 ], [ 79.863422479507591, 20.814879289056272 ], [ 79.856676895507647, 20.810273835536883 ], [ 79.867146960037374, 20.808167887208459 ], [ 79.866000204614309, 20.781308093135362 ], [ 79.885065653682247, 20.789970158725396 ], [ 79.888802537977028, 20.766242010001573 ], [ 79.910014571197308, 20.781525000126617 ], [ 79.94033404509662, 20.785311300651642 ], [ 79.925673144812919, 20.765528974567744 ], [ 79.926075026495695, 20.746397589169057 ], [ 79.917079099585706, 20.746116952750189 ], [ 79.915910663929594, 20.73820617241093 ], [ 79.928816865061705, 20.739224635018108 ], [ 79.934403781854542, 20.711910164742886 ], [ 79.970378612836598, 20.713945063445863 ], [ 79.972043179380648, 20.701252870984383 ], [ 79.964530499014046, 20.689870131897049 ], [ 79.934455687442608, 20.676176064351971 ], [ 79.932994580423326, 20.666525226296876 ], [ 79.894262574362187, 20.683076330543518 ], [ 79.849886127701495, 20.677568314627095 ], [ 79.802878594182303, 20.684218613458512 ], [ 79.789303687717108, 20.717419047688747 ], [ 79.761744217388511, 20.731054635762025 ], [ 79.752559914780022, 20.685751162459599 ], [ 79.713494313029457, 20.685299847729091 ], [ 79.693469103366425, 20.66874645952387 ], [ 79.701568592649977, 20.644716961638078 ], [ 79.695664772722793, 20.640338791692503 ], [ 79.671650612327255, 20.648374566006975 ], [ 79.653367302523364, 20.667598971707775 ], [ 79.623149591856617, 20.672973046703337 ], [ 79.613154880785771, 20.691165148060591 ], [ 79.58091696099369, 20.691034726369452 ], [ 79.565952032614476, 20.70157143827392 ], [ 79.520786964009517, 20.708688269389018 ], [ 79.50901748464851, 20.703947893698899 ], [ 79.53545816700435, 20.739985941538276 ], [ 79.535570338857013, 20.772848246434062 ], [ 79.560430423732427, 20.802867894086283 ], [ 79.541594993378254, 20.847803488395801 ], [ 79.559825040543075, 20.85331755886336 ], [ 79.583033495414099, 20.842414529169066 ], [ 79.604220012672116, 20.86426592156722 ], [ 79.619129444727236, 20.864723110009752 ], [ 79.611276637890512, 20.878397668252166 ], [ 79.616587850573126, 20.902533304601466 ], [ 79.651577573747034, 20.926600788175563 ], [ 79.659604438712535, 20.96941698519629 ], [ 79.637580466360717, 20.99089710966695 ], [ 79.599651286083969, 21.072462038976017 ], [ 79.588722336769663, 21.076096508831164 ], [ 79.573120305676596, 21.067232188146917 ], [ 79.551934110819317, 21.086385306851081 ], [ 79.529471706713267, 21.075317580709363 ], [ 79.523013696290022, 21.087660172868638 ], [ 79.533181523017149, 21.095602157658458 ], [ 79.52754428154887, 21.11749327523982 ], [ 79.492735077274858, 21.139360149169789 ], [ 79.506218441394239, 21.145806529664547 ], [ 79.510491137098782, 21.162669594358977 ], [ 79.498136545579442, 21.171659548321603 ], [ 79.501646435372791, 21.183266798039419 ], [ 79.532552115949628, 21.174491749182334 ], [ 79.534338663544347, 21.156088567907222 ], [ 79.561778301203958, 21.155487945725632 ], [ 79.554544723096555, 21.172108832469664 ], [ 79.562961251160019, 21.187080580710802 ], [ 79.553178835562463, 21.206153346327064 ], [ 79.576718841955184, 21.277433573000042 ], [ 79.568084636723086, 21.299021582044841 ], [ 79.556026670870565, 21.306244393544088 ], [ 79.556918124267341, 21.330298504244077 ], [ 79.526449391946315, 21.354722278115695 ], [ 79.500350563693331, 21.397557308643538 ], [ 79.487885898165729, 21.398665679214687 ], [ 79.483280387173309, 21.427324998992347 ], [ 79.45523134708904, 21.42899757216782 ], [ 79.4493025467998, 21.456517346462775 ], [ 79.459330482641178, 21.460671916718301 ], [ 79.514229244532061, 21.534128901096782 ], [ 79.653682700492965, 21.556477748234283 ], [ 79.664335780584764, 21.576618127416673 ], [ 79.691065814001377, 21.579995466460094 ], [ 79.70003899350354, 21.590257046655591 ], [ 79.720075010941002, 21.590442852937663 ], [ 79.738885844772184, 21.601854497987016 ], [ 79.798117428798193, 21.580814275729622 ], [ 79.83137300510981, 21.546200023300855 ], [ 79.863435915346486, 21.530451339542264 ], [ 79.922229607047583, 21.524147848209253 ] ] ] } },
{ "type": "Feature", "properties": { "district_id": "maharashtra__bid", "state": "Maharashtra", "district": "Bid", "area_km2": 11045.3, "point_lat": 18.9465, "point_lon": 75.6711 }, "geometry": { "type": "Polygon", "coordinates": [ [ [ 75.609870741641004, 19.381439406084827 ], [ 75.622170285490199, 19.373849703239525 ], [ 75.641583779906441, 19.380991084599856 ], [ 75.650326046496232, 19.368695656570189 ], [ 75.674020596106232, 19.366693578571162 ], [ 75.688023013148623, 19.355300684517207 ], [ 75.754441274695779, 19.358653586301795 ], [ 75.762018805204221, 19.371651271978472 ], [ 75.75812573311218, 19.389294807992339 ], [ 75.77198447737689, 19.395217242251558 ], [ 75.79652067977409, 19.396623892034675 ], [ 75.839683863263758, 19.37060276648716 ], [ 75.917994754105663, 19.387797761979446 ], [ 75.922916660345464, 19.376277602104437 ], [ 75.904790489173379, 19.33024039074483 ], [ 75.920418720802616, 19.300694191739833 ], [ 75.933683105813827, 19.293618940084098 ], [ 75.97085484247944, 19.299316309498721 ], [ 76.019426758633202, 19.339384613348614 ], [ 76.025245557658607, 19.336814178370926 ], [ 76.028058851750444, 19.29701626910829 ], [ 76.03928109765782, 19.285905994714923 ], [ 76.083546534522512, 19.279635244781428 ], [ 76.101318136017568, 19.30814659027817 ], [ 76.11579865224634, 19.296360408252315 ], [ 76.128029658126195, 19.303535919212205 ], [ 76.142168427445313, 19.290665876690237 ], [ 76.158262518156207, 19.297201980873098 ], [ 76.167034425969064, 19.282077679783249 ], [ 76.185131659755413, 19.289030055116577 ], [ 76.199010022490967, 19.284645920011368 ], [ 76.215264352061197, 19.259768660951512 ], [ 76.228470205286456, 19.255162858402791 ], [ 76.226509244589153, 19.241439295422381 ], [ 76.255922028402736, 19.239961696480574 ], [ 76.269115309552745, 19.255885334191419 ], [ 76.29143011580706, 19.262278145761851 ], [ 76.357059324841984, 19.243173872478703 ], [ 76.36627072980896, 19.223893841453201 ], [ 76.352688272242077, 19.192683300927094 ], [ 76.360916111099499, 19.152149817828946 ], [ 76.334105971078813, 19.135590393904675 ], [ 76.320977989518113, 19.114108574504513 ], [ 76.324701449600155, 19.107037154800707 ], [ 76.35523125817231, 19.102599767590519 ], [ 76.37829970787682, 19.131051318656251 ], [ 76.411796321033037, 19.092486365516141 ], [ 76.437229058644149, 19.095648588950848 ], [ 76.435817063017424, 19.071477248055086 ], [ 76.451806539348752, 19.051028153544735 ], [ 76.442175281294936, 19.038209135401548 ], [ 76.456320221919782, 19.007640384678471 ], [ 76.478957665988446, 19.000677972276325 ], [ 76.471121128393605, 18.981791075922711 ], [ 76.480017640152965, 18.974480042352688 ], [ 76.478848381602035, 18.956438953025373 ], [ 76.501123869793815, 18.951040025226725 ], [ 76.522839236813098, 18.91722310609909 ], [ 76.536864545634074, 18.917246678804357 ], [ 76.539644764287445, 18.949424844421888 ], [ 76.583963327838674, 18.944816377131623 ], [ 76.588148032983639, 18.874158906265954 ], [ 76.622973784246767, 18.869063630643129 ], [ 76.632398217967463, 18.848447468844427 ], [ 76.643584640566459, 18.846592400883921 ], [ 76.648141021337537, 18.821895129650315 ], [ 76.66737119058682, 18.819036229726002 ], [ 76.6827711126125, 18.779714150156824 ], [ 76.675953661802424, 18.761277989167084 ], [ 76.727116029046996, 18.749263111744391 ], [ 76.736326212384, 18.699802942467304 ], [ 76.685789603831182, 18.691859055370948 ], [ 76.66535711356947, 18.656047699502565 ], [ 76.684892398888593, 18.646873400132044 ], [ 76.682334632106375, 18.636993614484297 ], [ 76.671882041022414, 18.629776778284405 ], [ 76.662743607047361, 18.59170979127542 ], [ 76.656801397033107, 18.581811147177206 ], [ 76.647926652931758, 18.583222892297211 ], [ 76.633614952144356, 18.551003760522491 ], [ 76.659711247951748, 18.544229863339279 ], [ 76.680190861137348, 18.554992134459447 ], [ 76.705593675048334, 18.547194329309853 ], [ 76.699475262125347, 18.500266939865732 ], [ 76.687718143631912, 18.498283205648683 ], [ 76.676005423337685, 18.482366412256301 ], [ 76.652606791949609, 18.482126851229825 ], [ 76.652835873318494, 18.515309200773014 ], [ 76.640820966446739, 18.52553379219507 ], [ 76.618064253828365, 18.489168727673299 ], [ 76.630507371897281, 18.475614207338211 ], [ 76.629804528329771, 18.46433538475565 ], [ 76.605181492659455, 18.454634943541773 ], [ 76.569478574943901, 18.464551554808967 ], [ 76.568593120587124, 18.492929413335496 ], [ 76.557583432983904, 18.496774736861941 ], [ 76.552267438904593, 18.496669043609604 ], [ 76.549055234318246, 18.465293553243523 ], [ 76.511387900059091, 18.469195565051134 ], [ 76.468278444968604, 18.496308121787973 ], [ 76.453775904767411, 18.524776151021385 ], [ 76.424017707436676, 18.552822757728016 ], [ 76.377496620842905, 18.54257420418482 ], [ 76.347304585431999, 18.565569147837213 ], [ 76.282328038923396, 18.574800258426279 ], [ 76.276917884934775, 18.556972484189391 ], [ 76.254619408843965, 18.566214619869417 ], [ 76.254318188444088, 18.576843595540147 ], [ 76.216506260756304, 18.575937316611395 ], [ 76.18715743412568, 18.585087656897233 ], [ 76.170885429805253, 18.585043026879006 ], [ 76.16773710309964, 18.563488107829208 ], [ 76.158970797867568, 18.558082053750425 ], [ 76.151382515865365, 18.583125148431218 ], [ 76.0987438882524, 18.587778779623765 ], [ 76.058068103672795, 18.573411720270748 ], [ 76.020653913880253, 18.604426141154317 ], [ 76.006517540891721, 18.605469635997835 ], [ 76.000021147210632, 18.585296922353656 ], [ 75.990646019039048, 18.590379801199511 ], [ 75.986459747756427, 18.595665199714954 ], [ 75.998792431846297, 18.613860813973911 ], [ 75.993902315095639, 18.620054544564962 ], [ 75.949805799310653, 18.608446139698366 ], [ 75.94943852008295, 18.636901386412188 ], [ 75.94131830139456, 18.645201218697718 ], [ 75.862763956134984, 18.649884193175094 ], [ 75.858828182024723, 18.661576182983183 ], [ 75.846404370029461, 18.659157565234988 ], [ 75.811025239327535, 18.673670049093392 ], [ 75.801384653972988, 18.673329935896422 ], [ 75.796363435369912, 18.655814960701495 ], [ 75.776371386323504, 18.672839814333894 ], [ 75.752718549172059, 18.680345753752338 ], [ 75.730852569070265, 18.675350758777839 ], [ 75.690159328795403, 18.690629382070409 ], [ 75.67052855094164, 18.687501310084951 ], [ 75.665449679617012, 18.64826703283531 ], [ 75.647361231380344, 18.648343465159037 ], [ 75.621192536980047, 18.661268787103644 ], [ 75.601651928904559, 18.692527297312328 ], [ 75.558717874213684, 18.705808236745607 ], [ 75.552350963793202, 18.717967066026404 ], [ 75.556863950898801, 18.740999943666527 ], [ 75.526541051165012, 18.753327082079871 ], [ 75.527746851840448, 18.730743581453172 ], [ 75.504084662186287, 18.723174593460037 ], [ 75.463711630745891, 18.752957548137321 ], [ 75.450745313697027, 18.750123814251832 ], [ 75.440853012446311, 18.791072356701257 ], [ 75.398437174443345, 18.83082186295729 ], [ 75.382199793212322, 18.768411924132494 ], [ 75.359697073510162, 18.788304844002688 ], [ 75.342665715183898, 18.78241172027856 ], [ 75.327277823930146, 18.798153503164638 ], [ 75.29265792852739, 18.76238164294627 ], [ 75.276854608751648, 18.732248330643788 ], [ 75.254257619504642, 18.720800691656855 ], [ 75.214384538727288, 18.737467496508781 ], [ 75.174184776626348, 18.735864627844929 ], [ 75.165454486052028, 18.662133509870035 ], [ 75.153622603398645, 18.648612887344811 ], [ 75.123411134046322, 18.684526309881697 ], [ 75.058861989558423, 18.732201950815679 ], [ 75.037013705336818, 18.763321002118584 ], [ 75.007576185403352, 18.77922371093738 ], [ 75.00253610253715, 18.788541592483259 ], [ 75.008548024131812, 18.804408499991606 ], [ 75.000031295859529, 18.806203081502762 ], [ 74.990891058304413, 18.796478882669479 ], [ 74.967139193224895, 18.824737390870297 ], [ 74.917197953468715, 18.830927486634845 ], [ 74.921709548458352, 18.851874482997072 ], [ 74.899089294789988, 18.84739968370048 ], [ 74.88646046082539, 18.90947683132465 ], [ 74.878849045144918, 18.911160760404421 ], [ 74.868592081435494, 18.899003113812665 ], [ 74.828490726723686, 18.938321742712194 ], [ 74.83897009418061, 18.952587213668789 ], [ 74.812419367006768, 18.972827266079371 ], [ 74.826801127642256, 18.988092103924934 ], [ 74.842854964314512, 18.968289759531757 ], [ 74.878296233475865, 18.982961014272384 ], [ 74.89967916038708, 18.979115586172007 ], [ 74.917158441026288, 18.96010120409926 ], [ 74.939319292340898, 18.976427410499689 ], [ 74.944871863938729, 18.969310112866381 ], [ 74.956589680773902, 18.972993541815455 ], [ 74.960672041681619, 18.996082579836525 ], [ 74.949049450287731, 19.005568146998431 ], [ 74.952385989831626, 19.032870128985873 ], [ 74.916368050843261, 19.039910371105673 ], [ 74.921761753797668, 19.087976063470723 ], [ 74.942435073714577, 19.129797978132061 ], [ 74.980606306326749, 19.111111427208758 ], [ 74.980632096114192, 19.117253878886221 ], [ 75.010983466670979, 19.104257259898517 ], [ 75.025622424466235, 19.113183075039409 ], [ 75.028055699276592, 19.103618501525908 ], [ 75.053859914730566, 19.10597963827886 ], [ 75.054303083522484, 19.098757532678452 ], [ 75.074065132866195, 19.10384620762445 ], [ 75.079105068999127, 19.119691040925915 ], [ 75.109982115877557, 19.123721945352617 ], [ 75.09708609455528, 19.079367436562436 ], [ 75.081043471281973, 19.080355958963182 ], [ 75.090110890403849, 19.06879256122313 ], [ 75.076186030080436, 19.066415024534301 ], [ 75.07162951214805, 19.057515890921714 ], [ 75.100760702104409, 19.044103847697862 ], [ 75.168633507281058, 19.035772070666447 ], [ 75.181350088804749, 19.012682892913748 ], [ 75.209914008891531, 19.022772022756193 ], [ 75.20632397374149, 19.037332065950352 ], [ 75.188999733386581, 19.049972531302835 ], [ 75.1971808228284, 19.065293760869388 ], [ 75.190208950222527, 19.092695010748074 ], [ 75.222585448250726, 19.11018389867036 ], [ 75.226587937359369, 19.065695420658059 ], [ 75.240151515848822, 19.061646889357633 ], [ 75.26359587035715, 19.069655208144962 ], [ 75.270556310638398, 19.052920567673759 ], [ 75.261445473881707, 19.025036106106331 ], [ 75.272152380219481, 19.013869176137465 ], [ 75.273308731259931, 18.992387787000396 ], [ 75.297947098882517, 18.977707427297265 ], [ 75.341745273462394, 18.989610630062128 ], [ 75.347086598711485, 19.02285354142689 ], [ 75.330454892907866, 19.032011290370249 ], [ 75.28738671599956, 19.032068566690768 ], [ 75.294182127229035, 19.068551689432891 ], [ 75.283643628505672, 19.078571338181028 ], [ 75.315342826431561, 19.09369146496174 ], [ 75.335642105134411, 19.081159211979717 ], [ 75.364563963151497, 19.076197237463457 ], [ 75.36195462818867, 19.107735987754619 ], [ 75.334477810194556, 19.129205405343114 ], [ 75.332376977536597, 19.150022764056637 ], [ 75.352062672090568, 19.147285955019235 ], [ 75.354949974905551, 19.125161131853176 ], [ 75.399475600236329, 19.138669290698061 ], [ 75.410590155706331, 19.133924614561991 ], [ 75.368902606286355, 19.089103570377311 ], [ 75.384370368525182, 19.077819185149934 ], [ 75.447793920928262, 19.091511784787908 ], [ 75.449966011786501, 19.083253954550973 ], [ 75.456981834473808, 19.084289057853848 ], [ 75.487259030338663, 19.103620324910665 ], [ 75.485147472798587, 19.125760850166767 ], [ 75.453730768625405, 19.12568910395122 ], [ 75.433845709029725, 19.116445018355151 ], [ 75.427332169573504, 19.136451667528906 ], [ 75.454458981661929, 19.142028611914348 ], [ 75.448852972202815, 19.17001802462725 ], [ 75.42832690003091, 19.171147956770593 ], [ 75.404544496748457, 19.19360512536182 ], [ 75.424455932241102, 19.218620047205778 ], [ 75.445468643434637, 19.216977034106002 ], [ 75.464134050302007, 19.252245823698395 ], [ 75.492703506289217, 19.25931396045593 ], [ 75.5174071077587, 19.276520259097094 ], [ 75.541713107735163, 19.308450809322597 ], [ 75.544200981011642, 19.325714601027258 ], [ 75.519303481005224, 19.329667035529063 ], [ 75.535467962450554, 19.374915013107682 ], [ 75.517397533791922, 19.383917823295373 ], [ 75.488861662009157, 19.378973297393301 ], [ 75.490875938789742, 19.412410206200462 ], [ 75.479144216333367, 19.421061533436077 ], [ 75.480297939673108, 19.431556867365632 ], [ 75.491907057031, 19.439985378635821 ], [ 75.509197162119534, 19.428466154766351 ], [ 75.519521832632819, 19.403238087326159 ], [ 75.572027922749825, 19.379612311906062 ], [ 75.609870741641004, 19.381439406084827 ] ] ] } },
{ "type": "Feature", "properties": { "district_id": "karnataka__bidar", "state": "Karnataka", "district": "Bidar", "area_km2": 5446.4, "point_lat": 18.0191, "point_lon": 77.2561 }, "geometry": { "type": "MultiPolygon", "coordinates": [ [ [ [ 77.328574944010697, 18.456531901435014 ], [ 77.345100380549283, 18.4317437038621 ], [ 77.357108667852231, 18.45018323424825 ], [ 77.372724859658859, 18.449113420989189 ], [ 77.367490405851953, 18.431319059543885 ], [ 77.372857559450352, 18.402231230319639 ], [ 77.403679131387165, 18.399359545560269 ], [ 77.413310640721505, 18.39010553691433 ], [ 77.394993892232989, 18.367511285265937 ], [ 77.401514827135614, 18.349115726341555 ], [ 77.358522579422711, 18.320131022880673 ], [ 77.365637412622092, 18.309923577002511 ], [ 77.41102873328748, 18.301250368602194 ], [ 77.439649379409545, 18.308193187969646 ], [ 77.440216977167879, 18.283785571206124 ], [ 77.468756105480026, 18.261757737296797 ], [ 77.513667591577445, 18.280259176674488 ], [ 77.512955845639624, 18.308514192554817 ], [ 77.564549304253333, 18.284973949422415 ], [ 77.574238724035993, 18.292337831970606 ], [ 77.606676220113627, 18.279913138664931 ], [ 77.576137775660499, 18.242477801615777 ], [ 77.588592595905652, 18.218714590990427 ], [ 77.57801728535155, 18.201903949210276 ], [ 77.567899703641032, 18.202526007885414 ], [ 77.58302001187738, 18.164160094111651 ], [ 77.601462146424623, 18.153914093605771 ], [ 77.601189021360724, 18.086455819132176 ], [ 77.570994924153695, 18.078442954981075 ], [ 77.560343364639877, 18.064328853519836 ], [ 77.551061997877568, 18.065781572218107 ], [ 77.54937461990869, 18.055916102763049 ], [ 77.556753278115167, 18.036852572636427 ], [ 77.588691646474913, 18.027028683206503 ], [ 77.595985791596235, 18.012436461434671 ], [ 77.610442348934569, 18.020278413865238 ], [ 77.632633928516725, 17.994847136109819 ], [ 77.650034437558844, 17.995547585345648 ], [ 77.647490325389541, 17.975811948845454 ], [ 77.657281646667258, 17.971735367587389 ], [ 77.648135025342356, 17.965074368808409 ], [ 77.647863734348647, 17.948781297721617 ], [ 77.633571238022796, 17.9653313693778 ], [ 77.627568685342695, 17.960117557473037 ], [ 77.632706546433965, 17.950889475994469 ], [ 77.620618929619695, 17.940490210844757 ], [ 77.62044021325535, 17.905303917115901 ], [ 77.588946297002593, 17.910625299115466 ], [ 77.600523009069093, 17.872903862213484 ], [ 77.576517598204063, 17.87523707609585 ], [ 77.553491301608048, 17.820506349909095 ], [ 77.547431018472466, 17.828729017758995 ], [ 77.529685284158134, 17.829263798503582 ], [ 77.529773060644089, 17.814148539533637 ], [ 77.514533507338825, 17.803902751300736 ], [ 77.508124636302327, 17.785060769411672 ], [ 77.558220049612572, 17.763823540472927 ], [ 77.569760481730384, 17.766681304978849 ], [ 77.565841614816478, 17.749698584649046 ], [ 77.5431100064269, 17.728009441532102 ], [ 77.497932905610881, 17.718595466983235 ], [ 77.488112135297627, 17.706211758838275 ], [ 77.453918817856149, 17.693838119692987 ], [ 77.448590917455746, 17.651008990860102 ], [ 77.456832995551579, 17.633392075173241 ], [ 77.444091569030903, 17.606733834204856 ], [ 77.443525484602034, 17.58414471018855 ], [ 77.378859651892867, 17.583433327585862 ], [ 77.378502830114556, 17.596407888006837 ], [ 77.361095453898955, 17.601301973019119 ], [ 77.350327710609079, 17.601254722431623 ], [ 77.341170029204307, 17.589903713134539 ], [ 77.308749202104408, 17.595680173470257 ], [ 77.277251322880616, 17.626857519754132 ], [ 77.201158667865343, 17.630734599728644 ], [ 77.190847266522965, 17.615631819873204 ], [ 77.151474324606639, 17.631476978146242 ], [ 77.145046914058284, 17.652564585799063 ], [ 77.132915060984061, 17.662099945302984 ], [ 77.134895422468702, 17.680140576130704 ], [ 77.116567805388442, 17.684766670910683 ], [ 77.088766733133625, 17.6598415471463 ], [ 77.038297508941312, 17.668036793236435 ], [ 77.034643223258641, 17.67818863632116 ], [ 77.021501782634857, 17.6753870982058 ], [ 76.995229063596852, 17.695386364867922 ], [ 76.978480761909296, 17.678460318196947 ], [ 76.986221649903271, 17.656166239731181 ], [ 76.960080066026308, 17.636510543162409 ], [ 76.958343018350689, 17.621565677112372 ], [ 76.951760690778485, 17.623529661836059 ], [ 76.939903211174681, 17.607797289041603 ], [ 76.920074959622639, 17.61706698734876 ], [ 76.92891176290631, 17.634776678585492 ], [ 76.901599981414591, 17.646160066286718 ], [ 76.796059393979633, 17.651048042012594 ], [ 76.783510363551017, 17.63580915326585 ], [ 76.771279170384261, 17.646767284116923 ], [ 76.769883577190129, 17.666058585867422 ], [ 76.745465506182654, 17.667883898392237 ], [ 76.721631975250887, 17.65377237746684 ], [ 76.717443149118154, 17.639625569715591 ], [ 76.698770320905325, 17.64574478584527 ], [ 76.710836076161726, 17.66085685093697 ], [ 76.696323110060021, 17.665694620238451 ], [ 76.692199554205729, 17.681754240310529 ], [ 76.692521821198412, 17.703721772654212 ], [ 76.705115802978213, 17.720394026266408 ], [ 76.699814253169663, 17.727794161542512 ], [ 76.729348565664111, 17.738775277064271 ], [ 76.719681749945266, 17.749614306801032 ], [ 76.717403301306391, 17.783621494635121 ], [ 76.741178951594648, 17.780860161174484 ], [ 76.764576278428933, 17.78884845546289 ], [ 76.790048388758024, 17.828180013805522 ], [ 76.767534643088084, 17.852468821538842 ], [ 76.739188461815374, 17.85869255140426 ], [ 76.742381281373355, 17.899597209861952 ], [ 76.767739637814572, 17.90004183518456 ], [ 76.776376218033718, 17.878614440507235 ], [ 76.804683238985774, 17.869999247396937 ], [ 76.81014022874345, 17.884753861538499 ], [ 76.835044487624273, 17.884436920945227 ], [ 76.83371722806487, 17.89234188615637 ], [ 76.855848404298612, 17.89952632379476 ], [ 76.88326099557392, 17.894770039562669 ], [ 76.902356004975218, 17.916396168515281 ], [ 76.918616049803276, 17.916813150751175 ], [ 76.91986172304459, 18.034808229569862 ], [ 76.956859632451355, 18.041282572762075 ], [ 76.949236042151057, 18.075315472480249 ], [ 76.970519868117762, 18.098648108385806 ], [ 76.955596496515909, 18.111622569468722 ], [ 76.924681821190873, 18.11758727903177 ], [ 76.933899793951696, 18.138049532174154 ], [ 76.927487310163272, 18.146267670684569 ], [ 76.935508719220039, 18.15934190678556 ], [ 76.945914597948459, 18.156185554334758 ], [ 76.956291975580228, 18.186312263780028 ], [ 76.990148949805473, 18.189926140130197 ], [ 77.000059769342911, 18.168336547590741 ], [ 77.026356610968122, 18.164190331473492 ], [ 77.02405424615587, 18.179708397664466 ], [ 77.035205381843525, 18.185268140610724 ], [ 77.051881853762154, 18.174726369083952 ], [ 77.060112306030305, 18.153913700090133 ], [ 77.088699556284695, 18.151858594434842 ], [ 77.09916121184385, 18.159712772200582 ], [ 77.111458305960454, 18.154287175860095 ], [ 77.118902440305192, 18.169183131904497 ], [ 77.098065900043537, 18.196629818585912 ], [ 77.152642310691505, 18.218113001939923 ], [ 77.150413825784142, 18.239177283090296 ], [ 77.168358118316789, 18.257439349820419 ], [ 77.173205814515811, 18.282360198535464 ], [ 77.208954568237957, 18.279489274335326 ], [ 77.198150815001028, 18.314179555566898 ], [ 77.20289538703274, 18.320637532090938 ], [ 77.212734299354949, 18.315224037602238 ], [ 77.233611925250841, 18.367020720538513 ], [ 77.247860912214705, 18.37202279293783 ], [ 77.23566160753272, 18.387549743363593 ], [ 77.24302706958926, 18.410041046322664 ], [ 77.261212455773205, 18.411829059714691 ], [ 77.316234804042296, 18.440796994794947 ], [ 77.320369775969127, 18.455190561523583 ], [ 77.328574944010697, 18.456531901435014 ] ] ], [ [ [ 77.300949956186983, 18.476736019200622 ], [ 77.293949572642887, 18.458249885839798 ], [ 77.268332005307698, 18.452970807472923 ], [ 77.274899144818463, 18.474858362417741 ], [ 77.300949956186983, 18.476736019200622 ] ] ] ] } },
{ "type": "Feature", "properties": { "district_id": "karnataka__bijapur", "state": "Karnataka", "district": "Bijapur", "area_km2": 10508.4, "point_lat": 16.8157, "point_lon": 75.8823 }, "geometry": { "type": "Polygon", "coordinates": [ [ [ 76.073440298220518, 17.33402682361465 ], [ 76.066487154636789, 17.309227525068351 ], [ 76.09730381807401, 17.291164996320571 ], [ 76.090381266339833, 17.25599686409895 ], [ 76.124903297693265, 17.24468883261045 ], [ 76.188527806979323, 17.185838507200135 ], [ 76.219917267656442, 17.184113107616529 ], [ 76.244371563066466, 17.148903371083172 ], [ 76.255232393490758, 17.146922354784138 ], [ 76.27617217050674, 17.163825296721129 ], [ 76.323719299294751, 17.167873143313216 ], [ 76.360174494220402, 17.183919120191561 ], [ 76.368543500686442, 17.164429287759368 ], [ 76.360716872265911, 17.137960740791726 ], [ 76.39376299212671, 17.140263178452564 ], [ 76.363351283744706, 17.112902013309135 ], [ 76.384781832727214, 17.098870681944923 ], [ 76.390042748959928, 17.067734106267853 ], [ 76.429803908419345, 17.099254039750186 ], [ 76.435314019933188, 16.980222087278239 ], [ 76.400663093870875, 16.975786771854725 ], [ 76.401174200004107, 16.934598134536355 ], [ 76.419083203770214, 16.926346493028859 ], [ 76.436707941229372, 16.941399639931763 ], [ 76.446135448227764, 16.940658857600738 ], [ 76.46580414569658, 16.902753198591423 ], [ 76.435283272622044, 16.89776947908317 ], [ 76.438085091545332, 16.867272598288086 ], [ 76.459310819367957, 16.865763532423649 ], [ 76.469674302701023, 16.848479246596899 ], [ 76.461967848389023, 16.833030155734793 ], [ 76.431168461702313, 16.837517482053158 ], [ 76.429518619522028, 16.847861428785805 ], [ 76.403824431740702, 16.857536567942297 ], [ 76.374786980923602, 16.858562840477191 ], [ 76.358225862589052, 16.837988655249148 ], [ 76.354751040192809, 16.818716657585224 ], [ 76.413983791138634, 16.812642376305021 ], [ 76.411544712560129, 16.797567622320678 ], [ 76.396861715271513, 16.804244018804052 ], [ 76.378767568857498, 16.800851324681851 ], [ 76.371963271426594, 16.767420052638411 ], [ 76.435414272700541, 16.762810470391919 ], [ 76.443710354529927, 16.75621810277207 ], [ 76.440910641078048, 16.741596579579376 ], [ 76.429959956179744, 16.735980703910236 ], [ 76.420502066519077, 16.715370017034235 ], [ 76.443306409757952, 16.71276185634002 ], [ 76.44737063305152, 16.721582121666117 ], [ 76.458864330238512, 16.721284767231293 ], [ 76.461858178126818, 16.707031235107927 ], [ 76.451823238137422, 16.711391036870499 ], [ 76.426747930236601, 16.695356910439781 ], [ 76.405067812340036, 16.647725873717899 ], [ 76.435922778411793, 16.511220844508074 ], [ 76.437302385061358, 16.434929391327092 ], [ 76.391510013050549, 16.434912927435771 ], [ 76.383986418811702, 16.422269395063033 ], [ 76.333807673851652, 16.423922269176849 ], [ 76.333977952568759, 16.389597618134893 ], [ 76.310475186225176, 16.394718255443095 ], [ 76.306243290124186, 16.376373435192423 ], [ 76.316005179971071, 16.344757808196299 ], [ 76.295423267229282, 16.333961342774234 ], [ 76.294114476170165, 16.324500699642357 ], [ 76.305228424363904, 16.315545053029052 ], [ 76.302210863460147, 16.2833704789129 ], [ 76.32206003293291, 16.28503982009433 ], [ 76.348249953109075, 16.273998414510313 ], [ 76.346088335787556, 16.24606639958315 ], [ 76.354374334201125, 16.225874214396139 ], [ 76.329301152366611, 16.191058986783826 ], [ 76.298358739389613, 16.182220364157178 ], [ 76.28151207110723, 16.149769054097469 ], [ 76.170029959023736, 16.183859556602503 ], [ 76.141476082982422, 16.180456904732555 ], [ 76.066839322704183, 16.207792529750744 ], [ 76.05978880218295, 16.219389605434984 ], [ 76.066878959099185, 16.25878356028295 ], [ 76.028256838742649, 16.298405145183768 ], [ 75.959197351157769, 16.297513626186099 ], [ 75.934485050962067, 16.313735293333714 ], [ 75.891233607915794, 16.326141996246641 ], [ 75.873963953027229, 16.343112711514912 ], [ 75.838685108797193, 16.350690400025549 ], [ 75.782316337092723, 16.379889849882606 ], [ 75.724504144251895, 16.390365657268408 ], [ 75.643447860556904, 16.44017126901829 ], [ 75.60464347905355, 16.444767941388783 ], [ 75.572475562788114, 16.409957504375978 ], [ 75.556872927695196, 16.422109970192174 ], [ 75.552922196270998, 16.456001806953736 ], [ 75.536340286620216, 16.464639238975174 ], [ 75.498866619694567, 16.451601879300263 ], [ 75.493392266963966, 16.419523496684359 ], [ 75.45002215390079, 16.413332081989267 ], [ 75.434718654874558, 16.437448907189108 ], [ 75.46017656851825, 16.466679381642717 ], [ 75.456316444216156, 16.505604939310938 ], [ 75.486631826426901, 16.509014209763166 ], [ 75.492210612748664, 16.523726685358959 ], [ 75.488617739191454, 16.549130524892583 ], [ 75.474016242449707, 16.560476334709261 ], [ 75.492674996985258, 16.592606652353389 ], [ 75.461547237512377, 16.621460390600802 ], [ 75.455600496759587, 16.663078253902281 ], [ 75.445719364826331, 16.663410883303474 ], [ 75.439277582772093, 16.696965937511823 ], [ 75.490977714022847, 16.698021252951786 ], [ 75.494057388285142, 16.739650708585465 ], [ 75.427623210852133, 16.766774180068797 ], [ 75.38783995224739, 16.761949916447193 ], [ 75.377874550557081, 16.808306777830211 ], [ 75.394581379695737, 16.860502370648366 ], [ 75.334563429449574, 16.868106625020573 ], [ 75.333877113406615, 16.914366959431664 ], [ 75.34289126689292, 16.954146562287892 ], [ 75.392497577019, 16.978009807289975 ], [ 75.428901651962079, 16.965114460602081 ], [ 75.441724029173017, 16.981141477996353 ], [ 75.465923631778523, 16.986986987435372 ], [ 75.487781411443734, 16.967078833336405 ], [ 75.490612204762371, 16.944604009105255 ], [ 75.50882213269945, 16.949031052922077 ], [ 75.531125654011163, 16.968369760408514 ], [ 75.568737610370547, 16.965357877854764 ], [ 75.568279782181264, 17.007870518629442 ], [ 75.574189537960066, 17.00950244667299 ], [ 75.608024077493567, 17.004830129360407 ], [ 75.60918404722004, 16.971379824092214 ], [ 75.634961353134159, 16.967585817491141 ], [ 75.643684106739784, 16.952835238619048 ], [ 75.677195103535212, 16.965752486455177 ], [ 75.667556896627858, 16.979549239961788 ], [ 75.670971959555331, 17.037468672534409 ], [ 75.652662568698261, 17.032362905123456 ], [ 75.642366942001175, 17.038116851775811 ], [ 75.661374745583615, 17.063478116289467 ], [ 75.677151562763669, 17.064571821754811 ], [ 75.672805070075754, 17.115203358764585 ], [ 75.652266505710415, 17.114773700485237 ], [ 75.65134966619317, 17.134355665391467 ], [ 75.62655076951286, 17.17169119760673 ], [ 75.629229109680182, 17.187722103851339 ], [ 75.64121114373927, 17.189727249545744 ], [ 75.660749741370793, 17.209896149259436 ], [ 75.658503029855652, 17.262941542083272 ], [ 75.656082177536973, 17.272064623053584 ], [ 75.630834783948444, 17.273691018652659 ], [ 75.623161885421553, 17.295247942612267 ], [ 75.604380151972336, 17.304682980750005 ], [ 75.614462432930409, 17.330158686729792 ], [ 75.611534191538169, 17.343695776317045 ], [ 75.583151656357188, 17.35115391652721 ], [ 75.576837140818597, 17.384264991291239 ], [ 75.614225793464399, 17.393203615107403 ], [ 75.60853570769558, 17.420856609115688 ], [ 75.634061319465161, 17.478787422022236 ], [ 75.676163081944921, 17.459287292197512 ], [ 75.689864740709893, 17.413974661033691 ], [ 75.713942110189009, 17.410314976635497 ], [ 75.735864243930081, 17.42328843585279 ], [ 75.768714230161862, 17.408263493095593 ], [ 75.781305332099478, 17.380266362711506 ], [ 75.801406329190158, 17.371577957387814 ], [ 75.814165901869501, 17.375331686442824 ], [ 75.823841876244956, 17.424286554477167 ], [ 75.855218261069595, 17.4091433285828 ], [ 75.861228626765026, 17.387354147854516 ], [ 75.878222688223289, 17.401822090221028 ], [ 75.877745533729666, 17.418022245855738 ], [ 75.886569779213431, 17.418812586392555 ], [ 75.895790134657929, 17.396495704642717 ], [ 75.893035408518941, 17.355177580578566 ], [ 75.930650033425948, 17.325722259071473 ], [ 75.999985851942995, 17.339396317077327 ], [ 76.01523539214314, 17.352253724118537 ], [ 76.05442658622863, 17.355964638180801 ], [ 76.063118228076689, 17.353576409826328 ], [ 76.073440298220518, 17.33402682361465 ] ] ] } },
{ "type": "Feature", "properties": { "district_id": "assam__bongaigaon", "state": "Assam", "district": "Bongaigaon", "area_km2": 1052.4, "point_lat": 26.3579, "point_lon": 90.6353 }, "geometry": { "type": "Polygon", "coordinates": [ [ [ 90.854180727531187, 26.523361161862901 ], [ 90.853973659064309, 26.49886404786497 ], [ 90.83865922615395, 26.5040961779623 ], [ 90.82514701545243, 26.492418730084548 ], [ 90.812296791122819, 26.500277041242573 ], [ 90.806458615342081, 26.494219363679207 ], [ 90.807369116080565, 26.478595392390428 ], [ 90.820367641711002, 26.476330647939552 ], [ 90.828905337075085, 26.449671148967752 ], [ 90.818145407162703, 26.439005914295961 ], [ 90.789893062794292, 26.440614022056728 ], [ 90.802413123758754, 26.427922936435994 ], [ 90.835751440250107, 26.433514555410984 ], [ 90.847547365681692, 26.44543510147674 ], [ 90.862372461683321, 26.433750324466391 ], [ 90.847254141855373, 26.402251127367851 ], [ 90.863593598732351, 26.375381696301684 ], [ 90.861399372009089, 26.361617954037566 ], [ 90.842714825021076, 26.357912240398505 ], [ 90.821531402971573, 26.365576921171318 ], [ 90.792962901371126, 26.327946553029172 ], [ 90.804853368440476, 26.320670602663473 ], [ 90.804711796227494, 26.306823737475906 ], [ 90.779471470953354, 26.303361788049752 ], [ 90.762643416635029, 26.312941638330898 ], [ 90.734279301059644, 26.295434891964984 ], [ 90.721581716830215, 26.276607480735557 ], [ 90.722927547204065, 26.26789845193543 ], [ 90.734789629794889, 26.268106564642515 ], [ 90.733622027844234, 26.25751765527151 ], [ 90.719418392730717, 26.263550165359369 ], [ 90.705611008658536, 26.255748109428328 ], [ 90.680634553265065, 26.256404233981371 ], [ 90.656018572213696, 26.241381166200011 ], [ 90.508750612151246, 26.19971897559245 ], [ 90.465833629826363, 26.204961639184333 ], [ 90.424066925155728, 26.198808273564708 ], [ 90.379330910322935, 26.181459847022456 ], [ 90.381840929411922, 26.223885422626157 ], [ 90.402259048187901, 26.220629238426756 ], [ 90.429878108988532, 26.244326234509668 ], [ 90.442422602145456, 26.244118693587147 ], [ 90.433587679572511, 26.256964143876107 ], [ 90.438047927994546, 26.262057227459021 ], [ 90.452359906907617, 26.248766143201109 ], [ 90.448443111956465, 26.268708242679217 ], [ 90.473147743683271, 26.266055397530774 ], [ 90.476463633492457, 26.271330277084335 ], [ 90.459641242227377, 26.27249131339191 ], [ 90.460429182240588, 26.284397421292397 ], [ 90.461493706009009, 26.277827843198331 ], [ 90.473226971271373, 26.277852367916495 ], [ 90.466843688372265, 26.288035108868907 ], [ 90.484043734368356, 26.292220972563467 ], [ 90.470546650995445, 26.326176321826978 ], [ 90.477053200158721, 26.331084838443292 ], [ 90.465432695773032, 26.330130385549463 ], [ 90.458206378201311, 26.338759060868018 ], [ 90.460884345729397, 26.356067478781064 ], [ 90.448323850842456, 26.345789688902915 ], [ 90.444619607506837, 26.361768181546182 ], [ 90.438772774129177, 26.358469812216278 ], [ 90.438465576792623, 26.342875175527595 ], [ 90.426406546331037, 26.364774860493718 ], [ 90.399852325205941, 26.362722969792966 ], [ 90.381932466626097, 26.369878254882707 ], [ 90.39864362213477, 26.385418186916006 ], [ 90.409812941479444, 26.434010740919714 ], [ 90.42488251141522, 26.431266998138614 ], [ 90.427391405337787, 26.406161241894541 ], [ 90.441317885836, 26.405664503541857 ], [ 90.445275630859371, 26.412773045606869 ], [ 90.460903046070825, 26.403703279113472 ], [ 90.464508393278194, 26.438592828582227 ], [ 90.479662500598749, 26.455792819964866 ], [ 90.526005428100575, 26.450846228108379 ], [ 90.525769243322003, 26.420533474196862 ], [ 90.548634753420657, 26.42772983026283 ], [ 90.563516353101164, 26.476072748536062 ], [ 90.556731061049859, 26.50428882496124 ], [ 90.570694124974054, 26.514139628545763 ], [ 90.591018757890353, 26.511221781081556 ], [ 90.614182823889877, 26.480864189285338 ], [ 90.633336190846819, 26.498067860374604 ], [ 90.621901320349565, 26.51837885625752 ], [ 90.656282496862787, 26.526319661641828 ], [ 90.68693387183049, 26.510347842186658 ], [ 90.702025961775973, 26.485700349178014 ], [ 90.744246145109685, 26.483381509397212 ], [ 90.755162550289484, 26.471931059959083 ], [ 90.767983336809223, 26.486663574662906 ], [ 90.786688002101215, 26.472360459218542 ], [ 90.793148915481396, 26.480300552466659 ], [ 90.76229798911487, 26.50671888142859 ], [ 90.765438269901694, 26.520960981993767 ], [ 90.78994558672612, 26.521873737755797 ], [ 90.803562382033533, 26.534524183864882 ], [ 90.854180727531187, 26.523361161862901 ] ] ] } },
{ "type": "Feature", "properties": { "district_id": "maharashtra__buldana", "state": "Maharashtra", "district": "Buldana", "area_km2": 9751.0, "point_lat": 20.5609, "point_lon": 76.4101 }, "geometry": { "type": "Polygon", "coordinates": [ [ [ 76.783760343525913, 21.188961852860462 ], [ 76.772177989399992, 21.180918122545894 ], [ 76.788631424162489, 21.110300883329352 ], [ 76.774317575116413, 21.088866611020002 ], [ 76.782611838784561, 21.061443549387604 ], [ 76.765477349818596, 21.038660314338326 ], [ 76.778330774571259, 21.02830802844186 ], [ 76.789145491362461, 21.031806669122808 ], [ 76.789025595098309, 21.003235783362602 ], [ 76.778314560112065, 21.003121184737658 ], [ 76.776166969605057, 20.990010385972329 ], [ 76.782463524478487, 20.990182359908435 ], [ 76.783797824665072, 20.971273277791152 ], [ 76.806091505212649, 20.971404635755274 ], [ 76.807925919731545, 20.957604159807691 ], [ 76.788272556340971, 20.961902724572575 ], [ 76.786921689000422, 20.941988772639014 ], [ 76.775770535196528, 20.931797827059508 ], [ 76.786570153433658, 20.927017140320679 ], [ 76.785693127567228, 20.908484854716832 ], [ 76.774877068118286, 20.909478681068762 ], [ 76.77317283187773, 20.922142441339432 ], [ 76.746545082079535, 20.927932238721024 ], [ 76.688384332404482, 20.916619856995606 ], [ 76.69573944840333, 20.907398843211833 ], [ 76.705669508307565, 20.909959213971636 ], [ 76.7228740810978, 20.885913287253313 ], [ 76.743598116052866, 20.890167336342632 ], [ 76.74626751400686, 20.872294301505686 ], [ 76.762884645352273, 20.857759676090268 ], [ 76.751766554224602, 20.838104881779373 ], [ 76.755723083457724, 20.825928126133142 ], [ 76.745399512111746, 20.820383865529134 ], [ 76.745286577105233, 20.798297282152852 ], [ 76.772519231937466, 20.783684796299866 ], [ 76.755340815712742, 20.746360307963783 ], [ 76.760438282648323, 20.722892955054057 ], [ 76.735252280713325, 20.71532630789687 ], [ 76.734828834273088, 20.70115602662208 ], [ 76.722950793538629, 20.693071973161626 ], [ 76.737808631219977, 20.689139244481414 ], [ 76.735601398330203, 20.657283234522463 ], [ 76.766161506198429, 20.6498602655446 ], [ 76.756134230204637, 20.645533369598514 ], [ 76.751200373969581, 20.631599681788622 ], [ 76.772218863061809, 20.627376728131782 ], [ 76.763347663065701, 20.602972810349495 ], [ 76.785717902858934, 20.603340140267534 ], [ 76.790672806606636, 20.595413463271125 ], [ 76.77036876368561, 20.575442587005103 ], [ 76.784780170607306, 20.571491689076147 ], [ 76.770067131164581, 20.512911093828365 ], [ 76.752957439731773, 20.512356600618944 ], [ 76.750643528209977, 20.497993778832864 ], [ 76.737118382475913, 20.491793994350896 ], [ 76.739016847935289, 20.510680376748468 ], [ 76.716561877416694, 20.513578513902267 ], [ 76.70496093206404, 20.483647348685555 ], [ 76.708985646554993, 20.470833380489633 ], [ 76.698860129368882, 20.472056550034253 ], [ 76.693925096947012, 20.458474695153736 ], [ 76.714658638756816, 20.437034086594423 ], [ 76.713796015699302, 20.41826798354521 ], [ 76.720063395209763, 20.418720699323963 ], [ 76.727659890338856, 20.401469518110794 ], [ 76.725024702020605, 20.389450579565363 ], [ 76.708806071295072, 20.385463573679026 ], [ 76.699607763228727, 20.353364889885384 ], [ 76.727935186108539, 20.343869156893938 ], [ 76.726710857541747, 20.338351798092056 ], [ 76.747049483129743, 20.338131720773347 ], [ 76.744233062221809, 20.326227228680516 ], [ 76.769482153170401, 20.31394851029178 ], [ 76.769891375364452, 20.322381413831639 ], [ 76.792837816190428, 20.315297973425647 ], [ 76.788559222887628, 20.290132019390853 ], [ 76.821987236793831, 20.280375059384642 ], [ 76.829773204527385, 20.266955633621119 ], [ 76.811498546368284, 20.219587188142775 ], [ 76.796660081008113, 20.219228041562317 ], [ 76.786837206238914, 20.203014257053653 ], [ 76.747224470218924, 20.204735433173855 ], [ 76.7495141133153, 20.166261204552651 ], [ 76.762027954183651, 20.161659823608815 ], [ 76.758656748354156, 20.130762689309446 ], [ 76.706267570626139, 20.122436084043215 ], [ 76.67091100854519, 20.126345111001001 ], [ 76.658790512603488, 20.112858670553745 ], [ 76.660877158538412, 20.097497295578517 ], [ 76.649151909144535, 20.083729636463758 ], [ 76.64770589914275, 20.068399735807393 ], [ 76.636820665955739, 20.069386691956112 ], [ 76.630389936182922, 20.082290847296232 ], [ 76.624880512149772, 20.049705241206141 ], [ 76.662584802680087, 20.047942938228676 ], [ 76.658855698995154, 20.000659845376813 ], [ 76.645496305027251, 19.981747100771067 ], [ 76.659824539718571, 19.976283914626332 ], [ 76.659405826740496, 19.962932595101112 ], [ 76.638049043821226, 19.958448480191194 ], [ 76.633450476790841, 19.926497134924031 ], [ 76.606736550424287, 19.920979606183153 ], [ 76.614922931687317, 19.907050103732971 ], [ 76.611763744871737, 19.890435841420619 ], [ 76.656581629560904, 19.897063192637734 ], [ 76.652661190436888, 19.8740970620543 ], [ 76.646947340062013, 19.865605685226313 ], [ 76.633427896608055, 19.866231318411646 ], [ 76.623371574670628, 19.842535626603585 ], [ 76.569058814093751, 19.844462938328149 ], [ 76.569045292392374, 19.838384237929048 ], [ 76.540422625077781, 19.844767762624443 ], [ 76.533018329476988, 19.850418935383711 ], [ 76.53362450182432, 19.864281505206531 ], [ 76.500246271973396, 19.883478783904852 ], [ 76.490678739202281, 19.918074406008103 ], [ 76.408216923293764, 19.91971941048644 ], [ 76.390234256110958, 19.904253663264203 ], [ 76.383500967630908, 19.918659387729903 ], [ 76.368159825762334, 19.925668431047004 ], [ 76.339578129745931, 19.881907440369591 ], [ 76.305145051982095, 19.877651010743907 ], [ 76.298189831549564, 19.869586024432518 ], [ 76.256574598637343, 19.873303031680361 ], [ 76.198834087945698, 19.862288530622926 ], [ 76.187866500790321, 19.850971842688821 ], [ 76.151983021925631, 19.855884002912639 ], [ 76.149710372012763, 19.845253204469312 ], [ 76.140109553509475, 19.844462211953616 ], [ 76.129308867013947, 19.862827758903009 ], [ 76.10023533104075, 19.855911918727713 ], [ 76.081608478637065, 19.884568251527948 ], [ 76.080545868300007, 19.91152375910163 ], [ 76.061372041809037, 19.918154645493498 ], [ 76.048624594192205, 19.94724729077835 ], [ 76.01401418678573, 19.953227848234903 ], [ 76.016653941189773, 19.973967610529968 ], [ 75.990453615656293, 19.975156631501619 ], [ 75.969651101006946, 19.989504631001306 ], [ 75.967253828951215, 20.000089732165243 ], [ 75.994230106893539, 20.004886061618706 ], [ 76.01305474676866, 20.023040646306022 ], [ 76.02471251917207, 20.023131377562617 ], [ 76.019722104774218, 20.058986001595219 ], [ 76.068128762577857, 20.069585484554832 ], [ 76.066915404668364, 20.083227204670646 ], [ 76.055468028647056, 20.085550053433121 ], [ 76.057298439728868, 20.098428814717579 ], [ 76.097407596145104, 20.097263188573223 ], [ 76.110922771720013, 20.161585389617144 ], [ 76.122799549902197, 20.159834620062231 ], [ 76.13543993735351, 20.19866312961878 ], [ 76.151244000424114, 20.204538969995212 ], [ 76.134177843970207, 20.221718652109349 ], [ 76.149944357742356, 20.234705133791916 ], [ 76.166401690322871, 20.236683040534576 ], [ 76.194888619371667, 20.300308589220926 ], [ 76.172258963989478, 20.294531293596627 ], [ 76.156402139562175, 20.302718942933804 ], [ 76.141884040712327, 20.299904895490926 ], [ 76.145504266081218, 20.310968693902758 ], [ 76.126285076532298, 20.315210429301992 ], [ 76.128923459616388, 20.341117603353606 ], [ 76.10899271236454, 20.352920310487391 ], [ 76.095572579951025, 20.345526765226854 ], [ 76.083145328101452, 20.364708198723278 ], [ 76.072243580821777, 20.346616701521317 ], [ 76.04955609201437, 20.335711961661932 ], [ 76.031142649125812, 20.288430147446839 ], [ 76.002422898777382, 20.287951353761329 ], [ 76.004499010397311, 20.305473289263489 ], [ 75.99769908215292, 20.31305869430814 ], [ 75.984120805483414, 20.309373736077749 ], [ 75.975291963648658, 20.316452943500028 ], [ 75.950805090084003, 20.300619022405463 ], [ 75.928139140112336, 20.306914750258709 ], [ 75.926630028644169, 20.323305835220548 ], [ 75.944677724788463, 20.351566286905356 ], [ 75.942170296974055, 20.371231065342187 ], [ 75.968140826282607, 20.373617623507773 ], [ 75.950553452665389, 20.394385950348273 ], [ 75.942200756502402, 20.425552572594189 ], [ 75.957673381362227, 20.456726727643993 ], [ 75.942421492353617, 20.495610949621014 ], [ 75.950551887121208, 20.51955040613716 ], [ 75.958557749489643, 20.527393522272064 ], [ 75.97075803939137, 20.522980385840089 ], [ 75.973984953116087, 20.533465358430611 ], [ 75.998877847339301, 20.529901541937281 ], [ 76.011589980372037, 20.537012183417698 ], [ 76.018450838787146, 20.530272198393398 ], [ 76.01848732420288, 20.550294267638836 ], [ 76.040301109525203, 20.555047823302825 ], [ 76.032844071446547, 20.638478150467815 ], [ 76.011074261828355, 20.643021836207208 ], [ 75.99813839953994, 20.667357529615302 ], [ 76.003871287065806, 20.683771094176247 ], [ 75.998718110263866, 20.712690616666798 ], [ 76.017354752674109, 20.724042772295249 ], [ 76.016032647788023, 20.731419230107608 ], [ 75.986907238154515, 20.758846440481829 ], [ 75.997982346094332, 20.777941896615928 ], [ 76.012313800894177, 20.785522260524274 ], [ 76.049932731390911, 20.788237406177863 ], [ 76.057547834931484, 20.803538225322256 ], [ 76.051082314637682, 20.816473718833404 ], [ 76.073938249176095, 20.833564342421727 ], [ 76.075555473835308, 20.844888504473222 ], [ 76.111654703866364, 20.881702188001892 ], [ 76.11541315695662, 20.893275050121872 ], [ 76.080715067146102, 20.908039126572653 ], [ 76.084114856265231, 20.92752726905675 ], [ 76.092143443226448, 20.943496492859254 ], [ 76.113305345502454, 20.952552197062531 ], [ 76.124657537595326, 20.977240724027371 ], [ 76.159430293910404, 21.000346773702166 ], [ 76.166505654260703, 21.04002354005144 ], [ 76.200458878336988, 21.014848833241029 ], [ 76.225809219624082, 21.01191332920374 ], [ 76.239548854926085, 20.990702622738247 ], [ 76.276321175052061, 20.971799439246993 ], [ 76.280576416812991, 20.958197622158426 ], [ 76.346905134143157, 20.949767399033121 ], [ 76.367969803048908, 20.977812968706083 ], [ 76.383313113026958, 20.977511946580446 ], [ 76.394406531613001, 21.014138933116577 ], [ 76.398041323573025, 21.032551471666519 ], [ 76.383527951434814, 21.077281659592366 ], [ 76.410540358129609, 21.092036521973426 ], [ 76.412926706970325, 21.105201498207322 ], [ 76.453899637750723, 21.112806017832206 ], [ 76.458734830145005, 21.136253269915645 ], [ 76.478264340413219, 21.153205533707919 ], [ 76.48869876681961, 21.193921168112865 ], [ 76.530602741233182, 21.187165932476969 ], [ 76.560848981045993, 21.203678234026835 ], [ 76.624985430376455, 21.190544926731256 ], [ 76.644246547659506, 21.245569032142292 ], [ 76.660203611520075, 21.245659957958228 ], [ 76.662796007271353, 21.280225966397104 ], [ 76.724093190150001, 21.28906663267799 ], [ 76.749049201553504, 21.253266343721851 ], [ 76.748364412643497, 21.222064427751654 ], [ 76.760537228482249, 21.221236693808954 ], [ 76.768024087825466, 21.191868329832474 ], [ 76.783760343525913, 21.188961852860462 ] ] ] } },
{ "type": "Feature", "properties": { "district_id": "assam__cachar", "state": "Assam", "district": "Cachar", "area_km2": 3784.3, "point_lat": 24.7555, "point_lon": 92.8822 }, "geometry": { "type": "Polygon", "coordinates": [ [ [ 93.252354460404476, 24.971577981056381 ], [ 93.262698795667148, 24.962777185415206 ], [ 93.261824316971257, 24.947770187488398 ], [ 93.248690156711362, 24.951507645594774 ], [ 93.253550468576208, 24.939026767294585 ], [ 93.239425586589974, 24.935282335094488 ], [ 93.247931779064686, 24.936527760975846 ], [ 93.242471811117227, 24.927763817722319 ], [ 93.2526760148981, 24.915234785630854 ], [ 93.238408996300493, 24.911463400356272 ], [ 93.242766328295957, 24.900153836128954 ], [ 93.229903003370069, 24.891348447002635 ], [ 93.228486007082211, 24.873745424972594 ], [ 93.208081949415757, 24.853009866431272 ], [ 93.196602264603285, 24.852995443004698 ], [ 93.200933592140913, 24.840433936344134 ], [ 93.193753035456737, 24.840429907041443 ], [ 93.200935663408217, 24.836665499062104 ], [ 93.192349096265147, 24.832893511786075 ], [ 93.19813555132842, 24.811535526862819 ], [ 93.192422131134236, 24.802731747547728 ], [ 93.15232588720346, 24.786365005610023 ], [ 93.136480687678954, 24.807701138868715 ], [ 93.12071622703624, 24.805173693601109 ], [ 93.12210116906185, 24.816480088845033 ], [ 93.109237695808687, 24.806408495674724 ], [ 93.098024008239889, 24.741060670528018 ], [ 93.106624271590292, 24.738566622579601 ], [ 93.088137176603311, 24.705882760601931 ], [ 93.075244754259217, 24.707115751200899 ], [ 93.092524215640935, 24.684536903805654 ], [ 93.091130868638771, 24.674497514622434 ], [ 93.104027389061812, 24.671997987883397 ], [ 93.09557357485248, 24.649396702235546 ], [ 93.08415308305598, 24.644365420145519 ], [ 93.088660411929069, 24.624312746741907 ], [ 93.078693059388911, 24.618029310236736 ], [ 93.086029342954177, 24.608023397109886 ], [ 93.074692881317858, 24.592946576475661 ], [ 93.106188128424705, 24.580208984764365 ], [ 93.086358055958868, 24.567868517679376 ], [ 93.060378461451947, 24.571577415954788 ], [ 93.071915227635202, 24.557800239758397 ], [ 93.064768754857568, 24.543998494801425 ], [ 93.06044685519015, 24.551511713174012 ], [ 93.051910607970484, 24.541478255945492 ], [ 93.052047827965893, 24.516401643212003 ], [ 93.040640581976405, 24.511364601834334 ], [ 93.043533099760324, 24.502567434297326 ], [ 93.034961562129666, 24.493735910740352 ], [ 93.047681275291765, 24.472241725747182 ], [ 93.047406100425619, 24.460717331213282 ], [ 93.037065749899469, 24.457931557629774 ], [ 93.031294029073607, 24.425651080748914 ], [ 93.038267508141161, 24.407904501918182 ], [ 93.01512340911006, 24.399352697147219 ], [ 93.005598593510683, 24.408771903032395 ], [ 92.997201345466692, 24.398428396750859 ], [ 92.979439117323182, 24.406590047791642 ], [ 92.959525902737553, 24.392819015882324 ], [ 92.95045754503677, 24.401789237764579 ], [ 92.934935001331752, 24.392531655322014 ], [ 92.91081274583307, 24.409938587962937 ], [ 92.904438415941399, 24.391495835253984 ], [ 92.890066505016705, 24.399368630669656 ], [ 92.862215790784404, 24.396622521979829 ], [ 92.832037720323299, 24.373560076423125 ], [ 92.824390822672456, 24.387694543625937 ], [ 92.830708584478245, 24.397693365386999 ], [ 92.800208832961118, 24.41629901085685 ], [ 92.778657654387203, 24.483787328122215 ], [ 92.759204200603762, 24.518513770462828 ], [ 92.780315257751937, 24.569230056594538 ], [ 92.764135584545699, 24.566566553062987 ], [ 92.755012577262761, 24.582702184822434 ], [ 92.738746043133844, 24.586700280660143 ], [ 92.725647437307856, 24.56904541518076 ], [ 92.704886046129786, 24.563972930201317 ], [ 92.669876677604975, 24.591078540658952 ], [ 92.669926494136661, 24.60942320312973 ], [ 92.696483204520788, 24.616388940089713 ], [ 92.681011592154164, 24.628776750741459 ], [ 92.669979455396756, 24.626262870425975 ], [ 92.668828831703749, 24.658791862150846 ], [ 92.655758308967535, 24.691737370954513 ], [ 92.657302328990355, 24.741777500877088 ], [ 92.669771805992298, 24.789841012217337 ], [ 92.684009156323881, 24.802432179942404 ], [ 92.680304285782071, 24.813183310005531 ], [ 92.639784941652309, 24.819060558000725 ], [ 92.631356911733647, 24.853141237157526 ], [ 92.610304447326158, 24.860925621930626 ], [ 92.598035344367872, 24.877944082323385 ], [ 92.58214471218885, 24.873125982174955 ], [ 92.589085600812268, 24.861931193366829 ], [ 92.560310034681862, 24.872104838707301 ], [ 92.525842738867695, 24.858710522277285 ], [ 92.516226343315211, 24.874932777981826 ], [ 92.498942567214897, 24.873967628642884 ], [ 92.484366712010356, 24.931026652788187 ], [ 92.488701826330967, 24.942328091417778 ], [ 92.455028424699606, 24.94225921517938 ], [ 92.451634235466216, 24.952552186535211 ], [ 92.46587489935817, 24.962517546222102 ], [ 92.430982511767425, 24.969579540015388 ], [ 92.419839012673421, 24.987353660594504 ], [ 92.425344460070121, 25.029520419103147 ], [ 92.447022445771466, 25.039898247628024 ], [ 92.463727633464956, 25.034963383224159 ], [ 92.460336117523013, 25.052494551301113 ], [ 92.47512263052009, 25.068614617258856 ], [ 92.484840178440749, 25.105868800888416 ], [ 92.545036684994542, 25.097043515833835 ], [ 92.549182186500914, 25.103656668989625 ], [ 92.574851256099052, 25.101514198653149 ], [ 92.605383549783056, 25.110359444957989 ], [ 92.623304940870455, 25.101909486178755 ], [ 92.648247341157386, 25.117833109127595 ], [ 92.672727713572243, 25.10812099915956 ], [ 92.687443555362748, 25.114371086774788 ], [ 92.702017780052188, 25.108698619374756 ], [ 92.716850524935936, 25.117485278524942 ], [ 92.726132847070843, 25.112103149659792 ], [ 92.738216618277661, 25.125583535134751 ], [ 92.733480230578238, 25.142873505166115 ], [ 92.746748173887312, 25.135285066558865 ], [ 92.756593330572187, 25.13859667826075 ], [ 92.767815476011975, 25.103460798313126 ], [ 92.783670302828625, 25.086565564271588 ], [ 92.827397925756813, 25.072509107645626 ], [ 92.841306101910519, 25.053113189172134 ], [ 92.901762778250003, 25.079437360923716 ], [ 92.951975332523858, 25.070353356265933 ], [ 92.962480728966185, 25.088231159960802 ], [ 92.978523316580549, 25.084848618632595 ], [ 92.993614111898381, 25.095039936011844 ], [ 93.044037056938478, 25.10292901046677 ], [ 93.047935448782951, 25.093564389289462 ], [ 93.017654599160537, 25.061145186964215 ], [ 93.060893670206411, 25.022631529581684 ], [ 93.063225022570279, 25.001973138017476 ], [ 93.189591258688154, 24.996470008463039 ], [ 93.206560432772179, 24.980083658997827 ], [ 93.228946801457752, 24.984948806419535 ], [ 93.228766894056889, 24.976186584609902 ], [ 93.243932073543917, 24.967389455303259 ], [ 93.252354460404476, 24.971577981056381 ] ] ] } },
{ "type": "Feature", "properties": { "district_id": "karnataka__chamrajnagar", "state": "Karnataka", "district": "Chamrajnagar", "area_km2": 5667.9, "point_lat": 11.9471, "point_lon": 77.1008 }, "geometry": { "type": "Polygon", "coordinates": [ [ [ 77.322824696698135, 12.307091942068029 ], [ 77.346964464237288, 12.278762476543312 ], [ 77.398859327525614, 12.278331597932672 ], [ 77.430295790921093, 12.286651794808316 ], [ 77.448852519586694, 12.250401032688414 ], [ 77.476871855853574, 12.242856350739252 ], [ 77.483801351037854, 12.233837585931125 ], [ 77.475830362139064, 12.211155175826875 ], [ 77.492716261632907, 12.199055568866704 ], [ 77.521637518022715, 12.19298733214408 ], [ 77.548903165499567, 12.203542149090692 ], [ 77.566271784389485, 12.196209756655678 ], [ 77.614673195669994, 12.204359017218176 ], [ 77.730407769848028, 12.180986096936294 ], [ 77.750072615445134, 12.157401956937678 ], [ 77.751291897376888, 12.138836656595512 ], [ 77.779613630686953, 12.115218365378794 ], [ 77.757277843563159, 12.078915583600025 ], [ 77.726761769658737, 12.058046747274744 ], [ 77.700611858610813, 12.019469521465954 ], [ 77.67492990726106, 11.962457504510446 ], [ 77.67594019166404, 11.949215389928099 ], [ 77.654583007668776, 11.953625564197173 ], [ 77.602432770487354, 11.935689939884469 ], [ 77.558933686284007, 11.94000623191612 ], [ 77.534522535609838, 11.930688948814511 ], [ 77.495148805343021, 11.941514364026926 ], [ 77.487759481697694, 11.885158051558522 ], [ 77.463567215977818, 11.897599051675536 ], [ 77.467169525017241, 11.848229315367652 ], [ 77.430195804011007, 11.759752197673073 ], [ 77.423384986193071, 11.771337396788772 ], [ 77.370221544934466, 11.78772688396786 ], [ 77.356371864959499, 11.772984763673962 ], [ 77.336789267047692, 11.767815953755509 ], [ 77.295278848217748, 11.807117874645485 ], [ 77.288755552171651, 11.798485140990284 ], [ 77.252085048583567, 11.811123157362042 ], [ 77.247434398571897, 11.796845517375877 ], [ 77.237390832248323, 11.792387149179913 ], [ 77.147304533075101, 11.780422552940864 ], [ 77.137451658956252, 11.769367279577919 ], [ 77.112831921328009, 11.771497242843152 ], [ 77.119416887179696, 11.721219409972425 ], [ 77.106327496872424, 11.731509547747159 ], [ 77.081603259874782, 11.733349698776809 ], [ 77.059948354502708, 11.766024398877102 ], [ 77.071703754523355, 11.780346697132908 ], [ 77.066357354033102, 11.785394793535906 ], [ 77.051027043894635, 11.785823659536472 ], [ 77.037324951809779, 11.769916526403014 ], [ 77.032078894357696, 11.772910812040575 ], [ 77.04139183748876, 11.792167152310908 ], [ 77.014024646092111, 11.811170434806321 ], [ 76.98227758170276, 11.809155265864838 ], [ 76.984373245014552, 11.79911330514115 ], [ 76.969129145775085, 11.773281668960884 ], [ 76.953888438120771, 11.789375906603674 ], [ 76.908980523496822, 11.791213317531117 ], [ 76.897279645275972, 11.773819869474011 ], [ 76.890228136558889, 11.732510080923324 ], [ 76.862880971424929, 11.706661368388803 ], [ 76.837831991186945, 11.651964052967303 ], [ 76.83909666527093, 11.637197798820605 ], [ 76.860435386611314, 11.609752268458376 ], [ 76.84683148054485, 11.582377908788953 ], [ 76.843001229991529, 11.594909741808369 ], [ 76.825937011730105, 11.605052583374253 ], [ 76.755413472263626, 11.618229735701187 ], [ 76.61657071776655, 11.607842090000569 ], [ 76.568571336077056, 11.617426638823121 ], [ 76.562111412613206, 11.620212949896979 ], [ 76.548743113658006, 11.677754796126655 ], [ 76.512340364250662, 11.705198967579873 ], [ 76.493396458398621, 11.689491208236493 ], [ 76.481817485596352, 11.691319314516354 ], [ 76.459375688958175, 11.662192825612658 ], [ 76.41805583134925, 11.671554288805673 ], [ 76.41068270129044, 11.706436703678399 ], [ 76.404109191002192, 11.708021280703475 ], [ 76.4257178075474, 11.720561579595739 ], [ 76.425010884181603, 11.732905825204798 ], [ 76.413276405772365, 11.740306198154205 ], [ 76.423393704812128, 11.774442487000842 ], [ 76.415186313039115, 11.7873184640743 ], [ 76.42890103600962, 11.791721580634039 ], [ 76.41085114257146, 11.809765491384834 ], [ 76.461997610036335, 11.7902888093528 ], [ 76.470022318805988, 11.816832529746419 ], [ 76.492179365346658, 11.820806383699166 ], [ 76.490953855544646, 11.858404203036464 ], [ 76.534074616222981, 11.87073593953869 ], [ 76.555425859319556, 11.855910746490103 ], [ 76.557791532997783, 11.889809235656498 ], [ 76.576538449546135, 11.921126136314989 ], [ 76.560168955403029, 11.94546558181551 ], [ 76.578365900205938, 11.984538728374305 ], [ 76.612456785538768, 11.989231845613888 ], [ 76.643896490940989, 11.982298996182635 ], [ 76.65783606913503, 12.008897116205887 ], [ 76.699666622088515, 11.99704774006187 ], [ 76.706992819507533, 11.982049733267463 ], [ 76.716624687595043, 11.98190995150035 ], [ 76.744923494407658, 12.010814181424585 ], [ 76.746618844235741, 12.001102159699451 ], [ 76.789681405362003, 11.983116230839158 ], [ 76.799848649005241, 11.987586934305511 ], [ 76.792931921893128, 12.009099329439865 ], [ 76.813747399468866, 12.029246636184492 ], [ 76.821408805851064, 12.027159817563767 ], [ 76.824085303295305, 12.010426040287554 ], [ 76.844392043249542, 11.996701173665874 ], [ 76.860811877868301, 11.996520583888996 ], [ 76.865252099662342, 12.007000132360172 ], [ 76.884894541371139, 12.014471100762796 ], [ 76.889141697564, 11.996868415428761 ], [ 76.905031666910077, 11.995768533156749 ], [ 76.938713907842427, 12.015361614756291 ], [ 76.939473399581303, 12.0266634870225 ], [ 76.919016038562361, 12.026766260718567 ], [ 76.911663041834828, 12.039790019959892 ], [ 76.892773888576968, 12.047597815152308 ], [ 76.892531163535111, 12.058427984324647 ], [ 76.857443326505049, 12.060190291084528 ], [ 76.872020308254548, 12.064753627903428 ], [ 76.883606014046109, 12.084060109596113 ], [ 76.874910059409203, 12.115659792320667 ], [ 76.847124903438711, 12.114508714760209 ], [ 76.8329865635244, 12.130724779835083 ], [ 76.843151810857208, 12.155969103355094 ], [ 76.853912761653021, 12.159186768599934 ], [ 76.847883441504749, 12.165919291255301 ], [ 76.857556859386534, 12.184740619756086 ], [ 76.869578949204936, 12.168834176290957 ], [ 76.877995716674988, 12.133519706747744 ], [ 76.893446615913561, 12.119946769883564 ], [ 76.904517457139207, 12.121541341381826 ], [ 76.906081068125658, 12.113175772933728 ], [ 76.923693204152116, 12.113645635836487 ], [ 76.947257546110194, 12.098074649454373 ], [ 76.972850790816992, 12.115415936792191 ], [ 76.968753803764656, 12.122283559211091 ], [ 76.975389131466315, 12.121069120228785 ], [ 76.989121609241181, 12.143847956863523 ], [ 76.993941967291462, 12.175563727921336 ], [ 77.00501615358192, 12.160259084710434 ], [ 77.014209339936201, 12.163973891442334 ], [ 77.014644678808679, 12.139505026061533 ], [ 77.035923174465296, 12.140398741817496 ], [ 77.042409453827204, 12.128972103937928 ], [ 77.046332168887204, 12.168885526888163 ], [ 77.06635153607003, 12.173090862197284 ], [ 77.082371303255087, 12.188503715258516 ], [ 77.108888161012629, 12.18958348310662 ], [ 77.131897241625822, 12.204861361935682 ], [ 77.134920909654397, 12.227417176399781 ], [ 77.113094977417276, 12.242319220464449 ], [ 77.170002519005578, 12.25949790845519 ], [ 77.166075991332576, 12.309074693173343 ], [ 77.22570147719442, 12.304548433891974 ], [ 77.27205901009745, 12.312604788950122 ], [ 77.30314022844442, 12.298131187438182 ], [ 77.322824696698135, 12.307091942068029 ] ] ] } },
{ "type": "Feature", "properties": { "district_id": "maharashtra__chandrapur", "state": "Maharashtra", "district": "Chandrapur", "area_km2": 11303.6, "point_lat": 20.0984, "point_lon": 79.5051 }, "geometry": { "type": "Polygon", "coordinates": [ [ [ 79.932994580423326, 20.666525226296876 ], [ 79.94284890728332, 20.624101247996919 ], [ 79.927618596651726, 20.552168646103805 ], [ 79.952811216022837, 20.528153814701373 ], [ 79.941312997884339, 20.446751920984262 ], [ 79.943059641935392, 20.434865439053347 ], [ 79.96212508448906, 20.414980086263096 ], [ 79.960325113659493, 20.383514660134171 ], [ 79.973509109150839, 20.360740109227006 ], [ 79.9738573534366, 20.34997797528321 ], [ 79.945629848811492, 20.31659042284468 ], [ 79.945385694878311, 20.294014285397591 ], [ 79.985418946015912, 20.248493822597812 ], [ 79.995838708947034, 20.219771986698838 ], [ 79.9895186673956, 20.206760982482255 ], [ 79.93419526148503, 20.186889825602865 ], [ 79.912211361742621, 20.145524815897041 ], [ 79.972359025713772, 20.112744938568596 ], [ 79.991586166053978, 20.045335942539982 ], [ 79.95054390032918, 19.984768789737341 ], [ 79.9125011464739, 19.967594143604749 ], [ 79.871162498442246, 19.984015892189571 ], [ 79.870703515233558, 20.001143079256035 ], [ 79.848694695025941, 20.03247632764899 ], [ 79.814203975250024, 20.028866435749823 ], [ 79.780701853079265, 20.000362300586456 ], [ 79.772213052259119, 19.971960753733008 ], [ 79.776874915008392, 19.950015631587277 ], [ 79.805150242177561, 19.893630974409753 ], [ 79.758538096158702, 19.846772562641949 ], [ 79.743808968888587, 19.816523805881094 ], [ 79.754991548523137, 19.760384044964063 ], [ 79.78680673026885, 19.717440136730449 ], [ 79.791952021281588, 19.595987493360788 ], [ 79.746804842679296, 19.605471913999203 ], [ 79.719383163637673, 19.585657033450609 ], [ 79.64610313885396, 19.577255484647228 ], [ 79.622176487428945, 19.560878843023289 ], [ 79.604423642275933, 19.506084881532104 ], [ 79.589012691217576, 19.505347207063178 ], [ 79.558811085904139, 19.522282355452784 ], [ 79.548958346970437, 19.550705022371773 ], [ 79.521253606165672, 19.544116693307952 ], [ 79.519679837869006, 19.520266351026827 ], [ 79.476657641487705, 19.499624795833082 ], [ 79.447446955944741, 19.535599771441465 ], [ 79.419760676399974, 19.53553560919713 ], [ 79.377285252761254, 19.563513401920332 ], [ 79.375117482649728, 19.573177895593751 ], [ 79.335719301492091, 19.575581637331542 ], [ 79.320286207348474, 19.567420636403746 ], [ 79.310842698900785, 19.5919956062734 ], [ 79.249804769417864, 19.614291278096125 ], [ 79.243634300995708, 19.601303813217292 ], [ 79.256048787832768, 19.579489945999406 ], [ 79.245709504346777, 19.561307712515909 ], [ 79.242575168447047, 19.528668338381419 ], [ 79.221638562753441, 19.512456706836797 ], [ 79.212780972904085, 19.493558098255068 ], [ 79.228882618884867, 19.469741119158801 ], [ 79.19494718775475, 19.460623502333327 ], [ 79.174977534428905, 19.469653612232268 ], [ 79.146096713530426, 19.502910821251163 ], [ 79.110536149327245, 19.514481097748071 ], [ 79.102399965878135, 19.532184727803401 ], [ 79.069112783512551, 19.532919247799651 ], [ 79.057233599202974, 19.546906583486475 ], [ 79.024018320102044, 19.541568395503191 ], [ 78.998478558315242, 19.563586550040696 ], [ 78.98409035586036, 19.55246944977528 ], [ 78.96013864875853, 19.553351089103671 ], [ 78.955135018905466, 19.558981883859619 ], [ 78.986123421398929, 19.586582658201717 ], [ 78.968442995991765, 19.618754144053121 ], [ 78.974529835163665, 19.650617441665531 ], [ 78.959753078266303, 19.664762861812466 ], [ 78.921412781183264, 19.669037827582155 ], [ 78.896458813031842, 19.656563635937044 ], [ 78.864227969163224, 19.65756824835481 ], [ 78.868904800996162, 19.69797409498587 ], [ 78.849719644186592, 19.760103170031019 ], [ 78.858879131346256, 19.770148405331227 ], [ 78.875045719059727, 19.767650295716798 ], [ 78.883029077184275, 19.74599695622123 ], [ 78.902903931473389, 19.737075479951251 ], [ 78.948900977609824, 19.748613211680034 ], [ 78.940444677767331, 19.778281913540024 ], [ 78.958617138262724, 19.803205087434815 ], [ 79.020455942530461, 19.799087603208434 ], [ 79.042885733599547, 19.81714595664619 ], [ 79.065625102312069, 19.814754101335744 ], [ 79.135860952300774, 19.865554012461249 ], [ 79.151663156772671, 19.893038255624518 ], [ 79.09488640812117, 19.914664434591696 ], [ 79.093599491612409, 19.945636011679767 ], [ 79.110453282104473, 19.96463400911113 ], [ 79.093718151645419, 19.977131856918284 ], [ 79.115206856401841, 19.988435143096837 ], [ 79.108607742985996, 20.00798942895117 ], [ 79.083258219584749, 20.02852809400693 ], [ 79.07070415086838, 20.063760700818282 ], [ 79.044098383395252, 20.071306930645935 ], [ 79.048328845746383, 20.084134036143599 ], [ 79.016679567895096, 20.112769685784929 ], [ 78.97051738789601, 20.123176749543454 ], [ 78.970412881458103, 20.137626908878069 ], [ 78.981417975011752, 20.148646491575935 ], [ 78.955115994008878, 20.168302973191423 ], [ 78.962707912124401, 20.202625927034106 ], [ 78.921678481609092, 20.237178622885683 ], [ 78.921297233734478, 20.252352526351398 ], [ 78.820143811240385, 20.246903117135581 ], [ 78.812534025113237, 20.253860003390439 ], [ 78.819792502396538, 20.270567887457851 ], [ 78.80123497035116, 20.301418355840696 ], [ 78.83371385315283, 20.328054426058412 ], [ 78.823767459746222, 20.349372494720694 ], [ 78.828024999552767, 20.362145407566619 ], [ 78.819391213832859, 20.392837107177389 ], [ 78.82649163259245, 20.401899751229838 ], [ 78.855708041862755, 20.408965271824766 ], [ 78.841796500703069, 20.431058119457386 ], [ 78.871484134634301, 20.421694351818477 ], [ 78.899222826315508, 20.437190962072009 ], [ 78.950820482760435, 20.428437816033366 ], [ 78.963711065223279, 20.436068033854777 ], [ 78.968553403524282, 20.458552506707772 ], [ 78.983935766298629, 20.456361232381141 ], [ 78.989723895285891, 20.462825923842917 ], [ 79.001864489967886, 20.447645044010251 ], [ 79.023961099678942, 20.478483833800798 ], [ 79.046728157620464, 20.473462687699719 ], [ 79.051897135894365, 20.463980300958386 ], [ 79.096361693632758, 20.459968177367312 ], [ 79.113657391332467, 20.450030168590992 ], [ 79.130695810113792, 20.454035998078776 ], [ 79.139344519750935, 20.477516604789535 ], [ 79.156588640692334, 20.476697595010094 ], [ 79.171738587924949, 20.512368093177674 ], [ 79.17941212030523, 20.510607953787552 ], [ 79.191840338380956, 20.532695747446876 ], [ 79.214382068228758, 20.546417116409241 ], [ 79.226393483877658, 20.583359868631668 ], [ 79.292501230517274, 20.588775102556596 ], [ 79.321791277235846, 20.583241001611459 ], [ 79.347376281910471, 20.634038327076894 ], [ 79.345879869911201, 20.644258896793794 ], [ 79.357388074459791, 20.655262547123112 ], [ 79.352827069640952, 20.671287473413827 ], [ 79.375520959210718, 20.677300053635122 ], [ 79.389461086586749, 20.672354185749722 ], [ 79.399021266004567, 20.657325538555849 ], [ 79.434922095437372, 20.658780514566132 ], [ 79.467412426586307, 20.674419957760581 ], [ 79.491563213553704, 20.704043730889161 ], [ 79.505689446003259, 20.699890072417361 ], [ 79.520786964009517, 20.708688269389018 ], [ 79.565952032614476, 20.70157143827392 ], [ 79.58091696099369, 20.691034726369452 ], [ 79.613154880785771, 20.691165148060591 ], [ 79.623149591856617, 20.672973046703337 ], [ 79.653367302523364, 20.667598971707775 ], [ 79.671650612327255, 20.648374566006975 ], [ 79.695664772722793, 20.640338791692503 ], [ 79.701568592649977, 20.644716961638078 ], [ 79.693469103366425, 20.66874645952387 ], [ 79.713494313029457, 20.685299847729091 ], [ 79.752559914780022, 20.685751162459599 ], [ 79.761744217388511, 20.731054635762025 ], [ 79.789303687717108, 20.717419047688747 ], [ 79.802878594182303, 20.684218613458512 ], [ 79.849886127701495, 20.677568314627095 ], [ 79.894262574362187, 20.683076330543518 ], [ 79.932994580423326, 20.666525226296876 ] ] ] } },
{ "type": "Feature", "properties": { "district_id": "karnataka__chikkaballapura", "state": "Karnataka", "district": "Chikkaballapura", "area_km2": 4218.5, "point_lat": 13.5881, "point_lon": 77.7827 }, "geometry": { "type": "Polygon", "coordinates": [ [ [ 78.199604383850826, 13.566152193194799 ], [ 78.199512145832031, 13.522709210771092 ], [ 78.191646372584188, 13.508830406160659 ], [ 78.20809596662707, 13.481477343733129 ], [ 78.204458350853542, 13.451907346830748 ], [ 78.184637380846183, 13.430008962707241 ], [ 78.128750463255102, 13.399772999662083 ], [ 78.147314647023336, 13.364592457416249 ], [ 78.12170258444246, 13.326875953842 ], [ 78.130084233231628, 13.301408778903719 ], [ 78.069805297983365, 13.30257993462614 ], [ 78.047907766947944, 13.288513248457757 ], [ 78.023809561245699, 13.288184193964431 ], [ 77.98938404267335, 13.307380506550489 ], [ 77.945637610301176, 13.277252706217801 ], [ 77.925681214871105, 13.238285183310362 ], [ 77.91206964394344, 13.228640922964967 ], [ 77.892476254601618, 13.233095127952655 ], [ 77.906666894017093, 13.24891187840965 ], [ 77.892108912983915, 13.255025734119686 ], [ 77.880713033558322, 13.248878459163231 ], [ 77.877009285762696, 13.232208299832996 ], [ 77.863971694385199, 13.238896568192244 ], [ 77.856088233772283, 13.217936398182452 ], [ 77.850001923066557, 13.220263030784343 ], [ 77.851626436871328, 13.240110729149896 ], [ 77.82250906859683, 13.24994640683339 ], [ 77.810276947611754, 13.240588319033368 ], [ 77.821414529504381, 13.253632376050541 ], [ 77.811204237783798, 13.261315434588727 ], [ 77.819089119334905, 13.294359850676196 ], [ 77.831141856738412, 13.290737071051879 ], [ 77.828562175730383, 13.303212451532836 ], [ 77.813536382091101, 13.308906785112102 ], [ 77.828433811564167, 13.325779167658826 ], [ 77.80066702176596, 13.338367168959532 ], [ 77.792520948702816, 13.35098070195089 ], [ 77.754484442101798, 13.361317590336405 ], [ 77.719873933303973, 13.350613955187082 ], [ 77.715944555823683, 13.364927128879316 ], [ 77.703208695236768, 13.358660868732333 ], [ 77.706480404675574, 13.344292510590167 ], [ 77.699764778087399, 13.335141575295633 ], [ 77.68635493079104, 13.351327840120513 ], [ 77.681176264679934, 13.344859309478537 ], [ 77.659953247348568, 13.355232532542898 ], [ 77.659253821878195, 13.396861013472137 ], [ 77.640887687129521, 13.392514497595908 ], [ 77.634605369989117, 13.374681883709243 ], [ 77.615666313874854, 13.385209592536279 ], [ 77.618603917593433, 13.401217822040881 ], [ 77.608530782112751, 13.40384151594451 ], [ 77.602703029832966, 13.396569398078718 ], [ 77.601313842918614, 13.414261130444523 ], [ 77.615165577408305, 13.420463016317406 ], [ 77.60393354412868, 13.440776897743014 ], [ 77.592894762752891, 13.434969826733173 ], [ 77.592134834653379, 13.42078465291485 ], [ 77.555555228152258, 13.417254716969788 ], [ 77.550233447433669, 13.434553843670438 ], [ 77.523036976147878, 13.433220034449908 ], [ 77.505772266583236, 13.456425424078915 ], [ 77.487115802515632, 13.466420286792706 ], [ 77.437458464828595, 13.4639032135757 ], [ 77.415360321320136, 13.494749286302449 ], [ 77.387012627215412, 13.500015852704282 ], [ 77.383647662534997, 13.511849464023124 ], [ 77.393151533624035, 13.532145210757283 ], [ 77.384514354989165, 13.544111276137116 ], [ 77.382335991446709, 13.575926200783885 ], [ 77.365046301483332, 13.592798272093631 ], [ 77.362647248719512, 13.612846313336997 ], [ 77.383854694819306, 13.660469944209559 ], [ 77.402255806838795, 13.672460566506791 ], [ 77.435746336405487, 13.672754192927671 ], [ 77.440232771747532, 13.681694313333532 ], [ 77.490573626190397, 13.687310755987792 ], [ 77.487323204278923, 13.710798257279267 ], [ 77.494952382954537, 13.714387035411812 ], [ 77.510437466806167, 13.712036764267729 ], [ 77.520044642723377, 13.693341505171229 ], [ 77.52926027915403, 13.695553359916198 ], [ 77.535243198913577, 13.726691189027791 ], [ 77.522760970769426, 13.744647738613731 ], [ 77.527305129728575, 13.751463655032586 ], [ 77.547190259009795, 13.751378997051161 ], [ 77.563858932881104, 13.724170977512562 ], [ 77.603442525178252, 13.751335904985233 ], [ 77.62918716910302, 13.735220347426969 ], [ 77.644711009246748, 13.743081664065093 ], [ 77.620533587059285, 13.754653297193862 ], [ 77.622224189820798, 13.768080211577265 ], [ 77.678209326897601, 13.785354140876386 ], [ 77.671708416432551, 13.760132328690636 ], [ 77.703603537843421, 13.769349745676365 ], [ 77.710329616105014, 13.73895816706553 ], [ 77.71690750940293, 13.740714592129509 ], [ 77.720929564112708, 13.798444128216401 ], [ 77.736519366765108, 13.809677514106857 ], [ 77.786685145668656, 13.820924730116189 ], [ 77.784206134285881, 13.843903524268841 ], [ 77.81099125606525, 13.848707314898334 ], [ 77.835971352310963, 13.868679627095135 ], [ 77.827421227718858, 13.874062983032291 ], [ 77.835489868185888, 13.879646401203958 ], [ 77.833240099637081, 13.887930720899373 ], [ 77.814476260733485, 13.91661056996333 ], [ 77.826404914104685, 13.942840682455595 ], [ 77.838273832716638, 13.93513326307143 ], [ 77.895283944408973, 13.939266417184882 ], [ 77.898013610926526, 13.919466451818183 ], [ 77.92000883445229, 13.905418190239441 ], [ 77.959198057977275, 13.936147765423446 ], [ 77.974871169291461, 13.95877053276452 ], [ 77.987069152603851, 13.955894003189059 ], [ 77.98657714757168, 13.901654161963842 ], [ 77.950964445592334, 13.888486739811441 ], [ 77.953181955356555, 13.828300975886597 ], [ 77.974421921869038, 13.82853284228128 ], [ 77.993783021515583, 13.870026151095177 ], [ 78.04658126521241, 13.861318887292136 ], [ 78.049849709202149, 13.895154234434614 ], [ 78.079718852871693, 13.880471809209206 ], [ 78.083745811065924, 13.863461026157106 ], [ 78.114945436835882, 13.862142509028274 ], [ 78.126241628719413, 13.830440434903279 ], [ 78.116650273521842, 13.812264166534838 ], [ 78.127278875254007, 13.785616731532921 ], [ 78.093955009243913, 13.742193415185376 ], [ 78.11851962364554, 13.718998689234581 ], [ 78.114546369604525, 13.693198273535348 ], [ 78.094284116627705, 13.689392248915251 ], [ 78.073122194765688, 13.69689543093202 ], [ 78.067432156343514, 13.675698365346793 ], [ 78.089171009489121, 13.659176979336005 ], [ 78.095542932253807, 13.642321527080306 ], [ 78.116592110504072, 13.655935433103377 ], [ 78.165092322997296, 13.65764339573837 ], [ 78.169926057687462, 13.632410346234694 ], [ 78.203405998319056, 13.625209730629653 ], [ 78.203221330113124, 13.603975625294858 ], [ 78.188955226870135, 13.588007794028032 ], [ 78.191134633225758, 13.56824593868817 ], [ 78.199604383850826, 13.566152193194799 ] ] ] } },
{ "type": "Feature", "properties": { "district_id": "karnataka__chikmagalur", "state": "Karnataka", "district": "Chikmagalur", "area_km2": 7213.4, "point_lat": 13.4056, "point_lon": 75.64 }, "geometry": { "type": "Polygon", "coordinates": [ [ [ 76.35411198040677, 13.577702445440959 ], [ 76.364120601755971, 13.546111554249695 ], [ 76.362738023966628, 13.529970963117227 ], [ 76.34893345769359, 13.524998662488098 ], [ 76.349647429969949, 13.515723571927115 ], [ 76.333248054043864, 13.517475303797333 ], [ 76.318472192347897, 13.537844599140847 ], [ 76.299334895388824, 13.520901435591798 ], [ 76.293725446075257, 13.525781469196042 ], [ 76.291110122238237, 13.503990826725056 ], [ 76.237269850595595, 13.507082477083317 ], [ 76.23102585554193, 13.467202148275064 ], [ 76.199881335621697, 13.467458285658555 ], [ 76.201060742043026, 13.449806339549488 ], [ 76.189358308499266, 13.451758049291392 ], [ 76.19476346363119, 13.468330080155299 ], [ 76.162314208228437, 13.469813667032433 ], [ 76.138719889864021, 13.441416249170917 ], [ 76.140820647901975, 13.407261707755294 ], [ 76.090821669628198, 13.392619598769995 ], [ 76.089259502589499, 13.371585013736713 ], [ 76.055673194170566, 13.379465742953069 ], [ 76.040605032760965, 13.371474056254895 ], [ 76.027645912217324, 13.320151803426894 ], [ 76.044285885808563, 13.320825692756694 ], [ 76.038391195712364, 13.319391677609969 ], [ 76.045256035806389, 13.276493738094601 ], [ 76.039022519399623, 13.246463690789687 ], [ 76.017780204337683, 13.250514372120563 ], [ 76.014607721162164, 13.259409071113765 ], [ 75.935807728691188, 13.254955080780116 ], [ 75.896159456782414, 13.263963405018355 ], [ 75.878116092582431, 13.259222185717393 ], [ 75.863812283477699, 13.24016157781158 ], [ 75.857491836243724, 13.257317132245211 ], [ 75.835556058316556, 13.250427508257395 ], [ 75.819040506212261, 13.256476303115113 ], [ 75.809385217807346, 13.253302934405401 ], [ 75.80652936091299, 13.215019116457841 ], [ 75.780165347660343, 13.208744898419717 ], [ 75.759138016898021, 13.214737313795377 ], [ 75.743451674177507, 13.206001332624419 ], [ 75.73037716217047, 13.181169264510839 ], [ 75.73638946384385, 13.152536212186 ], [ 75.753341500057147, 13.139091017245979 ], [ 75.735406310911685, 13.122612834401098 ], [ 75.727846599944684, 13.096982794864228 ], [ 75.743016307103076, 13.069265688535811 ], [ 75.740292388729529, 13.030815448118704 ], [ 75.727513388187873, 13.023731182120256 ], [ 75.711224600152306, 13.0358287699706 ], [ 75.697781846219868, 13.034803898350345 ], [ 75.692910788759534, 13.044452879062151 ], [ 75.685152225689464, 13.034157845454386 ], [ 75.65991322050678, 13.025394707843713 ], [ 75.646022186300911, 13.031887738633422 ], [ 75.638835053885117, 13.012479453556391 ], [ 75.60895362047691, 12.980511885072554 ], [ 75.598230705623337, 12.944043065378187 ], [ 75.577397384055743, 12.938971177675244 ], [ 75.556988038693078, 12.914944396970863 ], [ 75.554954933206503, 12.944843368330663 ], [ 75.515958444464687, 12.979036142897261 ], [ 75.531300491616776, 13.000404107168649 ], [ 75.531687038492578, 13.017229977468455 ], [ 75.520849831700616, 13.0288346315167 ], [ 75.525732892566111, 13.0483393881801 ], [ 75.503355310948322, 13.078356390465958 ], [ 75.487366103222783, 13.09234863373876 ], [ 75.48009993573929, 13.077764969239135 ], [ 75.472490191666139, 13.077301109858986 ], [ 75.469344817865505, 13.096661972043361 ], [ 75.453794960786965, 13.108723397947747 ], [ 75.442043983172439, 13.10522201568784 ], [ 75.433934715432329, 13.12009622713126 ], [ 75.424551921834251, 13.106861770696781 ], [ 75.408567925949171, 13.110271918823894 ], [ 75.405782244897765, 13.156951923931985 ], [ 75.377055030828487, 13.18137275013785 ], [ 75.343619550897429, 13.181297585538944 ], [ 75.329274268579212, 13.170345578204568 ], [ 75.314241272191012, 13.134009061223489 ], [ 75.295490535028577, 13.125870807903693 ], [ 75.286169584236248, 13.13482237499489 ], [ 75.270438409645877, 13.127203568133865 ], [ 75.236494488170564, 13.138532582595872 ], [ 75.210691226235795, 13.157887776451759 ], [ 75.201940864436921, 13.181404610491686 ], [ 75.17608411304262, 13.201786107337714 ], [ 75.168746220300932, 13.199851031775509 ], [ 75.166739107758445, 13.229149339962877 ], [ 75.151527738945475, 13.268964797816684 ], [ 75.138485701000462, 13.2899496626806 ], [ 75.115081836829148, 13.284556243440123 ], [ 75.080067653032131, 13.344541770366307 ], [ 75.091287071023189, 13.36221681789702 ], [ 75.11272384332301, 13.35810725760108 ], [ 75.127058630120345, 13.369186532276778 ], [ 75.128161147722537, 13.387612118815591 ], [ 75.141552422394597, 13.388704554110756 ], [ 75.146955620090921, 13.397702640299649 ], [ 75.140447117161017, 13.40790476479847 ], [ 75.150816797609991, 13.421117310391386 ], [ 75.15465402975299, 13.449008207316094 ], [ 75.137488202176826, 13.474593819155126 ], [ 75.170275107868406, 13.506433710976012 ], [ 75.176657116528077, 13.501633802208948 ], [ 75.2028232908295, 13.512588363149082 ], [ 75.207370241462741, 13.526325614778804 ], [ 75.224042096017499, 13.527773663585595 ], [ 75.22474884699551, 13.552281574814309 ], [ 75.217231807700614, 13.561298967823305 ], [ 75.225931527514348, 13.570362495156177 ], [ 75.211608232945864, 13.585555895170113 ], [ 75.219776394649955, 13.602416168003709 ], [ 75.243775960108835, 13.605534735234778 ], [ 75.277071777326626, 13.564188860732376 ], [ 75.295997976114919, 13.584679560725821 ], [ 75.321143605585434, 13.592252155448595 ], [ 75.344342102073341, 13.582000555361569 ], [ 75.369688344137899, 13.599744182763935 ], [ 75.36601312056446, 13.622646471423923 ], [ 75.373896304647644, 13.627540979884426 ], [ 75.389182272226606, 13.614219435535356 ], [ 75.397949697080662, 13.629673302602308 ], [ 75.40745051706098, 13.626184296975309 ], [ 75.415072049782353, 13.654045244196828 ], [ 75.383948946891849, 13.711340704889183 ], [ 75.403219830298681, 13.703457996781474 ], [ 75.456167731120033, 13.724607744655019 ], [ 75.462334795489028, 13.742877032202967 ], [ 75.491773203625385, 13.768233853546377 ], [ 75.500065492676754, 13.759931633384454 ], [ 75.506226611941443, 13.765515889270759 ], [ 75.541206511430744, 13.729500558568914 ], [ 75.564355079327228, 13.741511125192229 ], [ 75.577821737907996, 13.758676833978983 ], [ 75.609403091329369, 13.760789023912563 ], [ 75.610442348007865, 13.74640712525218 ], [ 75.62782689164095, 13.733503441373372 ], [ 75.619112478212955, 13.721797820967158 ], [ 75.621948705459857, 13.709496931354641 ], [ 75.63552441378458, 13.70151257419362 ], [ 75.651998907178182, 13.718208688249053 ], [ 75.674875636638262, 13.721877687965582 ], [ 75.656924308883006, 13.74786101792157 ], [ 75.670574511693076, 13.76348207966516 ], [ 75.686354281788056, 13.749419284923581 ], [ 75.688718144665216, 13.766566457995978 ], [ 75.733321351290911, 13.769203821492633 ], [ 75.76268767701805, 13.780463587978209 ], [ 75.765754243783618, 13.794879663960028 ], [ 75.778127779214373, 13.788965059898562 ], [ 75.807043915060717, 13.79427954256791 ], [ 75.824962726837683, 13.817402036017199 ], [ 75.896020018372781, 13.805819893807165 ], [ 75.940909828895997, 13.811529705251415 ], [ 75.950566302105926, 13.814989029932581 ], [ 75.950386327538439, 13.832873230311982 ], [ 75.97154971838512, 13.854987278723293 ], [ 75.989822717801133, 13.847381319718728 ], [ 76.009325800387117, 13.867085015513533 ], [ 76.017298378313683, 13.870688906400073 ], [ 76.021294821873695, 13.862220321059784 ], [ 76.0311208036034, 13.869416920644651 ], [ 76.034157697242378, 13.895906020932349 ], [ 76.050521391260432, 13.899564007604825 ], [ 76.05730654065286, 13.880776337693202 ], [ 76.080546173047637, 13.878598642282082 ], [ 76.098653224208988, 13.863528275175209 ], [ 76.116212110953612, 13.811580466167181 ], [ 76.130809344047094, 13.812492937063467 ], [ 76.151513106374026, 13.72962900075459 ], [ 76.170137076354379, 13.726041896790655 ], [ 76.174013722180575, 13.713954231301541 ], [ 76.220664997740499, 13.711483645926018 ], [ 76.2227362960096, 13.678713758604882 ], [ 76.236359970166603, 13.67789023411377 ], [ 76.266247653218571, 13.647660311947647 ], [ 76.286874990342284, 13.646001479220294 ], [ 76.276245659720104, 13.602375047652533 ], [ 76.303987155317017, 13.587929388414707 ], [ 76.33449070229193, 13.594190409415427 ], [ 76.341604957033312, 13.575577114842842 ], [ 76.35411198040677, 13.577702445440959 ] ] ] } },
{ "type": "Feature", "properties": { "district_id": "assam__chirang", "state": "Assam", "district": "Chirang", "area_km2": 1730.7, "point_lat": 26.6481, "point_lon": 90.6424 }, "geometry": { "type": "Polygon", "coordinates": [ [ [ 90.573215369675836, 26.798591305064878 ], [ 90.635128206151634, 26.79134070482958 ], [ 90.653869613466668, 26.773940584855733 ], [ 90.684135592270508, 26.779892582343354 ], [ 90.704580935573887, 26.767657713426871 ], [ 90.959164958773272, 26.783369641789047 ], [ 90.945854356579744, 26.774621395801294 ], [ 90.902290637534009, 26.68929912444203 ], [ 90.900495588957412, 26.631438770010831 ], [ 90.876996813713475, 26.61639843538504 ], [ 90.871427663836101, 26.599851437191962 ], [ 90.85778442814491, 26.59779681697707 ], [ 90.85022943589442, 26.571877359384064 ], [ 90.830975798667865, 26.575296499214151 ], [ 90.820259223282562, 26.568143069341037 ], [ 90.832033247995554, 26.55620894401515 ], [ 90.831552227826819, 26.540654311013704 ], [ 90.856620030457151, 26.533883900273189 ], [ 90.854180727531187, 26.523361161862901 ], [ 90.803562382033533, 26.534524183864882 ], [ 90.78994558672612, 26.521873737755797 ], [ 90.761629571340436, 26.517753257932945 ], [ 90.76229798911487, 26.50671888142859 ], [ 90.793148915481396, 26.480300552466659 ], [ 90.786688002101215, 26.472360459218542 ], [ 90.767983336809223, 26.486663574662906 ], [ 90.755162550289484, 26.471931059959083 ], [ 90.744246145109685, 26.483381509397212 ], [ 90.702025961775973, 26.485700349178014 ], [ 90.68693387183049, 26.510347842186658 ], [ 90.656282496862787, 26.526319661641828 ], [ 90.621901320349565, 26.51837885625752 ], [ 90.633336190846819, 26.498067860374604 ], [ 90.614182823889877, 26.480864189285338 ], [ 90.591018757890353, 26.511221781081556 ], [ 90.570694124974054, 26.514139628545763 ], [ 90.556731061049859, 26.50428882496124 ], [ 90.563516353101164, 26.476072748536062 ], [ 90.548634753420657, 26.42772983026283 ], [ 90.525769243322003, 26.420533474196862 ], [ 90.526005428100575, 26.450846228108379 ], [ 90.479662500598749, 26.455792819964866 ], [ 90.464508393278194, 26.438592828582227 ], [ 90.460903046070825, 26.403703279113472 ], [ 90.445275630859371, 26.412773045606869 ], [ 90.441317885836, 26.405664503541857 ], [ 90.427391405337787, 26.406161241894541 ], [ 90.42488251141522, 26.431266998138614 ], [ 90.413517260828357, 26.430723949310671 ], [ 90.401605710505365, 26.446584138519626 ], [ 90.394611320747387, 26.483519776701758 ], [ 90.403882083023873, 26.489123461735137 ], [ 90.395837517777579, 26.495147443406719 ], [ 90.402485782626442, 26.51665966058593 ], [ 90.388523029305745, 26.515026823823444 ], [ 90.392285872579464, 26.527827228902982 ], [ 90.382910534111275, 26.530889442902868 ], [ 90.382418148353736, 26.541411134481347 ], [ 90.357634926889332, 26.54842107798974 ], [ 90.353701983866614, 26.571610106196815 ], [ 90.368081307994217, 26.583219402066586 ], [ 90.356052344610418, 26.61852978945976 ], [ 90.402986555959586, 26.677734722765489 ], [ 90.405724536327241, 26.701088901231735 ], [ 90.420678496814034, 26.711191683276049 ], [ 90.433116928839098, 26.746703392721333 ], [ 90.421411072880304, 26.78918625178412 ], [ 90.425088702630006, 26.898567482172822 ], [ 90.573215369675836, 26.798591305064878 ] ] ] } },
{ "type": "Feature", "properties": { "district_id": "karnataka__chitradurga", "state": "Karnataka", "district": "Chitradurga", "area_km2": 8449.4, "point_lat": 14.3043, "point_lon": 76.5328 }, "geometry": { "type": "Polygon", "coordinates": [ [ [ 76.76080956709913, 14.988002748080714 ], [ 76.767620215129867, 14.974923217030176 ], [ 76.819476097416981, 14.968949389785244 ], [ 76.831965286434468, 14.956174296124672 ], [ 76.845268285437669, 14.966334082991635 ], [ 76.868626120245992, 14.969222729292566 ], [ 76.869679154154895, 14.942834463884664 ], [ 76.864538629456433, 14.896463987166015 ], [ 76.847966117184683, 14.891675860225444 ], [ 76.85836857200205, 14.866670859526113 ], [ 76.84433509028203, 14.835354077594042 ], [ 76.853045687770546, 14.809383014493985 ], [ 76.841479457250671, 14.809479461333467 ], [ 76.838045505848967, 14.79026550472547 ], [ 76.784466670664145, 14.78453761675472 ], [ 76.802288567329413, 14.739947944076276 ], [ 76.775497319741859, 14.679223317067782 ], [ 76.765190298201276, 14.601729112141109 ], [ 76.780619014295056, 14.595803115227085 ], [ 76.804209326881903, 14.533312061220672 ], [ 76.832147777538026, 14.528679092116629 ], [ 76.858897920158967, 14.50456535438658 ], [ 76.874973228516438, 14.474191205655728 ], [ 76.911378021933857, 14.489940834181414 ], [ 76.978476059795767, 14.484176175614014 ], [ 76.969434832570002, 14.457653544749931 ], [ 76.948825319169643, 14.450982063517232 ], [ 76.946652228552651, 14.405463354704942 ], [ 76.918071951734177, 14.419418783139362 ], [ 76.888042975471819, 14.396141266618969 ], [ 76.884048400204563, 14.352280314829459 ], [ 76.904018309016593, 14.325185000121621 ], [ 76.951927053395593, 14.30648972191587 ], [ 76.953988074361234, 14.292816820228028 ], [ 76.930040450777469, 14.278216771553577 ], [ 76.943111274132434, 14.246195425269297 ], [ 77.009596605497464, 14.237775605611468 ], [ 77.002184107741655, 14.231380964673178 ], [ 77.008271180407718, 14.219350587791054 ], [ 77.004003757813052, 14.198258921299912 ], [ 77.021858155756917, 14.189926928892989 ], [ 77.025442051866847, 14.178993173239917 ], [ 76.963922556871424, 14.181698556331666 ], [ 76.947002567538263, 14.195456069956187 ], [ 76.942354226107611, 14.172051600352136 ], [ 76.92249932864604, 14.163815166583584 ], [ 76.896672664658325, 14.165096121795743 ], [ 76.888935101431244, 14.137144490216844 ], [ 76.917867412985771, 14.128283521216062 ], [ 76.932363623779452, 14.13339324893489 ], [ 76.948382106667609, 14.118125868467079 ], [ 76.951810105101828, 14.091516691942189 ], [ 76.930901772642684, 14.076020678881374 ], [ 76.927192276102076, 14.058399660997967 ], [ 76.910719726858858, 14.06092845589861 ], [ 76.895665181310449, 14.051232628787719 ], [ 76.875841218071614, 14.011998724428464 ], [ 76.837865137120076, 14.014835184496523 ], [ 76.825169865666155, 13.993966788756413 ], [ 76.849069644927908, 13.97816304980981 ], [ 76.849541137005303, 13.962348330108947 ], [ 76.823596279005429, 13.948187391368345 ], [ 76.814032282870613, 13.934830071772256 ], [ 76.814909005625907, 13.916042522823989 ], [ 76.768157724513159, 13.922957041814572 ], [ 76.754435961490131, 13.918525115447729 ], [ 76.755119563780369, 13.907182197419688 ], [ 76.723288994226394, 13.894743479362038 ], [ 76.767296216933588, 13.83554722226917 ], [ 76.769846906803338, 13.799529871475819 ], [ 76.763932451076585, 13.779294607487548 ], [ 76.736270094077057, 13.783271955471536 ], [ 76.725527429122252, 13.796096462374122 ], [ 76.698498818229311, 13.769289610581485 ], [ 76.686766878585303, 13.688498518955566 ], [ 76.674832916216957, 13.717989008082187 ], [ 76.630827520296663, 13.714150354280044 ], [ 76.621190475139144, 13.733481467765111 ], [ 76.613412929196429, 13.722609162633058 ], [ 76.573399725473521, 13.713104792201815 ], [ 76.57927757188537, 13.687688543195698 ], [ 76.554818465008012, 13.677949088182542 ], [ 76.53975629062208, 13.661494744526275 ], [ 76.529932584779019, 13.663085163091635 ], [ 76.532604288051488, 13.652180428986549 ], [ 76.518128297295718, 13.632759946904603 ], [ 76.499546112049231, 13.62610616839936 ], [ 76.501102916736173, 13.621079720033643 ], [ 76.461179516041128, 13.616725955791081 ], [ 76.455316700778923, 13.589426386843764 ], [ 76.435064678250143, 13.593055589716755 ], [ 76.416125505061387, 13.577559884205575 ], [ 76.401158843191098, 13.592768153960293 ], [ 76.383635862559672, 13.577004002785918 ], [ 76.37642834615346, 13.591267731834805 ], [ 76.347660906237635, 13.574771188323323 ], [ 76.33449070229193, 13.594190409415427 ], [ 76.293210417806733, 13.590191154365884 ], [ 76.295523699837091, 13.594822328729634 ], [ 76.274079986411223, 13.605084818147196 ], [ 76.286874990342284, 13.646001479220294 ], [ 76.266247653218571, 13.647660311947647 ], [ 76.236359970166603, 13.67789023411377 ], [ 76.2227362960096, 13.678713758604882 ], [ 76.220664997740499, 13.711483645926018 ], [ 76.174013722180575, 13.713954231301541 ], [ 76.170137076354379, 13.726041896790655 ], [ 76.151513106374026, 13.72962900075459 ], [ 76.130809344047094, 13.812492937063467 ], [ 76.116212110953612, 13.811580466167181 ], [ 76.098653224208988, 13.863528275175209 ], [ 76.080546173047637, 13.878598642282082 ], [ 76.05730654065286, 13.880776337693202 ], [ 76.050521391260432, 13.899564007604825 ], [ 76.031396193981593, 13.897347058222257 ], [ 76.031306860177878, 13.915919217362839 ], [ 76.046486918082238, 13.940133318367218 ], [ 76.067958764281542, 13.941419814858708 ], [ 76.072448221244343, 13.979989306117892 ], [ 76.053266915111081, 13.975763287967961 ], [ 76.044833252306475, 13.986087911671733 ], [ 76.054063573403397, 14.083743669284443 ], [ 76.049242266288658, 14.097358568610961 ], [ 76.032822529157315, 14.091841087017631 ], [ 76.025495251583919, 14.113371674542122 ], [ 76.046459834980553, 14.153636403400451 ], [ 76.061558156068372, 14.158887521629239 ], [ 76.062069044943385, 14.219720236053488 ], [ 76.079951865184754, 14.243578699928662 ], [ 76.131935142095443, 14.254800434105636 ], [ 76.110826479815913, 14.315433974125229 ], [ 76.120531374074332, 14.321879188544791 ], [ 76.156880813004264, 14.319576628134925 ], [ 76.15068816355631, 14.370799123197434 ], [ 76.156763082827908, 14.383786117563732 ], [ 76.137854255806403, 14.425672174619759 ], [ 76.185210350662274, 14.458225145041553 ], [ 76.204861443669188, 14.456649886979049 ], [ 76.218334249640847, 14.442082913195854 ], [ 76.239384278354564, 14.44727178778802 ], [ 76.26157021519866, 14.441660999903172 ], [ 76.278602168775237, 14.405712979887536 ], [ 76.33308263623006, 14.406650712038173 ], [ 76.349671910551663, 14.418077358732971 ], [ 76.383866229322834, 14.420392324966379 ], [ 76.401693427143314, 14.434664298543304 ], [ 76.425112274594198, 14.438702264610058 ], [ 76.427676839260656, 14.447771704385762 ], [ 76.460174720305986, 14.451027377457333 ], [ 76.460091041555799, 14.501336489485722 ], [ 76.485163653946074, 14.503992022058689 ], [ 76.533384482913462, 14.535413018652665 ], [ 76.508302435580646, 14.563786417439713 ], [ 76.537596819804648, 14.565706352265895 ], [ 76.585691344179693, 14.615241445848371 ], [ 76.60342236340739, 14.624209389213858 ], [ 76.598482532148267, 14.632582635589108 ], [ 76.613106558563288, 14.649281368819928 ], [ 76.59938840711925, 14.65731295508359 ], [ 76.599449012906888, 14.665993345855542 ], [ 76.612121141269725, 14.670343368297356 ], [ 76.611919168841183, 14.686654999880755 ], [ 76.649202439316952, 14.718312034309504 ], [ 76.650455230105806, 14.756720972717275 ], [ 76.666560949608922, 14.774093242572233 ], [ 76.671644278592026, 14.792889145381585 ], [ 76.702349188138953, 14.815806772797645 ], [ 76.735197221049845, 14.811483788822956 ], [ 76.741357002929064, 14.817156475101651 ], [ 76.742617366413796, 14.823103573848648 ], [ 76.714625630776155, 14.8396134483827 ], [ 76.714361553168374, 14.862241822163556 ], [ 76.698244796360683, 14.88894185251729 ], [ 76.682571078076364, 14.888194371627808 ], [ 76.678146163736699, 14.911165210116598 ], [ 76.665574421436972, 14.915833472817923 ], [ 76.661569594646735, 14.941693590628192 ], [ 76.705951748544237, 14.930262484448329 ], [ 76.718677316890975, 14.963844010613913 ], [ 76.717912265174363, 14.972501039913491 ], [ 76.688966610133718, 14.980082161117158 ], [ 76.673138420290925, 15.018920509268643 ], [ 76.689332722271445, 15.026960175846598 ], [ 76.686217330751148, 15.018561876926972 ], [ 76.702778245434914, 15.016661924098862 ], [ 76.703401209648348, 15.031084568852906 ], [ 76.734017191664762, 15.032984797395706 ], [ 76.728545581345202, 15.00410189228821 ], [ 76.736283487384284, 14.986985674204263 ], [ 76.76080956709913, 14.988002748080714 ] ] ] } },
{ "type": "Feature", "properties": { "district_id": "karnataka__dakshina_kannada", "state": "Karnataka", "district": "Dakshina Kannada", "area_km2": 4589.8, "point_lat": 12.8223, "point_lon": 75.2256 }, "geometry": { "type": "MultiPolygon", "coordinates": [ [ [ [ 75.201940864436921, 13.181404610491686 ], [ 75.210691226235795, 13.157887776451759 ], [ 75.236494488170564, 13.138532582595872 ], [ 75.270438409645877, 13.127203568133865 ], [ 75.286169584236248, 13.13482237499489 ], [ 75.295490535028577, 13.125870807903693 ], [ 75.314241272191012, 13.134009061223489 ], [ 75.329274268579212, 13.170345578204568 ], [ 75.343619550897429, 13.181297585538944 ], [ 75.377055030828487, 13.18137275013785 ], [ 75.405782244897765, 13.156951923931985 ], [ 75.408567925949171, 13.110271918823894 ], [ 75.424551921834251, 13.106861770696781 ], [ 75.433934715432329, 13.12009622713126 ], [ 75.442043983172439, 13.10522201568784 ], [ 75.453794960786965, 13.108723397947747 ], [ 75.469344817865505, 13.096661972043361 ], [ 75.472490191666139, 13.077301109858986 ], [ 75.48009993573929, 13.077764969239135 ], [ 75.487366103222783, 13.09234863373876 ], [ 75.522885464699129, 13.053060148723615 ], [ 75.520849831700616, 13.0288346315167 ], [ 75.532226596809124, 13.006265429063321 ], [ 75.515958444464687, 12.979036142897261 ], [ 75.554954933206503, 12.944843368330663 ], [ 75.562957376992983, 12.867738394057785 ], [ 75.603335228435071, 12.876166818774033 ], [ 75.604726069165011, 12.866831659116404 ], [ 75.623228505592252, 12.857163598680177 ], [ 75.614485471622032, 12.798193132287102 ], [ 75.641045132341375, 12.769894564888332 ], [ 75.637179742908373, 12.762016260088155 ], [ 75.65974893038711, 12.750452126734535 ], [ 75.651119381662468, 12.720155538192925 ], [ 75.62750606431824, 12.707424062840868 ], [ 75.633609824085156, 12.691874389479693 ], [ 75.672804576882527, 12.700490582663225 ], [ 75.648778695431247, 12.666493481207731 ], [ 75.642921846026354, 12.629607899192941 ], [ 75.654171501499576, 12.62152456027048 ], [ 75.672661343740799, 12.554925746236499 ], [ 75.617934502291561, 12.510411364817717 ], [ 75.605551112004193, 12.512076650735228 ], [ 75.592670603367424, 12.537143809616738 ], [ 75.558890628768665, 12.503777617219555 ], [ 75.566208127418136, 12.486666500314815 ], [ 75.52900895624488, 12.497618214787918 ], [ 75.524440842759574, 12.489346146225479 ], [ 75.496364712960499, 12.482293490931781 ], [ 75.49156215033436, 12.460100515144822 ], [ 75.465200040555374, 12.471888385543091 ], [ 75.463328124518284, 12.485188619036379 ], [ 75.472165543992432, 12.49778114110477 ], [ 75.436107971270502, 12.528147466417916 ], [ 75.416666637721264, 12.50165966965263 ], [ 75.406383988689711, 12.494543969688888 ], [ 75.399416167030253, 12.502739853484394 ], [ 75.3851151455505, 12.497571837038773 ], [ 75.3719973426237, 12.488367861114684 ], [ 75.374083111555677, 12.473684604535254 ], [ 75.34277366236843, 12.46091231899835 ], [ 75.336670460196814, 12.495083616292197 ], [ 75.306612557648634, 12.501547434830707 ], [ 75.306291291286811, 12.52208119234721 ], [ 75.282655355076642, 12.522893065037609 ], [ 75.272339809135772, 12.558258320793975 ], [ 75.292878495066148, 12.579627052706998 ], [ 75.317797263917456, 12.57344852544515 ], [ 75.33008996413389, 12.581922766630933 ], [ 75.329488557215996, 12.589981174712413 ], [ 75.309788674804139, 12.59263873863029 ], [ 75.302971318517351, 12.603819535383172 ], [ 75.292578907873107, 12.601359029703477 ], [ 75.278077581953383, 12.6163723683415 ], [ 75.237549295249764, 12.566505550946571 ], [ 75.224091322599605, 12.567302029729692 ], [ 75.211947577951207, 12.58860896045843 ], [ 75.204474355181432, 12.585194422493569 ], [ 75.210602971700141, 12.601900065743104 ], [ 75.199703565927592, 12.610772810411271 ], [ 75.202405156074008, 12.629718466551978 ], [ 75.183462566421142, 12.632015784270767 ], [ 75.159964214982793, 12.621604499634596 ], [ 75.143649912981743, 12.637832061159594 ], [ 75.162020358812214, 12.668603595961894 ], [ 75.151284218763067, 12.68086115242239 ], [ 75.132463841778716, 12.67533361145866 ], [ 75.113135040293955, 12.680383518356578 ], [ 75.104837638030176, 12.696007249773194 ], [ 75.08640918931188, 12.702204974901639 ], [ 75.083437074684326, 12.670848753884115 ], [ 75.070567683002977, 12.662439628579165 ], [ 75.047985760236017, 12.664478963391275 ], [ 75.044811926123714, 12.691823643929405 ], [ 75.056978353163728, 12.691109580940681 ], [ 75.049769610843583, 12.719075820805779 ], [ 75.038169704967586, 12.722950429202845 ], [ 75.007003475874058, 12.713535803742241 ], [ 75.00296619090625, 12.718012266684577 ], [ 75.012091066142617, 12.727163531209669 ], [ 74.992862867701461, 12.737439501682866 ], [ 74.98454889391536, 12.734170425991911 ], [ 75.008454225058401, 12.764735311543392 ], [ 75.005072097105554, 12.789785616431731 ], [ 74.99200716893688, 12.794738530215691 ], [ 74.981618901437571, 12.779507017380663 ], [ 74.953754285086404, 12.783514656668892 ], [ 74.884857359775808, 12.752932931031955 ], [ 74.863037968391765, 12.758281099956292 ], [ 74.807124980105158, 12.8946867054111 ], [ 74.781615205436836, 13.054294282818097 ], [ 74.770712168517548, 13.077560889166859 ], [ 74.781895265542431, 13.058136034671179 ], [ 74.779285028201599, 13.091407828983822 ], [ 74.797090817742273, 13.100499657088314 ], [ 74.794930232620601, 13.116103529389335 ], [ 74.811285542549754, 13.11406621858478 ], [ 74.826841494575632, 13.128406155774147 ], [ 74.862818384749957, 13.126070705052028 ], [ 74.873696269210186, 13.097179837956265 ], [ 74.890311824578376, 13.095505685895189 ], [ 74.891425477789113, 13.062915578112646 ], [ 74.883846890662184, 13.047872931214963 ], [ 74.89614215392686, 13.030366233368584 ], [ 74.909381707969615, 13.024764303869581 ], [ 74.905128370051713, 13.03983839313287 ], [ 74.932318015041957, 13.034456401609134 ], [ 74.935346261096896, 13.014898291272491 ], [ 74.928085924549904, 13.008751913841706 ], [ 74.940807551981294, 13.004579203422784 ], [ 74.946860914648866, 13.015938175716823 ], [ 74.964695439908809, 13.013483423263132 ], [ 74.977694335205925, 13.027078373725612 ], [ 74.998910324917048, 13.015494383722785 ], [ 74.996280794809152, 13.003894541623389 ], [ 74.986856447552796, 13.001300643575487 ], [ 74.989610323179463, 12.98907349336247 ], [ 75.013998586953264, 12.98412324956514 ], [ 75.029685813125795, 12.997533599530598 ], [ 75.030316808507592, 13.01595014542723 ], [ 75.047435188164073, 13.020528480634235 ], [ 75.068067225525525, 13.045796692060215 ], [ 75.0768672080454, 13.045282941432561 ], [ 75.083183469876388, 13.067793612901308 ], [ 75.117880657229705, 13.108856486968069 ], [ 75.127223231083875, 13.132378593917096 ], [ 75.147761310504876, 13.127000189418791 ], [ 75.161969906650384, 13.133280608072836 ], [ 75.201940864436921, 13.181404610491686 ] ] ], [ [ [ 74.742453275072748, 13.643293638843422 ], [ 74.730936468873452, 13.640051173346002 ], [ 74.728771097617752, 13.642711730102357 ], [ 74.742453275072748, 13.643293638843422 ] ] ], [ [ [ 74.696658910450239, 13.331230630164463 ], [ 74.693757105742023, 13.326835121660629 ], [ 74.692290720780264, 13.331779245284652 ], [ 74.696658910450239, 13.331230630164463 ] ] ], [ [ [ 74.690905196647421, 13.3399151681093 ], [ 74.688002966588456, 13.33552851449128 ], [ 74.686537017188428, 13.340454642486966 ], [ 74.690905196647421, 13.3399151681093 ] ] ], [ [ [ 74.688023690105823, 13.652841448481531 ], [ 74.679040050215249, 13.65385818220985 ], [ 74.677656839651576, 13.666762533079776 ], [ 74.690408944899119, 13.660758898515043 ], [ 74.688023690105823, 13.652841448481531 ] ] ], [ [ [ 74.684872558414369, 13.348605329872964 ], [ 74.68197033740222, 13.344218437157311 ], [ 74.680503730964702, 13.349153689140069 ], [ 74.684872558414369, 13.348605329872964 ] ] ], [ [ [ 74.675043110969057, 13.376354440921727 ], [ 74.668394507894163, 13.3782584173708 ], [ 74.66836083569487, 13.385719543976249 ], [ 74.673728313728944, 13.382262040564342 ], [ 74.675043110969057, 13.376354440921727 ] ] ] ] } },
{ "type": "Feature", "properties": { "district_id": "assam__darrang", "state": "Assam", "district": "Darrang", "area_km2": 1612.1, "point_lat": 26.4383, "point_lon": 92.0081 }, "geometry": { "type": "Polygon", "coordinates": [ [ [ 92.305564609947623, 26.67506632871482 ], [ 92.338534702321979, 26.66531802443853 ], [ 92.333598792156792, 26.650393375173987 ], [ 92.345378473016083, 26.636955950768552 ], [ 92.330044131429503, 26.636767264253251 ], [ 92.335455530721887, 26.62791252347256 ], [ 92.325090133988709, 26.613950844387794 ], [ 92.342750656105338, 26.597192079637555 ], [ 92.328080764152247, 26.591661489402874 ], [ 92.343824082100028, 26.581483025005571 ], [ 92.363816436725415, 26.585635810147288 ], [ 92.358163949279415, 26.571727545855602 ], [ 92.369767926799682, 26.566295256413159 ], [ 92.383851181999248, 26.531118163816544 ], [ 92.355832357872274, 26.530137598208249 ], [ 92.332805494827227, 26.514563846210098 ], [ 92.328132926617471, 26.509268761208411 ], [ 92.346452529560707, 26.502144092248368 ], [ 92.317643222089558, 26.487126712153653 ], [ 92.282177324858296, 26.453877579700645 ], [ 92.249812648394766, 26.447640317474175 ], [ 92.222502089669263, 26.416822015556676 ], [ 92.181466206411073, 26.422988694088033 ], [ 92.156419473058207, 26.410590210377769 ], [ 92.103825224039824, 26.343125758057994 ], [ 92.086169203781267, 26.336947443201701 ], [ 92.045573295570946, 26.275435071558896 ], [ 92.032857786961756, 26.269815792663035 ], [ 92.017367473008989, 26.279896565391418 ], [ 91.992031344767113, 26.268922415946417 ], [ 91.984358226964687, 26.274843932181067 ], [ 91.935118333102849, 26.241379565644163 ], [ 91.92665964752716, 26.245761345185816 ], [ 91.904790354230727, 26.225313512836987 ], [ 91.877878247916158, 26.215577833344383 ], [ 91.779531023227946, 26.197743717977414 ], [ 91.761673253588995, 26.199886562596447 ], [ 91.750122372257366, 26.210515439487317 ], [ 91.749449807673301, 26.220817360134369 ], [ 91.786953147138618, 26.244013076306299 ], [ 91.793195653204791, 26.268086452372689 ], [ 91.7867001845065, 26.304647095993733 ], [ 91.824293323030986, 26.331912406984031 ], [ 91.820586546859602, 26.379019542605306 ], [ 91.806392187484789, 26.384506014378797 ], [ 91.797063420663079, 26.407243508498119 ], [ 91.783155431761315, 26.411169031245517 ], [ 91.768104603656383, 26.455784767560846 ], [ 91.766854725329509, 26.466160434017613 ], [ 91.779732609777199, 26.469495208068729 ], [ 91.781233200385628, 26.491389166722286 ], [ 91.789100945235731, 26.499418039506981 ], [ 91.827835202538751, 26.50924953022065 ], [ 91.863230632136577, 26.540630006667435 ], [ 91.895235648580055, 26.545107191400923 ], [ 91.901612940832564, 26.558441713633403 ], [ 91.930464651983186, 26.574668881532546 ], [ 91.947979239373964, 26.57025999906957 ], [ 91.965185709471669, 26.553587760067309 ], [ 91.992608368511057, 26.569502582734859 ], [ 92.028073938096625, 26.559510032033945 ], [ 92.063498519991697, 26.519154296141473 ], [ 92.072138008691056, 26.50236128708875 ], [ 92.069835707338612, 26.487181213763495 ], [ 92.082105293552971, 26.481625097508136 ], [ 92.094137478596153, 26.491444655935126 ], [ 92.080782317291948, 26.51244354198813 ], [ 92.098978401596995, 26.550965510171956 ], [ 92.086219700012578, 26.560399270239984 ], [ 92.060886726825373, 26.545463472985595 ], [ 92.045437368416444, 26.580440003476141 ], [ 92.076342536037032, 26.628692528448649 ], [ 92.184713873664492, 26.667462427076671 ], [ 92.202190535793406, 26.665619487117503 ], [ 92.217670386402176, 26.640377663999178 ], [ 92.237853070061746, 26.62510007304768 ], [ 92.23902629951462, 26.598569993257911 ], [ 92.251308447371457, 26.579100627185092 ], [ 92.270231197156434, 26.592278149613783 ], [ 92.275678329836495, 26.62357723553896 ], [ 92.293187156756119, 26.630373666331355 ], [ 92.305564609947623, 26.67506632871482 ] ] ] } },
{ "type": "Feature", "properties": { "district_id": "karnataka__davanagere", "state": "Karnataka", "district": "Davanagere", "area_km2": 5946.6, "point_lat": 14.368, "point_lon": 75.8879 }, "geometry": { "type": "Polygon", "coordinates": [ [ [ 76.508302435580646, 14.563786417439713 ], [ 76.533384482913462, 14.535413018652665 ], [ 76.485163653946074, 14.503992022058689 ], [ 76.460091041555799, 14.501336489485722 ], [ 76.460174720305986, 14.451027377457333 ], [ 76.427676839260656, 14.447771704385762 ], [ 76.425112274594198, 14.438702264610058 ], [ 76.401693427143314, 14.434664298543304 ], [ 76.383866229322834, 14.420392324966379 ], [ 76.349671910551663, 14.418077358732971 ], [ 76.33308263623006, 14.406650712038173 ], [ 76.278602168775237, 14.405712979887536 ], [ 76.26157021519866, 14.441660999903172 ], [ 76.239384278354564, 14.44727178778802 ], [ 76.218334249640847, 14.442082913195854 ], [ 76.204861443669188, 14.456649886979049 ], [ 76.185210350662274, 14.458225145041553 ], [ 76.137854255806403, 14.425672174619759 ], [ 76.156763082827908, 14.383786117563732 ], [ 76.15068816355631, 14.370799123197434 ], [ 76.156880813004264, 14.319576628134925 ], [ 76.120531374074332, 14.321879188544791 ], [ 76.110826479815913, 14.315433974125229 ], [ 76.131935142095443, 14.254800434105636 ], [ 76.079951865184754, 14.243578699928662 ], [ 76.062069044943385, 14.219720236053488 ], [ 76.061558156068372, 14.158887521629239 ], [ 76.046459834980553, 14.153636403400451 ], [ 76.025495251583919, 14.113371674542122 ], [ 76.032822529157315, 14.091841087017631 ], [ 76.047174854691818, 14.097763296318584 ], [ 76.052561203882732, 14.090664556046818 ], [ 76.044213478217927, 13.990489092707334 ], [ 76.053266915111081, 13.975763287967961 ], [ 76.072448221244343, 13.979989306117892 ], [ 76.069442916299806, 13.946043637792972 ], [ 76.046486918082238, 13.940133318367218 ], [ 76.031306860177878, 13.915919217362839 ], [ 76.0311208036034, 13.869416920644651 ], [ 76.021294821873695, 13.862220321059784 ], [ 76.017298378313683, 13.870688906400073 ], [ 76.009325800387117, 13.867085015513533 ], [ 75.989822717801133, 13.847381319718728 ], [ 75.97154971838512, 13.854987278723293 ], [ 75.950386327538439, 13.832873230311982 ], [ 75.950566302105926, 13.814989029932581 ], [ 75.92084528749136, 13.806658511326242 ], [ 75.879917943853499, 13.810292859474027 ], [ 75.861825475818051, 13.871510571587422 ], [ 75.854912801975502, 13.872583696635195 ], [ 75.857760021140351, 13.91390702539001 ], [ 75.827070738875776, 13.97207724770618 ], [ 75.823103096281201, 14.016941764165036 ], [ 75.798080992931531, 14.03166403793457 ], [ 75.821786490490254, 14.06334304365501 ], [ 75.810845691674345, 14.101563384734122 ], [ 75.80477470863471, 14.096024205265632 ], [ 75.757469797493115, 14.107912231152165 ], [ 75.756410921935583, 14.099973066350834 ], [ 75.739707214402529, 14.101026188274169 ], [ 75.736534572586791, 14.086207530525856 ], [ 75.721975510669424, 14.081232055797528 ], [ 75.722928891484486, 14.074534306248452 ], [ 75.667426023509506, 14.065611171655423 ], [ 75.635921343128487, 14.078564365132708 ], [ 75.618035511487761, 14.075840910590454 ], [ 75.606635314448596, 14.056679948742895 ], [ 75.594827784348794, 14.061955004315557 ], [ 75.58622959977744, 14.057147887567458 ], [ 75.516239521375169, 14.09625604965276 ], [ 75.493590144529719, 14.102459012758629 ], [ 75.451648037836335, 14.094871051359386 ], [ 75.400233814644423, 14.114422131255974 ], [ 75.401211384141249, 14.124180450022562 ], [ 75.443565249852853, 14.16170738831687 ], [ 75.460888458707473, 14.173254388399439 ], [ 75.485372142115594, 14.174022142953037 ], [ 75.453169945430759, 14.203744116798219 ], [ 75.50802482257869, 14.216554507508111 ], [ 75.516478164473938, 14.203177919344951 ], [ 75.526485810555826, 14.202124402738802 ], [ 75.529925798922235, 14.276889697105423 ], [ 75.57954261942271, 14.276495572732129 ], [ 75.602737368025331, 14.293121492086614 ], [ 75.609633112538987, 14.314174923171405 ], [ 75.632767767408623, 14.313641501588444 ], [ 75.62160112813109, 14.342853076945291 ], [ 75.640696722373619, 14.41871252102189 ], [ 75.641608633480658, 14.430494652386194 ], [ 75.630125628092827, 14.442651431171285 ], [ 75.636132063330393, 14.464001216783153 ], [ 75.654494203491367, 14.462140837203581 ], [ 75.660062292522852, 14.45039546462713 ], [ 75.687984356942422, 14.489672588612892 ], [ 75.700300429572096, 14.488663105880164 ], [ 75.71518255600229, 14.472021007809388 ], [ 75.754562508363762, 14.513578031177381 ], [ 75.77300177880727, 14.517696892597133 ], [ 75.798413486368446, 14.51030434851719 ], [ 75.800158677341074, 14.539732923957443 ], [ 75.820190858760384, 14.566478387744377 ], [ 75.805325292887886, 14.599180243539891 ], [ 75.812328404366184, 14.651238786722518 ], [ 75.800101543268852, 14.66530659058528 ], [ 75.799460241962166, 14.680288852536735 ], [ 75.771368507795515, 14.674090188412734 ], [ 75.739279811046188, 14.690130425606524 ], [ 75.764393205581825, 14.72316221659209 ], [ 75.758507898984504, 14.763093299320518 ], [ 75.772847779147199, 14.792744457577099 ], [ 75.800713428594847, 14.769241103071309 ], [ 75.823482881581185, 14.777549048435951 ], [ 75.836054398832971, 14.798127736163515 ], [ 75.832472124565925, 14.817422667336571 ], [ 75.8072679084258, 14.842560659849935 ], [ 75.803774767857718, 14.874065263118997 ], [ 75.820496210236996, 14.900053765582671 ], [ 75.833385152286084, 14.882844638491507 ], [ 75.843290591053773, 14.889778789564815 ], [ 75.857386691536519, 14.88207571921907 ], [ 75.855507016747879, 14.86371379964096 ], [ 75.87077462221859, 14.854313056915254 ], [ 75.874557566254126, 14.868629742832457 ], [ 75.94199446383, 14.900047061526941 ], [ 75.971948289301082, 14.907168320989902 ], [ 75.97819544506558, 14.898597272922164 ], [ 75.986574397770241, 14.906754492482589 ], [ 75.997412243041254, 14.898127549523421 ], [ 76.007040902327319, 14.905225018250157 ], [ 76.012847867091779, 14.898826503181807 ], [ 76.04889613040244, 14.928599193586061 ], [ 76.052383456381477, 14.918127428769974 ], [ 76.081752041874054, 14.909997805695706 ], [ 76.067530276374015, 14.88328828382622 ], [ 76.074610612807746, 14.868269589502162 ], [ 76.127672511938528, 14.869606878091401 ], [ 76.132031592634945, 14.861161976656103 ], [ 76.156685219582087, 14.860269984837577 ], [ 76.157968069396745, 14.847917810493437 ], [ 76.190675923469328, 14.846869275122742 ], [ 76.196390319710829, 14.81978961185809 ], [ 76.159312792942529, 14.830012298101714 ], [ 76.149161029695335, 14.821455432086388 ], [ 76.146024606938255, 14.803158904226077 ], [ 76.154101541173219, 14.78552564522065 ], [ 76.170215510213865, 14.784951130202154 ], [ 76.181965543796238, 14.76632177928 ], [ 76.194700721480118, 14.766019709804242 ], [ 76.204405911205683, 14.739960923657227 ], [ 76.188338512140945, 14.718871473268701 ], [ 76.186967438083755, 14.700671941935212 ], [ 76.195199736127535, 14.681391942321829 ], [ 76.231452712252747, 14.648826025767859 ], [ 76.253699662850977, 14.697633926208779 ], [ 76.272506693396593, 14.695902833306631 ], [ 76.278070797926858, 14.686806045755997 ], [ 76.323725039984097, 14.692347143223904 ], [ 76.33893951060621, 14.686039661345074 ], [ 76.344734796237049, 14.666421383733997 ], [ 76.381435517776055, 14.661149475305141 ], [ 76.375693714369532, 14.649498107105918 ], [ 76.391566612264441, 14.649066517607604 ], [ 76.394520910221246, 14.627827957706655 ], [ 76.432553106489607, 14.618952456305218 ], [ 76.425057641503074, 14.581342011790957 ], [ 76.508302435580646, 14.563786417439713 ] ] ] } },
{ "type": "Feature", "properties": { "district_id": "karnataka__dharwad", "state": "Karnataka", "district": "Dharwad", "area_km2": 4275.5, "point_lat": 15.3693, "point_lon": 75.1354 }, "geometry": { "type": "Polygon", "coordinates": [ [ [ 75.419505787268392, 15.061682274941827 ], [ 75.368841669241846, 15.047321167438467 ], [ 75.357739418497928, 15.062186044168698 ], [ 75.339979624361817, 15.068634019659225 ], [ 75.33093053285657, 15.080920612881345 ], [ 75.35225015974045, 15.102296101277297 ], [ 75.340055833471055, 15.110472801023811 ], [ 75.33838683793104, 15.159461683348644 ], [ 75.309829995792441, 15.154620928334932 ], [ 75.310801322464002, 15.139975496644503 ], [ 75.290552084402989, 15.136584494635867 ], [ 75.290249740835449, 15.129008611954788 ], [ 75.263687705110627, 15.115563896966641 ], [ 75.258439050450704, 15.096432629904129 ], [ 75.254083870076869, 15.105678733662417 ], [ 75.242208274014274, 15.107203645412648 ], [ 75.227197996902248, 15.099053498651651 ], [ 75.191820646252452, 15.09651725744612 ], [ 75.16067239993103, 15.101770290258932 ], [ 75.160288580239879, 15.107317919090411 ], [ 75.14244577902528, 15.099793503104484 ], [ 75.138172931953264, 15.117060933129803 ], [ 75.155667160196217, 15.145085805253204 ], [ 75.138846999737098, 15.158835834032876 ], [ 75.132615144368927, 15.141396574521233 ], [ 75.108135406269326, 15.138293733771022 ], [ 75.114753830422131, 15.115909070670982 ], [ 75.080161264981683, 15.109725713604449 ], [ 75.081317665744095, 15.072596699341224 ], [ 75.06276260899881, 15.071538212960704 ], [ 75.056173493675601, 15.080790918937639 ], [ 75.022662212932346, 15.068783571876553 ], [ 74.940472343530033, 15.066234191839213 ], [ 74.93984145276869, 15.051901844162948 ], [ 74.911434874526151, 15.037684319712358 ], [ 74.907214550351455, 15.04939640099108 ], [ 74.893148100483302, 15.044840833866754 ], [ 74.880208372034673, 15.072369556563858 ], [ 74.891938410293506, 15.098111041824438 ], [ 74.858629385009976, 15.103615540956074 ], [ 74.853453485131681, 15.120910055272937 ], [ 74.828762013149955, 15.133309892395497 ], [ 74.850052332537274, 15.169066339664758 ], [ 74.877052185167116, 15.193213887057217 ], [ 74.873226601113572, 15.213043285008059 ], [ 74.909028899698214, 15.25073896270745 ], [ 74.898766747356404, 15.299003457738802 ], [ 74.889760698416936, 15.307269037984431 ], [ 74.87615098589329, 15.300486748501713 ], [ 74.877428963863963, 15.314906100952292 ], [ 74.855129970718366, 15.340477495069505 ], [ 74.834724225570014, 15.33340187897967 ], [ 74.82629965099521, 15.34339990743795 ], [ 74.82199442017901, 15.366780898995886 ], [ 74.829197754708673, 15.374878287279332 ], [ 74.821192775884228, 15.383838482627677 ], [ 74.7904751890988, 15.379639956543819 ], [ 74.7825075673545, 15.393886246931329 ], [ 74.765387608381175, 15.399104060512435 ], [ 74.767068851842652, 15.416222785835064 ], [ 74.742622392234679, 15.411496336008479 ], [ 74.73068980773283, 15.429532139344568 ], [ 74.744891980944075, 15.46142239463823 ], [ 74.734218050570803, 15.468310275459531 ], [ 74.727062140315297, 15.489154172323259 ], [ 74.746655996314047, 15.494508932931229 ], [ 74.76132060477866, 15.469609821624429 ], [ 74.765690016420493, 15.473690986997578 ], [ 74.77691690995853, 15.459568997024403 ], [ 74.789087479868527, 15.472433756657868 ], [ 74.787166351920135, 15.484555453660958 ], [ 74.81348280440443, 15.503172777860311 ], [ 74.797949948086909, 15.545895998292901 ], [ 74.840548017793836, 15.574276407143994 ], [ 74.830913713746142, 15.589609407495026 ], [ 74.830704727226134, 15.609362565588919 ], [ 74.878562957712816, 15.616766273308654 ], [ 74.89027706050166, 15.629806712542678 ], [ 74.963807826128715, 15.62534951218486 ], [ 74.967439840229076, 15.651446225507028 ], [ 75.020329212585153, 15.644890572338987 ], [ 75.030207287026968, 15.66873798510508 ], [ 75.047448645595111, 15.671371151266865 ], [ 75.049842932195645, 15.681927583519398 ], [ 75.061597738961751, 15.680834837057379 ], [ 75.064240829157455, 15.670027609377726 ], [ 75.056914892502405, 15.631345763172916 ], [ 75.081983134987453, 15.622121895565506 ], [ 75.092606882153902, 15.608653548224511 ], [ 75.107035522299569, 15.671700222207694 ], [ 75.203089909999818, 15.649856941307485 ], [ 75.202622178998837, 15.681718279507203 ], [ 75.237332243788615, 15.679381725713329 ], [ 75.250720902826771, 15.646378035685665 ], [ 75.273206505430366, 15.650469826416648 ], [ 75.278848876420312, 15.68900840648803 ], [ 75.295797978617117, 15.691287331652784 ], [ 75.336993533217367, 15.674267182552466 ], [ 75.336852546017226, 15.648066774609836 ], [ 75.360943781327691, 15.646008176143289 ], [ 75.364595227700605, 15.668851736916887 ], [ 75.41365158521927, 15.655712571732442 ], [ 75.426616732029757, 15.670816036236157 ], [ 75.474472639172987, 15.688013061443698 ], [ 75.47053581831014, 15.701582397789982 ], [ 75.489363531404436, 15.702167671158668 ], [ 75.503954417478809, 15.648311255517962 ], [ 75.55635591163076, 15.647458288465421 ], [ 75.550694249246746, 15.615981598352352 ], [ 75.535147414677198, 15.590317646795228 ], [ 75.531854025589439, 15.538477939359373 ], [ 75.485801189459366, 15.530758485721512 ], [ 75.476534179117735, 15.520707343175365 ], [ 75.472931067234839, 15.493132380673353 ], [ 75.488611818791213, 15.488419887512098 ], [ 75.495025566664467, 15.470828764603738 ], [ 75.493013599643277, 15.372158780043879 ], [ 75.471801549188726, 15.396672893440584 ], [ 75.46960987231455, 15.386206293691027 ], [ 75.445948029201304, 15.385283520028501 ], [ 75.449833334837905, 15.358954802703595 ], [ 75.458729618348528, 15.34865371549258 ], [ 75.450174029993946, 15.328959918814203 ], [ 75.451268357594174, 15.301726654975987 ], [ 75.415037778001448, 15.300586495079564 ], [ 75.409313931335802, 15.277972577525539 ], [ 75.419725410717021, 15.275657176163339 ], [ 75.40451775411249, 15.27253184874934 ], [ 75.404437371175277, 15.260948714776553 ], [ 75.41834002819968, 15.260932438674073 ], [ 75.425561381015925, 15.224779490639923 ], [ 75.441757050611983, 15.22629224458098 ], [ 75.449065810142542, 15.215489522712939 ], [ 75.44893912333076, 15.208009455295398 ], [ 75.435789222189683, 15.208143298033699 ], [ 75.434516941897343, 15.198439117920916 ], [ 75.401653512314951, 15.198495074994829 ], [ 75.397888825288319, 15.165282189969853 ], [ 75.407194273115749, 15.170499969496751 ], [ 75.41467722222724, 15.162896739133071 ], [ 75.435444917907546, 15.105941908715748 ], [ 75.418558114137255, 15.086268495281125 ], [ 75.419505787268392, 15.061682274941827 ] ] ] } },
{ "type": "Feature", "properties": { "district_id": "assam__dhemaji", "state": "Assam", "district": "Dhemaji", "area_km2": 2606.4, "point_lat": 27.541, "point_lon": 94.5549 }, "geometry": { "type": "Polygon", "coordinates": [ [ [ 94.580626603303955, 27.213709686099232 ], [ 94.555710678453906, 27.222091881885706 ], [ 94.527511573866946, 27.251546685935857 ], [ 94.520904620912503, 27.262753479031858 ], [ 94.525246945769652, 27.293432793852478 ], [ 94.502987021933137, 27.326567723150266 ], [ 94.48450497947718, 27.324033857702776 ], [ 94.462524210522787, 27.304868175620424 ], [ 94.417926818426807, 27.30896554863094 ], [ 94.387690389335361, 27.327980500762788 ], [ 94.337044603784165, 27.327663635776645 ], [ 94.326886694478048, 27.33565200363558 ], [ 94.321835501512808, 27.422973778202735 ], [ 94.284487802632214, 27.457810957913797 ], [ 94.282201594861476, 27.500915529609365 ], [ 94.261983487537435, 27.520199459741157 ], [ 94.258823308430493, 27.554198595267607 ], [ 94.228865618039833, 27.572465216170407 ], [ 94.227501993024518, 27.595375568780074 ], [ 94.213586164811062, 27.60775682724103 ], [ 94.219904191049736, 27.605894393849649 ], [ 94.23758501085041, 27.629420935586378 ], [ 94.254724443303772, 27.637815921987851 ], [ 94.269171262901253, 27.629409082799693 ], [ 94.256529980420353, 27.610549510753749 ], [ 94.278407245841137, 27.590130452367912 ], [ 94.300387366608291, 27.601041341884358 ], [ 94.314737422579327, 27.586368352734198 ], [ 94.357951620677838, 27.57401556649344 ], [ 94.389852268628957, 27.585889627019913 ], [ 94.405402511290902, 27.583762452728433 ], [ 94.433267897629165, 27.599626105565285 ], [ 94.438220625384304, 27.580929747892057 ], [ 94.461848328981176, 27.554142690516585 ], [ 94.485222221349446, 27.573628509607715 ], [ 94.502327520700874, 27.573712662107798 ], [ 94.528389760258207, 27.592155400405684 ], [ 94.575634381280921, 27.603289474560516 ], [ 94.588410993373486, 27.61643582235342 ], [ 94.63651052938566, 27.62503090174852 ], [ 94.671181092211327, 27.646508040425008 ], [ 94.684575663357151, 27.645801266518891 ], [ 94.691510309722972, 27.663418268987879 ], [ 94.718712996298208, 27.657819676957804 ], [ 94.72278322711793, 27.666176520483393 ], [ 94.744708694392472, 27.659546746064187 ], [ 94.802263972923456, 27.693175674744705 ], [ 94.841405716328438, 27.699568933328244 ], [ 94.867965631091025, 27.741638988685395 ], [ 94.885977418326618, 27.738075745517218 ], [ 94.999877184149128, 27.772421034955766 ], [ 95.033192369495922, 27.770580846275802 ], [ 95.053804110844041, 27.786026783182542 ], [ 95.31843626198561, 27.866583015195214 ], [ 95.386095384552917, 27.837289044791742 ], [ 95.517658237623735, 27.87687909614619 ], [ 95.516911914607533, 27.857431004437558 ], [ 95.492962725581549, 27.85221622472946 ], [ 95.459734760207567, 27.774382940071586 ], [ 95.444150828121707, 27.75749497963341 ], [ 95.40219621989506, 27.725350480519531 ], [ 95.32156285068973, 27.695337490400696 ], [ 95.284333076929443, 27.690751085226537 ], [ 95.260348394852898, 27.658616704241567 ], [ 95.226196921640806, 27.652218166674338 ], [ 95.194916312868898, 27.666794652799904 ], [ 95.207505609754307, 27.707990834160164 ], [ 95.122795347961528, 27.680113069303761 ], [ 95.107680187716724, 27.662217445455919 ], [ 95.064131515256918, 27.65992751733604 ], [ 95.042281923538269, 27.667695125236001 ], [ 95.029761428777434, 27.658404579626872 ], [ 94.985504007353299, 27.6505490983544 ], [ 94.958433728412757, 27.627629239241632 ], [ 94.949297506240185, 27.608602859416216 ], [ 94.922609738967225, 27.600393596948322 ], [ 94.88254381650097, 27.573481877015418 ], [ 94.87272207437654, 27.556617522018431 ], [ 94.818513646023391, 27.514808519833011 ], [ 94.821632121617341, 27.505267755425152 ], [ 94.795603855638291, 27.481586141234811 ], [ 94.774671413828855, 27.482836413219712 ], [ 94.746728573601317, 27.434901408251573 ], [ 94.732898265974555, 27.44118086550198 ], [ 94.723185366564138, 27.426777840982847 ], [ 94.693266376404409, 27.418812479417362 ], [ 94.692239420972811, 27.389576688664498 ], [ 94.665430946002289, 27.376211862597206 ], [ 94.666543882277736, 27.348979054360143 ], [ 94.642030528041886, 27.337313523488998 ], [ 94.637956065215135, 27.319741630509668 ], [ 94.62236927257122, 27.332306776549572 ], [ 94.607416957098678, 27.324860204953204 ], [ 94.615377628142113, 27.305476415930009 ], [ 94.58814790631844, 27.2664220260733 ], [ 94.580626603303955, 27.213709686099232 ] ] ] } },
{ "type": "Feature", "properties": { "district_id": "assam__dhubri", "state": "Assam", "district": "Dhubri", "area_km2": 2297.2, "point_lat": 25.9294, "point_lon": 89.9894 }, "geometry": { "type": "MultiPolygon", "coordinates": [ [ [ [ 90.218944844382889, 26.350362622294817 ], [ 90.23123412624787, 26.349539287124568 ], [ 90.221404832271219, 26.329335909600573 ], [ 90.230181393736842, 26.332505307786292 ], [ 90.240676208145089, 26.323747335944972 ], [ 90.260238141927104, 26.334281462331223 ], [ 90.282534373639407, 26.319810167843539 ], [ 90.289587878719942, 26.336347595615916 ], [ 90.346966333773665, 26.370380580825522 ], [ 90.358354158423936, 26.349436299901086 ], [ 90.319090841012695, 26.299430623219006 ], [ 90.320789602621474, 26.28154540554738 ], [ 90.328234607430403, 26.278066830583004 ], [ 90.376700605331351, 26.294045947343282 ], [ 90.377023767679759, 26.319191225865016 ], [ 90.429089408995566, 26.35992938194147 ], [ 90.44128223378857, 26.343885828246556 ], [ 90.438772774129177, 26.358469812216278 ], [ 90.444619607506837, 26.361768181546182 ], [ 90.44609586618914, 26.346270879106243 ], [ 90.460884345729397, 26.356067478781064 ], [ 90.458206378201311, 26.338759060868018 ], [ 90.465432695773032, 26.330130385549463 ], [ 90.477053200158721, 26.331084838443292 ], [ 90.470546650995445, 26.326176321826978 ], [ 90.483760319273685, 26.290155412190316 ], [ 90.467619827515477, 26.288946879948373 ], [ 90.473226971271373, 26.277852367916495 ], [ 90.461493706009009, 26.277827843198331 ], [ 90.460429182240588, 26.284397421292397 ], [ 90.459641242227377, 26.27249131339191 ], [ 90.476463633492457, 26.271330277084335 ], [ 90.473147743683271, 26.266055397530774 ], [ 90.448443111956465, 26.268708242679217 ], [ 90.452359906907617, 26.248766143201109 ], [ 90.438047927994546, 26.262057227459021 ], [ 90.433587679572511, 26.256964143876107 ], [ 90.442422602145456, 26.244118693587147 ], [ 90.429878108988532, 26.244326234509668 ], [ 90.402259048187901, 26.220629238426756 ], [ 90.381840929411922, 26.223885422626157 ], [ 90.377146389101057, 26.179064002585307 ], [ 90.337649314708983, 26.172939197016461 ], [ 90.273710710788876, 26.186076738211739 ], [ 90.251595811231041, 26.177395630107537 ], [ 90.242864574950048, 26.139515238795806 ], [ 90.223293983829137, 26.137553616265755 ], [ 90.208644832823936, 26.123644976025464 ], [ 90.196779668585492, 26.126423559804579 ], [ 90.157532542506473, 26.082194110159161 ], [ 90.181109315666717, 26.065255034358064 ], [ 90.172309225955786, 26.043304400409202 ], [ 90.193855339965438, 26.028275232087658 ], [ 90.175366965941024, 26.01658410058975 ], [ 90.183340050126503, 26.012562110231041 ], [ 90.180422776606918, 25.99099179603672 ], [ 90.127098645595609, 25.969656488464373 ], [ 90.109505452085955, 25.941885714360474 ], [ 90.092134654664179, 25.936168806045519 ], [ 90.096088805937498, 25.928721502105699 ], [ 90.067473651364367, 25.915535067808726 ], [ 90.046256438534044, 25.890745655612648 ], [ 90.019440701705548, 25.888633627717969 ], [ 90.008939711345235, 25.878696836445247 ], [ 90.026054788747004, 25.865537276475699 ], [ 90.012471177647157, 25.846855830809222 ], [ 90.004423433597665, 25.848623978267142 ], [ 90.005743810283136, 25.842270714737431 ], [ 89.972131235661024, 25.826193111983173 ], [ 89.948760698450698, 25.824531230724297 ], [ 89.95936389757027, 25.77453068679387 ], [ 89.932044196211734, 25.741440794979663 ], [ 89.899562065550057, 25.744220129203992 ], [ 89.898373593700597, 25.727349438535267 ], [ 89.925190321943504, 25.694525075447412 ], [ 89.941053487718918, 25.686738677051526 ], [ 89.950918351604997, 25.658941428122073 ], [ 89.984373346960709, 25.637671821218014 ], [ 89.987232600070143, 25.626813029277486 ], [ 90.008434902328773, 25.623924632677813 ], [ 90.021156756923702, 25.602297877243423 ], [ 90.005988100621693, 25.584311999857416 ], [ 89.983049104692029, 25.590859998554038 ], [ 89.970314564432641, 25.571842396426778 ], [ 89.890313982003065, 25.558046493463113 ], [ 89.877754176087535, 25.549468554158796 ], [ 89.869795814507555, 25.524354336023094 ], [ 89.879389829024831, 25.491510906535755 ], [ 89.856088025999696, 25.476617584146751 ], [ 89.863220968046363, 25.523028957537452 ], [ 89.856209262711843, 25.537507844169159 ], [ 89.874744826503459, 25.557170319721518 ], [ 89.883051691683235, 25.621471747206957 ], [ 89.848002133357681, 25.690496558423046 ], [ 89.856472031919367, 25.714834683680344 ], [ 89.840233536632141, 25.714697573642621 ], [ 89.829804971354022, 25.729278425982042 ], [ 89.828483742074013, 25.742055399934735 ], [ 89.84337983031439, 25.761028326470136 ], [ 89.831027042571193, 25.804709240637141 ], [ 89.818845595095596, 25.81708817477438 ], [ 89.835196854747508, 25.837712916718367 ], [ 89.840495695978476, 25.877774445247891 ], [ 89.873963977320514, 25.913083845007872 ], [ 89.887040495300766, 25.942023173362703 ], [ 89.844628102110875, 25.940543489793448 ], [ 89.83118431545337, 25.947038322552295 ], [ 89.848330039762729, 25.956136726507257 ], [ 89.844732675016402, 25.972205534113677 ], [ 89.868159390578668, 25.970329858347174 ], [ 89.871524588348308, 25.97608405195114 ], [ 89.83517300565417, 26.007184794752185 ], [ 89.835202638737925, 25.986264889534883 ], [ 89.818635339648694, 25.988989499418945 ], [ 89.821467148666542, 26.023595392605948 ], [ 89.813099229287133, 26.038307664974258 ], [ 89.792251472961325, 26.01704284881264 ], [ 89.803271063027935, 26.039544651716621 ], [ 89.796135823525404, 26.03327029455421 ], [ 89.778520676995328, 26.035465816286546 ], [ 89.792823074016823, 26.045458935011357 ], [ 89.788136451016271, 26.053210022138025 ], [ 89.801189691846304, 26.058623493675483 ], [ 89.797423490927315, 26.088372172217408 ], [ 89.789775161495285, 26.082826250644342 ], [ 89.787484859752567, 26.106053402589097 ], [ 89.765009582187332, 26.112526509282926 ], [ 89.76990956671861, 26.131935858154367 ], [ 89.753060160919887, 26.152859495183201 ], [ 89.724030994815251, 26.157476424604283 ], [ 89.722692506387546, 26.165550302795648 ], [ 89.738992054520921, 26.175003858464923 ], [ 89.71136334344304, 26.173149364703185 ], [ 89.699724528962079, 26.189084276542481 ], [ 89.718900840536037, 26.189370283724482 ], [ 89.722961171970937, 26.196807554768533 ], [ 89.716495379145513, 26.203208942639566 ], [ 89.736895519218194, 26.212287287758617 ], [ 89.702137584107319, 26.217238230522799 ], [ 89.715123822696171, 26.219140765813417 ], [ 89.733679576016115, 26.238196235486573 ], [ 89.720631057415673, 26.246386542050896 ], [ 89.720315475987618, 26.256479899021095 ], [ 89.705940595453498, 26.259200523078341 ], [ 89.709771292870627, 26.26989778869153 ], [ 89.730152305540528, 26.258397798785737 ], [ 89.74238676995401, 26.271087430328556 ], [ 89.720671900460374, 26.30196117407122 ], [ 89.727758095700878, 26.307517482756413 ], [ 89.728429351598066, 26.294733009457783 ], [ 89.762040851682798, 26.288507962344251 ], [ 89.755520958076374, 26.321431783570901 ], [ 89.766939789161896, 26.317065839269763 ], [ 89.785838474040673, 26.330842983148361 ], [ 89.786999768474061, 26.353235641609757 ], [ 89.825468352179414, 26.370555814670233 ], [ 89.816508850308225, 26.357966500730967 ], [ 89.825054948515756, 26.350338721413429 ], [ 89.835977539056927, 26.381968402346708 ], [ 89.845914020275842, 26.377722389942779 ], [ 89.856295511310648, 26.383979146702742 ], [ 89.879226554078613, 26.37469867324273 ], [ 89.89291370051015, 26.358670295946794 ], [ 89.887938848353798, 26.343444322641549 ], [ 89.898422486606265, 26.340316110966707 ], [ 89.901423929520874, 26.330270243705684 ], [ 89.869387170120987, 26.260281423027322 ], [ 89.853193882895923, 26.255343884587418 ], [ 89.870099998843699, 26.232503657431195 ], [ 89.861155565360988, 26.217259005515231 ], [ 89.870737290546856, 26.20006453785529 ], [ 89.860029077480533, 26.19167028186267 ], [ 89.873485841307087, 26.191077885799832 ], [ 89.873119010088388, 26.145740997193855 ], [ 89.884193481315194, 26.136744387820752 ], [ 89.91385188574246, 26.134082796361454 ], [ 89.986218732538603, 26.145015310634101 ], [ 90.033472468149441, 26.128759509513277 ], [ 90.056106385099469, 26.138965855912783 ], [ 90.057761098511094, 26.156227414961574 ], [ 90.071706425417815, 26.172695102881946 ], [ 90.140488761627594, 26.202972662208467 ], [ 90.136870226641364, 26.226019807531664 ], [ 90.121191667273791, 26.23844381523061 ], [ 90.121179582147789, 26.252701524795267 ], [ 90.123288786589939, 26.261118735337224 ], [ 90.149981453501411, 26.274937166736546 ], [ 90.150931051191947, 26.28679918842413 ], [ 90.107806983230901, 26.312149421242349 ], [ 90.121199354631926, 26.32139031756271 ], [ 90.105090365073835, 26.326596131790588 ], [ 90.154345625151635, 26.352963629666004 ], [ 90.17421994269732, 26.342378551384396 ], [ 90.191204772507874, 26.345222374540764 ], [ 90.210766504530639, 26.362439331567781 ], [ 90.208993106467261, 26.376895715985732 ], [ 90.22872059402215, 26.385357082531019 ], [ 90.2359584738102, 26.361831927231641 ], [ 90.218944844382889, 26.350362622294817 ] ], [ [ 89.8171162643267, 26.345845042567451 ], [ 89.804861954037619, 26.349431935284699 ], [ 89.793170431586162, 26.342166938284013 ], [ 89.822601624049767, 26.320048414805139 ], [ 89.827497461765361, 26.328272188333901 ], [ 89.8171162643267, 26.345845042567451 ] ] ], [ [ [ 89.743229329652834, 26.303620341245217 ], [ 89.737033319863869, 26.303601309978909 ], [ 89.733965177542984, 26.307411724304746 ], [ 89.738762724329433, 26.31099888494207 ], [ 89.743229329652834, 26.303620341245217 ] ] ] ] } },
{ "type": "Feature", "properties": { "district_id": "maharashtra__dhule", "state": "Maharashtra", "district": "Dhule", "area_km2": 7185.1, "point_lat": 21.1315, "point_lon": 74.4787 }, "geometry": { "type": "Polygon", "coordinates": [ [ [ 75.205717562987104, 21.413680224630529 ], [ 75.161053299720251, 21.402754312378928 ], [ 75.141566451034038, 21.384150162502074 ], [ 75.136094436857334, 21.365640731851322 ], [ 75.148225435610186, 21.349120697850694 ], [ 75.121524425916149, 21.343820861002843 ], [ 75.151980636222845, 21.323025880838408 ], [ 75.136753344999548, 21.316703515010705 ], [ 75.139568847392781, 21.293753402050744 ], [ 75.128768534812565, 21.281450488747232 ], [ 75.130272462276437, 21.269909876233502 ], [ 75.104386381925067, 21.236001725598623 ], [ 75.041911749492328, 21.211165563968425 ], [ 75.03288592380008, 21.192101506376279 ], [ 74.999217071930858, 21.187356628559158 ], [ 74.973680456090136, 21.220878398911786 ], [ 74.943760052089814, 21.224965704084052 ], [ 74.959003954077218, 21.21163980669203 ], [ 74.95189142094101, 21.20094170192845 ], [ 74.962746667080779, 21.199305943257094 ], [ 74.963432196128295, 21.191756276971475 ], [ 74.888813368779282, 21.145050981164331 ], [ 74.886693958041789, 21.113277887561615 ], [ 74.870888024231078, 21.10142600310099 ], [ 74.874123060219318, 21.088214764759652 ], [ 74.858108049318588, 21.063058214927025 ], [ 74.864862082674662, 21.05122935166121 ], [ 74.891106331273704, 21.0524475379761 ], [ 74.921210922758192, 21.010567670070824 ], [ 74.916597575441898, 20.989919509718312 ], [ 74.930782296724331, 20.967155659536949 ], [ 74.930222495676901, 20.960920771919195 ], [ 74.912629484194511, 20.962025627510812 ], [ 74.914151827891544, 20.926827804106871 ], [ 74.935077638838976, 20.925881677407368 ], [ 74.934631297365883, 20.91732194593483 ], [ 74.949992256224306, 20.91164529366624 ], [ 74.955934723057752, 20.90018960438444 ], [ 74.961984556320914, 20.905124388749933 ], [ 74.960794893548652, 20.887164889577772 ], [ 74.970306699910054, 20.877285579444607 ], [ 74.967569173850507, 20.85152667572758 ], [ 74.981952181016595, 20.8432487856326 ], [ 74.986463184757071, 20.82225747392458 ], [ 74.968337722547275, 20.819199140728912 ], [ 74.961929809386689, 20.804862204190748 ], [ 74.9884602000635, 20.773117231626923 ], [ 74.994255777173933, 20.748725586026417 ], [ 74.989064966878189, 20.733591545661177 ], [ 74.951015544716924, 20.720449798091089 ], [ 74.960208021647603, 20.715651591128683 ], [ 74.953472832822058, 20.711798539414954 ], [ 74.955957777461023, 20.694188881252046 ], [ 74.929458849880788, 20.657446987059437 ], [ 74.900961076792072, 20.657930379276795 ], [ 74.891731817122889, 20.646284281683439 ], [ 74.868428839812466, 20.638094511118315 ], [ 74.803483256210257, 20.636207151236473 ], [ 74.805659537830095, 20.656644973480532 ], [ 74.798484842519613, 20.659752656681317 ], [ 74.7381312139008, 20.667609918636337 ], [ 74.730872734864391, 20.67971733396254 ], [ 74.71009029454504, 20.689251000747362 ], [ 74.650854833376428, 20.694899879655775 ], [ 74.66123154441965, 20.736578758753701 ], [ 74.655032793884359, 20.757256233702265 ], [ 74.665032556256435, 20.774187973299412 ], [ 74.637128684905804, 20.781429467069284 ], [ 74.612563407938694, 20.80565871394397 ], [ 74.582404370151565, 20.813996874176834 ], [ 74.572622835662187, 20.832762031897595 ], [ 74.567637729024511, 20.823120587936312 ], [ 74.539518650910679, 20.83458989011082 ], [ 74.512308478907002, 20.807889526000778 ], [ 74.507021864475675, 20.817501708465016 ], [ 74.484543917654236, 20.817911525054171 ], [ 74.478369651717884, 20.831197680704438 ], [ 74.450183322461598, 20.801750206278253 ], [ 74.438019651160047, 20.801328946016273 ], [ 74.422105232090388, 20.805351256772664 ], [ 74.387643515630728, 20.834608282450485 ], [ 74.40531362734319, 20.835727254754271 ], [ 74.396778213687341, 20.859292869201482 ], [ 74.385237367561118, 20.853242861320119 ], [ 74.385316455535161, 20.84029542500781 ], [ 74.358261843282747, 20.842961361580333 ], [ 74.357273630133889, 20.856838978903607 ], [ 74.348796688509864, 20.859186938460052 ], [ 74.34870523525781, 20.847908395739214 ], [ 74.339508498037958, 20.851351737021304 ], [ 74.336036219871488, 20.838368922813842 ], [ 74.326277626265508, 20.847958242108167 ], [ 74.315774095328081, 20.842020349503908 ], [ 74.290888154900202, 20.855205408511395 ], [ 74.265121255671858, 20.850513481974122 ], [ 74.254111325405944, 20.858437061537366 ], [ 74.235466184892388, 20.849623897355979 ], [ 74.221656398498808, 20.858146334314217 ], [ 74.194253746936766, 20.854435438918387 ], [ 74.167661924110917, 20.862860009809907 ], [ 74.159709179970719, 20.862278617578184 ], [ 74.157930273345755, 20.852261549670875 ], [ 74.144784866200297, 20.852116583842591 ], [ 74.126351824453508, 20.865069217252135 ], [ 74.101101834934298, 20.854223670191082 ], [ 74.097341860488257, 20.841181624094428 ], [ 74.060665830739481, 20.848213614813044 ], [ 74.041325895404611, 20.835384705672553 ], [ 74.025654065350224, 20.850830998908805 ], [ 74.018284623379841, 20.844626065446647 ], [ 74.021585765121287, 20.835725952728179 ], [ 74.000032387486272, 20.8356076307698 ], [ 73.968182027585954, 20.851361356491125 ], [ 73.963056184330313, 20.842352926763102 ], [ 73.938891688400403, 20.839174337275001 ], [ 73.924822017840555, 20.847445490793472 ], [ 73.921127634543282, 20.898133992487853 ], [ 73.890062559185523, 20.93204186113336 ], [ 73.895562875374935, 20.960730139895858 ], [ 73.909205922949454, 20.963835699964957 ], [ 73.904974606655458, 20.974441838559674 ], [ 73.900253276822681, 20.982157330387409 ], [ 73.850933783541478, 20.99674515797912 ], [ 73.856380372109584, 21.029958427379256 ], [ 73.883830994634891, 21.028133646137213 ], [ 73.909258181208557, 21.040402882053439 ], [ 73.954678714935753, 21.031742665194553 ], [ 73.960088235692993, 21.044299990158073 ], [ 73.950722974278804, 21.060313846822464 ], [ 73.957329500556341, 21.072459188715928 ], [ 73.951316238990216, 21.085937985995074 ], [ 73.975488412887287, 21.11103763646037 ], [ 74.002968277653679, 21.11968961159733 ], [ 74.010530560644199, 21.100100559395941 ], [ 74.017275198125645, 21.10285597836144 ], [ 74.012665820935169, 21.130943332012624 ], [ 74.019636043258672, 21.14392961378195 ], [ 74.040720707913707, 21.144399812347476 ], [ 74.05171217651521, 21.137929152844784 ], [ 74.05100416318794, 21.127495080604906 ], [ 74.069461414000187, 21.127396772643269 ], [ 74.082995772392508, 21.136402935001673 ], [ 74.05816473205725, 21.171244998337485 ], [ 74.114406807588736, 21.21130967143484 ], [ 74.146050036110424, 21.208678657877297 ], [ 74.142521372417022, 21.219592057007173 ], [ 74.15661406004169, 21.23183669295015 ], [ 74.161141850692587, 21.216080890408204 ], [ 74.180711856416266, 21.20882862181875 ], [ 74.184131452093425, 21.220380294373932 ], [ 74.211553890989421, 21.222176457707949 ], [ 74.222225570939813, 21.240913403140908 ], [ 74.251365966129825, 21.248477790833164 ], [ 74.272157860315545, 21.249272035622955 ], [ 74.291783625516729, 21.23841585358937 ], [ 74.314497157934269, 21.247012757387765 ], [ 74.317424841417079, 21.233770689847852 ], [ 74.342966246028126, 21.229117476124376 ], [ 74.355976965779476, 21.232645795806437 ], [ 74.355065140756906, 21.251673718603165 ], [ 74.408547123664647, 21.266934456232853 ], [ 74.408638362655012, 21.257821147777747 ], [ 74.432491204071653, 21.262943066434449 ], [ 74.441021230970165, 21.249353825411799 ], [ 74.438095855168996, 21.237182336558519 ], [ 74.491824329646249, 21.239530489177444 ], [ 74.488179635062437, 21.256248308459419 ], [ 74.49898605077675, 21.265668753772321 ], [ 74.497864696778876, 21.29021468318674 ], [ 74.47659553452992, 21.295972625448972 ], [ 74.475493012323838, 21.305877645140271 ], [ 74.48195577169173, 21.308785698108291 ], [ 74.479120284626262, 21.353069025316181 ], [ 74.488759057849265, 21.352962204542489 ], [ 74.491440422849195, 21.373504868798804 ], [ 74.508566822687015, 21.389602904902585 ], [ 74.500476480274656, 21.397319313628334 ], [ 74.494705573956224, 21.391858854878176 ], [ 74.498043724210135, 21.427345332272857 ], [ 74.520776106179028, 21.429464505742093 ], [ 74.572799808615429, 21.403446412263612 ], [ 74.608504878936031, 21.415321271019785 ], [ 74.638557339326994, 21.399450884877137 ], [ 74.685833413869801, 21.402510214982147 ], [ 74.696928087983366, 21.422517019529774 ], [ 74.698541352036514, 21.470461575241188 ], [ 74.731124416830909, 21.472527033162962 ], [ 74.732686200789985, 21.480225378725237 ], [ 74.754108120123647, 21.476000755344572 ], [ 74.760553151689706, 21.516838389741537 ], [ 74.75255285939852, 21.527426865040542 ], [ 74.759172412707358, 21.54165599766117 ], [ 74.756842475672698, 21.575466500456905 ], [ 74.772120317547632, 21.613501434543441 ], [ 74.827917432178026, 21.608341977317973 ], [ 74.861655856421422, 21.631738432865276 ], [ 74.896631512001392, 21.628730107694206 ], [ 74.918927360538959, 21.610235706489011 ], [ 74.992552801769861, 21.588927577237641 ], [ 75.015713735037579, 21.570441798639202 ], [ 75.0515344706223, 21.565013527811065 ], [ 75.08156124250894, 21.523579165402932 ], [ 75.113154777693026, 21.457416393272091 ], [ 75.205717562987104, 21.413680224630529 ] ] ] } },
{ "type": "Feature", "properties": { "district_id": "assam__dibrugarh", "state": "Assam", "district": "Dibrugarh", "area_km2": 3395.6, "point_lat": 27.4027, "point_lon": 94.9976 }, "geometry": { "type": "Polygon", "coordinates": [ [ [ 95.277586718827749, 27.682396651643515 ], [ 95.29212672292914, 27.669755699652882 ], [ 95.322831220742998, 27.587321955463398 ], [ 95.303076156034933, 27.58325756127196 ], [ 95.291694225097288, 27.568379164091414 ], [ 95.278896357788156, 27.572930611520171 ], [ 95.285246599652979, 27.55506303010732 ], [ 95.266585932341428, 27.536171372875536 ], [ 95.272355048828715, 27.525190201979566 ], [ 95.264199368853042, 27.510137374232265 ], [ 95.232053791909365, 27.496069702664361 ], [ 95.230920430643479, 27.472049468489409 ], [ 95.221820263780202, 27.45781348162151 ], [ 95.239300610345055, 27.434525259287355 ], [ 95.252327226812909, 27.432605375946416 ], [ 95.258983224019474, 27.410362902376807 ], [ 95.270697613792905, 27.405469782481717 ], [ 95.296384959518207, 27.411612333939619 ], [ 95.315349921542122, 27.391222207840173 ], [ 95.35126366136079, 27.391520087881137 ], [ 95.376584105811901, 27.380494903584204 ], [ 95.378579066758164, 27.391645104978441 ], [ 95.397385622812052, 27.391313534356463 ], [ 95.441224708587995, 27.362924592439043 ], [ 95.450790634510852, 27.368915286072287 ], [ 95.474202036934074, 27.364320663632757 ], [ 95.47668900915447, 27.342388665136099 ], [ 95.453066825495299, 27.330012908613554 ], [ 95.470457554975695, 27.306110612706092 ], [ 95.451676674811097, 27.294878987542994 ], [ 95.465269836193286, 27.266597928114162 ], [ 95.447116773555507, 27.252285538547209 ], [ 95.458020641460465, 27.232150123809841 ], [ 95.459466805707436, 27.247436487237959 ], [ 95.473815528933187, 27.262849341691357 ], [ 95.491439813777802, 27.242609751482384 ], [ 95.460114338995368, 27.207341939306072 ], [ 95.468986196273136, 27.184351269701175 ], [ 95.458052795168726, 27.129418970887393 ], [ 95.420544201685914, 27.124636723108367 ], [ 95.372947653451348, 27.095578959251259 ], [ 95.359330314864579, 27.16755186157053 ], [ 95.335774977490047, 27.185725376721859 ], [ 95.314145171068972, 27.184060864126124 ], [ 95.289397809777682, 27.196809489204917 ], [ 95.259391460103416, 27.183653160393494 ], [ 95.256188390983496, 27.191448052080489 ], [ 95.242484660069934, 27.187616484714848 ], [ 95.234746818264455, 27.178845937746402 ], [ 95.24048249444057, 27.169298679883408 ], [ 95.230220257950194, 27.172296456264597 ], [ 95.22106265362963, 27.164416510262679 ], [ 95.214109671054089, 27.172800715990103 ], [ 95.214239955754451, 27.163770068465816 ], [ 95.194068986117571, 27.155652709210504 ], [ 95.184814021025588, 27.161591414758067 ], [ 95.188044390956279, 27.151045233052788 ], [ 95.176292186745314, 27.137095526541323 ], [ 95.175322336769312, 27.145486292108043 ], [ 95.170591234582147, 27.141867006769008 ], [ 95.165094351781477, 27.126728996913894 ], [ 95.154927005347389, 27.134261286772457 ], [ 95.152674412716763, 27.124971001352655 ], [ 95.15036275376157, 27.133343242102359 ], [ 95.134611505615283, 27.1374242245926 ], [ 95.11624761880465, 27.127879830438584 ], [ 95.113309970837889, 27.134633906810148 ], [ 95.062308745357271, 27.135623864938278 ], [ 95.050489260299742, 27.153646141777212 ], [ 95.027367501847863, 27.143845820278553 ], [ 94.989729723956515, 27.146258251882003 ], [ 94.981274396239144, 27.150300786870257 ], [ 94.986252447889612, 27.16971632088925 ], [ 94.970162856338987, 27.228698188754681 ], [ 94.887482898000755, 27.156639037921032 ], [ 94.837150935471882, 27.093793923872173 ], [ 94.814180783922154, 27.098807176568723 ], [ 94.820649696848164, 27.114116020127337 ], [ 94.765810655489219, 27.127516928138323 ], [ 94.757999846867918, 27.150884407258278 ], [ 94.781223313470875, 27.171585345381153 ], [ 94.774946245902086, 27.184055955962432 ], [ 94.780744364869292, 27.198323833341387 ], [ 94.771632377479193, 27.216314213714998 ], [ 94.779492804937306, 27.238602705519035 ], [ 94.763933996443157, 27.24893230209334 ], [ 94.742500753251093, 27.245281134032599 ], [ 94.753542975923907, 27.269022246020995 ], [ 94.74575106597608, 27.274563300423488 ], [ 94.721886764452904, 27.26476618145383 ], [ 94.718594624375982, 27.256536855962914 ], [ 94.726118123538484, 27.245935435569567 ], [ 94.715108879133041, 27.245595076665303 ], [ 94.704661635861029, 27.270911524211964 ], [ 94.695521023685117, 27.268135624926291 ], [ 94.682222042811247, 27.244403573325577 ], [ 94.646614003013966, 27.246545252318981 ], [ 94.617841449821626, 27.175851748377145 ], [ 94.595765386197115, 27.145130744278916 ], [ 94.591166237048071, 27.149065150354243 ], [ 94.57060809028691, 27.178473440824192 ], [ 94.582823464371884, 27.201847734149894 ], [ 94.58814790631844, 27.2664220260733 ], [ 94.615377628142113, 27.305476415930009 ], [ 94.607416957098678, 27.324860204953204 ], [ 94.62236927257122, 27.332306776549572 ], [ 94.637956065215135, 27.319741630509668 ], [ 94.642030528041886, 27.337313523488998 ], [ 94.666543882277736, 27.348979054360143 ], [ 94.665430946002289, 27.376211862597206 ], [ 94.692239420972811, 27.389576688664498 ], [ 94.693266376404409, 27.418812479417362 ], [ 94.723185366564138, 27.426777840982847 ], [ 94.732898265974555, 27.44118086550198 ], [ 94.746728573601317, 27.434901408251573 ], [ 94.774671413828855, 27.482836413219712 ], [ 94.795603855638291, 27.481586141234811 ], [ 94.821632121617341, 27.505267755425152 ], [ 94.818513646023391, 27.514808519833011 ], [ 94.87272207437654, 27.556617522018431 ], [ 94.88254381650097, 27.573481877015418 ], [ 94.922609738967225, 27.600393596948322 ], [ 94.949297506240185, 27.608602859416216 ], [ 94.958433728412757, 27.627629239241632 ], [ 94.985504007353299, 27.6505490983544 ], [ 95.029761428777434, 27.658404579626872 ], [ 95.042281923538269, 27.667695125236001 ], [ 95.064131515256918, 27.65992751733604 ], [ 95.107680187716724, 27.662217445455919 ], [ 95.122795347961528, 27.680113069303761 ], [ 95.207505609754307, 27.707990834160164 ], [ 95.194916312868898, 27.666794652799904 ], [ 95.214714170184351, 27.655955530848551 ], [ 95.260348394852898, 27.658616704241567 ], [ 95.277586718827749, 27.682396651643515 ] ] ] } },
{ "type": "Feature", "properties": { "district_id": "kerala__ernakulam", "state": "Kerala", "district": "Ernakulam", "area_km2": 2410.7, "point_lat": 10.0447, "point_lon": 76.4976 }, "geometry": { "type": "Polygon", "coordinates": [ [ [ 76.689244599223912, 10.26720683638176 ], [ 76.675805600038089, 10.217395220488028 ], [ 76.652160120911901, 10.191431489679085 ], [ 76.643393802282375, 10.161453738183452 ], [ 76.658302887562485, 10.140763288815929 ], [ 76.673303827732482, 10.141280943346738 ], [ 76.754161019415889, 10.072629894305194 ], [ 76.782849338391756, 10.06017808244995 ], [ 76.794555555081956, 10.041827483180468 ], [ 76.84049711381428, 10.023897453017273 ], [ 76.833332239776411, 10.015094881295406 ], [ 76.784473800230472, 10.035102299156094 ], [ 76.766616605382325, 10.011498117989984 ], [ 76.772156656530598, 10.00024820156546 ], [ 76.766101805394101, 9.982006192321483 ], [ 76.748730665419416, 9.989969675030592 ], [ 76.726860520808813, 9.981425893730902 ], [ 76.710837879299007, 9.987307878159296 ], [ 76.718514670464842, 9.958173560613456 ], [ 76.691111551305511, 9.925313848078826 ], [ 76.698850094594889, 9.909851395135854 ], [ 76.680044527729081, 9.919259925699286 ], [ 76.635460221757413, 9.915785802315057 ], [ 76.631491799209996, 9.898638976242276 ], [ 76.639047494389942, 9.874849658511277 ], [ 76.633090438942062, 9.855654812858326 ], [ 76.613335365899459, 9.848923131490636 ], [ 76.614064368701037, 9.839897934708407 ], [ 76.583491154032927, 9.841525562561859 ], [ 76.581889322143908, 9.822753541966186 ], [ 76.567928569552677, 9.822638508297056 ], [ 76.559073846241148, 9.803002734576198 ], [ 76.548802189777618, 9.799812221016973 ], [ 76.541454782345383, 9.822103832108441 ], [ 76.523630728760025, 9.824028244023717 ], [ 76.51503138099396, 9.84977609091405 ], [ 76.462360700435283, 9.848064446116631 ], [ 76.445838668282931, 9.831821241771179 ], [ 76.418129835718204, 9.82215245764842 ], [ 76.396343101183788, 9.828409273362716 ], [ 76.387300582907756, 9.84278114191304 ], [ 76.373339119572222, 9.835648344818413 ], [ 76.370219758198701, 9.858824371044424 ], [ 76.355105332415889, 9.881744646379623 ], [ 76.33345828985631, 9.876447162628244 ], [ 76.296773601731374, 9.890218893531745 ], [ 76.298343520902179, 9.852462483452287 ], [ 76.286896118970205, 9.848467142710774 ], [ 76.281817827696543, 9.827535096267763 ], [ 76.291173096935708, 9.808392608491109 ], [ 76.280244757595057, 9.788524251153994 ], [ 76.26265321250365, 9.885879035935162 ], [ 76.242161896961392, 9.946428290212854 ], [ 76.243280291647736, 9.969274402185379 ], [ 76.22048128201277, 10.00208538120523 ], [ 76.20236564598919, 10.049007224795629 ], [ 76.168916168036162, 10.183869759570849 ], [ 76.213465127457397, 10.194271297542709 ], [ 76.221559112886197, 10.206645984113692 ], [ 76.264836560317619, 10.198394483270647 ], [ 76.263293798330679, 10.188300382288723 ], [ 76.276472794924217, 10.17398122654793 ], [ 76.30670400492734, 10.184634279044591 ], [ 76.314689731602598, 10.180483058411456 ], [ 76.313322613413291, 10.205332447316025 ], [ 76.335311248552813, 10.211528773774504 ], [ 76.34401779530252, 10.232505596014898 ], [ 76.375534190234433, 10.241600381032848 ], [ 76.402846389040363, 10.276294361327341 ], [ 76.413002678292287, 10.278618682817275 ], [ 76.417640735356088, 10.295644608992369 ], [ 76.557045865342602, 10.282415868298637 ], [ 76.573338028701258, 10.283165891232269 ], [ 76.567466303408864, 10.293168617933128 ], [ 76.579213517762327, 10.301792929441694 ], [ 76.622829554491716, 10.274732682209347 ], [ 76.658682868674333, 10.28057163895962 ], [ 76.689244599223912, 10.26720683638176 ] ] ] } },
{ "type": "Feature", "properties": { "district_id": "karnataka__gadag", "state": "Karnataka", "district": "Gadag", "area_km2": 4644.3, "point_lat": 15.4161, "point_lon": 75.6821 }, "geometry": { "type": "Polygon", "coordinates": [ [ [ 75.808057055172156, 15.850299784967673 ], [ 75.940022536744436, 15.788839237169174 ], [ 75.963508974427285, 15.784225406408389 ], [ 75.9648056426811, 15.794572531343205 ], [ 75.989574010901777, 15.80215677673859 ], [ 75.996106822377399, 15.780459145038241 ], [ 76.010664818586278, 15.782751060033782 ], [ 76.041905238993849, 15.763968967096792 ], [ 76.036443741080845, 15.755570634462746 ], [ 76.039056063801681, 15.738079632749805 ], [ 76.044622264429108, 15.738050869800286 ], [ 76.042434158708375, 15.719505790290116 ], [ 76.025192079008164, 15.710177529357392 ], [ 76.007188083927645, 15.716741987260285 ], [ 75.982865775449781, 15.690826593087884 ], [ 75.988997750379895, 15.688796306138522 ], [ 75.982977357343842, 15.66671501147168 ], [ 75.995619982598171, 15.679044457693356 ], [ 76.013232631792775, 15.681534051114982 ], [ 76.018060105094847, 15.677203418977243 ], [ 76.011692329855634, 15.663562999842551 ], [ 75.972909483969318, 15.66336775357763 ], [ 75.966733247312987, 15.678159341828303 ], [ 75.944994087511361, 15.67777599085279 ], [ 75.940872174451272, 15.693144597555239 ], [ 75.915733442567387, 15.701118183252701 ], [ 75.920539716409664, 15.727802667588847 ], [ 75.908075526076431, 15.745489313611104 ], [ 75.89739453624469, 15.749855228096763 ], [ 75.885296328598457, 15.736962295140676 ], [ 75.887991690983213, 15.718912950578808 ], [ 75.871461146151418, 15.715366332535371 ], [ 75.872386966251568, 15.673398751741228 ], [ 75.886585924764333, 15.670992450055522 ], [ 75.886584172820577, 15.634642787068348 ], [ 75.899089693430994, 15.624275749942482 ], [ 75.899273323411535, 15.606881159578585 ], [ 75.885254486740578, 15.595966002437105 ], [ 75.868105921137072, 15.594824774563115 ], [ 75.859954983371097, 15.51363480693456 ], [ 75.818311285779373, 15.508044708660391 ], [ 75.823159014325583, 15.495370885771948 ], [ 75.813974654265465, 15.495729166795199 ], [ 75.810274442821722, 15.487227210055664 ], [ 75.823043245299047, 15.452166203716338 ], [ 75.840849523390276, 15.443158707586809 ], [ 75.859591952429824, 15.444453569561315 ], [ 75.865756032228362, 15.407580947972741 ], [ 75.903430316702256, 15.402369097681046 ], [ 75.902110171777807, 15.353359183878602 ], [ 75.887407524570534, 15.35135433460232 ], [ 75.889951065675277, 15.287952559749275 ], [ 75.89927628079603, 15.276157872687614 ], [ 75.904872998737289, 15.237250274049154 ], [ 75.912840227711058, 15.238532524821572 ], [ 75.925912384929646, 15.181162335463066 ], [ 75.948785997619282, 15.165538878625966 ], [ 75.950468137291608, 15.137092756352175 ], [ 75.932165295078605, 15.140796004913186 ], [ 75.905344312652417, 15.131437030138477 ], [ 75.885370265275412, 15.106757643621243 ], [ 75.885534423381017, 15.097008184141 ], [ 75.910703546119066, 15.075592808167235 ], [ 75.905083798823824, 15.055342364605909 ], [ 75.886845952385514, 15.052987499463624 ], [ 75.874693546363488, 15.03519855499089 ], [ 75.844808573613008, 15.04279210237506 ], [ 75.832364708838796, 15.027237665061859 ], [ 75.810401591758719, 15.023522236481915 ], [ 75.785666911370853, 14.999697279110602 ], [ 75.78089781895676, 14.97687567137443 ], [ 75.743521980902386, 14.944181740845229 ], [ 75.701988369942143, 14.947968088855214 ], [ 75.691607931771443, 14.974079709581781 ], [ 75.634623962130448, 14.994515290641388 ], [ 75.632069144303728, 14.983504198989817 ], [ 75.611342712942047, 14.972126384105819 ], [ 75.613641267670573, 14.95889367656544 ], [ 75.600369019321619, 14.954846857456989 ], [ 75.569026628605883, 14.970565174130424 ], [ 75.568978207857384, 14.977852947634794 ], [ 75.54422106891154, 14.978187113829375 ], [ 75.535007843922074, 15.030754698728764 ], [ 75.498944182406603, 15.046680719132095 ], [ 75.463046483483424, 15.043192058709028 ], [ 75.452441400253122, 15.060357717633801 ], [ 75.419505787268392, 15.061682274941827 ], [ 75.418558114137255, 15.086268495281125 ], [ 75.435444917907546, 15.105941908715748 ], [ 75.41467722222724, 15.162896739133071 ], [ 75.407194273115749, 15.170499969496751 ], [ 75.397888825288319, 15.165282189969853 ], [ 75.396739691576499, 15.171536007920748 ], [ 75.402295601306633, 15.1738089816408 ], [ 75.401653512314951, 15.198495074994829 ], [ 75.434516941897343, 15.198439117920916 ], [ 75.435789222189683, 15.208143298033699 ], [ 75.44893912333076, 15.208009455295398 ], [ 75.441757050611983, 15.22629224458098 ], [ 75.425561381015925, 15.224779490639923 ], [ 75.41834002819968, 15.260932438674073 ], [ 75.404437371175277, 15.260948714776553 ], [ 75.40451775411249, 15.27253184874934 ], [ 75.419725410717021, 15.275657176163339 ], [ 75.409313931335802, 15.277972577525539 ], [ 75.415037778001448, 15.300586495079564 ], [ 75.451268357594174, 15.301726654975987 ], [ 75.450174029993946, 15.328959918814203 ], [ 75.458729618348528, 15.34865371549258 ], [ 75.449833334837905, 15.358954802703595 ], [ 75.445948029201304, 15.385283520028501 ], [ 75.46960987231455, 15.386206293691027 ], [ 75.471801549188726, 15.396672893440584 ], [ 75.493013599643277, 15.372158780043879 ], [ 75.495025566664467, 15.470828764603738 ], [ 75.488611818791213, 15.488419887512098 ], [ 75.472931067234839, 15.493132380673353 ], [ 75.476534179117735, 15.520707343175365 ], [ 75.485801189459366, 15.530758485721512 ], [ 75.531854025589439, 15.538477939359373 ], [ 75.535147414677198, 15.590317646795228 ], [ 75.550694249246746, 15.615981598352352 ], [ 75.55635591163076, 15.647458288465421 ], [ 75.503954417478809, 15.648311255517962 ], [ 75.489363531404436, 15.702167671158668 ], [ 75.47053581831014, 15.701582397789982 ], [ 75.474472639172987, 15.688013061443698 ], [ 75.426616732029757, 15.670816036236157 ], [ 75.41365158521927, 15.655712571732442 ], [ 75.364595227700605, 15.668851736916887 ], [ 75.360943781327691, 15.646008176143289 ], [ 75.336852546017226, 15.648066774609836 ], [ 75.336993533217367, 15.674267182552466 ], [ 75.295797978617117, 15.691287331652784 ], [ 75.278848876420312, 15.68900840648803 ], [ 75.275425724716612, 15.739296832023598 ], [ 75.293667632950445, 15.739865507346821 ], [ 75.292478783337074, 15.727607682445162 ], [ 75.314040784607968, 15.731223123097713 ], [ 75.31855254374203, 15.757891329375395 ], [ 75.317469854534309, 15.764986763278335 ], [ 75.304930269528555, 15.766766841707929 ], [ 75.303947171515617, 15.810791030657347 ], [ 75.321877180541151, 15.809047241193245 ], [ 75.340917092207917, 15.826283215896572 ], [ 75.342253574020276, 15.80379811216303 ], [ 75.365287295963796, 15.804732346470018 ], [ 75.377525038292546, 15.843021708895474 ], [ 75.427675972355715, 15.842380544453899 ], [ 75.416131748651623, 15.783609121614685 ], [ 75.438069757951084, 15.779640256271005 ], [ 75.460184633659011, 15.816558359539098 ], [ 75.455461912668412, 15.886457138297278 ], [ 75.476473906347394, 15.87253498148643 ], [ 75.495061554565396, 15.873960799620322 ], [ 75.504480078192273, 15.85558958836199 ], [ 75.521276359660945, 15.857488604917359 ], [ 75.514798160025663, 15.849223939092214 ], [ 75.521866546363967, 15.84189255804254 ], [ 75.556971884608146, 15.831831406944019 ], [ 75.555865171398025, 15.824691732667397 ], [ 75.570201215549019, 15.831091146294792 ], [ 75.57624482222829, 15.824990940113445 ], [ 75.58763461347931, 15.833634164806551 ], [ 75.620683980736999, 15.822160394796486 ], [ 75.620559075719243, 15.835299985810547 ], [ 75.633375777818245, 15.831679132806057 ], [ 75.645292261534152, 15.841016195414149 ], [ 75.643077482359772, 15.832248431688141 ], [ 75.657102537651141, 15.827159813273594 ], [ 75.663448477429895, 15.836627889358827 ], [ 75.676251379559531, 15.8336306022718 ], [ 75.676611022667103, 15.823479209698005 ], [ 75.711310124549826, 15.82855538251194 ], [ 75.745539581273192, 15.813468491667589 ], [ 75.779727132324425, 15.81738346054698 ], [ 75.77414700433296, 15.827559016773879 ], [ 75.778295879823517, 15.85036388803462 ], [ 75.808057055172156, 15.850299784967673 ] ] ] } },
{ "type": "Feature", "properties": { "district_id": "maharashtra__garhchiroli", "state": "Maharashtra", "district": "Garhchiroli", "area_km2": 14447.8, "point_lat": 19.7533, "point_lon": 80.1698 }, "geometry": { "type": "Polygon", "coordinates": [ [ [ 80.562753968514158, 20.820986087615164 ], [ 80.550212584102553, 20.793129436699459 ], [ 80.552398910322836, 20.766750320311342 ], [ 80.562757875475498, 20.724033606751654 ], [ 80.584610879044476, 20.695598319697922 ], [ 80.585244763400738, 20.680318907259682 ], [ 80.514458094031369, 20.656105003345939 ], [ 80.491683754710877, 20.636699853176445 ], [ 80.488441853251388, 20.618640851422239 ], [ 80.506970820289311, 20.58847609822028 ], [ 80.518769733456097, 20.586743480494558 ], [ 80.574209204089939, 20.61405521293576 ], [ 80.629257523043407, 20.605584352843067 ], [ 80.619793630003684, 20.592309339803538 ], [ 80.626645550501266, 20.569093968928687 ], [ 80.616907147491872, 20.558114861376932 ], [ 80.610282678648048, 20.464352365562597 ], [ 80.601638068599883, 20.448364262245761 ], [ 80.610400082232488, 20.435232216941788 ], [ 80.592984252135921, 20.39763213877232 ], [ 80.609200848578766, 20.378503622614918 ], [ 80.623668507572987, 20.327908234763068 ], [ 80.548961676046645, 20.308967061542276 ], [ 80.51776728500532, 20.271737081301122 ], [ 80.472347229463523, 20.273705751527352 ], [ 80.389815393364884, 20.243758881596211 ], [ 80.420869479721489, 20.192382879036302 ], [ 80.401477411485885, 20.183737418951708 ], [ 80.392892303167514, 20.164981478492987 ], [ 80.400721781533264, 20.146230539289881 ], [ 80.446540441840384, 20.131406135810359 ], [ 80.458255128056422, 20.147147331813027 ], [ 80.504970362719362, 20.141262665989384 ], [ 80.510543229856438, 20.131150263674748 ], [ 80.530545083050882, 20.126861143642746 ], [ 80.547349847116109, 20.112262640186028 ], [ 80.541961256655412, 20.087867839281166 ], [ 80.553161708774013, 20.068222491080874 ], [ 80.539556582818363, 20.006532397208865 ], [ 80.552573600889502, 19.989827978000807 ], [ 80.527399299789721, 19.933588538171012 ], [ 80.48747010074689, 19.930468812567007 ], [ 80.471465444593534, 19.948871622473039 ], [ 80.450657156844485, 19.955254603891117 ], [ 80.413229209852275, 19.935072463177477 ], [ 80.414643298007036, 19.908517453269994 ], [ 80.451429172379036, 19.896228864312892 ], [ 80.46821450723877, 19.906118553905884 ], [ 80.489643036492751, 19.901613067991718 ], [ 80.504546078883706, 19.871534805353729 ], [ 80.482024776120426, 19.859837206661986 ], [ 80.467311637269574, 19.830840238232369 ], [ 80.438655737991454, 19.81310003805466 ], [ 80.404511152309979, 19.81898597395854 ], [ 80.40167126487043, 19.797369092488761 ], [ 80.459460504289865, 19.795763848647244 ], [ 80.48513152594947, 19.775333346016748 ], [ 80.487268649529227, 19.798328762560747 ], [ 80.46656136745392, 19.814170731005568 ], [ 80.476178275099272, 19.827492480331223 ], [ 80.514557800211193, 19.832816439173918 ], [ 80.549509524605099, 19.822197162979787 ], [ 80.546750797829219, 19.77759158205502 ], [ 80.577629639871049, 19.757801631149107 ], [ 80.589201094308393, 19.741179917184471 ], [ 80.640652529029836, 19.721689875903341 ], [ 80.673024619066609, 19.695500576641283 ], [ 80.664034194546929, 19.61567946591822 ], [ 80.728238439070623, 19.611896929146919 ], [ 80.771553300339576, 19.588428225063037 ], [ 80.773699467351449, 19.571945004204476 ], [ 80.792458878775506, 19.564069561120768 ], [ 80.834939241333942, 19.56639325869736 ], [ 80.852731558551355, 19.532963356147452 ], [ 80.88096664885407, 19.526179908908681 ], [ 80.892925735252305, 19.513132945835448 ], [ 80.899465633747369, 19.469639464709584 ], [ 80.87487701791764, 19.447426398608883 ], [ 80.84243708226424, 19.446314190049179 ], [ 80.795281623356104, 19.430600920339774 ], [ 80.820118929429597, 19.38674778674536 ], [ 80.852429878740196, 19.364993522861639 ], [ 80.806751024483276, 19.329255773474934 ], [ 80.78548739846552, 19.322617286045901 ], [ 80.756632147053224, 19.290830745592341 ], [ 80.695969881246882, 19.287518509036989 ], [ 80.689137216680834, 19.299838031513186 ], [ 80.691549728410678, 19.323987031493978 ], [ 80.67921069939672, 19.330378642184179 ], [ 80.617437823473594, 19.31101798438706 ], [ 80.575046164388169, 19.404585552187378 ], [ 80.538743766005311, 19.37797134385352 ], [ 80.521048969041345, 19.351886660025073 ], [ 80.482781281679735, 19.338705962216689 ], [ 80.452617369370628, 19.273636185186287 ], [ 80.435265604759522, 19.258127205162964 ], [ 80.395605937572313, 19.247023513812753 ], [ 80.386333882335578, 19.236324668576476 ], [ 80.393838939937837, 19.192832497882971 ], [ 80.332009639759022, 19.145345407299718 ], [ 80.328018759892728, 19.128322495349462 ], [ 80.338723808208186, 19.104966340824735 ], [ 80.327128486556205, 19.092118187223466 ], [ 80.329302529337937, 19.078794120232711 ], [ 80.296019879338388, 19.050218320925442 ], [ 80.300589209381286, 19.025573684507588 ], [ 80.274907087436262, 18.991327213845441 ], [ 80.274840382459644, 18.93289596712594 ], [ 80.343032979627367, 18.860442840373441 ], [ 80.355835564449549, 18.828331359617021 ], [ 80.353553486905966, 18.815485929653899 ], [ 80.301457927515244, 18.794970571564399 ], [ 80.279107474191832, 18.766611560913773 ], [ 80.261830688864777, 18.770318468538093 ], [ 80.249433822544376, 18.764115717676741 ], [ 80.248076635330449, 18.75306691175383 ], [ 80.274847759170669, 18.722436819594147 ], [ 80.253959900581478, 18.705782786897025 ], [ 80.215151928377679, 18.704880857925446 ], [ 80.196214433153131, 18.680020081168674 ], [ 80.178224115707309, 18.681754116331049 ], [ 80.165325801442592, 18.700306555193226 ], [ 80.118010231397108, 18.680522957801262 ], [ 80.069035501683075, 18.720710081066308 ], [ 80.053475821877313, 18.725084452452247 ], [ 80.019406602553929, 18.770812754877731 ], [ 79.938958862691393, 18.788345540520506 ], [ 79.900918232965353, 18.83463875919573 ], [ 79.932454452485558, 18.841360800361887 ], [ 79.945943888642958, 18.86268903874787 ], [ 79.941355901409239, 19.025212927586313 ], [ 79.932841243232758, 19.045963667763267 ], [ 79.922954710765396, 19.050810715884246 ], [ 79.866373394338908, 19.038034973671373 ], [ 79.864814336006191, 19.107389617656466 ], [ 79.877974542622724, 19.125970254542558 ], [ 79.950038800551994, 19.17388092321357 ], [ 79.929295331092902, 19.206607041389962 ], [ 79.926948448776614, 19.22956916734055 ], [ 79.951959794209529, 19.287225850201146 ], [ 79.96857780922852, 19.300578432685864 ], [ 79.963922471379192, 19.337592489320773 ], [ 79.979804470558818, 19.403952475909716 ], [ 79.952487044762805, 19.44362071781266 ], [ 79.946912223749536, 19.467298643773255 ], [ 79.917712101988386, 19.49504890240814 ], [ 79.876843563368794, 19.507598366043968 ], [ 79.834800103218498, 19.539543631646616 ], [ 79.82315384452356, 19.571483073675935 ], [ 79.792830586782628, 19.592049846866441 ], [ 79.78680673026885, 19.717440136730449 ], [ 79.754991548523137, 19.760384044964063 ], [ 79.743808968888587, 19.816523805881094 ], [ 79.758538096158702, 19.846772562641949 ], [ 79.805150242177561, 19.893630974409753 ], [ 79.772213052259119, 19.971960753733008 ], [ 79.780701853079265, 20.000362300586456 ], [ 79.798723804410741, 20.020284504862996 ], [ 79.848694695025941, 20.03247632764899 ], [ 79.870703515233558, 20.001143079256035 ], [ 79.871162498442246, 19.984015892189571 ], [ 79.895037788856811, 19.969526740497095 ], [ 79.92437400289684, 19.970592271029382 ], [ 79.95054390032918, 19.984768789737341 ], [ 79.991586166053978, 20.045335942539982 ], [ 79.972359025713772, 20.112744938568596 ], [ 79.912211361742621, 20.145524815897041 ], [ 79.93419526148503, 20.186889825602865 ], [ 79.9895186673956, 20.206760982482255 ], [ 79.995838708947034, 20.219771986698838 ], [ 79.985418946015912, 20.248493822597812 ], [ 79.945385694878311, 20.294014285397591 ], [ 79.949994987625374, 20.326875664164959 ], [ 79.9738573534366, 20.34997797528321 ], [ 79.960325113659493, 20.383514660134171 ], [ 79.96212508448906, 20.414980086263096 ], [ 79.943059641935392, 20.434865439053347 ], [ 79.941312997884339, 20.446751920984262 ], [ 79.952811216022837, 20.528153814701373 ], [ 79.927618596651726, 20.552168646103805 ], [ 79.94284890728332, 20.624101247996919 ], [ 79.934455687442608, 20.676176064351971 ], [ 79.961435413073346, 20.690664292028803 ], [ 80.018506699843755, 20.666256277216387 ], [ 80.036885349028125, 20.697624865404205 ], [ 80.058401758790694, 20.707755923115769 ], [ 80.08709523518985, 20.688698677134195 ], [ 80.111690608396046, 20.68999527053365 ], [ 80.135639257682016, 20.684454801808787 ], [ 80.13708367962559, 20.677721065441055 ], [ 80.16158706021676, 20.686983604013065 ], [ 80.208817483811387, 20.658894302653319 ], [ 80.241604041430776, 20.653027849157009 ], [ 80.248362054054041, 20.671806559713357 ], [ 80.273492910655335, 20.67168459149951 ], [ 80.283270102475754, 20.70226138182322 ], [ 80.29866494470582, 20.703953722400168 ], [ 80.304464612954092, 20.713714406520499 ], [ 80.321929066446401, 20.752775138864621 ], [ 80.316978739145895, 20.775385094411845 ], [ 80.331777568563709, 20.819631056644056 ], [ 80.380830688597086, 20.804916645377251 ], [ 80.400905363449326, 20.809079433171071 ], [ 80.415388197723459, 20.823573442584411 ], [ 80.456233828356261, 20.819777593953276 ], [ 80.5061496267884, 20.831497139322369 ], [ 80.562753968514158, 20.820986087615164 ] ] ] } },
{ "type": "Feature", "properties": { "district_id": "assam__goalpara", "state": "Assam", "district": "Goalpara", "area_km2": 2011.1, "point_lat": 26.0628, "point_lon": 90.5799 }, "geometry": { "type": "Polygon", "coordinates": [ [ [ 90.939097107649417, 26.093777036766692 ], [ 90.981367557106424, 26.061165808454675 ], [ 91.029788431241045, 26.039742458749391 ], [ 91.069214110197237, 26.043916027632168 ], [ 91.091782390824775, 26.02864135145348 ], [ 91.100689857649186, 26.009229571265344 ], [ 91.083564117417623, 25.973616375987518 ], [ 91.051108805782249, 25.940978596335778 ], [ 91.053957901185754, 25.933300242491011 ], [ 91.032338429186453, 25.887487971653226 ], [ 90.970631625467064, 25.886668064396797 ], [ 90.963875839081496, 25.927194859860723 ], [ 90.94605161530373, 25.947074427123873 ], [ 90.935358172904571, 25.939179258803772 ], [ 90.919178688908943, 25.942678597211319 ], [ 90.922386997228926, 25.91283327350029 ], [ 90.886333609819758, 25.951297955386277 ], [ 90.876233172763222, 25.942476136533653 ], [ 90.846630553213188, 25.944377255455489 ], [ 90.840131955224649, 25.937775258276609 ], [ 90.839592679529886, 25.946833530078511 ], [ 90.813323073406195, 25.951748878489258 ], [ 90.795117885942076, 25.935346154328439 ], [ 90.781471344367972, 25.907897625852563 ], [ 90.761152522240693, 25.910703287643411 ], [ 90.76239888007602, 25.921270852082063 ], [ 90.7457948873639, 25.912572684982329 ], [ 90.756098556574344, 25.933592434057363 ], [ 90.747600035466064, 25.932422021213018 ], [ 90.743769452518961, 25.940535027878546 ], [ 90.750939576713535, 25.956949631530456 ], [ 90.728904125119158, 25.948403442811383 ], [ 90.721265991012132, 25.954356058826761 ], [ 90.689602398364514, 25.950472627662755 ], [ 90.679203160974154, 25.936155274378343 ], [ 90.630910531660447, 25.916699561793941 ], [ 90.628362707220646, 25.898607896792374 ], [ 90.617773445685657, 25.899229845555897 ], [ 90.610094965554637, 25.911998777586831 ], [ 90.632614244536583, 25.937137166607954 ], [ 90.586133795108381, 25.959518198210951 ], [ 90.575017222359932, 25.938770817203366 ], [ 90.516224238426787, 25.896018007113913 ], [ 90.537460354404701, 25.936051071507475 ], [ 90.538194513214094, 25.957776606713118 ], [ 90.509532071545891, 25.99578173581703 ], [ 90.481154608038125, 26.015035990685792 ], [ 90.432493277870563, 25.988846738241264 ], [ 90.40043053995025, 26.013955764197835 ], [ 90.368967315139514, 26.010145905731047 ], [ 90.343307506335066, 25.996700319521217 ], [ 90.328303403959296, 25.974250101561406 ], [ 90.231421503928928, 25.955050355147222 ], [ 90.216810029786856, 25.953805696030919 ], [ 90.212508248214249, 25.961486712179578 ], [ 90.186588346695004, 25.944375887226926 ], [ 90.180211617857694, 25.95700264840303 ], [ 90.157529129476103, 25.964638094472981 ], [ 90.144167796085767, 25.958083771154808 ], [ 90.122818285432217, 25.961208446126609 ], [ 90.127098645595609, 25.969656488464373 ], [ 90.180422776606918, 25.99099179603672 ], [ 90.183340050126503, 26.012562110231041 ], [ 90.175366965941024, 26.01658410058975 ], [ 90.192934504589957, 26.025005473769767 ], [ 90.188655937480547, 26.036714672847797 ], [ 90.172309225955786, 26.043304400409202 ], [ 90.181109315666717, 26.065255034358064 ], [ 90.157532542506473, 26.082194110159161 ], [ 90.196779668585492, 26.126423559804579 ], [ 90.208644832823936, 26.123644976025464 ], [ 90.223293983829137, 26.137553616265755 ], [ 90.242864574950048, 26.139515238795806 ], [ 90.249596255865171, 26.175105908938892 ], [ 90.273710710788876, 26.186076738211739 ], [ 90.337649314708983, 26.172939197016461 ], [ 90.377146389101057, 26.179064002585307 ], [ 90.424066925155728, 26.198808273564708 ], [ 90.465833629826363, 26.204961639184333 ], [ 90.508750612151246, 26.19971897559245 ], [ 90.656018572213696, 26.241381166200011 ], [ 90.695137439902823, 26.15298617700304 ], [ 90.722156786896591, 26.131795451165605 ], [ 90.780397772945804, 26.134216403082007 ], [ 90.841501403961757, 26.11104215464567 ], [ 90.862344252116046, 26.113040975687817 ], [ 90.881041351642025, 26.094886709417622 ], [ 90.916732171909359, 26.089039214011983 ], [ 90.939097107649417, 26.093777036766692 ] ] ] } },
{ "type": "Feature", "properties": { "district_id": "assam__golaghat", "state": "Assam", "district": "Golaghat", "area_km2": 3365.5, "point_lat": 26.3246, "point_lon": 94.0059 }, "geometry": { "type": "Polygon", "coordinates": [ [ [ 93.82260454022628, 26.823569784786319 ], [ 93.831425991491216, 26.812931454657416 ], [ 93.868386441223464, 26.814354597308458 ], [ 93.933499039819836, 26.77973689644055 ], [ 93.965490702739828, 26.786943623412423 ], [ 93.981036413288606, 26.806298164071105 ], [ 93.979797808226479, 26.791371483502775 ], [ 93.987705273732558, 26.785388937658443 ], [ 93.976077538834048, 26.778389303891657 ], [ 93.976447767210246, 26.765388017852022 ], [ 93.999947096603123, 26.76657639840208 ], [ 94.004239204901538, 26.746418189949303 ], [ 94.049634819148196, 26.739117685640039 ], [ 94.039725992497793, 26.708408717698237 ], [ 94.052268632561493, 26.68577807081061 ], [ 94.050268994575035, 26.675445929461056 ], [ 94.056301838969915, 26.676871966357012 ], [ 94.059929265494461, 26.661098801754676 ], [ 94.070172573752785, 26.666710776351493 ], [ 94.098836162432818, 26.640843243501582 ], [ 94.098211633294312, 26.628441535167237 ], [ 94.088210215671893, 26.627929544005504 ], [ 94.081335302894885, 26.614792662299603 ], [ 94.087039939026525, 26.609153682267266 ], [ 94.073801500903201, 26.596654772283802 ], [ 94.082745644359861, 26.586883730812886 ], [ 94.079082387470521, 26.577357106886801 ], [ 94.102607134683609, 26.576024896740197 ], [ 94.11752271246003, 26.555891635758897 ], [ 94.099552775222463, 26.4915072325756 ], [ 94.104650316196015, 26.470914761166771 ], [ 94.131409093016273, 26.444899149116949 ], [ 94.119856630589169, 26.427249767358393 ], [ 94.118573139424967, 26.399712742501368 ], [ 94.138308364199034, 26.349904709761155 ], [ 94.180279285119312, 26.349549465912233 ], [ 94.164798397467536, 26.334783348751149 ], [ 94.146988441081703, 26.330900433847674 ], [ 94.142948519750092, 26.337622876049295 ], [ 94.119675229491151, 26.329231261090122 ], [ 94.12900027315618, 26.318748542269287 ], [ 94.108351511649829, 26.321941353651784 ], [ 94.10297118335653, 26.304225710444076 ], [ 94.077103506047024, 26.280767861054507 ], [ 94.070709874401928, 26.255585015678086 ], [ 94.049399203828514, 26.24579572670525 ], [ 94.035932702586834, 26.198761002889679 ], [ 94.004999809545879, 26.168879917007079 ], [ 93.99983417919907, 26.153840637235067 ], [ 94.005372250592686, 26.137440451671861 ], [ 93.990899641422985, 26.129469545276446 ], [ 93.998460108346492, 26.126561331053853 ], [ 93.9913714571246, 26.113700803190746 ], [ 94.002269329627481, 26.106941787431349 ], [ 93.986507784909293, 26.083863870326979 ], [ 93.991171990632182, 26.068184354366679 ], [ 93.965921190102591, 26.037969659347844 ], [ 93.954893589785243, 26.002896618466977 ], [ 93.960580450736956, 25.992552753656824 ], [ 93.955962795009413, 25.969727432366451 ], [ 93.969132354018313, 25.956334169841348 ], [ 93.979225932236645, 25.915120471702021 ], [ 93.940046322241855, 25.896469164292782 ], [ 93.934477156700538, 25.886941177095594 ], [ 93.915769547473886, 25.883205235866733 ], [ 93.882569550389377, 25.841498719062852 ], [ 93.842252462676086, 25.858289444056997 ], [ 93.824204831948592, 25.842792450932315 ], [ 93.818727331237923, 25.8219261201187 ], [ 93.79567082490793, 25.810085206043777 ], [ 93.779772580596173, 25.842097444437005 ], [ 93.798355327753711, 25.905490744879181 ], [ 93.789527661972755, 25.948429195455542 ], [ 93.769798691972895, 25.963025135044546 ], [ 93.78423562607054, 25.979939307676904 ], [ 93.790667141463501, 25.973419446688286 ], [ 93.804515816543216, 25.97656270430825 ], [ 93.795615668221373, 25.991706036167201 ], [ 93.807810789574845, 25.994723159267526 ], [ 93.804610754804941, 26.000526707973098 ], [ 93.792701199213525, 25.997835255740664 ], [ 93.784750534570207, 26.007522018614843 ], [ 93.794072958098724, 26.014174043292929 ], [ 93.786961319561229, 26.023633701695083 ], [ 93.799050130335118, 26.032328141476832 ], [ 93.788320080734849, 26.030770258227303 ], [ 93.783071859280611, 26.038978013790672 ], [ 93.795628524482638, 26.040905797843113 ], [ 93.795641207433263, 26.060738920186456 ], [ 93.805454584076998, 26.06579374137058 ], [ 93.798415114034, 26.071983702411195 ], [ 93.808218100177186, 26.070022733391223 ], [ 93.806216757092031, 26.093108124465061 ], [ 93.816418139518092, 26.089997487961345 ], [ 93.810794745515054, 26.104825632901598 ], [ 93.824593322023844, 26.114462046884181 ], [ 93.8189885175575, 26.12124148662221 ], [ 93.828385149684934, 26.127774243241657 ], [ 93.823774440756495, 26.136582263089462 ], [ 93.831160794582388, 26.129935625722748 ], [ 93.83392008355861, 26.149214070811166 ], [ 93.827158143009015, 26.152250844498145 ], [ 93.838715576014863, 26.158470884890285 ], [ 93.824607197025713, 26.174644451743561 ], [ 93.836367674940988, 26.174778071664957 ], [ 93.83026614137043, 26.186787316942979 ], [ 93.833322465685256, 26.198264574947757 ], [ 93.844509713206392, 26.202696286231689 ], [ 93.836051928077737, 26.203928816667769 ], [ 93.846767290495208, 26.212381703974685 ], [ 93.841075432253859, 26.215767194482797 ], [ 93.855298311926092, 26.216498832242056 ], [ 93.86470133126997, 26.235693025204547 ], [ 93.859648506008824, 26.244267927754947 ], [ 93.850147686090168, 26.240768663845426 ], [ 93.857466150732904, 26.246666722787694 ], [ 93.86915965965143, 26.246499366787081 ], [ 93.864007570143698, 26.25299873715386 ], [ 93.877174247742516, 26.265566749545901 ], [ 93.869649306426908, 26.267443233355362 ], [ 93.8758344633506, 26.277291283396821 ], [ 93.884794369878975, 26.272273322290744 ], [ 93.870614904425665, 26.296566218849559 ], [ 93.8882360735698, 26.302853371866323 ], [ 93.877675053732219, 26.3094696546001 ], [ 93.889332220608892, 26.314711829890008 ], [ 93.887294536841935, 26.321192658290556 ], [ 93.89764121453986, 26.316822616235022 ], [ 93.889878937753636, 26.323291640597116 ], [ 93.895815666047312, 26.328128056935721 ], [ 93.890471500870319, 26.327615429995809 ], [ 93.891795578091518, 26.342059892295421 ], [ 93.885559016451495, 26.341880770338342 ], [ 93.886050455932462, 26.363044786177998 ], [ 93.894868857694803, 26.372287582046141 ], [ 93.885953542856143, 26.372818420501424 ], [ 93.890699343558012, 26.38202196839325 ], [ 93.885179533792169, 26.393858902675532 ], [ 93.870200639474518, 26.389553956377497 ], [ 93.860312848478912, 26.404680226635314 ], [ 93.828871607937302, 26.417318583331603 ], [ 93.795481693715615, 26.377193893314971 ], [ 93.777206308827814, 26.38387888728289 ], [ 93.802643167736647, 26.410053214454354 ], [ 93.786324070972412, 26.413021402854522 ], [ 93.783674355149387, 26.422423369379285 ], [ 93.796212256379576, 26.429757324445379 ], [ 93.786700567078455, 26.437751173132131 ], [ 93.79462548302773, 26.440899719124641 ], [ 93.788790212132994, 26.463359430869669 ], [ 93.773828858946729, 26.47479986188787 ], [ 93.780471648507415, 26.479309982326964 ], [ 93.767380278079486, 26.506571102363242 ], [ 93.757705817561288, 26.511628555942966 ], [ 93.760216188724698, 26.527181208649314 ], [ 93.735894171780089, 26.537519001617426 ], [ 93.742455568857338, 26.543294534850155 ], [ 93.737286844267885, 26.549616909293125 ], [ 93.741913312543957, 26.569616964661044 ], [ 93.753607551202492, 26.578909030635749 ], [ 93.724740600364527, 26.595561860429218 ], [ 93.723886834303315, 26.60354614830668 ], [ 93.686815633281782, 26.605957011789076 ], [ 93.637893838272049, 26.59681924234345 ], [ 93.62687496296968, 26.590523221323298 ], [ 93.623485454300479, 26.564726918752523 ], [ 93.61459913943176, 26.566171565125401 ], [ 93.616140494245414, 26.576704069096337 ], [ 93.588119032233635, 26.568403397228327 ], [ 93.589300912426935, 26.60354760231904 ], [ 93.560676834465539, 26.60833016020289 ], [ 93.534573359092349, 26.594933838355519 ], [ 93.512526022996397, 26.593363771897732 ], [ 93.498974359643796, 26.611801611877517 ], [ 93.499064465236856, 26.604329309782404 ], [ 93.473450148731132, 26.593560237301961 ], [ 93.49576196068638, 26.588239522738174 ], [ 93.466571283944717, 26.568516920626948 ], [ 93.461320401654476, 26.570341390656377 ], [ 93.469789840075379, 26.585690703856578 ], [ 93.459543476291216, 26.574106657096706 ], [ 93.457993815367857, 26.580873299750206 ], [ 93.413739732025022, 26.567528562682217 ], [ 93.403489777912426, 26.571867955203075 ], [ 93.408803951075996, 26.574358901455071 ], [ 93.404129356182338, 26.580556857004296 ], [ 93.321748404330876, 26.582263388146373 ], [ 93.302061930933348, 26.572597203214595 ], [ 93.306420238619026, 26.580567401723023 ], [ 93.295974931550262, 26.588407639519925 ], [ 93.302369139085698, 26.604827418323563 ], [ 93.288419486927879, 26.634902581357373 ], [ 93.316591489324765, 26.640102518189689 ], [ 93.322406920262978, 26.656976872220014 ], [ 93.311653395486445, 26.668768963880101 ], [ 93.321714795375399, 26.67881128875624 ], [ 93.30925188676099, 26.698105074888595 ], [ 93.337707678579449, 26.707448290097574 ], [ 93.359369979278057, 26.737483733356452 ], [ 93.405176041910735, 26.752934587978377 ], [ 93.433574236339751, 26.744490641584182 ], [ 93.462576496444328, 26.75691528482114 ], [ 93.511110463410105, 26.76034791720107 ], [ 93.564202133334405, 26.73613411980498 ], [ 93.567480794203277, 26.723813160857212 ], [ 93.651493293620035, 26.704913813891192 ], [ 93.673606947030152, 26.712668508366445 ], [ 93.651553520697362, 26.789062311048625 ], [ 93.672365910486704, 26.800201465251146 ], [ 93.69736197576421, 26.79769724597789 ], [ 93.712727791985785, 26.817483388012231 ], [ 93.746765531715425, 26.800664006310644 ], [ 93.773705761239071, 26.843691663646389 ], [ 93.802210913966277, 26.824682001695177 ], [ 93.82260454022628, 26.823569784786319 ] ] ] } },
{ "type": "Feature", "properties": { "district_id": "maharashtra__gondiya", "state": "Maharashtra", "district": "Gondiya", "area_km2": 5471.8, "point_lat": 21.1428, "point_lon": 80.2691 }, "geometry": { "type": "Polygon", "coordinates": [ [ [ 80.663424023699079, 21.331383496326403 ], [ 80.679637976955334, 21.311927097130024 ], [ 80.679836426087832, 21.298972232583317 ], [ 80.661699986196211, 21.290180314056101 ], [ 80.642190208863724, 21.250858780471564 ], [ 80.564633729669751, 21.204645766548762 ], [ 80.527565493134972, 21.204193913838733 ], [ 80.514447641774069, 21.183122814360551 ], [ 80.464079441873068, 21.17348780477759 ], [ 80.445426536404355, 21.122109509487984 ], [ 80.456028914606648, 21.112686163680063 ], [ 80.446283955861716, 21.112503838351635 ], [ 80.440082347196835, 21.097884125398359 ], [ 80.454125621972196, 21.03746797040699 ], [ 80.430532461590673, 21.010459790191717 ], [ 80.444867017110226, 20.993009699247775 ], [ 80.455570706756575, 20.94629219070524 ], [ 80.47211596174013, 20.92832764887601 ], [ 80.548697167694584, 20.935030863235934 ], [ 80.562753968514158, 20.820986087615164 ], [ 80.5061496267884, 20.831497139322369 ], [ 80.456233828356261, 20.819777593953276 ], [ 80.415388197723459, 20.823573442584411 ], [ 80.400905363449326, 20.809079433171071 ], [ 80.380830688597086, 20.804916645377251 ], [ 80.331777568563709, 20.819631056644056 ], [ 80.316978739145895, 20.775385094411845 ], [ 80.321929066446401, 20.752775138864621 ], [ 80.304464612954092, 20.713714406520499 ], [ 80.29866494470582, 20.703953722400168 ], [ 80.283270102475754, 20.70226138182322 ], [ 80.273492910655335, 20.67168459149951 ], [ 80.248362054054041, 20.671806559713357 ], [ 80.241604041430776, 20.653027849157009 ], [ 80.208817483811387, 20.658894302653319 ], [ 80.16158706021676, 20.686983604013065 ], [ 80.13708367962559, 20.677721065441055 ], [ 80.135639257682016, 20.684454801808787 ], [ 80.111690608396046, 20.68999527053365 ], [ 80.08709523518985, 20.688698677134195 ], [ 80.058401758790694, 20.707755923115769 ], [ 80.036885349028125, 20.697624865404205 ], [ 80.018506699843755, 20.666256277216387 ], [ 80.014080463796617, 20.672736180239731 ], [ 80.008238317384965, 20.667278057685969 ], [ 79.989222768871386, 20.673481414635631 ], [ 79.964530499014046, 20.689870131897049 ], [ 79.970378612836598, 20.713945063445863 ], [ 79.934403781854542, 20.711910164742886 ], [ 79.928816865061705, 20.739224635018108 ], [ 79.915910663929594, 20.73820617241093 ], [ 79.917079099585706, 20.746116952750189 ], [ 79.926075026495695, 20.746397589169057 ], [ 79.925673144812919, 20.765528974567744 ], [ 79.94033404509662, 20.785311300651642 ], [ 79.910014571197308, 20.781525000126617 ], [ 79.888802537977028, 20.766242010001573 ], [ 79.885065653682247, 20.789970158725396 ], [ 79.866000204614309, 20.781308093135362 ], [ 79.867146960037374, 20.808167887208459 ], [ 79.856676895507647, 20.810273835536883 ], [ 79.863422479507591, 20.814879289056272 ], [ 79.865316885670069, 20.876143573681485 ], [ 79.87382612876344, 20.882774130860231 ], [ 79.889689483126006, 20.875611576585463 ], [ 79.905344557085442, 20.883625216004738 ], [ 79.911012482104866, 20.897703068434033 ], [ 79.947810202063934, 20.926053508390961 ], [ 79.94182265861842, 20.959260809872958 ], [ 79.954741055100683, 20.988243828658245 ], [ 79.949246120310335, 21.011793357578885 ], [ 79.987556881234937, 21.007753512661903 ], [ 80.000000000979753, 21.022013762537966 ], [ 80.019398530890641, 21.001220943341899 ], [ 80.027237784506951, 21.008119524156655 ], [ 80.047615400422259, 21.003054584824707 ], [ 80.08703061335666, 21.048208420493683 ], [ 80.077431152515814, 21.057229782372193 ], [ 80.080986027058117, 21.100193184692948 ], [ 80.061281114661838, 21.105354816519338 ], [ 80.083660632727316, 21.14343447219397 ], [ 80.049750701735064, 21.210248385897859 ], [ 80.039839501353171, 21.209239191805782 ], [ 80.023062655979388, 21.225528900171327 ], [ 80.008046771738236, 21.216053209464857 ], [ 79.9916578840173, 21.22994707448203 ], [ 79.971637241154937, 21.228104375389247 ], [ 79.941889973708541, 21.252203383869745 ], [ 79.922846464347728, 21.253298955917767 ], [ 79.901653562016293, 21.240404638931924 ], [ 79.887313422737549, 21.252448410543028 ], [ 79.864646851413937, 21.24442451809206 ], [ 79.868981015494569, 21.228878030127305 ], [ 79.836894545021039, 21.224153965263916 ], [ 79.832471503406296, 21.229577897656302 ], [ 79.848352647302576, 21.245053027282584 ], [ 79.842647899275988, 21.255076681197018 ], [ 79.856789740772655, 21.24892585831212 ], [ 79.865523725273192, 21.250866245752871 ], [ 79.865418042087867, 21.258227304234108 ], [ 79.833218524883549, 21.259759282682879 ], [ 79.826038571547699, 21.270332920818905 ], [ 79.837508967524826, 21.283136014979544 ], [ 79.82846773190623, 21.289659164108411 ], [ 79.838752285036946, 21.310190482103163 ], [ 79.815372283848262, 21.315868690201238 ], [ 79.813061698526397, 21.352489711304731 ], [ 79.801658296895639, 21.357996356667218 ], [ 79.799468448476858, 21.376857957468811 ], [ 79.883038410689366, 21.424430410203193 ], [ 79.884203682538711, 21.440627859046998 ], [ 79.92585672109837, 21.486483856705416 ], [ 79.929977438692532, 21.503879396418569 ], [ 79.922229607047583, 21.524147848209253 ], [ 79.933593856074225, 21.553299556374039 ], [ 79.972700411239757, 21.556868814735594 ], [ 79.992041775202509, 21.536426067997766 ], [ 80.003160112406505, 21.534972151672907 ], [ 80.03471791185423, 21.556998471795424 ], [ 80.070081296095907, 21.554280340631422 ], [ 80.116459302436112, 21.593094550493682 ], [ 80.121513035173479, 21.606686456032168 ], [ 80.154456891496253, 21.605998232802065 ], [ 80.194824321508193, 21.633898334415406 ], [ 80.211324882647062, 21.633257166203624 ], [ 80.222940999932234, 21.62008605210508 ], [ 80.266898477224913, 21.619934082472394 ], [ 80.294673201800506, 21.592142709490961 ], [ 80.298597106019315, 21.577911030566799 ], [ 80.32688651910243, 21.573496762615509 ], [ 80.336796281362638, 21.554656344549688 ], [ 80.331136436463339, 21.548675273935288 ], [ 80.37733520640684, 21.520998472862381 ], [ 80.382068499381234, 21.491228468642767 ], [ 80.407692070904844, 21.465584148916033 ], [ 80.418057158061202, 21.438407706649549 ], [ 80.395810854021377, 21.407607093118987 ], [ 80.410129489223991, 21.376782211600702 ], [ 80.447172917807094, 21.372429808989921 ], [ 80.455092741363245, 21.402624269182105 ], [ 80.492276033520909, 21.397974979790408 ], [ 80.526249656010023, 21.389957451698333 ], [ 80.543710321501706, 21.369567426135927 ], [ 80.571008900934643, 21.358363813677357 ], [ 80.568198048909096, 21.343823537109756 ], [ 80.58848184246537, 21.342109863772492 ], [ 80.600025849315841, 21.325351045543652 ], [ 80.624629079119373, 21.319761874355809 ], [ 80.663424023699079, 21.331383496326403 ] ] ] } },
{ "type": "Feature", "properties": { "district_id": "karnataka__gulbarga", "state": "Karnataka", "district": "Gulbarga", "area_km2": 10966.2, "point_lat": 17.2382, "point_lon": 76.7697 }, "geometry": { "type": "Polygon", "coordinates": [ [ [ 76.692199554205729, 17.681754240310529 ], [ 76.696323110060021, 17.665694620238451 ], [ 76.710836076161726, 17.66085685093697 ], [ 76.698770320905325, 17.64574478584527 ], [ 76.712838157184862, 17.63927525619118 ], [ 76.734261093017707, 17.666079904195147 ], [ 76.769883577190129, 17.666058585867422 ], [ 76.775483567450422, 17.638189562872817 ], [ 76.783510363551017, 17.63580915326585 ], [ 76.796059393979633, 17.651048042012594 ], [ 76.901599981414591, 17.646160066286718 ], [ 76.92891176290631, 17.634776678585492 ], [ 76.920074959622639, 17.61706698734876 ], [ 76.939903211174681, 17.607797289041603 ], [ 76.951760690778485, 17.623529661836059 ], [ 76.958343018350689, 17.621565677112372 ], [ 76.960080066026308, 17.636510543162409 ], [ 76.986221649903271, 17.656166239731181 ], [ 76.978480761909296, 17.678460318196947 ], [ 76.991763023986024, 17.694442695799143 ], [ 77.021501782634857, 17.6753870982058 ], [ 77.034643223258641, 17.67818863632116 ], [ 77.038297508941312, 17.668036793236435 ], [ 77.088766733133625, 17.6598415471463 ], [ 77.116567805388442, 17.684766670910683 ], [ 77.134895422468702, 17.680140576130704 ], [ 77.132915060984061, 17.662099945302984 ], [ 77.145046914058284, 17.652564585799063 ], [ 77.151474324606639, 17.631476978146242 ], [ 77.190847266522965, 17.615631819873204 ], [ 77.201158667865343, 17.630734599728644 ], [ 77.277251322880616, 17.626857519754132 ], [ 77.308749202104408, 17.595680173470257 ], [ 77.341170029204307, 17.589903713134539 ], [ 77.350327710609079, 17.601254722431623 ], [ 77.361095453898955, 17.601301973019119 ], [ 77.378502830114556, 17.596407888006837 ], [ 77.378859651892867, 17.583433327585862 ], [ 77.464865513531663, 17.579737298694919 ], [ 77.477771650987847, 17.56784703379515 ], [ 77.493734941130043, 17.569024878862628 ], [ 77.505384242400652, 17.543677813648941 ], [ 77.531241135434968, 17.576017395572617 ], [ 77.540523206461458, 17.574137175948898 ], [ 77.552258067879421, 17.552298307276526 ], [ 77.593779780933872, 17.565627676775076 ], [ 77.595703793881384, 17.535593935808674 ], [ 77.620615447833259, 17.532296876592344 ], [ 77.625277629379298, 17.525207276632159 ], [ 77.660746455367473, 17.524345405865773 ], [ 77.670231803585708, 17.512980606666709 ], [ 77.689819994542646, 17.508710506464382 ], [ 77.688220464220919, 17.475953755558102 ], [ 77.652218332313055, 17.484227445405114 ], [ 77.656885271878409, 17.506272062596 ], [ 77.644546505978781, 17.479053492305191 ], [ 77.615005372447939, 17.472959996760437 ], [ 77.614683190037738, 17.447272270657347 ], [ 77.599930380271303, 17.44572216622522 ], [ 77.577170473410547, 17.45719449207462 ], [ 77.576546036891799, 17.432539464131217 ], [ 77.537364281530145, 17.443923352885456 ], [ 77.51399334837248, 17.430220320829282 ], [ 77.514537794338139, 17.415524263758989 ], [ 77.539417540889218, 17.407122321394898 ], [ 77.525224087021215, 17.389356250352158 ], [ 77.531932947909127, 17.375170306665343 ], [ 77.502988139240799, 17.357110661013614 ], [ 77.478275099467169, 17.362177486198068 ], [ 77.48313500665364, 17.372612926479899 ], [ 77.455343350838319, 17.373459030988275 ], [ 77.458870480169097, 17.340921793584556 ], [ 77.437766100806513, 17.291317372019375 ], [ 77.456593829841196, 17.289713278457203 ], [ 77.458308292749621, 17.278987471136645 ], [ 77.426333937984836, 17.256342504692885 ], [ 77.418670110238949, 17.233006855667519 ], [ 77.409171181178493, 17.240501900256898 ], [ 77.384018839235665, 17.222860335431573 ], [ 77.402517322522399, 17.211894880113988 ], [ 77.395204957092076, 17.195511714668307 ], [ 77.374398802397621, 17.193188376460959 ], [ 77.363635073124186, 17.16476466339164 ], [ 77.379096277326127, 17.151874660199734 ], [ 77.38003584128964, 17.141081442994572 ], [ 77.466564447582172, 17.107405945917829 ], [ 77.464225905542463, 17.09619270349258 ], [ 77.480896592173337, 17.079624394691237 ], [ 77.502255812199493, 17.018698626717171 ], [ 77.503468352261635, 17.010835912575882 ], [ 77.482399342997866, 16.993763941860745 ], [ 77.483244051940147, 16.971575459232188 ], [ 77.468100624601107, 16.956233057122532 ], [ 77.471798190543652, 16.92071706534994 ], [ 77.457416927500489, 16.912618079006084 ], [ 77.456523105338277, 16.885110603796381 ], [ 77.408120491158243, 16.881195975186877 ], [ 77.410339155177908, 16.899825090245741 ], [ 77.375640827667269, 16.896728230180489 ], [ 77.335066476333935, 16.930697877902837 ], [ 77.273381762614605, 16.924603954427599 ], [ 77.239538580544007, 16.942561370003119 ], [ 77.179191546409768, 16.933973908924553 ], [ 77.103936245400661, 16.900278725453784 ], [ 77.090988003667064, 16.903740106077574 ], [ 77.086461974429568, 16.934636279291595 ], [ 77.071955256050984, 16.95046039018974 ], [ 77.021360875101792, 16.908536522769445 ], [ 77.04131337265855, 16.879195817734058 ], [ 77.010789002881239, 16.862463937841216 ], [ 76.992778356534487, 16.862094833154735 ], [ 76.982734588833551, 16.850734231517219 ], [ 76.998636874449133, 16.82999378181243 ], [ 76.992453169912167, 16.818713703695966 ], [ 76.934329100755846, 16.828660121202915 ], [ 76.916463911711844, 16.822088367139589 ], [ 76.905892841042771, 16.834257683729394 ], [ 76.904210937506136, 16.851572199879975 ], [ 76.922831934552207, 16.881709452848341 ], [ 76.895472277680895, 16.896004385763629 ], [ 76.832826012526155, 16.877310012789756 ], [ 76.787330902547126, 16.841616121201348 ], [ 76.755412176752799, 16.830997181577729 ], [ 76.745450018315893, 16.817143816268118 ], [ 76.738686774068555, 16.777338419298726 ], [ 76.694734815534645, 16.786264997955055 ], [ 76.659528350163924, 16.753246928570974 ], [ 76.651080801135279, 16.730750080554252 ], [ 76.634220280107712, 16.736558224823639 ], [ 76.614200862231115, 16.765834830614544 ], [ 76.605202511578455, 16.765626189326312 ], [ 76.547671669782659, 16.751887624751479 ], [ 76.527043025621552, 16.75387735524788 ], [ 76.509366712844425, 16.741065080412607 ], [ 76.500976725374272, 16.717321836900833 ], [ 76.475469825444222, 16.709274741329306 ], [ 76.460206893170167, 16.711491775955313 ], [ 76.458864330238512, 16.721284767231293 ], [ 76.44737063305152, 16.721582121666117 ], [ 76.443306409757952, 16.71276185634002 ], [ 76.420502066519077, 16.715370017034235 ], [ 76.443710354529927, 16.75621810277207 ], [ 76.419356613749642, 16.766802153608943 ], [ 76.371963271426594, 16.767420052638411 ], [ 76.378767568857498, 16.800851324681851 ], [ 76.396861715271513, 16.804244018804052 ], [ 76.411544712560129, 16.797567622320678 ], [ 76.413983791138634, 16.812642376305021 ], [ 76.354751040192809, 16.818716657585224 ], [ 76.358225862589052, 16.837988655249148 ], [ 76.374786980923602, 16.858562840477191 ], [ 76.403824431740702, 16.857536567942297 ], [ 76.429518619522028, 16.847861428785805 ], [ 76.431168461702313, 16.837517482053158 ], [ 76.461967848389023, 16.833030155734793 ], [ 76.470248219104462, 16.839293661252906 ], [ 76.459310819367957, 16.865763532423649 ], [ 76.438085091545332, 16.867272598288086 ], [ 76.434431253484618, 16.881011109760824 ], [ 76.435283272622044, 16.89776947908317 ], [ 76.465379707624962, 16.900347922791056 ], [ 76.459230400887805, 16.924264691090269 ], [ 76.446135448227764, 16.940658857600738 ], [ 76.436707941229372, 16.941399639931763 ], [ 76.419083203770214, 16.926346493028859 ], [ 76.401174200004107, 16.934598134536355 ], [ 76.400663093870875, 16.975786771854725 ], [ 76.435314019933188, 16.980222087278239 ], [ 76.429803908419345, 17.099254039750186 ], [ 76.390042748959928, 17.067734106267853 ], [ 76.384781832727214, 17.098870681944923 ], [ 76.363351283744706, 17.112902013309135 ], [ 76.39376299212671, 17.140263178452564 ], [ 76.360716872265911, 17.137960740791726 ], [ 76.368543500686442, 17.164429287759368 ], [ 76.360174494220402, 17.183919120191561 ], [ 76.323719299294751, 17.167873143313216 ], [ 76.27617217050674, 17.163825296721129 ], [ 76.255232393490758, 17.146922354784138 ], [ 76.244371563066466, 17.148903371083172 ], [ 76.219917267656442, 17.184113107616529 ], [ 76.188527806979323, 17.185838507200135 ], [ 76.124903297693265, 17.24468883261045 ], [ 76.090381266339833, 17.25599686409895 ], [ 76.09730381807401, 17.291164996320571 ], [ 76.066487154636789, 17.309227525068351 ], [ 76.066757245388644, 17.315679827089888 ], [ 76.073440298220518, 17.33402682361465 ], [ 76.086843082865457, 17.335438251763215 ], [ 76.095961464668846, 17.359503071561885 ], [ 76.121309116953654, 17.368045331404904 ], [ 76.163409190423778, 17.342667641404958 ], [ 76.164062547585146, 17.302139254321979 ], [ 76.176053474398728, 17.29902515718603 ], [ 76.18414839085284, 17.312851442290558 ], [ 76.172595691255907, 17.350490916999465 ], [ 76.229425403131401, 17.365016172099136 ], [ 76.244838249314796, 17.376463978067971 ], [ 76.250513420505186, 17.359706564254353 ], [ 76.270751462692601, 17.358354093060921 ], [ 76.276478148028986, 17.332391371791303 ], [ 76.317917848136261, 17.331335783440533 ], [ 76.313710663352097, 17.345145955348141 ], [ 76.344402109341459, 17.35183033042733 ], [ 76.353102878430008, 17.312539231925378 ], [ 76.382630455651693, 17.313774242708298 ], [ 76.393941693025639, 17.338229462097676 ], [ 76.411635555205777, 17.349643987134588 ], [ 76.409034020491362, 17.371214726666231 ], [ 76.362838436721674, 17.376959452386107 ], [ 76.374018988339003, 17.436246904807231 ], [ 76.334391543962866, 17.434069362422015 ], [ 76.331506969257049, 17.47057122149667 ], [ 76.35077298823623, 17.473888876423825 ], [ 76.375877144668252, 17.495273251527074 ], [ 76.344218756038487, 17.496082247377956 ], [ 76.347083463930929, 17.513192916133686 ], [ 76.366909450375488, 17.523890380043394 ], [ 76.361680028393295, 17.537951788772876 ], [ 76.340730876781862, 17.544249717282032 ], [ 76.332329593719564, 17.59647455393241 ], [ 76.416591928199921, 17.605863680528145 ], [ 76.429644707913496, 17.646044327690596 ], [ 76.443729846280803, 17.643515583594805 ], [ 76.441824365520148, 17.650996947122181 ], [ 76.453303306642312, 17.657187061662945 ], [ 76.490387413607195, 17.662324658147877 ], [ 76.487449120464873, 17.715113130336729 ], [ 76.524821885047658, 17.716849192826256 ], [ 76.524870761466715, 17.760457288198523 ], [ 76.574615352044219, 17.761613158045417 ], [ 76.565875917832869, 17.755275793760873 ], [ 76.574555742930926, 17.703851428679435 ], [ 76.594628984056328, 17.719241354550284 ], [ 76.615872850943688, 17.769943959307167 ], [ 76.628403481728554, 17.757630342101962 ], [ 76.632134134536955, 17.730692298901079 ], [ 76.656762154599392, 17.718129272611634 ], [ 76.664728739312551, 17.689632402929881 ], [ 76.692199554205729, 17.681754240310529 ] ] ] } },
{ "type": "Feature", "properties": { "district_id": "assam__hailakandi", "state": "Assam", "district": "Hailakandi", "area_km2": 1332.0, "point_lat": 24.5064, "point_lon": 92.6317 }, "geometry": { "type": "Polygon", "coordinates": [ [ [ 92.598064264351407, 24.877903974588794 ], [ 92.610304447326158, 24.860925621930626 ], [ 92.631356911733647, 24.853141237157526 ], [ 92.639784941652309, 24.819060558000725 ], [ 92.677928900785503, 24.814584154202326 ], [ 92.684643608872847, 24.806538597037196 ], [ 92.669771805992298, 24.789841012217337 ], [ 92.656133547004899, 24.735726206397764 ], [ 92.657787064868558, 24.674576447475214 ], [ 92.66642182935081, 24.669526688050873 ], [ 92.669979441230225, 24.626262911342611 ], [ 92.681011592154164, 24.628776750741459 ], [ 92.696483204520788, 24.616388940089713 ], [ 92.669926494136661, 24.60942320312973 ], [ 92.671850549762112, 24.587358823933982 ], [ 92.704886046129786, 24.563972930201317 ], [ 92.725647482959161, 24.569045447452968 ], [ 92.734529968891707, 24.585683723628303 ], [ 92.755012577262761, 24.582702184822434 ], [ 92.764135584545699, 24.566566553062987 ], [ 92.780315257751937, 24.569230056594538 ], [ 92.780654047712588, 24.55957489135211 ], [ 92.690156122193173, 24.352262667395113 ], [ 92.65702388530309, 24.341037255728409 ], [ 92.648536886208547, 24.326297557917513 ], [ 92.623815533284684, 24.330255237399108 ], [ 92.61107028620458, 24.25097173440701 ], [ 92.587504585426046, 24.242517252961402 ], [ 92.55018970543307, 24.243638253307264 ], [ 92.529159824088097, 24.17259428393545 ], [ 92.514662559851203, 24.17331241607172 ], [ 92.508163381234397, 24.167036719486887 ], [ 92.51234150110794, 24.160406478598471 ], [ 92.485420059226385, 24.160070314695666 ], [ 92.48040739531838, 24.139201988871775 ], [ 92.465505227927395, 24.132668700171237 ], [ 92.4361620402006, 24.150393559621325 ], [ 92.433840145704039, 24.179343821038135 ], [ 92.418626249861092, 24.192343757748926 ], [ 92.418202128482079, 24.219639667209879 ], [ 92.422079309641276, 24.251077223703309 ], [ 92.432552588459401, 24.25365999127855 ], [ 92.476666892601344, 24.322843537632817 ], [ 92.500418575700365, 24.400132274171749 ], [ 92.510532219049651, 24.479810291355488 ], [ 92.508398979582438, 24.53239158985539 ], [ 92.519101564924512, 24.567005660497973 ], [ 92.505788878043205, 24.591414424933262 ], [ 92.510899507377403, 24.624535441346737 ], [ 92.497217606170651, 24.679474229737256 ], [ 92.521945952587629, 24.721354223902914 ], [ 92.523033658947284, 24.740282059440329 ], [ 92.544936757588175, 24.759945518293531 ], [ 92.545050433909708, 24.798641341838206 ], [ 92.586624220750821, 24.849138435345839 ], [ 92.592549089161068, 24.864028273395039 ], [ 92.58214471218885, 24.873125982174955 ], [ 92.598064264351407, 24.877903974588794 ] ] ] } },
{ "type": "Feature", "properties": { "district_id": "karnataka__hassan", "state": "Karnataka", "district": "Hassan", "area_km2": 6812.6, "point_lat": 13.0293, "point_lon": 76.1735 }, "geometry": { "type": "Polygon", "coordinates": [ [ [ 76.631912549506211, 13.005630003083715 ], [ 76.632347190573995, 12.971890600549886 ], [ 76.612997408209793, 12.965503123054555 ], [ 76.618619887303339, 12.943133706835338 ], [ 76.605411325728085, 12.936901446953341 ], [ 76.596650919944906, 12.920218619470011 ], [ 76.596525386848384, 12.880245300017959 ], [ 76.579586296579606, 12.869242051289516 ], [ 76.576917166839749, 12.847892051840377 ], [ 76.522647163274115, 12.84124835668352 ], [ 76.516705154990689, 12.824663048287576 ], [ 76.502403681173618, 12.821225893307158 ], [ 76.493012202692896, 12.8079241711525 ], [ 76.499268233403001, 12.804684362140213 ], [ 76.499081759075011, 12.769068287577948 ], [ 76.491209523766074, 12.785085855329537 ], [ 76.477890341420704, 12.77223844596938 ], [ 76.458189860381253, 12.780083722591417 ], [ 76.470484941266903, 12.802112355500746 ], [ 76.459806643974133, 12.803030804966239 ], [ 76.44596028472202, 12.822394912732239 ], [ 76.427930815605265, 12.825211188657786 ], [ 76.429541855846907, 12.851604742648069 ], [ 76.409853584140777, 12.866338842229727 ], [ 76.411708910030541, 12.845802355184174 ], [ 76.390326859640396, 12.845574196528162 ], [ 76.386500070445123, 12.832761655164756 ], [ 76.370958015568249, 12.82631043957489 ], [ 76.373341717876002, 12.809748737402559 ], [ 76.338664753074482, 12.812632293673339 ], [ 76.331565005673198, 12.806654740908659 ], [ 76.337614485291354, 12.787854920573203 ], [ 76.351890248353826, 12.785792391820175 ], [ 76.352603208697175, 12.771093835316545 ], [ 76.345603308639966, 12.765584211293106 ], [ 76.358950798409495, 12.748512679938251 ], [ 76.347385680339727, 12.742978119433262 ], [ 76.344695437491083, 12.732077756620557 ], [ 76.348234863912893, 12.719729953316357 ], [ 76.365434494738182, 12.706907929302805 ], [ 76.340800243820311, 12.645839648841875 ], [ 76.323974152449509, 12.63309940848948 ], [ 76.331347647781499, 12.612426429868826 ], [ 76.310949794482923, 12.609971640875631 ], [ 76.31125372823216, 12.623191155256745 ], [ 76.304130446402894, 12.622037389109975 ], [ 76.300876474438653, 12.631232114690782 ], [ 76.294718209615326, 12.617345382390498 ], [ 76.28347041825252, 12.617902628427986 ], [ 76.277990364988071, 12.630683054123043 ], [ 76.265750476914548, 12.619738218050667 ], [ 76.249794398844628, 12.625562659791065 ], [ 76.242368096277545, 12.638544630719682 ], [ 76.222216822000732, 12.642234172672657 ], [ 76.209620994820838, 12.629098593498506 ], [ 76.217613342202853, 12.616990836396145 ], [ 76.198581113816815, 12.600245198134276 ], [ 76.19671265798361, 12.575560988211231 ], [ 76.159941447773292, 12.575696062511751 ], [ 76.152783676811964, 12.569947414190898 ], [ 76.15800810337241, 12.562565463553138 ], [ 76.153513243325961, 12.544617684467715 ], [ 76.137185421459947, 12.527107736108682 ], [ 76.119455690301407, 12.526581489697726 ], [ 76.116371725761155, 12.512048650101265 ], [ 76.100821672868264, 12.534540151006706 ], [ 76.089209804182332, 12.535716410777031 ], [ 76.091829056592204, 12.543634880957494 ], [ 76.081020652872766, 12.542419564901895 ], [ 76.068751438550592, 12.554383872157569 ], [ 76.05243733843534, 12.553019776329052 ], [ 76.047553416802828, 12.574648689212562 ], [ 76.025671178429604, 12.573702415762265 ], [ 76.020821923675427, 12.566495706134551 ], [ 75.993246370199913, 12.582982465210389 ], [ 75.991945835836503, 12.569848480488279 ], [ 75.972898673182328, 12.573657299993945 ], [ 75.978988362678507, 12.559502806875185 ], [ 75.966737385591387, 12.558552656435115 ], [ 75.942912228694794, 12.602055324487303 ], [ 75.951311302627687, 12.61906763970372 ], [ 75.938385747946555, 12.627972282974017 ], [ 75.949591313600408, 12.664517066078107 ], [ 75.944205236772959, 12.676502924204756 ], [ 75.960613816885427, 12.68110623122965 ], [ 75.967908257963828, 12.71031823441839 ], [ 75.944450949255909, 12.716375240391482 ], [ 75.937095572942965, 12.733713298249519 ], [ 75.939206749934911, 12.761126093564268 ], [ 75.953017340829291, 12.763521328364099 ], [ 75.960905859055842, 12.778110186581717 ], [ 75.973323296871698, 12.782010122209702 ], [ 75.974591577492745, 12.804346314446507 ], [ 75.930596766994654, 12.807981214878112 ], [ 75.924028966283757, 12.827179733380397 ], [ 75.909960763685618, 12.81457897788518 ], [ 75.899884618842862, 12.826806784213188 ], [ 75.879351084242259, 12.833070843330098 ], [ 75.87708837857322, 12.822692793156772 ], [ 75.865309308712938, 12.820160579323773 ], [ 75.874714519104117, 12.769835343339222 ], [ 75.862384885098663, 12.767977683575822 ], [ 75.861670049060692, 12.755575298389077 ], [ 75.849611927924599, 12.748483061624922 ], [ 75.857549932114836, 12.742409901976945 ], [ 75.853042914605325, 12.726721876949664 ], [ 75.887456848669828, 12.704973379141176 ], [ 75.88749804884219, 12.676542457936876 ], [ 75.879512792754781, 12.671301885883519 ], [ 75.83941662912062, 12.668581247418309 ], [ 75.81198813906299, 12.699952827766513 ], [ 75.762426817456529, 12.675004451577038 ], [ 75.749016062591537, 12.679320682027159 ], [ 75.732200270978083, 12.699477451243434 ], [ 75.707141886427351, 12.708315048595422 ], [ 75.633609824085156, 12.691874389479693 ], [ 75.62750606431824, 12.707424062840868 ], [ 75.651119381662468, 12.720155538192925 ], [ 75.65974893038711, 12.750452126734535 ], [ 75.637179742908373, 12.762016260088155 ], [ 75.641045132341375, 12.769894564888332 ], [ 75.614485471622032, 12.798193132287102 ], [ 75.623228505592252, 12.857163598680177 ], [ 75.604726069165011, 12.866831659116404 ], [ 75.603335228435071, 12.876166818774033 ], [ 75.562957376992983, 12.867738394057785 ], [ 75.555913905589165, 12.909440376511901 ], [ 75.577397384055743, 12.938971177675244 ], [ 75.598230705623337, 12.944043065378187 ], [ 75.60895362047691, 12.980511885072554 ], [ 75.638835053885117, 13.012479453556391 ], [ 75.646022186300911, 13.031887738633422 ], [ 75.65991322050678, 13.025394707843713 ], [ 75.685152225689464, 13.034157845454386 ], [ 75.692910788759534, 13.044452879062151 ], [ 75.697781846219868, 13.034803898350345 ], [ 75.711224600152306, 13.0358287699706 ], [ 75.727513388187873, 13.023731182120256 ], [ 75.740292388729529, 13.030815448118704 ], [ 75.743016307103076, 13.069265688535811 ], [ 75.727846599944684, 13.096982794864228 ], [ 75.735406310911685, 13.122612834401098 ], [ 75.753341500057147, 13.139091017245979 ], [ 75.73638946384385, 13.152536212186 ], [ 75.73037716217047, 13.181169264510839 ], [ 75.743451674177507, 13.206001332624419 ], [ 75.759138016898021, 13.214737313795377 ], [ 75.780165347660343, 13.208744898419717 ], [ 75.80652936091299, 13.215019116457841 ], [ 75.809385217807346, 13.253302934405401 ], [ 75.819040506212261, 13.256476303115113 ], [ 75.835556058316556, 13.250427508257395 ], [ 75.857491836243724, 13.257317132245211 ], [ 75.863812283477699, 13.24016157781158 ], [ 75.878116092582431, 13.259222185717393 ], [ 75.896159456782414, 13.263963405018355 ], [ 75.935807728691188, 13.254955080780116 ], [ 76.014607721162164, 13.259409071113765 ], [ 76.017780204337683, 13.250514372120563 ], [ 76.039022519399623, 13.246463690789687 ], [ 76.045256035806389, 13.276493738094601 ], [ 76.038391195712364, 13.319391677609969 ], [ 76.044285885808563, 13.320825692756694 ], [ 76.027645912217324, 13.320151803426894 ], [ 76.027932726854317, 13.329164569375719 ], [ 76.043645968386315, 13.374457772410416 ], [ 76.055673194170566, 13.379465742953069 ], [ 76.089259502589499, 13.371585013736713 ], [ 76.090821669628198, 13.392619598769995 ], [ 76.140820647901975, 13.407261707755294 ], [ 76.138719889864021, 13.441416249170917 ], [ 76.162314208228437, 13.469813667032433 ], [ 76.19476346363119, 13.468330080155299 ], [ 76.189358308499266, 13.451758049291392 ], [ 76.201060742043026, 13.449806339549488 ], [ 76.199881335621697, 13.467458285658555 ], [ 76.23102585554193, 13.467202148275064 ], [ 76.237269850595595, 13.507082477083317 ], [ 76.291110122238237, 13.503990826725056 ], [ 76.293725446075257, 13.525781469196042 ], [ 76.299334895388824, 13.520901435591798 ], [ 76.318472192347897, 13.537844599140847 ], [ 76.333248054043864, 13.517475303797333 ], [ 76.345344693927998, 13.513629676301358 ], [ 76.371242427290923, 13.54757063784427 ], [ 76.401742899621311, 13.524048562194189 ], [ 76.426975185482192, 13.523440725985617 ], [ 76.416305504840949, 13.507867245427304 ], [ 76.398409400656789, 13.50248059237642 ], [ 76.397815742331602, 13.491048062037777 ], [ 76.414676463336647, 13.47737095467583 ], [ 76.4075945819894, 13.458763061698789 ], [ 76.418425994015394, 13.447322069603702 ], [ 76.400718959526174, 13.420080913090485 ], [ 76.387632012542383, 13.370144185755647 ], [ 76.382015402190021, 13.363557335903165 ], [ 76.346445097392802, 13.359776866801854 ], [ 76.356452336646086, 13.250260450342578 ], [ 76.362559710781852, 13.249683019184973 ], [ 76.365861896157838, 13.233677587877045 ], [ 76.380271100900003, 13.231085777171172 ], [ 76.372348773682205, 13.198570554941066 ], [ 76.427413531948488, 13.184284584912488 ], [ 76.430134318630422, 13.169845995139198 ], [ 76.442029862242805, 13.17179496740409 ], [ 76.45299799094883, 13.163231626288237 ], [ 76.457441574793194, 13.145686768060822 ], [ 76.475378424449772, 13.146929719426016 ], [ 76.469737873616197, 13.09049480672882 ], [ 76.49970668686791, 13.095262263710973 ], [ 76.517463268740826, 13.068493417104749 ], [ 76.533378757639866, 13.077340662859408 ], [ 76.612003330803375, 13.068472555066309 ], [ 76.620141839266736, 13.057028889934456 ], [ 76.607639162897527, 13.052836279134475 ], [ 76.603539460561933, 13.042549668302206 ], [ 76.608496621687479, 13.008611918600135 ], [ 76.631912549506211, 13.005630003083715 ] ] ] } },
{ "type": "Feature", "properties": { "district_id": "karnataka__haveri", "state": "Karnataka", "district": "Haveri", "area_km2": 4810.1, "point_lat": 14.7166, "point_lon": 75.3892 }, "geometry": { "type": "Polygon", "coordinates": [ [ [ 75.419505787268392, 15.061682274941827 ], [ 75.452441400253122, 15.060357717633801 ], [ 75.463046483483424, 15.043192058709028 ], [ 75.498944182406603, 15.046680719132095 ], [ 75.535007843922074, 15.030754698728764 ], [ 75.54422106891154, 14.978187113829375 ], [ 75.568978207857384, 14.977852947634794 ], [ 75.569026628605883, 14.970565174130424 ], [ 75.600369019321619, 14.954846857456989 ], [ 75.613641267670573, 14.95889367656544 ], [ 75.611342712942047, 14.972126384105819 ], [ 75.632069144303728, 14.983504198989817 ], [ 75.634623962130448, 14.994515290641388 ], [ 75.691607931771443, 14.974079709581781 ], [ 75.701988369942143, 14.947968088855214 ], [ 75.686815734266432, 14.943144609126662 ], [ 75.684603641218402, 14.929930178712194 ], [ 75.69715092839121, 14.891958158596397 ], [ 75.729033044383485, 14.897135309484703 ], [ 75.739061678452046, 14.887333082507991 ], [ 75.733976691194059, 14.863682631044032 ], [ 75.722922406341397, 14.864005571946407 ], [ 75.714987907934017, 14.851941403199874 ], [ 75.690155423605674, 14.854014413709594 ], [ 75.664793384848579, 14.802513068162803 ], [ 75.724190214230404, 14.768489922009701 ], [ 75.719064238982298, 14.747130399677395 ], [ 75.702719080709969, 14.729593525456579 ], [ 75.706275097078304, 14.721659081118149 ], [ 75.717487393161662, 14.718010080241394 ], [ 75.757131217222749, 14.738337490359733 ], [ 75.76295612606539, 14.734770358231394 ], [ 75.764393205581825, 14.72316221659209 ], [ 75.743659523087601, 14.703465451483876 ], [ 75.740120356978906, 14.684829154563397 ], [ 75.771368507795515, 14.674090188412734 ], [ 75.799460241962166, 14.680288852536735 ], [ 75.800101543268852, 14.66530659058528 ], [ 75.812328404366184, 14.651238786722518 ], [ 75.805325292887886, 14.599180243539891 ], [ 75.820190858760384, 14.566478387744377 ], [ 75.800158677341074, 14.539732923957443 ], [ 75.798413486368446, 14.51030434851719 ], [ 75.77300177880727, 14.517696892597133 ], [ 75.754562508363762, 14.513578031177381 ], [ 75.71518255600229, 14.472021007809388 ], [ 75.700300429572096, 14.488663105880164 ], [ 75.687984356942422, 14.489672588612892 ], [ 75.660062292522852, 14.45039546462713 ], [ 75.654494203491367, 14.462140837203581 ], [ 75.636132063330393, 14.464001216783153 ], [ 75.630125628092827, 14.442651431171285 ], [ 75.641608633480658, 14.430494652386194 ], [ 75.640696722373619, 14.41871252102189 ], [ 75.62160112813109, 14.342853076945291 ], [ 75.63384991026642, 14.316864426937171 ], [ 75.609633112538987, 14.314174923171405 ], [ 75.602737368025331, 14.293121492086614 ], [ 75.57954261942271, 14.276495572732129 ], [ 75.536324298856812, 14.277005709071428 ], [ 75.519909039860295, 14.301003655914585 ], [ 75.502727110032907, 14.306718173840558 ], [ 75.499608521607101, 14.343391048129869 ], [ 75.489898875629876, 14.346767748366013 ], [ 75.488207973651768, 14.339092226618751 ], [ 75.476725237146653, 14.345027844126731 ], [ 75.477356007086797, 14.317024907183995 ], [ 75.349049608, 14.387537737869366 ], [ 75.359519426443356, 14.408947570962054 ], [ 75.378321071922386, 14.410109645842249 ], [ 75.381354908399203, 14.431615416700598 ], [ 75.363143230528522, 14.438882335151909 ], [ 75.358466584467578, 14.429317180321362 ], [ 75.344010926137926, 14.434416149838443 ], [ 75.347273646631237, 14.48291240501875 ], [ 75.320534847816162, 14.511325701294103 ], [ 75.27010163060433, 14.512710646915291 ], [ 75.269365637635332, 14.525453230408601 ], [ 75.296924205539383, 14.538454913024708 ], [ 75.265391259809732, 14.579163752453157 ], [ 75.247910621737333, 14.579550721837558 ], [ 75.237875020369756, 14.556778561024235 ], [ 75.228623841225485, 14.562528866990078 ], [ 75.229022990853593, 14.583432487039529 ], [ 75.209542419116971, 14.573947459778708 ], [ 75.184911057932098, 14.585402365167202 ], [ 75.1821578185005, 14.59805281367785 ], [ 75.205629373817573, 14.597253361881878 ], [ 75.2119842865484, 14.622883201464719 ], [ 75.206411525001982, 14.635457898553646 ], [ 75.193877369549028, 14.622560374687485 ], [ 75.167215877066397, 14.633027116066865 ], [ 75.163161005788766, 14.617157592204828 ], [ 75.146484050849807, 14.617661823626715 ], [ 75.143264799342887, 14.631537571539804 ], [ 75.123616905008689, 14.630205140067732 ], [ 75.101423100386114, 14.648451752917167 ], [ 75.051247426713829, 14.648617328792925 ], [ 75.034354081711612, 14.664650637707975 ], [ 75.032297438446733, 14.706764793209555 ], [ 75.017686062242575, 14.711698944204715 ], [ 75.046448747904265, 14.737834541573356 ], [ 75.042449736367431, 14.76883576004137 ], [ 75.071294481042273, 14.779814387000778 ], [ 75.058046348520449, 14.811670056647525 ], [ 75.094615244085759, 14.80884447986455 ], [ 75.070204446985926, 14.83600715001573 ], [ 75.076345888611399, 14.868894809083132 ], [ 75.070706276737553, 14.918107817651126 ], [ 75.106017509668732, 14.93224783458184 ], [ 75.100995759480298, 14.955064802159672 ], [ 75.086587940303502, 14.956410741180438 ], [ 75.06958060696536, 15.015752124938075 ], [ 75.083106886250334, 15.077375001952291 ], [ 75.080161264981683, 15.109725713604449 ], [ 75.114753830422131, 15.115909070670982 ], [ 75.108135406269326, 15.138293733771022 ], [ 75.132615144368927, 15.141396574521233 ], [ 75.138846999737098, 15.158835834032876 ], [ 75.146645014714267, 15.158641234329602 ], [ 75.155667160196217, 15.145085805253204 ], [ 75.138172931953264, 15.117060933129803 ], [ 75.14244577902528, 15.099793503104484 ], [ 75.160288580239879, 15.107317919090411 ], [ 75.16067239993103, 15.101770290258932 ], [ 75.191820646252452, 15.09651725744612 ], [ 75.227197996902248, 15.099053498651651 ], [ 75.242208274014274, 15.107203645412648 ], [ 75.254083870076869, 15.105678733662417 ], [ 75.258439050450704, 15.096432629904129 ], [ 75.263687705110627, 15.115563896966641 ], [ 75.290249740835449, 15.129008611954788 ], [ 75.290552084402989, 15.136584494635867 ], [ 75.310801322464002, 15.139975496644503 ], [ 75.309829995792441, 15.154620928334932 ], [ 75.33838683793104, 15.159461683348644 ], [ 75.340055833471055, 15.110472801023811 ], [ 75.35225015974045, 15.102296101277297 ], [ 75.33093053285657, 15.080920612881345 ], [ 75.339979624361817, 15.068634019659225 ], [ 75.357739418497928, 15.062186044168698 ], [ 75.368841669241846, 15.047321167438467 ], [ 75.419505787268392, 15.061682274941827 ] ] ] } },
{ "type": "Feature", "properties": { "district_id": "maharashtra__hingoli", "state": "Maharashtra", "district": "Hingoli", "area_km2": 4690.3, "point_lat": 19.5414, "point_lon": 77.2187 }, "geometry": { "type": "Polygon", "coordinates": [ [ [ 77.279139181775165, 19.916364525671089 ], [ 77.292733524198908, 19.899294626326625 ], [ 77.310764787173525, 19.910401051821662 ], [ 77.317767501100349, 19.906163451972894 ], [ 77.315018523883623, 19.889819180149416 ], [ 77.298198914052705, 19.892635576326324 ], [ 77.298593439892031, 19.879526210041952 ], [ 77.32363580421908, 19.884960211703049 ], [ 77.347912641866543, 19.873417901450193 ], [ 77.349083405866281, 19.860230659487904 ], [ 77.365318959087446, 19.85806240723203 ], [ 77.356624944537955, 19.845405913136243 ], [ 77.363587240130514, 19.833017944803352 ], [ 77.344542001184081, 19.829122504559795 ], [ 77.362231264269681, 19.815027866163376 ], [ 77.370667233042155, 19.822231131381212 ], [ 77.390015228569908, 19.820937908503613 ], [ 77.395242822035172, 19.811124010776769 ], [ 77.383525791846623, 19.788116415074938 ], [ 77.409928610611018, 19.772531689447714 ], [ 77.404545690523051, 19.764145924480729 ], [ 77.38710742785949, 19.766007380304224 ], [ 77.379068302283329, 19.746035796993954 ], [ 77.383250543936654, 19.728790744599031 ], [ 77.396774364015116, 19.72572648881847 ], [ 77.413325932538427, 19.743538181532738 ], [ 77.435910979427177, 19.729385910163522 ], [ 77.451395334775853, 19.699835947729685 ], [ 77.446053937320471, 19.687657859601103 ], [ 77.459593302947326, 19.681948813011225 ], [ 77.453553948709214, 19.673804858565209 ], [ 77.470061815746448, 19.664674574449617 ], [ 77.466762884181975, 19.614633212502682 ], [ 77.459720665055059, 19.612321557604272 ], [ 77.481122916678814, 19.599932034331655 ], [ 77.453938118001815, 19.567362861572448 ], [ 77.468865477860021, 19.563324722185367 ], [ 77.470246653469715, 19.498607308442661 ], [ 77.476168303568258, 19.488255235968694 ], [ 77.489723841475794, 19.495230606893653 ], [ 77.493647458064913, 19.466325418703846 ], [ 77.490356939900764, 19.457018674693902 ], [ 77.477594601856026, 19.455298147333895 ], [ 77.472331897885709, 19.436793924277492 ], [ 77.452489817271328, 19.439661019459596 ], [ 77.437300498783188, 19.407049534020697 ], [ 77.449740783474326, 19.382757317823465 ], [ 77.419726163041844, 19.376642147931758 ], [ 77.41552233428898, 19.365394334266966 ], [ 77.389681715308257, 19.352362268835563 ], [ 77.386138113280381, 19.340921148667118 ], [ 77.364421657531267, 19.338729868876985 ], [ 77.352144018751318, 19.352147454597599 ], [ 77.313827640876497, 19.353955259760049 ], [ 77.310283160363156, 19.330008256588432 ], [ 77.283346221590534, 19.324973088341984 ], [ 77.280094016795132, 19.31478883378896 ], [ 77.24429656582879, 19.320886600393404 ], [ 77.238201843453055, 19.273737940629175 ], [ 77.222869249170287, 19.273915521372082 ], [ 77.205600676874383, 19.242208978143967 ], [ 77.195544256419169, 19.24285728783919 ], [ 77.179147893382407, 19.21704788865183 ], [ 77.178871799411937, 19.169723914253389 ], [ 77.194965867700859, 19.165276677177985 ], [ 77.191539431486916, 19.130392528790761 ], [ 77.168617612812668, 19.119769922510191 ], [ 77.164398992992247, 19.0933683909278 ], [ 77.153006646397429, 19.077626446740268 ], [ 77.141415036735381, 19.070100798839441 ], [ 77.125162733858573, 19.078312464951246 ], [ 77.098034796090815, 19.066328228848381 ], [ 77.088008489520291, 19.07149881872844 ], [ 77.087530492400703, 19.084042280649648 ], [ 77.104746752428099, 19.095497858138792 ], [ 77.105207068555259, 19.117105546122822 ], [ 77.09349533662045, 19.135885890467037 ], [ 77.09755022749539, 19.144965226309328 ], [ 77.120640345334365, 19.149731811766799 ], [ 77.094882326892986, 19.156576287888683 ], [ 77.100139357184375, 19.172659068181325 ], [ 77.088358311224923, 19.172152666879356 ], [ 77.075892376909763, 19.189724397297734 ], [ 77.038128917176905, 19.20128189381948 ], [ 77.051411305966965, 19.23029409031259 ], [ 77.049288906645444, 19.247611254591931 ], [ 77.03680131997254, 19.243780160530775 ], [ 77.013320442024252, 19.251575658777913 ], [ 77.010561318792085, 19.271176300729703 ], [ 77.021902751188762, 19.274435563174812 ], [ 77.021821631479014, 19.282425112312414 ], [ 76.992463750488255, 19.284496704884223 ], [ 76.987428345705027, 19.276127640361249 ], [ 76.970197133369794, 19.276695272080552 ], [ 76.971708499407796, 19.252660854228871 ], [ 76.955432250822724, 19.253889149926895 ], [ 76.956721759356654, 19.248220903694889 ], [ 76.936175738173205, 19.254319300881306 ], [ 76.926176975536308, 19.247499200881926 ], [ 76.921439288043246, 19.255851224296755 ], [ 76.932206195423234, 19.296673863960784 ], [ 76.902774719301888, 19.297532187732877 ], [ 76.892971497591333, 19.311381473897573 ], [ 76.901577711887896, 19.324146161867294 ], [ 76.891720433713971, 19.348559051438698 ], [ 76.8957721642238, 19.378316240270941 ], [ 76.922269882235824, 19.417361006180275 ], [ 76.921218490973814, 19.446187137465188 ], [ 76.952985796671214, 19.488737893344531 ], [ 76.96820166413147, 19.475726943524233 ], [ 76.986429027433402, 19.475087191897096 ], [ 76.987914891700285, 19.490828436350714 ], [ 76.979570358201386, 19.487075712744115 ], [ 76.9774158627866, 19.505223940126253 ], [ 76.959543151941887, 19.511382748305767 ], [ 76.96924119642263, 19.545210113470247 ], [ 76.951424243435753, 19.574157402927256 ], [ 76.961585950462194, 19.583462484780334 ], [ 76.944981352405534, 19.597273191589114 ], [ 76.942763687060705, 19.622130368465051 ], [ 76.919828006585846, 19.615775780665977 ], [ 76.912530948249838, 19.625181375794071 ], [ 76.915770331468352, 19.636092220272406 ], [ 76.903369519241281, 19.643829502693581 ], [ 76.871180730748478, 19.618343846214071 ], [ 76.875666705249685, 19.642147199235442 ], [ 76.854002702177823, 19.647663773171917 ], [ 76.864632366454785, 19.674171397989774 ], [ 76.850920202732965, 19.704301398413573 ], [ 76.815957156506812, 19.701351370654834 ], [ 76.827210677738762, 19.681097478317152 ], [ 76.81949203435893, 19.66705556744337 ], [ 76.809346750148094, 19.681542415357512 ], [ 76.78835591401689, 19.670797682816229 ], [ 76.78453120799098, 19.700675360428146 ], [ 76.790601052752592, 19.718636061138881 ], [ 76.781194332625063, 19.730380792915231 ], [ 76.767979564131878, 19.714929631511371 ], [ 76.772692935612213, 19.692607104925116 ], [ 76.759985560236785, 19.684427172964341 ], [ 76.745875703963833, 19.709944303018101 ], [ 76.735350301877375, 19.711735660029539 ], [ 76.739063276414143, 19.730566172202781 ], [ 76.716473275607001, 19.768137543187979 ], [ 76.702799589127665, 19.764325330457559 ], [ 76.687528385185473, 19.781082123587833 ], [ 76.702348224232679, 19.806136540637741 ], [ 76.698824242396299, 19.81901880516871 ], [ 76.706082496122917, 19.83581700686122 ], [ 76.676586431479123, 19.838286771689507 ], [ 76.691393337148412, 19.872356627481491 ], [ 76.73938300453824, 19.871962792943151 ], [ 76.746444127075151, 19.906616624799504 ], [ 76.767251295216099, 19.903698318769937 ], [ 76.773328420559267, 19.93268606887602 ], [ 76.82345374256758, 19.926666618105745 ], [ 76.837128118497048, 19.96076443064652 ], [ 76.896154591374724, 19.945977923601475 ], [ 76.900860779647672, 19.962556466272915 ], [ 76.98912570398727, 19.996102918788456 ], [ 76.993205002409979, 20.017768920236438 ], [ 77.015203904224634, 20.002541047016404 ], [ 77.036328253260677, 20.010319528280345 ], [ 77.061076304779789, 19.99604989675235 ], [ 77.10202327875119, 19.932686389856812 ], [ 77.133958932675171, 19.942827588070674 ], [ 77.157446882954858, 19.966592227273182 ], [ 77.171739334731754, 19.964333904245326 ], [ 77.17831598043783, 19.977459384070059 ], [ 77.203963229656395, 19.991336748462686 ], [ 77.218001521900689, 19.977819460894136 ], [ 77.21049077553171, 19.942954166105856 ], [ 77.239316476120976, 19.938058473493221 ], [ 77.24875503110998, 19.90572280893409 ], [ 77.240894527294515, 19.8922583395251 ], [ 77.269077653439425, 19.897139306726082 ], [ 77.279139181775165, 19.916364525671089 ] ] ] } },
{ "type": "Feature", "properties": { "district_id": "kerala__idukki", "state": "Kerala", "district": "Idukki", "area_km2": 5007.1, "point_lat": 9.8126, "point_lon": 77.0032 }, "geometry": { "type": "Polygon", "coordinates": [ [ [ 77.288951750872172, 10.229725109455442 ], [ 77.294617272307462, 10.216432587785945 ], [ 77.278622608841815, 10.18888487441677 ], [ 77.274130160170941, 10.128208699435977 ], [ 77.267630425302016, 10.120517916385953 ], [ 77.23935282205764, 10.127486172390055 ], [ 77.217516095348444, 10.11259873369702 ], [ 77.208774143098267, 10.115215249175918 ], [ 77.202341842691425, 10.10459640862752 ], [ 77.209471148833373, 10.082502726386975 ], [ 77.262662881864301, 10.029329965799516 ], [ 77.255477251430406, 10.009200074523893 ], [ 77.264544770968001, 9.98185026212758 ], [ 77.276179239352274, 9.972830105640556 ], [ 77.264694107687461, 9.951619454014546 ], [ 77.249451326744108, 9.951871710761992 ], [ 77.219231579870112, 9.903278613913272 ], [ 77.221372284410577, 9.886713394064557 ], [ 77.213950527685114, 9.874912187350805 ], [ 77.238616132936471, 9.857991602629806 ], [ 77.223923281295157, 9.823468717527351 ], [ 77.242183958618909, 9.815298488066309 ], [ 77.249146572110632, 9.797532066520818 ], [ 77.224926386393165, 9.788878344294336 ], [ 77.233793674149055, 9.76897207276615 ], [ 77.221258070855527, 9.746407562842133 ], [ 77.2234874892427, 9.730593146692703 ], [ 77.205170082654931, 9.724384943526413 ], [ 77.206990189550211, 9.695046461666836 ], [ 77.18099486159295, 9.657019566581841 ], [ 77.177655402008952, 9.628584515503173 ], [ 77.167292542048088, 9.61475525858199 ], [ 77.190078681928071, 9.605953705400536 ], [ 77.211488110506991, 9.613044881668856 ], [ 77.212157824622864, 9.604550706799248 ], [ 77.238536237398918, 9.581692755818125 ], [ 77.270841443852532, 9.573987997477513 ], [ 77.320212357088892, 9.602176800181107 ], [ 77.330790652300877, 9.597780460314608 ], [ 77.326660330251684, 9.57950901082757 ], [ 77.340834911798225, 9.572382785248173 ], [ 77.356903875651128, 9.604286990436043 ], [ 77.367369920926066, 9.597300696295255 ], [ 77.359237998594509, 9.594052427814111 ], [ 77.361333490050839, 9.576508490124281 ], [ 77.351981035634495, 9.566044107566814 ], [ 77.364972681601472, 9.555439400053029 ], [ 77.366784836035094, 9.535532034641131 ], [ 77.387057736844341, 9.517972632896672 ], [ 77.403111111983335, 9.526071662432605 ], [ 77.412687046214188, 9.505892350255122 ], [ 77.401944753117419, 9.495509590290212 ], [ 77.395102724320211, 9.460039839646699 ], [ 77.380128924055285, 9.452540810428552 ], [ 77.368062692075767, 9.458915076392367 ], [ 77.350696054946866, 9.440205456617843 ], [ 77.338179239034304, 9.41476837470481 ], [ 77.344171310962977, 9.398930856652637 ], [ 77.336354098371515, 9.385226253207868 ], [ 77.337251604464754, 9.360180137510431 ], [ 77.328035587348808, 9.336952557131616 ], [ 77.300755694934097, 9.336451689542788 ], [ 77.300191211729626, 9.309873155027827 ], [ 77.283496245589092, 9.299800482565168 ], [ 77.290879664657311, 9.272096128215534 ], [ 77.284366370037134, 9.271303803885298 ], [ 77.247496730698259, 9.288669494232201 ], [ 77.239790528306912, 9.282440467174242 ], [ 77.237636891043593, 9.292334926814855 ], [ 77.227490005813337, 9.295933787639175 ], [ 77.226879693530918, 9.313569238344241 ], [ 77.237227227467557, 9.325500346773863 ], [ 77.236875455200462, 9.349009410774693 ], [ 77.249684413986188, 9.381125919331803 ], [ 77.224642018751027, 9.432651312543021 ], [ 77.207717732010948, 9.441370282619625 ], [ 77.205338094294135, 9.450855263891272 ], [ 77.185370249988338, 9.453920294047155 ], [ 77.181550324380879, 9.470442041084835 ], [ 77.169526728447991, 9.460710268848734 ], [ 77.167164798064093, 9.469621399388233 ], [ 77.143614427054644, 9.460517328922686 ], [ 77.141975309000273, 9.489282574731728 ], [ 77.131728356594294, 9.491671034487533 ], [ 77.120506014230344, 9.477873312178218 ], [ 77.104644653343556, 9.478277038419606 ], [ 77.073763102567469, 9.454896621926306 ], [ 77.050867792401789, 9.456324591714298 ], [ 77.068012555308286, 9.416396560109121 ], [ 77.022161078908979, 9.406601380658547 ], [ 77.014294867609522, 9.408757824030072 ], [ 77.014716348184209, 9.419694214468853 ], [ 76.940522039097615, 9.429663020387444 ], [ 76.942147702800838, 9.444772513977405 ], [ 76.984926573669711, 9.466809428704071 ], [ 76.985614346031625, 9.484829015880219 ], [ 76.9674076515591, 9.506303748605328 ], [ 76.948562395200824, 9.490832650586732 ], [ 76.906900942759108, 9.523352478686904 ], [ 76.903158690658444, 9.535811389118425 ], [ 76.890140894805029, 9.536841394686419 ], [ 76.884984347727681, 9.578220555783769 ], [ 76.895582618640674, 9.584551073032809 ], [ 76.889849662829519, 9.616787044682415 ], [ 76.894820425160333, 9.625670223696824 ], [ 76.905489879416777, 9.632837021908822 ], [ 76.932456302208053, 9.614316760967096 ], [ 76.93720537387884, 9.61965068142492 ], [ 76.922700131840244, 9.638049251405002 ], [ 76.929617606418986, 9.650801430039499 ], [ 76.905897213441321, 9.675133121310065 ], [ 76.888095011488446, 9.716588954512538 ], [ 76.854761019794083, 9.733551845417987 ], [ 76.814158668113791, 9.783378591960942 ], [ 76.783594259031631, 9.804618135028447 ], [ 76.757678669847948, 9.814609970722719 ], [ 76.74258835556617, 9.804227547464624 ], [ 76.672661708146009, 9.843371359758258 ], [ 76.663527974632473, 9.838910190501764 ], [ 76.631008127461826, 9.849408252724942 ], [ 76.639047494389942, 9.874849658511277 ], [ 76.633295871382316, 9.91327565187644 ], [ 76.680044527729081, 9.919259925699286 ], [ 76.698850094594889, 9.909851395135854 ], [ 76.691111551305511, 9.925313848078826 ], [ 76.718514670464842, 9.958173560613456 ], [ 76.710837879299007, 9.987307878159296 ], [ 76.726860520808813, 9.981425893730902 ], [ 76.748730665419416, 9.989969675030592 ], [ 76.766101805394101, 9.982006192321483 ], [ 76.772156656530598, 10.00024820156546 ], [ 76.766616605382325, 10.011498117989984 ], [ 76.784473800230472, 10.035102299156094 ], [ 76.830351149619148, 10.013789539347998 ], [ 76.84049711381428, 10.023897453017273 ], [ 76.794555555081956, 10.041827483180468 ], [ 76.782849338391756, 10.06017808244995 ], [ 76.754161019415889, 10.072629894305194 ], [ 76.673303827732482, 10.141280943346738 ], [ 76.658302887562485, 10.140763288815929 ], [ 76.643393802282375, 10.161453738183452 ], [ 76.652160120911901, 10.191431489679085 ], [ 76.675805600038089, 10.217395220488028 ], [ 76.689244599223912, 10.26720683638176 ], [ 76.750348162570219, 10.277983339726726 ], [ 76.771185962516228, 10.270391179753995 ], [ 76.806632180403909, 10.28559366129323 ], [ 76.833832494258942, 10.276450520941269 ], [ 76.841297785439153, 10.284290880304368 ], [ 76.895901281239176, 10.258718919035692 ], [ 76.918438860958105, 10.233011943432293 ], [ 76.94079065628155, 10.237904909044895 ], [ 76.984000723369164, 10.217076753929963 ], [ 77.019926548088762, 10.244876707466988 ], [ 77.051875940246774, 10.256745124579819 ], [ 77.055815949499603, 10.270563892231712 ], [ 77.047081920564665, 10.280747854897296 ], [ 77.059385126665731, 10.282895476728612 ], [ 77.065141445741958, 10.294099778800677 ], [ 77.121705589914114, 10.315931675684054 ], [ 77.176425866421823, 10.355170985181482 ], [ 77.202529650650945, 10.355132548398833 ], [ 77.235818482907007, 10.349343008573927 ], [ 77.228214763904802, 10.314823617518909 ], [ 77.264502493951568, 10.262856447013098 ], [ 77.260566197578555, 10.229708103073378 ], [ 77.288951750872172, 10.229725109455442 ] ] ] } },
{ "type": "Feature", "properties": { "district_id": "maharashtra__jalgaon", "state": "Maharashtra", "district": "Jalgaon", "area_km2": 11771.4, "point_lat": 20.8418, "point_lon": 75.5287 }, "geometry": { "type": "Polygon", "coordinates": [ [ [ 75.618891103277718, 21.390875553916214 ], [ 75.62882427336352, 21.378957210652857 ], [ 75.672899078600622, 21.378072924927203 ], [ 75.732572116033751, 21.391028336397497 ], [ 75.758644190802187, 21.383196982522051 ], [ 75.801207925540567, 21.387841421465936 ], [ 75.832519950926383, 21.380995084309454 ], [ 75.888136713392186, 21.397304238216247 ], [ 75.916622635987466, 21.387507012047084 ], [ 75.959596779535929, 21.393855275811752 ], [ 75.985119626050832, 21.374863142933311 ], [ 76.02783311798224, 21.36582721673442 ], [ 76.052769376394565, 21.350401387494777 ], [ 76.099179350346418, 21.371609510104268 ], [ 76.12980647919187, 21.295252386837657 ], [ 76.145568698040321, 21.28552480697833 ], [ 76.159807880352446, 21.256921215391422 ], [ 76.144950770783296, 21.235887400828748 ], [ 76.164633141325425, 21.221974254345408 ], [ 76.173316904609891, 21.186130024290904 ], [ 76.167424553465764, 21.168579019253212 ], [ 76.127882005351395, 21.175768050266495 ], [ 76.114761776173225, 21.168309587004774 ], [ 76.140398027601933, 21.137947717619927 ], [ 76.136135339262211, 21.124098661918847 ], [ 76.16901014225634, 21.103323380764174 ], [ 76.173184894980693, 21.082528113038347 ], [ 76.262874616606624, 21.092624914641092 ], [ 76.282551309170913, 21.073254610854754 ], [ 76.383793794658956, 21.077511305214355 ], [ 76.398153634140797, 21.030317856684327 ], [ 76.383313113026958, 20.977511946580446 ], [ 76.367969803048908, 20.977812968706083 ], [ 76.346905134143157, 20.949767399033121 ], [ 76.280576416812991, 20.958197622158426 ], [ 76.276321175052061, 20.971799439246993 ], [ 76.239548854926085, 20.990702622738247 ], [ 76.225809219624082, 21.01191332920374 ], [ 76.200458878336988, 21.014848833241029 ], [ 76.166505654260703, 21.04002354005144 ], [ 76.159430293910404, 21.000346773702166 ], [ 76.124657537595326, 20.977240724027371 ], [ 76.113305345502454, 20.952552197062531 ], [ 76.092143443226448, 20.943496492859254 ], [ 76.084114856265231, 20.92752726905675 ], [ 76.080715067146102, 20.908039126572653 ], [ 76.11541315695662, 20.893275050121872 ], [ 76.111654703866364, 20.881702188001892 ], [ 76.075555473835308, 20.844888504473222 ], [ 76.073938249176095, 20.833564342421727 ], [ 76.051082314637682, 20.816473718833404 ], [ 76.057547834931484, 20.803538225322256 ], [ 76.049932731390911, 20.788237406177863 ], [ 76.012313800894177, 20.785522260524274 ], [ 75.997982346094332, 20.777941896615928 ], [ 75.986907238154515, 20.758846440481829 ], [ 76.016032647788023, 20.731419230107608 ], [ 76.017354752674109, 20.724042772295249 ], [ 76.00002341416436, 20.715617023287635 ], [ 75.99707085410455, 20.696560632659178 ], [ 76.003494623306196, 20.688644498354897 ], [ 76.000027686723357, 20.658936367564895 ], [ 76.010617890146634, 20.639265051607424 ], [ 75.991077401760023, 20.623145486333325 ], [ 75.957149723071055, 20.624974394157174 ], [ 75.954924049110815, 20.606464806367502 ], [ 75.933517985517483, 20.599697198613001 ], [ 75.929670630906244, 20.549860603673093 ], [ 75.889525762834026, 20.563358699985034 ], [ 75.887396228145022, 20.596833180981378 ], [ 75.871776718155104, 20.600823853498209 ], [ 75.869160445359583, 20.623564770445466 ], [ 75.840756166449381, 20.61654427480752 ], [ 75.845375743990033, 20.595589322794432 ], [ 75.833942884222822, 20.595282822925746 ], [ 75.829617665604658, 20.574348453807833 ], [ 75.845932095203949, 20.567609997488873 ], [ 75.826485353410931, 20.560796307242164 ], [ 75.805699053923234, 20.569916636810589 ], [ 75.789207975664539, 20.565365910521738 ], [ 75.789699298285385, 20.586593938531283 ], [ 75.759782810536677, 20.579945576847418 ], [ 75.758709682557182, 20.614192622615924 ], [ 75.733392244891533, 20.610096002861258 ], [ 75.724380389497242, 20.620516499853046 ], [ 75.703118064927438, 20.61771757692139 ], [ 75.705877294042239, 20.661534726111636 ], [ 75.669433318421724, 20.670472849110105 ], [ 75.657980052472112, 20.661859612451448 ], [ 75.659998444245645, 20.626637871332747 ], [ 75.648334682744377, 20.620030801394119 ], [ 75.614994322770698, 20.624152518438073 ], [ 75.608938164415761, 20.621971384163839 ], [ 75.614940589415198, 20.609226569502077 ], [ 75.590323386011633, 20.602651087704203 ], [ 75.564949420081945, 20.612710135983626 ], [ 75.555619785309133, 20.604280889996016 ], [ 75.536741151481081, 20.609651382319409 ], [ 75.533630658478856, 20.596453686362164 ], [ 75.522517728517386, 20.590356910844498 ], [ 75.526196055859032, 20.560687704740076 ], [ 75.508637214497668, 20.55434870928887 ], [ 75.49566989601604, 20.527768502738148 ], [ 75.484704473235951, 20.543097601772011 ], [ 75.460908985046132, 20.552930605630586 ], [ 75.458614328218943, 20.516016194798429 ], [ 75.450984674410677, 20.540288264035819 ], [ 75.428531097007649, 20.532095567447634 ], [ 75.434202423418569, 20.513260004422786 ], [ 75.397322548129566, 20.52408336655208 ], [ 75.394131449130541, 20.574437116206813 ], [ 75.370250430888575, 20.576906430805771 ], [ 75.362544168136793, 20.596864953643713 ], [ 75.353093378967088, 20.589560107049373 ], [ 75.321312950222861, 20.591532359761757 ], [ 75.318063275454364, 20.576664403896622 ], [ 75.292923832414928, 20.569167432312405 ], [ 75.26679969817512, 20.571133316859161 ], [ 75.259992018889832, 20.578918514017932 ], [ 75.239554908866779, 20.521604507933159 ], [ 75.22737403991124, 20.51443259557319 ], [ 75.231160478762391, 20.493052849509578 ], [ 75.211691126176348, 20.498319051640454 ], [ 75.213049159040452, 20.492821199555951 ], [ 75.202174991168519, 20.491819292044877 ], [ 75.201320700444967, 20.476285990193524 ], [ 75.163449517108191, 20.475966914062099 ], [ 75.161472746520616, 20.436585484256565 ], [ 75.129465895223788, 20.431506539635421 ], [ 75.108432244878657, 20.411859188559212 ], [ 75.125455652360543, 20.349391573002052 ], [ 75.092333604645816, 20.334633288321754 ], [ 75.059456188075131, 20.334011391451302 ], [ 75.056509348526063, 20.307307880562753 ], [ 74.995390561156043, 20.335896020494761 ], [ 74.98538574974539, 20.317401724057959 ], [ 74.987469345147971, 20.30237464172853 ], [ 74.971014641715414, 20.304068267533957 ], [ 74.94438343952001, 20.279863282221235 ], [ 74.948991505235668, 20.273167792662807 ], [ 74.943464757222571, 20.270503604026572 ], [ 74.859727431466524, 20.281808740342086 ], [ 74.858940964705141, 20.313163259541824 ], [ 74.866661106382765, 20.31623954979251 ], [ 74.867669066868089, 20.335086674926167 ], [ 74.861080222817151, 20.334696728721845 ], [ 74.850724089567478, 20.382737870459131 ], [ 74.82864443906054, 20.402514062195987 ], [ 74.842075157151385, 20.40988847598922 ], [ 74.819548104922205, 20.429098787973103 ], [ 74.818641199405079, 20.44045411971457 ], [ 74.80624956872083, 20.444709834561582 ], [ 74.795450911400692, 20.47697716415097 ], [ 74.773539846889932, 20.470597106418495 ], [ 74.786190194980264, 20.500112555709055 ], [ 74.783955390657766, 20.507582576382209 ], [ 74.774589472560265, 20.504577637039169 ], [ 74.761903058762158, 20.538623960128998 ], [ 74.795767680141026, 20.539495950765989 ], [ 74.795490845231939, 20.575376233958995 ], [ 74.802162172657802, 20.588487531014046 ], [ 74.810448313246539, 20.586971512833692 ], [ 74.814925669235919, 20.633746596070793 ], [ 74.85648465617102, 20.635176543067452 ], [ 74.891731817122889, 20.646284281683439 ], [ 74.900961076792072, 20.657930379276795 ], [ 74.929458849880788, 20.657446987059437 ], [ 74.955957777461023, 20.694188881252046 ], [ 74.953472832822058, 20.711798539414954 ], [ 74.960208021647603, 20.715651591128683 ], [ 74.951015544716924, 20.720449798091089 ], [ 74.989064966878189, 20.733591545661177 ], [ 74.994255777173933, 20.748725586026417 ], [ 74.9884602000635, 20.773117231626923 ], [ 74.961929809386689, 20.804862204190748 ], [ 74.968337722547275, 20.819199140728912 ], [ 74.986463184757071, 20.82225747392458 ], [ 74.981952181016595, 20.8432487856326 ], [ 74.967569173850507, 20.85152667572758 ], [ 74.970306699910054, 20.877285579444607 ], [ 74.960794893548652, 20.887164889577772 ], [ 74.961984556320914, 20.905124388749933 ], [ 74.955934723057752, 20.90018960438444 ], [ 74.949992256224306, 20.91164529366624 ], [ 74.934631297365883, 20.91732194593483 ], [ 74.935077638838976, 20.925881677407368 ], [ 74.914151827891544, 20.926827804106871 ], [ 74.912629484194511, 20.962025627510812 ], [ 74.930222495676901, 20.960920771919195 ], [ 74.930782296724331, 20.967155659536949 ], [ 74.916597575441898, 20.989919509718312 ], [ 74.921210922758192, 21.010567670070824 ], [ 74.891106331273704, 21.0524475379761 ], [ 74.864862082674662, 21.05122935166121 ], [ 74.858108049318588, 21.063058214927025 ], [ 74.874123060219318, 21.088214764759652 ], [ 74.870888024231078, 21.10142600310099 ], [ 74.886693958041789, 21.113277887561615 ], [ 74.892967234414783, 21.151400039227571 ], [ 74.913454519325143, 21.166023184489301 ], [ 74.932060450130237, 21.166919329565449 ], [ 74.963432196128295, 21.191756276971475 ], [ 74.962746667080779, 21.199305943257094 ], [ 74.95189142094101, 21.20094170192845 ], [ 74.959003954077218, 21.21163980669203 ], [ 74.943760052089814, 21.224965704084052 ], [ 74.973680456090136, 21.220878398911786 ], [ 74.999217071930858, 21.187356628559158 ], [ 75.03288592380008, 21.192101506376279 ], [ 75.041911749492328, 21.211165563968425 ], [ 75.104386381925067, 21.236001725598623 ], [ 75.130272462276437, 21.269909876233502 ], [ 75.128768534812565, 21.281450488747232 ], [ 75.139568847392781, 21.293753402050744 ], [ 75.136753344999548, 21.316703515010705 ], [ 75.151980636222845, 21.323025880838408 ], [ 75.121524425916149, 21.343820861002843 ], [ 75.148225435610186, 21.349120697850694 ], [ 75.136094436857334, 21.365640731851322 ], [ 75.141566451034038, 21.384150162502074 ], [ 75.161053299720251, 21.402754312378928 ], [ 75.205717562987104, 21.413680224630529 ], [ 75.218152777136865, 21.408712556979175 ], [ 75.234738153251413, 21.414924663345804 ], [ 75.257504692616806, 21.403048154129383 ], [ 75.298147545970224, 21.413469616006125 ], [ 75.300413156737534, 21.387075778337881 ], [ 75.310504726955529, 21.393099389127251 ], [ 75.352424746449827, 21.391290864925555 ], [ 75.360051103491671, 21.40101681913573 ], [ 75.397159026005028, 21.380770973056272 ], [ 75.412189393147543, 21.388846837385994 ], [ 75.467377926559379, 21.391963469101785 ], [ 75.523685238222257, 21.384910171888958 ], [ 75.547299539014688, 21.370247266030685 ], [ 75.559009762875462, 21.38000758788283 ], [ 75.580488045572679, 21.377611223931833 ], [ 75.57578909726935, 21.383259549080577 ], [ 75.590526209426898, 21.389471925796183 ], [ 75.618891103277718, 21.390875553916214 ] ] ] } },
{ "type": "Feature", "properties": { "district_id": "maharashtra__jalna", "state": "Maharashtra", "district": "Jalna", "area_km2": 7770.2, "point_lat": 19.9578, "point_lon": 75.827 }, "geometry": { "type": "Polygon", "coordinates": [ [ [ 76.026248613027633, 20.64378439455594 ], [ 76.039960585747451, 20.603516362929664 ], [ 76.040301109525203, 20.555047823302825 ], [ 76.01848732420288, 20.550294267638836 ], [ 76.018450838787146, 20.530272198393398 ], [ 76.011589980372037, 20.537012183417698 ], [ 75.998877847339301, 20.529901541937281 ], [ 75.973984953116087, 20.533465358430611 ], [ 75.97075803939137, 20.522980385840089 ], [ 75.958557749489643, 20.527393522272064 ], [ 75.944337697026072, 20.503917235771343 ], [ 75.944161778206364, 20.486350534999673 ], [ 75.958180163983798, 20.465730368026179 ], [ 75.942200756502402, 20.425552572594189 ], [ 75.950553452665389, 20.394385950348273 ], [ 75.968140826282607, 20.373617623507773 ], [ 75.942170296974055, 20.371231065342187 ], [ 75.944677724788463, 20.351566286905356 ], [ 75.926630028644169, 20.323305835220548 ], [ 75.928139140112336, 20.306914750258709 ], [ 75.950805090084003, 20.300619022405463 ], [ 75.975291963648658, 20.316452943500028 ], [ 75.984120805483414, 20.309373736077749 ], [ 75.99769908215292, 20.31305869430814 ], [ 76.004499010397311, 20.305473289263489 ], [ 76.002422898777382, 20.287951353761329 ], [ 76.031142649125812, 20.288430147446839 ], [ 76.04955609201437, 20.335711961661932 ], [ 76.072243580821777, 20.346616701521317 ], [ 76.083145328101452, 20.364708198723278 ], [ 76.095572579951025, 20.345526765226854 ], [ 76.10899271236454, 20.352920310487391 ], [ 76.128923459616388, 20.341117603353606 ], [ 76.126285076532298, 20.315210429301992 ], [ 76.145504266081218, 20.310968693902758 ], [ 76.141884040712327, 20.299904895490926 ], [ 76.156402139562175, 20.302718942933804 ], [ 76.172258963989478, 20.294531293596627 ], [ 76.194888619371667, 20.300308589220926 ], [ 76.166401690322871, 20.236683040534576 ], [ 76.149944357742356, 20.234705133791916 ], [ 76.134177843970207, 20.221718652109349 ], [ 76.151244000424114, 20.204538969995212 ], [ 76.13543993735351, 20.19866312961878 ], [ 76.122799549902197, 20.159834620062231 ], [ 76.110922771720013, 20.161585389617144 ], [ 76.097407596145104, 20.097263188573223 ], [ 76.057298439728868, 20.098428814717579 ], [ 76.055468028647056, 20.085550053433121 ], [ 76.066915404668364, 20.083227204670646 ], [ 76.068128762577857, 20.069585484554832 ], [ 76.019722104774218, 20.058986001595219 ], [ 76.02471251917207, 20.023131377562617 ], [ 76.01305474676866, 20.023040646306022 ], [ 75.994230106893539, 20.004886061618706 ], [ 75.968568485918041, 20.002212593947924 ], [ 75.969651101006946, 19.989504631001306 ], [ 75.990453615656293, 19.975156631501619 ], [ 76.016653941189773, 19.973967610529968 ], [ 76.01401418678573, 19.953227848234903 ], [ 76.048624594192205, 19.94724729077835 ], [ 76.061372041809037, 19.918154645493498 ], [ 76.080545868300007, 19.91152375910163 ], [ 76.081608478637065, 19.884568251527948 ], [ 76.10023533104075, 19.855911918727713 ], [ 76.129308867013947, 19.862827758903009 ], [ 76.140109553509475, 19.844462211953616 ], [ 76.149710372012763, 19.845253204469312 ], [ 76.151983021925631, 19.855884002912639 ], [ 76.187866500790321, 19.850971842688821 ], [ 76.214553380420881, 19.865899698854154 ], [ 76.256574598637343, 19.873303031680361 ], [ 76.298189831549564, 19.869586024432518 ], [ 76.305145051982095, 19.877651010743907 ], [ 76.339578129745931, 19.881907440369591 ], [ 76.368159825762334, 19.925668431047004 ], [ 76.383500967630908, 19.918659387729903 ], [ 76.390234256110958, 19.904253663264203 ], [ 76.408216923293764, 19.91971941048644 ], [ 76.490678739202281, 19.918074406008103 ], [ 76.500246271973396, 19.883478783904852 ], [ 76.53362450182432, 19.864281505206531 ], [ 76.533018329476988, 19.850418935383711 ], [ 76.520602917121209, 19.848325316304376 ], [ 76.521606556022149, 19.836205659596512 ], [ 76.512186093258251, 19.829695410477058 ], [ 76.511724423249547, 19.800288291205195 ], [ 76.486176439303748, 19.799655178527942 ], [ 76.483845940961757, 19.792828005463093 ], [ 76.489898711714559, 19.778257090695817 ], [ 76.512833544358017, 19.770045819186457 ], [ 76.510841934407594, 19.762294255885834 ], [ 76.493878078481927, 19.760234155845421 ], [ 76.485744157805058, 19.743196616223425 ], [ 76.459995245784654, 19.746524749489286 ], [ 76.458696277876783, 19.7228698168854 ], [ 76.485242586882222, 19.719866528429318 ], [ 76.487902032935693, 19.676922917246202 ], [ 76.471449427554163, 19.678518645229332 ], [ 76.45007359607294, 19.659626402134084 ], [ 76.44422602643796, 19.641046085036564 ], [ 76.453062606624911, 19.640705742871088 ], [ 76.452086417117144, 19.61211246459504 ], [ 76.433867763630758, 19.601583701621571 ], [ 76.437229628570989, 19.585628044954589 ], [ 76.448555427482177, 19.582705703969886 ], [ 76.442573439081457, 19.540743736551295 ], [ 76.413257965149157, 19.53209490274886 ], [ 76.396113667414113, 19.540634947140003 ], [ 76.395849027514345, 19.530777680607287 ], [ 76.378645442480703, 19.536102662365167 ], [ 76.372634901992498, 19.515347042248148 ], [ 76.377235948507135, 19.499674835246417 ], [ 76.365509563090669, 19.468367323856718 ], [ 76.34495249866147, 19.469911854395377 ], [ 76.341355077149416, 19.453927213563507 ], [ 76.315235551575839, 19.46395159104404 ], [ 76.303565234941445, 19.431954695831308 ], [ 76.290912367405213, 19.432075521255907 ], [ 76.285287561775206, 19.366308204344854 ], [ 76.267555498618606, 19.366010354129791 ], [ 76.261688875196157, 19.357355184947036 ], [ 76.279673022884282, 19.344159328430422 ], [ 76.265055318076989, 19.333658715567903 ], [ 76.241913535604951, 19.337881651093252 ], [ 76.235078857425648, 19.313351091471539 ], [ 76.213345900137497, 19.318232206712629 ], [ 76.210223275318, 19.298228298121092 ], [ 76.221684909883649, 19.293766423356104 ], [ 76.209268774757987, 19.27753846992033 ], [ 76.185131659755413, 19.289030055116577 ], [ 76.163545200215665, 19.28305313346117 ], [ 76.158262518156207, 19.297201980873098 ], [ 76.142168427445313, 19.290665876690237 ], [ 76.128029658126195, 19.303535919212205 ], [ 76.11579865224634, 19.296360408252315 ], [ 76.101318136017568, 19.30814659027817 ], [ 76.083546534522512, 19.279635244781428 ], [ 76.03928109765782, 19.285905994714923 ], [ 76.028058851750444, 19.29701626910829 ], [ 76.025245557658607, 19.336814178370926 ], [ 76.019426758633202, 19.339384613348614 ], [ 75.97085484247944, 19.299316309498721 ], [ 75.933683105813827, 19.293618940084098 ], [ 75.907117192654866, 19.319132387753509 ], [ 75.906450473195349, 19.343123953782388 ], [ 75.922916660345464, 19.376277602104437 ], [ 75.909957917290455, 19.389214372717358 ], [ 75.839683863263758, 19.37060276648716 ], [ 75.79652067977409, 19.396623892034675 ], [ 75.77198447737689, 19.395217242251558 ], [ 75.75812573311218, 19.389294807992339 ], [ 75.762018805204221, 19.371651271978472 ], [ 75.754441274695779, 19.358653586301795 ], [ 75.688023013148623, 19.355300684517207 ], [ 75.674020596106232, 19.366693578571162 ], [ 75.650326046496232, 19.368695656570189 ], [ 75.641583779906441, 19.380991084599856 ], [ 75.622170285490199, 19.373849703239525 ], [ 75.609870741641004, 19.381439406084827 ], [ 75.618434751244607, 19.42489078232887 ], [ 75.609614959800652, 19.43035066085065 ], [ 75.611334966935303, 19.453336549317957 ], [ 75.6193877012131, 19.467843867105248 ], [ 75.634800232309246, 19.464396585480976 ], [ 75.657127935749614, 19.566673893855821 ], [ 75.651898351306158, 19.594829616910918 ], [ 75.600827139446281, 19.602249320094526 ], [ 75.59093871661085, 19.637626891159638 ], [ 75.607163945543945, 19.641351945703278 ], [ 75.610384349095725, 19.656195572158783 ], [ 75.633511987659062, 19.655385165533303 ], [ 75.630045251209253, 19.701315726075009 ], [ 75.636263245780583, 19.73444475601698 ], [ 75.627917949072142, 19.745860900346294 ], [ 75.627860134919658, 19.775906945724653 ], [ 75.645388232678513, 19.784890288453969 ], [ 75.636641375593214, 19.81362119056147 ], [ 75.652601690979267, 19.815065073085183 ], [ 75.647504617348133, 19.873876981433096 ], [ 75.653666223642531, 19.910460080954572 ], [ 75.667628094305527, 19.920429328984799 ], [ 75.668014107071215, 19.939726649566936 ], [ 75.637381680053863, 19.955082515547286 ], [ 75.636334029308642, 19.994699714172441 ], [ 75.630006760029758, 20.000604071119803 ], [ 75.638538985583864, 20.003782850236515 ], [ 75.604972312302621, 20.005861031231909 ], [ 75.593687987768959, 20.023317048974487 ], [ 75.607380167169339, 20.051785200722669 ], [ 75.594275658175846, 20.061270540341678 ], [ 75.589374705628856, 20.10196018703725 ], [ 75.627161651436225, 20.105374583888143 ], [ 75.648714928743857, 20.191330162805482 ], [ 75.679210877759758, 20.191023115815916 ], [ 75.684145458771852, 20.204299773866456 ], [ 75.676084378182196, 20.240134900867659 ], [ 75.696639354040698, 20.286162353638034 ], [ 75.685724766666453, 20.309372007176385 ], [ 75.711935650526385, 20.317058015975494 ], [ 75.718855555638484, 20.331845409131496 ], [ 75.7407202137139, 20.337936879557024 ], [ 75.75584514657568, 20.327763935462674 ], [ 75.77335552152806, 20.336787524319529 ], [ 75.769448222542053, 20.353521746903095 ], [ 75.751707147846034, 20.373379663655161 ], [ 75.754493674534103, 20.399202177063831 ], [ 75.740286937991343, 20.408178638614817 ], [ 75.73923799442305, 20.419429242627849 ], [ 75.759691988184215, 20.42715896890104 ], [ 75.768974201702562, 20.4540750798412 ], [ 75.798958193581385, 20.453002834211734 ], [ 75.799572135320716, 20.463291342845956 ], [ 75.815466999555227, 20.465689803272621 ], [ 75.819754057361038, 20.473468403579616 ], [ 75.843809542732416, 20.460047888646614 ], [ 75.859408643508004, 20.461922858019918 ], [ 75.868980339978933, 20.448188643169644 ], [ 75.865230183293036, 20.441203855191556 ], [ 75.894344570359806, 20.447045413564226 ], [ 75.877674924969668, 20.453837920565434 ], [ 75.851671284702576, 20.490231516309208 ], [ 75.863586130049811, 20.527648509618881 ], [ 75.887142757375813, 20.526000621122648 ], [ 75.864970028598492, 20.561745662985878 ], [ 75.889525762834026, 20.563358699985034 ], [ 75.929670630906244, 20.549860603673093 ], [ 75.933517985517483, 20.599697198613001 ], [ 75.954924049110815, 20.606464806367502 ], [ 75.957149723071055, 20.624974394157174 ], [ 75.991077401760023, 20.623145486333325 ], [ 76.011074261828355, 20.643021836207208 ], [ 76.026248613027633, 20.64378439455594 ] ] ] } },
{ "type": "Feature", "properties": { "district_id": "assam__jorhat", "state": "Assam", "district": "Jorhat", "area_km2": 2998.0, "point_lat": 26.7641, "point_lon": 94.2631 }, "geometry": { "type": "Polygon", "coordinates": [ [ [ 94.578505376549742, 27.116837663162318 ], [ 94.51100977906512, 27.041117525152423 ], [ 94.480986017844216, 27.029362122556879 ], [ 94.465075766142348, 26.993770378999081 ], [ 94.401852459954881, 26.957805603330005 ], [ 94.412671759726251, 26.942061973080421 ], [ 94.482181189242738, 26.933932667428742 ], [ 94.48219468502603, 26.897495211052192 ], [ 94.498261000022268, 26.869441439071885 ], [ 94.490366160732293, 26.831469048425348 ], [ 94.524238026317406, 26.807435126025403 ], [ 94.519021709004591, 26.795916934546817 ], [ 94.525453746507168, 26.786843721788816 ], [ 94.516088946030223, 26.774753720385686 ], [ 94.551266511980444, 26.747391163660907 ], [ 94.560410257586568, 26.756306309454768 ], [ 94.567333334719919, 26.748270996984012 ], [ 94.576089577200065, 26.751776711498756 ], [ 94.573900533691358, 26.743175718011504 ], [ 94.586229681926568, 26.725594403168405 ], [ 94.605083622316769, 26.712204589618942 ], [ 94.598740222958298, 26.714941921919841 ], [ 94.592814089506689, 26.697717775674452 ], [ 94.583214349505994, 26.700596685644491 ], [ 94.571277269860147, 26.685078891086583 ], [ 94.563360070605881, 26.685678101538432 ], [ 94.561560172526384, 26.703202341068845 ], [ 94.523210548717159, 26.699513244888578 ], [ 94.498715570078943, 26.668864020795322 ], [ 94.465002431294408, 26.662730111302736 ], [ 94.459033629441223, 26.650557919510831 ], [ 94.462923211935291, 26.630641639661945 ], [ 94.454965188941557, 26.634220811727836 ], [ 94.408311735562023, 26.609596175280242 ], [ 94.415228136857976, 26.578488549371446 ], [ 94.399778588407159, 26.527506136305799 ], [ 94.378608530071602, 26.520481022987578 ], [ 94.377939592718818, 26.508330233812217 ], [ 94.351440305067186, 26.503872748669483 ], [ 94.352386322192004, 26.490990948605138 ], [ 94.324212089568661, 26.474660427748887 ], [ 94.316799848090085, 26.458200874539987 ], [ 94.294278574472074, 26.476079017274589 ], [ 94.285401052235088, 26.535713365562174 ], [ 94.290287375703755, 26.55954998879578 ], [ 94.282776482481651, 26.55898929459622 ], [ 94.186993471570773, 26.456035588457166 ], [ 94.17615716152541, 26.427319426745896 ], [ 94.179421557642456, 26.38419344709726 ], [ 94.164777760164739, 26.355585960024648 ], [ 94.167954532814107, 26.348765841690753 ], [ 94.138308364199034, 26.349904709761155 ], [ 94.118573139424967, 26.399712742501368 ], [ 94.119856630589169, 26.427249767358393 ], [ 94.131409093016273, 26.444899149116949 ], [ 94.104650316196015, 26.470914761166771 ], [ 94.099552775222463, 26.4915072325756 ], [ 94.11752271246003, 26.555891635758897 ], [ 94.102607134683609, 26.576024896740197 ], [ 94.080968488205528, 26.574636185628503 ], [ 94.082745644359861, 26.586883730812886 ], [ 94.073801500903201, 26.596654772283802 ], [ 94.087039939026525, 26.609153682267266 ], [ 94.081335302894885, 26.614792662299603 ], [ 94.088210215671893, 26.627929544005504 ], [ 94.098211633294312, 26.628441535167237 ], [ 94.098836162432818, 26.640843243501582 ], [ 94.070172573752785, 26.666710776351493 ], [ 94.059929265494461, 26.661098801754676 ], [ 94.056301838969915, 26.676871966357012 ], [ 94.050268994575035, 26.675445929461056 ], [ 94.052268632561493, 26.68577807081061 ], [ 94.039725992497793, 26.708408717698237 ], [ 94.049634819148196, 26.739117685640039 ], [ 94.004239204901538, 26.746418189949303 ], [ 93.999947096603123, 26.76657639840208 ], [ 93.976447767210246, 26.765388017852022 ], [ 93.976077538834048, 26.778389303891657 ], [ 93.987705273732558, 26.785388937658443 ], [ 93.979797808226479, 26.791371483502775 ], [ 93.981036413288606, 26.806298164071105 ], [ 93.965490702739828, 26.786943623412423 ], [ 93.933499039819836, 26.77973689644055 ], [ 93.868386441223464, 26.814354597308458 ], [ 93.831425991491216, 26.812931454657416 ], [ 93.82260454022628, 26.823569784786319 ], [ 93.843440045522826, 26.852073347593773 ], [ 93.880760815853108, 26.855328637227547 ], [ 93.894162463190639, 26.864671959375933 ], [ 93.894007057515552, 26.890530082645054 ], [ 93.919947176014219, 26.9082463849562 ], [ 93.924263163080909, 26.926537813983593 ], [ 93.976606100414813, 26.923424620009829 ], [ 93.999942944965355, 26.939845863836041 ], [ 94.013935885569396, 26.92748087391605 ], [ 94.026993046449121, 26.929910912668731 ], [ 94.028988407818019, 26.956182505624792 ], [ 94.054199355504664, 26.979149466126596 ], [ 94.068920927173778, 26.977731753069865 ], [ 94.07910969121572, 26.960228798058782 ], [ 94.087540222284886, 26.960565959670646 ], [ 94.135349112978858, 26.969172552391562 ], [ 94.141572815788933, 26.976150197201211 ], [ 94.138677236672194, 26.989382915752063 ], [ 94.160027186465783, 26.99887513610566 ], [ 94.182318470611946, 26.997063312689427 ], [ 94.193313824984131, 27.010730595556666 ], [ 94.191253131744205, 27.035617374554118 ], [ 94.20386177367368, 27.028909388562308 ], [ 94.225852088264901, 27.031775605273225 ], [ 94.239530301295218, 27.073157935487973 ], [ 94.267560615509325, 27.092100458337178 ], [ 94.282611038533346, 27.095096346434275 ], [ 94.314198280547672, 27.069886507968125 ], [ 94.325202892773831, 27.087337306310584 ], [ 94.346834504177593, 27.082547068181334 ], [ 94.368605717717514, 27.097541105180312 ], [ 94.419063358650178, 27.090735664584432 ], [ 94.433232411676514, 27.116708388711292 ], [ 94.471325697970869, 27.114156041360992 ], [ 94.475371283891491, 27.1312091136374 ], [ 94.484876963015893, 27.137515935876916 ], [ 94.494539019416692, 27.122436006878242 ], [ 94.509833514398508, 27.120292450692364 ], [ 94.513324664888557, 27.139918712758671 ], [ 94.534246202720595, 27.146354008021703 ], [ 94.52586330967614, 27.158536711134321 ], [ 94.563334268513586, 27.173484353785824 ], [ 94.563343806912982, 27.18136040997323 ], [ 94.595765386197115, 27.145130744278916 ], [ 94.582888284129254, 27.134176773212818 ], [ 94.578505376549742, 27.116837663162318 ] ] ] } },
{ "type": "Feature", "properties": { "district_id": "assam__kamrup", "state": "Assam", "district": "Kamrup", "area_km2": 2906.4, "point_lat": 26.1456, "point_lon": 91.2257 }, "geometry": { "type": "Polygon", "coordinates": [ [ [ 91.582775913708929, 26.572244939728492 ], [ 91.593808813653823, 26.561447484439174 ], [ 91.599523973448683, 26.533024444775226 ], [ 91.61451284596582, 26.528317558463399 ], [ 91.623568626326971, 26.515076548190677 ], [ 91.641456523229195, 26.513005576526396 ], [ 91.645619243286063, 26.486819841158972 ], [ 91.662964795180145, 26.469999995041118 ], [ 91.711405102199862, 26.460830155764 ], [ 91.741902659154846, 26.497356453548438 ], [ 91.783114748202323, 26.493667796975149 ], [ 91.779732609777199, 26.469495208068729 ], [ 91.766854725329509, 26.466160434017613 ], [ 91.773658722807852, 26.431669372614564 ], [ 91.783155431761315, 26.411169031245517 ], [ 91.797063420663079, 26.407243508498119 ], [ 91.809274970295718, 26.381241962358864 ], [ 91.820586546859602, 26.379019542605306 ], [ 91.824293323030986, 26.331912406984031 ], [ 91.7867001845065, 26.304647095993733 ], [ 91.793195653204791, 26.268086452372689 ], [ 91.786953147138618, 26.244013076306299 ], [ 91.749449807673301, 26.220817360134369 ], [ 91.761589261334805, 26.199950069036369 ], [ 91.690695953755963, 26.167021067407827 ], [ 91.670968222793746, 26.138872503877053 ], [ 91.644895116253139, 26.128860103805277 ], [ 91.620687456101052, 26.106738255017245 ], [ 91.600687248029558, 26.110834294986873 ], [ 91.56539175112583, 26.142254457258421 ], [ 91.545499415558609, 26.138345987078949 ], [ 91.524020074725172, 26.030334739902283 ], [ 91.50574941974719, 26.026670429215141 ], [ 91.480216509404841, 26.05132232026288 ], [ 91.455267847598023, 26.044671774931505 ], [ 91.452854105414914, 26.032116090456789 ], [ 91.475070230745985, 25.989938728080968 ], [ 91.466616480555544, 25.94150678994767 ], [ 91.476428463801057, 25.890640120177647 ], [ 91.472266171775132, 25.857834136492595 ], [ 91.446987905913005, 25.840130609428687 ], [ 91.42152473321444, 25.853849229340838 ], [ 91.336286121445227, 25.838046303946715 ], [ 91.278303997282265, 25.746197701590248 ], [ 91.258062328953002, 25.747103751577001 ], [ 91.226569731749194, 25.722727772449566 ], [ 91.194723937923655, 25.728914253450839 ], [ 91.191964144484942, 25.762803313225685 ], [ 91.182735290247351, 25.775658117969176 ], [ 91.192729658097576, 25.820096632492039 ], [ 91.205495196832658, 25.839853723819651 ], [ 91.199363910292604, 25.858332739762176 ], [ 91.181913233075591, 25.842092602810663 ], [ 91.15579360971735, 25.849425353283337 ], [ 91.123716757247507, 25.830720936356318 ], [ 91.084326630334331, 25.828750125587693 ], [ 91.066234493721737, 25.81979884919199 ], [ 91.052902072954481, 25.828339767301713 ], [ 91.075889761592023, 25.837751340982837 ], [ 91.081545697337276, 25.852037971868533 ], [ 91.0521375406543, 25.848248103456811 ], [ 91.023847953145008, 25.822083021911244 ], [ 91.003832404104742, 25.821720553658281 ], [ 91.016198285554367, 25.85665169213544 ], [ 91.029598414504591, 25.866070974294413 ], [ 91.051108805782249, 25.940978596335778 ], [ 91.083564117417623, 25.973616375987518 ], [ 91.100689857649186, 26.009229571265344 ], [ 91.091782390824775, 26.02864135145348 ], [ 91.069214110197237, 26.043916027632168 ], [ 91.029788431241045, 26.039742458749391 ], [ 90.981367557106424, 26.061165808454675 ], [ 90.939097107649417, 26.093777036766692 ], [ 90.958294809442762, 26.096907449886491 ], [ 91.005215514429509, 26.129371001129932 ], [ 91.027966630036303, 26.119419901588007 ], [ 91.051722893596391, 26.128329969910833 ], [ 91.076686964573923, 26.156073025831198 ], [ 91.093934079328207, 26.163806390468622 ], [ 91.1191572101323, 26.153412393843684 ], [ 91.236763110380764, 26.182166339456217 ], [ 91.232630927427408, 26.177028549652348 ], [ 91.257554197108306, 26.163158607159151 ], [ 91.299724771518655, 26.157503208524666 ], [ 91.358656485341996, 26.164376124257338 ], [ 91.393786010576619, 26.139216649753951 ], [ 91.415881727448394, 26.136223521106061 ], [ 91.422200348502273, 26.172222860156136 ], [ 91.414890593944193, 26.202731629254384 ], [ 91.425709220134522, 26.232981991736359 ], [ 91.433730018878933, 26.237151610084801 ], [ 91.415753563968963, 26.245109381758667 ], [ 91.415443131107764, 26.260586241495286 ], [ 91.440644754967906, 26.259735924132546 ], [ 91.453619370764102, 26.272594908051239 ], [ 91.45216311275675, 26.303042237648143 ], [ 91.458194648470425, 26.311085251655058 ], [ 91.450319096035287, 26.312890974062075 ], [ 91.536487207879944, 26.333546755433691 ], [ 91.521370907936301, 26.34235152950988 ], [ 91.538527795227495, 26.370620993924881 ], [ 91.527862201436577, 26.377938423858758 ], [ 91.546736322388497, 26.406481168712606 ], [ 91.544453401223976, 26.416510710260525 ], [ 91.561675298159514, 26.41637146863965 ], [ 91.566884441840529, 26.433164583513047 ], [ 91.553663598060197, 26.473178478483408 ], [ 91.562280999054721, 26.484249226079463 ], [ 91.554382544983497, 26.546795593033622 ], [ 91.570035227736199, 26.572602039046103 ], [ 91.582775913708929, 26.572244939728492 ] ] ] } },
{ "type": "Feature", "properties": { "district_id": "assam__kamrup_metropolitan", "state": "Assam", "district": "Kamrup Metropolitan", "area_km2": 1207.6, "point_lat": 26.0537, "point_lon": 92.0076 }, "geometry": { "type": "Polygon", "coordinates": [ [ [ 91.955978736127591, 26.253707479709956 ], [ 91.961951701194153, 26.22771294444539 ], [ 91.999908452578879, 26.204441923447256 ], [ 92.026402919390648, 26.200510983502671 ], [ 92.034484819901394, 26.207693443690591 ], [ 92.046034358709463, 26.199331405138228 ], [ 92.048514305497633, 26.213363103657453 ], [ 92.083863477097623, 26.185636245159465 ], [ 92.094455120267995, 26.187773588368945 ], [ 92.083918533512303, 26.177571154208891 ], [ 92.110865879304299, 26.171055719568155 ], [ 92.131950985135475, 26.178431492914019 ], [ 92.149477716118483, 26.162526990185221 ], [ 92.170375911701214, 26.163356163467238 ], [ 92.165062378623873, 26.148179827436582 ], [ 92.170285269486612, 26.091659805490195 ], [ 92.180418125560351, 26.077888185118379 ], [ 92.135214636445127, 26.044310666560477 ], [ 92.095487107853813, 26.046983884504098 ], [ 92.055026258091146, 26.031336932903528 ], [ 91.993314089021553, 26.039610463940473 ], [ 91.980424364036381, 26.02444434906451 ], [ 91.936236558336404, 26.013302494643447 ], [ 91.924366353694523, 25.998169362690437 ], [ 91.91927821391333, 26.020115191795949 ], [ 91.885594570533684, 26.028693776685817 ], [ 91.872559817678251, 26.050897514841289 ], [ 91.878251701020389, 26.096438509230147 ], [ 91.821858192812584, 26.117520053605247 ], [ 91.792899686687576, 26.085819742028093 ], [ 91.781064784106263, 26.09005798213088 ], [ 91.762003785177853, 26.070117337953199 ], [ 91.733824767758648, 26.058063514529838 ], [ 91.725713909540232, 26.02917766030847 ], [ 91.722614287356791, 25.952918693195222 ], [ 91.671744165359499, 25.904284631056534 ], [ 91.653935783178426, 25.906581050229033 ], [ 91.613676710872795, 25.938879715652853 ], [ 91.632640296215428, 25.943573994016678 ], [ 91.640495883259504, 25.963782213934003 ], [ 91.627305781723209, 25.984830622044463 ], [ 91.634787595069355, 26.021351851294849 ], [ 91.622918845526414, 26.025982469551661 ], [ 91.599723041934894, 26.016025940480244 ], [ 91.590819584737204, 26.029138414649275 ], [ 91.578541833142168, 26.032106531857057 ], [ 91.553903343468264, 25.973909051728743 ], [ 91.521153627073275, 25.957191782474368 ], [ 91.522422945439743, 25.939935737372391 ], [ 91.504263536429647, 25.919806997940807 ], [ 91.508197830660635, 25.91212546754975 ], [ 91.538511367551635, 25.933028058363391 ], [ 91.533928571996768, 25.922751215187319 ], [ 91.511149301311661, 25.908809710640782 ], [ 91.505861324199756, 25.891212469561037 ], [ 91.485987463435777, 25.890129737351902 ], [ 91.477354805288854, 25.870309209832353 ], [ 91.510344613808584, 25.866488915016269 ], [ 91.52835900145584, 25.889143771228063 ], [ 91.535153809159056, 25.883091000580663 ], [ 91.515310922083771, 25.865603951386742 ], [ 91.472266171775132, 25.857834136492595 ], [ 91.476428463801057, 25.890640120177647 ], [ 91.466616480555544, 25.94150678994767 ], [ 91.475070230745985, 25.989938728080968 ], [ 91.452854105414914, 26.032116090456789 ], [ 91.455267847598023, 26.044671774931505 ], [ 91.480216509404841, 26.05132232026288 ], [ 91.50574941974719, 26.026670429215141 ], [ 91.524020074725172, 26.030334739902283 ], [ 91.545499415558609, 26.138345987078949 ], [ 91.56539175112583, 26.142254457258421 ], [ 91.600687248029558, 26.110834294986873 ], [ 91.620687456101052, 26.106738255017245 ], [ 91.644895116253139, 26.128860103805277 ], [ 91.670968222793746, 26.138872503877053 ], [ 91.690695953755963, 26.167021067407827 ], [ 91.747060667314983, 26.194392282261699 ], [ 91.892451000855218, 26.218934687779562 ], [ 91.916950634627952, 26.240498583915397 ], [ 91.955978736127591, 26.253707479709956 ] ] ] } },
{ "type": "Feature", "properties": { "district_id": "kerala__kannur", "state": "Kerala", "district": "Kannur", "area_km2": 2948.1, "point_lat": 11.987, "point_lon": 75.5628 }, "geometry": { "type": "Polygon", "coordinates": [ [ [ 75.469967346918637, 12.300487707828006 ], [ 75.514138384075352, 12.258504515422485 ], [ 75.528475384848718, 12.224846722235744 ], [ 75.54115502830949, 12.216286379081708 ], [ 75.536981197358699, 12.201324872390572 ], [ 75.552064026824169, 12.193650192010681 ], [ 75.555758965941891, 12.181412711039069 ], [ 75.595021692317559, 12.148395978720961 ], [ 75.620787976224634, 12.154320483448915 ], [ 75.638856742826704, 12.147811397577104 ], [ 75.65197165451103, 12.111028533027932 ], [ 75.666425805133898, 12.09665688648094 ], [ 75.682363897879014, 12.098563490257837 ], [ 75.688255923000725, 12.107751688513263 ], [ 75.705747445833339, 12.105865616039964 ], [ 75.704829041347281, 12.089068422164676 ], [ 75.721397215917122, 12.084002829784191 ], [ 75.721339448842116, 12.06766180995651 ], [ 75.756300161402081, 12.083045737095684 ], [ 75.804301016922594, 12.076891908029742 ], [ 75.797894139769312, 12.053225943610098 ], [ 75.804659418820691, 12.036016971681665 ], [ 75.831479428325082, 12.01157199622801 ], [ 75.831870536281244, 11.983763232677607 ], [ 75.849446062467479, 11.976091602356282 ], [ 75.871031156396597, 11.951499637063451 ], [ 75.930602397202762, 11.93884787142953 ], [ 75.924866655644109, 11.920702201936161 ], [ 75.934533360101597, 11.909605770798057 ], [ 75.935746729943958, 11.887749193330363 ], [ 75.91345058264406, 11.872803565502977 ], [ 75.930596201974254, 11.860638970809935 ], [ 75.926850278849017, 11.839820479214547 ], [ 75.807612253921775, 11.854534718896097 ], [ 75.790839193126317, 11.84071215262111 ], [ 75.796750822280103, 11.814262048208871 ], [ 75.777239495782965, 11.797685965223344 ], [ 75.753580147627716, 11.803308454892719 ], [ 75.755050608998488, 11.78451143007303 ], [ 75.733335278298995, 11.779599387443644 ], [ 75.717043862970598, 11.794762972345657 ], [ 75.69450982096204, 11.797553442225595 ], [ 75.668272767923938, 11.758359158574123 ], [ 75.628235656309485, 11.736188825493898 ], [ 75.610291627559434, 11.717262140692243 ], [ 75.592469431959714, 11.715047047791439 ], [ 75.603334327033679, 11.687564123947887 ], [ 75.589045436500271, 11.68747334256545 ], [ 75.570724923900798, 11.674114007070898 ], [ 75.556237293214409, 11.701358931424544 ], [ 75.540186518044933, 11.70933413134537 ], [ 75.529136467054386, 11.705315064715785 ], [ 75.481251742855264, 11.75172826646172 ], [ 75.473656964905629, 11.768473437501305 ], [ 75.458144062638368, 11.765921903751813 ], [ 75.457434022765682, 11.780198962241615 ], [ 75.387964549138175, 11.857792515482297 ], [ 75.357774383562088, 11.854459815785155 ], [ 75.349367613213886, 11.875265514272916 ], [ 75.320762740558919, 11.899087116596769 ], [ 75.323932931029844, 11.90831325908438 ], [ 75.309445027229728, 11.941268612357119 ], [ 75.342397339846556, 11.926653633998665 ], [ 75.350560966925087, 11.929562281312517 ], [ 75.323296877588035, 11.953143902804957 ], [ 75.31863481258911, 11.973346263642187 ], [ 75.306718897654449, 11.968849533736947 ], [ 75.288287140744401, 11.989597533994555 ], [ 75.301175762854342, 11.955552124714623 ], [ 75.296120783529346, 11.952496615694532 ], [ 75.249279587052413, 12.016125066380624 ], [ 75.236098083668381, 12.02344710357934 ], [ 75.204297721422719, 12.00336028449248 ], [ 75.171474778084061, 12.093123257172504 ], [ 75.180577034479256, 12.101702931338499 ], [ 75.192140599433472, 12.100237617186481 ], [ 75.188569556176432, 12.129915777719591 ], [ 75.195096786891412, 12.143471006127223 ], [ 75.173742025472549, 12.191414721825339 ], [ 75.205832523756811, 12.193837094770496 ], [ 75.231154444011707, 12.219641490002177 ], [ 75.256369342960753, 12.21972662647201 ], [ 75.291052181966876, 12.234832502097406 ], [ 75.290206141483637, 12.257960951112056 ], [ 75.30132344518114, 12.268230446994338 ], [ 75.348747080935325, 12.267755986749322 ], [ 75.392077692812052, 12.295386242634066 ], [ 75.393385341260284, 12.288065591732868 ], [ 75.433318589945102, 12.297048243727698 ], [ 75.461101670550221, 12.293644350924215 ], [ 75.469967346918637, 12.300487707828006 ] ], [ [ 75.539730532776119, 11.735067510750032 ], [ 75.53006149142476, 11.731813108508739 ], [ 75.528330968849332, 11.720236066863297 ], [ 75.54060592755016, 11.714092670895628 ], [ 75.557516986025192, 11.718223284021537 ], [ 75.558782417632699, 11.725096352868643 ], [ 75.545023808840554, 11.733960496019211 ], [ 75.543633357427936, 11.759301251411019 ], [ 75.533373720303018, 11.755705881858855 ], [ 75.539730532776119, 11.735067510750032 ] ] ] } },
{ "type": "Feature", "properties": { "district_id": "assam__karbi_anglong", "state": "Assam", "district": "Karbi Anglong", "area_km2": 10421.2, "point_lat": 25.8519, "point_lon": 92.593 }, "geometry": { "type": "MultiPolygon", "coordinates": [ [ [ [ 93.723886834303315, 26.60354614830668 ], [ 93.724740600364527, 26.595561860429218 ], [ 93.753607551202492, 26.578909030635749 ], [ 93.741913312543957, 26.569616964661044 ], [ 93.737286844267885, 26.549616909293125 ], [ 93.742455568857338, 26.543294534850155 ], [ 93.735894171780089, 26.537519001617426 ], [ 93.760216188724698, 26.527181208649314 ], [ 93.757705817561288, 26.511628555942966 ], [ 93.767380278079486, 26.506571102363242 ], [ 93.780471648507415, 26.479309982326964 ], [ 93.773828858946729, 26.47479986188787 ], [ 93.788790212132994, 26.463359430869669 ], [ 93.79462548302773, 26.440899719124641 ], [ 93.786700567078455, 26.437751173132131 ], [ 93.796212256379576, 26.429757324445379 ], [ 93.783674355149387, 26.422423369379285 ], [ 93.786324070972412, 26.413021402854522 ], [ 93.802643167736647, 26.410053214454354 ], [ 93.777206308827814, 26.38387888728289 ], [ 93.795481693715615, 26.377193893314971 ], [ 93.800254455627453, 26.389668891796212 ], [ 93.833447721244141, 26.416972886382837 ], [ 93.860312848478912, 26.404680226635314 ], [ 93.870200639474518, 26.389553956377497 ], [ 93.885179533792169, 26.393858902675532 ], [ 93.890699343558012, 26.38202196839325 ], [ 93.885953542856143, 26.372818420501424 ], [ 93.894868857694803, 26.372287582046141 ], [ 93.886050455932462, 26.363044786177998 ], [ 93.885559016451495, 26.341880770338342 ], [ 93.891795578091518, 26.342059892295421 ], [ 93.890471500870319, 26.327615429995809 ], [ 93.895815666047312, 26.328128056935721 ], [ 93.889878937753636, 26.323291640597116 ], [ 93.89764121453986, 26.316822616235022 ], [ 93.887294536841935, 26.321192658290556 ], [ 93.889332220608892, 26.314711829890008 ], [ 93.877675053732219, 26.3094696546001 ], [ 93.8882360735698, 26.302853371866323 ], [ 93.870614904425665, 26.296566218849559 ], [ 93.884794369878975, 26.272273322290744 ], [ 93.8758344633506, 26.277291283396821 ], [ 93.869649306426908, 26.267443233355362 ], [ 93.877174247742516, 26.265566749545901 ], [ 93.864007570143698, 26.25299873715386 ], [ 93.86915965965143, 26.246499366787081 ], [ 93.857466150732904, 26.246666722787694 ], [ 93.850147686090168, 26.240768663845426 ], [ 93.859648506008824, 26.244267927754947 ], [ 93.86470133126997, 26.235693025204547 ], [ 93.855298311926092, 26.216498832242056 ], [ 93.841075432253859, 26.215767194482797 ], [ 93.846767290495208, 26.212381703974685 ], [ 93.836051928077737, 26.203928816667769 ], [ 93.844509713206392, 26.202696286231689 ], [ 93.833322465685256, 26.198264574947757 ], [ 93.83026614137043, 26.186787316942979 ], [ 93.836367674940988, 26.174778071664957 ], [ 93.824607197025713, 26.174644451743561 ], [ 93.838715576014863, 26.158470884890285 ], [ 93.827158143009015, 26.152250844498145 ], [ 93.83392008355861, 26.149214070811166 ], [ 93.831160794582388, 26.129935625722748 ], [ 93.823774440756495, 26.136582263089462 ], [ 93.828385149684934, 26.127774243241657 ], [ 93.8189885175575, 26.12124148662221 ], [ 93.824593322023844, 26.114462046884181 ], [ 93.810794745515054, 26.104825632901598 ], [ 93.816418139518092, 26.089997487961345 ], [ 93.806216757092031, 26.093108124465061 ], [ 93.808218100177186, 26.070022733391223 ], [ 93.798415114034, 26.071983702411195 ], [ 93.805454584076998, 26.06579374137058 ], [ 93.795641207433263, 26.060738920186456 ], [ 93.795628524482638, 26.040905797843113 ], [ 93.783071859280611, 26.038978013790672 ], [ 93.788320080734849, 26.030770258227303 ], [ 93.799050130335118, 26.032328141476832 ], [ 93.786961319561229, 26.023633701695083 ], [ 93.794072958098724, 26.014174043292929 ], [ 93.784750534570207, 26.007522018614843 ], [ 93.792701199213525, 25.997835255740664 ], [ 93.804610754804941, 26.000526707973098 ], [ 93.807810789574845, 25.994723159267526 ], [ 93.795615668221373, 25.991706036167201 ], [ 93.804515816543216, 25.97656270430825 ], [ 93.790667141463501, 25.973419446688286 ], [ 93.78423562607054, 25.979939307676904 ], [ 93.769798691972895, 25.963025135044546 ], [ 93.770401130591466, 25.949390756969102 ], [ 93.762928667803251, 25.950834137104753 ], [ 93.751991029000592, 25.932277165511479 ], [ 93.687842855966068, 25.905447539815928 ], [ 93.705526099651962, 25.844561522835829 ], [ 93.690614276771655, 25.843524540738262 ], [ 93.678110305749613, 25.824841997240178 ], [ 93.641091035409431, 25.813964391033405 ], [ 93.622392461617835, 25.775875735683726 ], [ 93.608129860433039, 25.772944037330063 ], [ 93.605622205980268, 25.763535046950739 ], [ 93.588301048167367, 25.764258237563382 ], [ 93.583846489136548, 25.753859283209994 ], [ 93.573327135747036, 25.756934292319713 ], [ 93.565543975519049, 25.737470034343307 ], [ 93.546779380826379, 25.730641762528396 ], [ 93.543600680440761, 25.69785862072661 ], [ 93.530609470595948, 25.68887866138569 ], [ 93.52600445182307, 25.695858477061847 ], [ 93.499955830987034, 25.652744457466518 ], [ 93.457185401962192, 25.636878447520566 ], [ 93.461986123964479, 25.629661636429454 ], [ 93.446850262561057, 25.63510840436803 ], [ 93.427603689734624, 25.627795806747461 ], [ 93.40769958308249, 25.605787719145468 ], [ 93.406886358766926, 25.592831849884227 ], [ 93.390122309401278, 25.591106182146099 ], [ 93.384803933311332, 25.574305481303977 ], [ 93.365215389204295, 25.566178892482153 ], [ 93.364229349692906, 25.557069866213173 ], [ 93.34837831307965, 25.55967574329172 ], [ 93.322588369787127, 25.529715349061057 ], [ 93.306960312649608, 25.528572418370054 ], [ 93.297895196149312, 25.54472053808686 ], [ 93.277694749679895, 25.528852258480317 ], [ 93.265277263751841, 25.545183849503172 ], [ 93.212755162959397, 25.543998083233184 ], [ 93.173090757897754, 25.595310435585894 ], [ 93.191300011667465, 25.62890524121585 ], [ 93.171252667743502, 25.658672976027848 ], [ 93.146469883399917, 25.661049411010229 ], [ 93.133370881104, 25.683755701474624 ], [ 93.14513833624477, 25.712903884827298 ], [ 93.169975257914601, 25.716869201504895 ], [ 93.185045332677348, 25.729466919071889 ], [ 93.222994263597371, 25.7252148995954 ], [ 93.23517345972428, 25.763916652460004 ], [ 93.250585811399077, 25.781295016627041 ], [ 93.251352497852281, 25.807613261762619 ], [ 93.236788982872014, 25.853058450668939 ], [ 93.187954967479385, 25.902263624901153 ], [ 93.175171458479085, 25.949907284567939 ], [ 93.161998584647506, 25.965823349175345 ], [ 93.160179128067796, 25.99043851901974 ], [ 93.125367799592809, 26.031346787466063 ], [ 93.096469878281312, 26.031967387352481 ], [ 93.108293455434975, 26.074991719488938 ], [ 93.045966275842218, 26.085931671501751 ], [ 93.038906442464466, 26.106494632116021 ], [ 93.011722567896328, 26.111158266045546 ], [ 92.960216146098105, 26.138765590222313 ], [ 92.934249181163082, 26.141040822637635 ], [ 92.957684055600097, 26.169431426990819 ], [ 92.955358702415168, 26.187653642225818 ], [ 92.94433704303043, 26.200755368630958 ], [ 92.884428929985617, 26.20836463207257 ], [ 92.803281550002268, 26.202095647644914 ], [ 92.797346652865755, 26.206245915778261 ], [ 92.799573035811036, 26.221498348219409 ], [ 92.820844761019657, 26.215065839602332 ], [ 92.829085391917019, 26.223527771729522 ], [ 92.818320135580819, 26.238352804307873 ], [ 92.821929908443323, 26.265166528455811 ], [ 92.841421436758893, 26.280474629254996 ], [ 92.850245079297181, 26.304271377393476 ], [ 92.8843817129965, 26.285515134740592 ], [ 92.895811358368121, 26.290634167192145 ], [ 92.901883978103498, 26.307691515798947 ], [ 92.944102083680463, 26.326647637623804 ], [ 92.943412612497085, 26.350785968172545 ], [ 92.914117697144192, 26.35724640656797 ], [ 92.928946134861476, 26.380352139765204 ], [ 92.885345749901987, 26.37934140148187 ], [ 92.905265712620974, 26.399197128903637 ], [ 92.914761731419802, 26.39229690969481 ], [ 92.942418057475066, 26.401874060662944 ], [ 92.952201684401743, 26.396296075152204 ], [ 92.98136051697864, 26.421273498593177 ], [ 93.024798178452144, 26.421376291088588 ], [ 93.047305760050804, 26.437425033942773 ], [ 93.056903028731838, 26.424189284813234 ], [ 93.052546431009219, 26.414582284585922 ], [ 93.067855945718833, 26.416547753093418 ], [ 93.097676398003529, 26.434498841904116 ], [ 93.081084116546677, 26.428888681190461 ], [ 93.076411502712517, 26.433760350243684 ], [ 93.103524248544801, 26.446473610889303 ], [ 93.109441929651055, 26.442678968524799 ], [ 93.10230457224479, 26.432225987613791 ], [ 93.118913472548826, 26.44055291120528 ], [ 93.109585952010718, 26.44921608912005 ], [ 93.131561841634053, 26.464379104771577 ], [ 93.115508498658301, 26.471936102986223 ], [ 93.140543774469037, 26.483945072308007 ], [ 93.132560919161591, 26.480520139104719 ], [ 93.128528765812163, 26.497144112025502 ], [ 93.121443807654998, 26.493966404293158 ], [ 93.124327417784386, 26.481794457216058 ], [ 93.102446645067829, 26.472372513771532 ], [ 93.110501152939619, 26.466902240002245 ], [ 93.10589831086925, 26.459875993529778 ], [ 93.09304827524393, 26.459074636165951 ], [ 93.093583036534014, 26.46825294787897 ], [ 93.067945047210898, 26.477490404446133 ], [ 93.093173260141015, 26.500025055391404 ], [ 93.076032394430015, 26.492367918212299 ], [ 93.071809555133868, 26.500323237732204 ], [ 93.072071331661959, 26.489254342850554 ], [ 93.022642859256521, 26.477470442851775 ], [ 93.012485040662057, 26.482090450805138 ], [ 93.008841458612778, 26.493713134554032 ], [ 93.015406585828998, 26.504087907435139 ], [ 93.052493648422697, 26.526415318636449 ], [ 93.047045322769392, 26.535404748129672 ], [ 93.093441773643136, 26.543349549445452 ], [ 93.121040225344274, 26.529044607111114 ], [ 93.146187437863531, 26.553711710720119 ], [ 93.158081406380447, 26.547500863072461 ], [ 93.189256313821858, 26.567460288565197 ], [ 93.213936376159367, 26.556027051959848 ], [ 93.166746627142658, 26.521651046534899 ], [ 93.197560989630304, 26.535501325666139 ], [ 93.219379336081758, 26.50718207687969 ], [ 93.215323085789223, 26.528877425356889 ], [ 93.237473124517948, 26.535190420993608 ], [ 93.25178873616197, 26.520739201562574 ], [ 93.275979278679429, 26.518753818267374 ], [ 93.26936838650056, 26.505768661135434 ], [ 93.287240231471415, 26.516419627135924 ], [ 93.295166597790029, 26.502303825648646 ], [ 93.295251704326361, 26.517363588862466 ], [ 93.272399758064026, 26.527251856276369 ], [ 93.279126774490592, 26.54196351318458 ], [ 93.268907964836842, 26.530869441687518 ], [ 93.26093951336145, 26.530437738792667 ], [ 93.265874349733494, 26.537482538029604 ], [ 93.251919884605897, 26.545050125572757 ], [ 93.260630545800737, 26.550490629184729 ], [ 93.241113129942278, 26.549148797665524 ], [ 93.253962465617846, 26.568094560580786 ], [ 93.337105550637162, 26.582671405217685 ], [ 93.404129356182338, 26.580556857004296 ], [ 93.408803951075996, 26.574358901455071 ], [ 93.403489777912426, 26.571867955203075 ], [ 93.413739732025022, 26.567528562682217 ], [ 93.457993815367857, 26.580873299750206 ], [ 93.459543476291216, 26.574106657096706 ], [ 93.469789840075379, 26.585690703856578 ], [ 93.461320401654476, 26.570341390656377 ], [ 93.466571283944717, 26.568516920626948 ], [ 93.49576196068638, 26.588239522738174 ], [ 93.473450148731132, 26.593560237301961 ], [ 93.499064465236856, 26.604329309782404 ], [ 93.498974359643796, 26.611801611877517 ], [ 93.512526022996397, 26.593363771897732 ], [ 93.534573359092349, 26.594933838355519 ], [ 93.560676834465539, 26.60833016020289 ], [ 93.589300912426935, 26.60354760231904 ], [ 93.588119032233635, 26.568403397228327 ], [ 93.616140494245414, 26.576704069096337 ], [ 93.61459913943176, 26.566171565125401 ], [ 93.623485454300479, 26.564726918752523 ], [ 93.62687496296968, 26.590523221323298 ], [ 93.637893838272049, 26.59681924234345 ], [ 93.686815633281782, 26.605957011789076 ], [ 93.723886834303315, 26.60354614830668 ] ] ], [ [ [ 92.529986926070066, 26.139956617414985 ], [ 92.523401568799926, 26.101661744037134 ], [ 92.536097149472837, 26.095601301987255 ], [ 92.556541472643076, 26.113276173003978 ], [ 92.575864294240077, 26.113748248133799 ], [ 92.578966875318159, 26.094169603768965 ], [ 92.599275531581853, 26.076108235261852 ], [ 92.583251025836404, 26.034729614423593 ], [ 92.594789335409956, 26.021838052404725 ], [ 92.569678298787792, 26.006498769125493 ], [ 92.572927612246389, 26.000804472990332 ], [ 92.552230885048374, 25.970127170104572 ], [ 92.560316584330579, 25.963996300546892 ], [ 92.593740639870035, 25.964474370380479 ], [ 92.600873490693644, 25.975540679751951 ], [ 92.658436153366281, 25.998606215730025 ], [ 92.658619868457976, 26.019214642806745 ], [ 92.670867373506084, 26.028009453431839 ], [ 92.713989562955291, 26.018074446860513 ], [ 92.7194161254248, 26.056619833954095 ], [ 92.752687120870704, 26.061041604612651 ], [ 92.75670008667683, 26.05247689266745 ], [ 92.749456786779007, 26.040289703986037 ], [ 92.765544321924196, 26.030129202198243 ], [ 92.760306576472701, 26.016428845750529 ], [ 92.784785665338077, 26.009425019765551 ], [ 92.763112281973235, 26.004110233494973 ], [ 92.780709343705482, 25.99665973038179 ], [ 92.76395337320595, 25.990053906201556 ], [ 92.772515631926566, 25.988177510115364 ], [ 92.765698607893867, 25.96180645523728 ], [ 92.776420987084549, 25.949926620404348 ], [ 92.800134358526563, 25.963044378929542 ], [ 92.809387302037464, 25.957196002776556 ], [ 92.798467234163539, 25.954108860927036 ], [ 92.794305928246786, 25.936384535472218 ], [ 92.805177285538321, 25.918631892098073 ], [ 92.820627118137423, 25.923146428257603 ], [ 92.837705898865167, 25.913282215270662 ], [ 92.859224383271211, 25.92182345926199 ], [ 92.849516234372786, 25.904687846852084 ], [ 92.872059028603061, 25.866411602619195 ], [ 92.987173444807439, 25.875133298016966 ], [ 93.034815972238533, 25.808384799265902 ], [ 93.078185378688389, 25.776729282897712 ], [ 93.054106356938718, 25.779773367735395 ], [ 93.026903621010575, 25.795681340024181 ], [ 93.011013489737422, 25.791390857242646 ], [ 92.992683371135584, 25.823260674622169 ], [ 92.986043158025211, 25.78323826121532 ], [ 92.98378243959985, 25.790940592521149 ], [ 92.969916563114523, 25.784554547822953 ], [ 92.97215588114625, 25.790096915002135 ], [ 92.95881026885364, 25.800531431688249 ], [ 92.967687176680727, 25.816553267113139 ], [ 92.944870068891206, 25.804744161135837 ], [ 92.931445879725885, 25.8075633908628 ], [ 92.929860772741407, 25.780776737982158 ], [ 92.922150453818375, 25.77074103231724 ], [ 92.822323449643406, 25.739934285997027 ], [ 92.824139964687532, 25.72520702118204 ], [ 92.812821272838548, 25.701954831682638 ], [ 92.777889660444046, 25.677904894820106 ], [ 92.7885488752664, 25.655490426794046 ], [ 92.747287899574786, 25.597455523972126 ], [ 92.719137738748259, 25.589982566473999 ], [ 92.715716879941809, 25.59905131829105 ], [ 92.698357271084362, 25.598192368893507 ], [ 92.68264491070039, 25.584495400934959 ], [ 92.683849430445548, 25.576736239069049 ], [ 92.664834692596884, 25.571592232313321 ], [ 92.649262480606239, 25.589977814818688 ], [ 92.629782817139684, 25.567139717381718 ], [ 92.588415736566304, 25.55069985652263 ], [ 92.561953691147252, 25.572016544563905 ], [ 92.558678419681343, 25.609754551650703 ], [ 92.502818436904633, 25.6207752305097 ], [ 92.466687598591022, 25.680375864304814 ], [ 92.435614693303577, 25.685485050854837 ], [ 92.42854083691148, 25.708386212217277 ], [ 92.443337656856627, 25.718812818814872 ], [ 92.434511377218911, 25.72941945211176 ], [ 92.418342846662227, 25.727674975103039 ], [ 92.412128384030623, 25.741138094843041 ], [ 92.388366782361459, 25.741143144199146 ], [ 92.38653843913616, 25.751598692513358 ], [ 92.334980799196146, 25.723326960495729 ], [ 92.309750063591309, 25.724282346942239 ], [ 92.272022023235266, 25.709114653956519 ], [ 92.238381116626059, 25.706613009620877 ], [ 92.230563932667508, 25.714453066349463 ], [ 92.172517157645288, 25.665184236097918 ], [ 92.16227557751381, 25.670172194525996 ], [ 92.165947562563346, 25.683162587755781 ], [ 92.151215465553349, 25.712850314938617 ], [ 92.167185514713367, 25.732769630500943 ], [ 92.152721883157298, 25.781988624574407 ], [ 92.154860112913468, 25.811100363303147 ], [ 92.182744117674389, 25.849670302216417 ], [ 92.181689066662315, 25.868493105613663 ], [ 92.227289439126181, 25.905328209298968 ], [ 92.202437384328505, 25.906551986480295 ], [ 92.199027615013378, 25.91635553837148 ], [ 92.182757797794537, 25.906923034841078 ], [ 92.161813282262898, 25.913550764576925 ], [ 92.158253116676804, 25.943165898200302 ], [ 92.169357144548755, 25.966045824819282 ], [ 92.209325128546169, 25.986546032851336 ], [ 92.303534663075027, 26.07471883376137 ], [ 92.314193564246608, 26.07427288593766 ], [ 92.320167664605435, 26.091356478630651 ], [ 92.357659029517833, 26.110207577672657 ], [ 92.388145577117811, 26.139660537668103 ], [ 92.413540476064995, 26.135509119648795 ], [ 92.406053942964775, 26.117708583752311 ], [ 92.421873796165627, 26.118469775243483 ], [ 92.431860181380088, 26.110283990015628 ], [ 92.47118299941647, 26.146261697911051 ], [ 92.478408516458515, 26.141642003098557 ], [ 92.50002126240156, 26.14885813450638 ], [ 92.511378144197025, 26.141102126951932 ], [ 92.522930383898029, 26.150106782844329 ], [ 92.529986926070066, 26.139956617414985 ] ] ] ] } },
{ "type": "Feature", "properties": { "district_id": "assam__karimganj", "state": "Assam", "district": "Karimganj", "area_km2": 1868.8, "point_lat": 24.5848, "point_lon": 92.3711 }, "geometry": { "type": "Polygon", "coordinates": [ [ [ 92.487171159620161, 24.866811688656608 ], [ 92.516226343315211, 24.874932777981826 ], [ 92.525842738867695, 24.858710522277285 ], [ 92.560310034681862, 24.872104838707301 ], [ 92.589042038868826, 24.858131188320645 ], [ 92.58118870129482, 24.838966337422381 ], [ 92.545050433909708, 24.798641341838206 ], [ 92.544936757588175, 24.759945518293531 ], [ 92.523033658947284, 24.740282059440329 ], [ 92.521945952587629, 24.721354223902914 ], [ 92.497217606170651, 24.679474229737256 ], [ 92.510899507377403, 24.624535441346737 ], [ 92.505788878043205, 24.591414424933262 ], [ 92.519101564924512, 24.567005660497973 ], [ 92.508398979582438, 24.53239158985539 ], [ 92.510532219049651, 24.479810291355488 ], [ 92.500418575700365, 24.400132274171749 ], [ 92.476666892601344, 24.322843537632817 ], [ 92.42528550082568, 24.250082402959901 ], [ 92.212817494109743, 24.247635403756835 ], [ 92.273119389686087, 24.38665104904964 ], [ 92.256034852868666, 24.417198859476592 ], [ 92.256583540280033, 24.434510975754119 ], [ 92.236153366188347, 24.448465906167179 ], [ 92.22905880450908, 24.470226950015213 ], [ 92.239581419456457, 24.488158208580689 ], [ 92.233416829284891, 24.501713959051855 ], [ 92.233394638751577, 24.581009176471365 ], [ 92.221541550729938, 24.605274994802606 ], [ 92.240055342506011, 24.643989847738226 ], [ 92.226173750928098, 24.679982981581748 ], [ 92.239422813789631, 24.701609355033284 ], [ 92.257417607815043, 24.701306582532315 ], [ 92.266069627086296, 24.712444722409284 ], [ 92.265832923926695, 24.774138198155107 ], [ 92.283087301435586, 24.787193822847147 ], [ 92.271755604076247, 24.828706222019761 ], [ 92.247490737474664, 24.833054558837357 ], [ 92.249013793749015, 24.849318786100486 ], [ 92.236988432892829, 24.861020254587949 ], [ 92.253434405665161, 24.881481362805207 ], [ 92.243640078897201, 24.903944953513466 ], [ 92.307657990265682, 24.916249589834603 ], [ 92.315135635923141, 24.900731450729999 ], [ 92.343112337065321, 24.88293176374723 ], [ 92.35566098103142, 24.890185992841335 ], [ 92.396053357962927, 24.855064540585044 ], [ 92.410773335539417, 24.863495988371302 ], [ 92.438011176173177, 24.859586862465203 ], [ 92.457359889968913, 24.875787759628992 ], [ 92.487171159620161, 24.866811688656608 ] ] ] } },
{ "type": "Feature", "properties": { "district_id": "kerala__kasaragod", "state": "Kerala", "district": "Kasaragod", "area_km2": 1964.5, "point_lat": 12.4274, "point_lon": 75.1923 }, "geometry": { "type": "Polygon", "coordinates": [ [ [ 75.416666637721264, 12.50165966965263 ], [ 75.424780143601637, 12.465043603830024 ], [ 75.39408367403918, 12.450030163324573 ], [ 75.368649966074486, 12.456556898478754 ], [ 75.367703799017406, 12.411955767209585 ], [ 75.380774354345405, 12.391603900655568 ], [ 75.423820377062754, 12.371738175599221 ], [ 75.412474135452669, 12.346346156880125 ], [ 75.432971793326374, 12.304567267373667 ], [ 75.421684048596177, 12.291431674552868 ], [ 75.393385341260284, 12.288065591732868 ], [ 75.388729102947224, 12.294625408547944 ], [ 75.387471991026217, 12.287448197971891 ], [ 75.348747080935325, 12.267755986749322 ], [ 75.30132344518114, 12.268230446994338 ], [ 75.290206141483637, 12.257960951112056 ], [ 75.291052181966876, 12.234832502097406 ], [ 75.256369342960753, 12.21972662647201 ], [ 75.231154444011707, 12.219641490002177 ], [ 75.205832523756811, 12.193837094770496 ], [ 75.173742025472549, 12.191414721825339 ], [ 75.195096786891412, 12.143471006127223 ], [ 75.188569556176432, 12.129915777719591 ], [ 75.192140599433472, 12.100237617186481 ], [ 75.180577034479256, 12.101702931338499 ], [ 75.171474778084061, 12.093123257172504 ], [ 75.18298672111996, 12.060771909414594 ], [ 75.080812828499731, 12.309981164788407 ], [ 75.045353227172924, 12.38418011834472 ], [ 75.001978809432373, 12.447675991084493 ], [ 74.990541833306722, 12.491820372329371 ], [ 74.983510368527448, 12.485330172885615 ], [ 74.979794358581742, 12.490309016953201 ], [ 74.863037968391765, 12.758281099956292 ], [ 74.884857359775808, 12.752932931031955 ], [ 74.953754285086404, 12.783514656668892 ], [ 74.981618901437571, 12.779507017380663 ], [ 74.992317431954532, 12.787894481121523 ], [ 74.989145823848716, 12.795080106512678 ], [ 75.005072097105554, 12.789785616431731 ], [ 75.008454225058401, 12.764735311543392 ], [ 74.98454889391536, 12.734170425991911 ], [ 74.992862867701461, 12.737439501682866 ], [ 75.012091066142617, 12.727163531209669 ], [ 75.00296619090625, 12.718012266684577 ], [ 75.007003475874058, 12.713535803742241 ], [ 75.038169704967586, 12.722950429202845 ], [ 75.049769610843583, 12.719075820805779 ], [ 75.056978353163728, 12.691109580940681 ], [ 75.044811926123714, 12.691823643929405 ], [ 75.047985760236017, 12.664478963391275 ], [ 75.070567683002977, 12.662439628579165 ], [ 75.083437074684326, 12.670848753884115 ], [ 75.08640918931188, 12.702204974901639 ], [ 75.104837638030176, 12.696007249773194 ], [ 75.113135040293955, 12.680383518356578 ], [ 75.132463841778716, 12.67533361145866 ], [ 75.151284218763067, 12.68086115242239 ], [ 75.162020358812214, 12.668603595961894 ], [ 75.143649912981743, 12.637832061159594 ], [ 75.159964214982793, 12.621604499634596 ], [ 75.183462566421142, 12.632015784270767 ], [ 75.202405156074008, 12.629718466551978 ], [ 75.199703565927592, 12.610772810411271 ], [ 75.210602971700141, 12.601900065743104 ], [ 75.204474355181432, 12.585194422493569 ], [ 75.211947577951207, 12.58860896045843 ], [ 75.224091322599605, 12.567302029729692 ], [ 75.237549295249764, 12.566505550946571 ], [ 75.278077581953383, 12.6163723683415 ], [ 75.292578907873107, 12.601359029703477 ], [ 75.302971318517351, 12.603819535383172 ], [ 75.309788674804139, 12.59263873863029 ], [ 75.329488557215996, 12.589981174712413 ], [ 75.33008996413389, 12.581922766630933 ], [ 75.317797263917456, 12.57344852544515 ], [ 75.292878495066148, 12.579627052706998 ], [ 75.272339809135772, 12.558258320793975 ], [ 75.282655355076642, 12.522893065037609 ], [ 75.306291291286811, 12.52208119234721 ], [ 75.306612557648634, 12.501547434830707 ], [ 75.336670460196814, 12.495083616292197 ], [ 75.338647507882499, 12.462630112879015 ], [ 75.357606277727825, 12.46290400545325 ], [ 75.374083111555677, 12.473684604535254 ], [ 75.3719973426237, 12.488367861114684 ], [ 75.3851151455505, 12.497571837038773 ], [ 75.399416167030253, 12.502739853484394 ], [ 75.406383988689711, 12.494543969688888 ], [ 75.416666637721264, 12.50165966965263 ] ] ] } },
{ "type": "Feature", "properties": { "district_id": "karnataka__kodagu", "state": "Karnataka", "district": "Kodagu", "area_km2": 4111.4, "point_lat": 12.3827, "point_lon": 75.6619 }, "geometry": { "type": "Polygon", "coordinates": [ [ [ 76.020821923675427, 12.566495706134551 ], [ 76.0148591436663, 12.553122431123724 ], [ 75.993765015590753, 12.556802201207015 ], [ 76.002557703584827, 12.546361815338681 ], [ 75.988585170240526, 12.541143337803188 ], [ 75.99780207349788, 12.523655696671621 ], [ 75.976808917155992, 12.517507598265469 ], [ 75.963950909419651, 12.502932018657214 ], [ 75.961670468623453, 12.487858345882787 ], [ 75.969580258818581, 12.480490596627533 ], [ 75.975005902440316, 12.447902967859143 ], [ 75.956585613385371, 12.449315268904808 ], [ 75.930708104057445, 12.437283614108306 ], [ 75.912595424814086, 12.393171117607162 ], [ 75.961744980423475, 12.345032443407817 ], [ 75.999972763536931, 12.325040090108798 ], [ 75.999970490642497, 12.305542801677159 ], [ 76.015645958805408, 12.289097995724539 ], [ 76.023142974037697, 12.251759422191121 ], [ 76.06225083824279, 12.249841920914301 ], [ 76.106604758346876, 12.194448208587797 ], [ 76.133482938903924, 12.192542745387726 ], [ 76.144509875417597, 12.15646718218016 ], [ 76.17099391788993, 12.118271437029565 ], [ 76.189307433968011, 12.052185394202191 ], [ 76.184158654810389, 12.030481576332051 ], [ 76.156000418470867, 12.018917046342985 ], [ 76.128903037183008, 11.983896133198408 ], [ 76.097296483760985, 11.967863003470724 ], [ 76.078759558807562, 11.967520939381165 ], [ 76.035410665638267, 11.938947194722241 ], [ 76.009700754070153, 11.938054075395655 ], [ 76.003905094601549, 11.929745216820216 ], [ 75.871031156396597, 11.951499637063451 ], [ 75.849446062467479, 11.976091602356282 ], [ 75.831870536281244, 11.983763232677607 ], [ 75.831479428325082, 12.01157199622801 ], [ 75.804659418820691, 12.036016971681665 ], [ 75.797894139769312, 12.053225943610098 ], [ 75.804301016922594, 12.076891908029742 ], [ 75.756300161402081, 12.083045737095684 ], [ 75.721339448842116, 12.06766180995651 ], [ 75.721397215917122, 12.084002829784191 ], [ 75.704829041347281, 12.089068422164676 ], [ 75.705747445833339, 12.105865616039964 ], [ 75.688255923000725, 12.107751688513263 ], [ 75.676779533869734, 12.09616381214777 ], [ 75.662195421350589, 12.099767073046975 ], [ 75.638856742826704, 12.147811397577104 ], [ 75.620787976224634, 12.154320483448915 ], [ 75.595021692317559, 12.148395978720961 ], [ 75.580350485564523, 12.156066166188168 ], [ 75.552064026824169, 12.193650192010681 ], [ 75.536981197358699, 12.201324872390572 ], [ 75.54115502830949, 12.216286379081708 ], [ 75.528475384848718, 12.224846722235744 ], [ 75.514138384075352, 12.258504515422485 ], [ 75.495436562041959, 12.271972399945927 ], [ 75.485578005428223, 12.291312810703563 ], [ 75.469967346918637, 12.300487707828006 ], [ 75.461101670550221, 12.293644350924215 ], [ 75.421684048596177, 12.291431674552868 ], [ 75.432971793326374, 12.304567267373667 ], [ 75.412474135452669, 12.346346156880125 ], [ 75.423820377062754, 12.371738175599221 ], [ 75.380774354345405, 12.391603900655568 ], [ 75.367703799017406, 12.411955767209585 ], [ 75.368649966074486, 12.456556898478754 ], [ 75.39408367403918, 12.450030163324573 ], [ 75.424780143601637, 12.465043603830024 ], [ 75.416666637721264, 12.50165966965263 ], [ 75.436107971270502, 12.528147466417916 ], [ 75.472165543992432, 12.49778114110477 ], [ 75.463328124518284, 12.485188619036379 ], [ 75.465200040555374, 12.471888385543091 ], [ 75.49156215033436, 12.460100515144822 ], [ 75.496364712960499, 12.482293490931781 ], [ 75.524440842759574, 12.489346146225479 ], [ 75.52900895624488, 12.497618214787918 ], [ 75.566208127418136, 12.486666500314815 ], [ 75.557503529912623, 12.501100159918787 ], [ 75.588543063619682, 12.535184975723091 ], [ 75.605551112004193, 12.512076650735228 ], [ 75.617934502291561, 12.510411364817717 ], [ 75.644846139819862, 12.53799862847845 ], [ 75.671129586319921, 12.549942206746802 ], [ 75.664390021678145, 12.594706464523746 ], [ 75.654171501499576, 12.62152456027048 ], [ 75.642921846026354, 12.629607899192941 ], [ 75.648778695431247, 12.666493481207731 ], [ 75.672804576882527, 12.700490582663225 ], [ 75.707141886427351, 12.708315048595422 ], [ 75.732200270978083, 12.699477451243434 ], [ 75.749016062591537, 12.679320682027159 ], [ 75.762426817456529, 12.675004451577038 ], [ 75.81198813906299, 12.699952827766513 ], [ 75.83941662912062, 12.668581247418309 ], [ 75.884574346208936, 12.673193812028506 ], [ 75.887456848669828, 12.704973379141176 ], [ 75.853042914605325, 12.726721876949664 ], [ 75.857549932114836, 12.742409901976945 ], [ 75.849570267077482, 12.749640546356357 ], [ 75.861670049060692, 12.755575298389077 ], [ 75.862384885098663, 12.767977683575822 ], [ 75.874714519104117, 12.769835343339222 ], [ 75.865309308712938, 12.820160579323773 ], [ 75.87708837857322, 12.822692793156772 ], [ 75.879351084242259, 12.833070843330098 ], [ 75.899884618842862, 12.826806784213188 ], [ 75.909960763685618, 12.81457897788518 ], [ 75.924028966283757, 12.827179733380397 ], [ 75.930596766994654, 12.807981214878112 ], [ 75.974591577492745, 12.804346314446507 ], [ 75.973323296871698, 12.782010122209702 ], [ 75.960905859055842, 12.778110186581717 ], [ 75.953017340829291, 12.763521328364099 ], [ 75.939206749934911, 12.761126093564268 ], [ 75.937095572942965, 12.733713298249519 ], [ 75.944450949255909, 12.716375240391482 ], [ 75.967908257963828, 12.71031823441839 ], [ 75.960613816885427, 12.68110623122965 ], [ 75.944205236772959, 12.676502924204756 ], [ 75.949591313600408, 12.664517066078107 ], [ 75.938385747946555, 12.627972282974017 ], [ 75.951311302627687, 12.61906763970372 ], [ 75.941624415077783, 12.605993115993627 ], [ 75.966737385591387, 12.558552656435115 ], [ 75.978988362678507, 12.559502806875185 ], [ 75.972898673182328, 12.573657299993945 ], [ 75.991945835836503, 12.569848480488279 ], [ 75.993246370199913, 12.582982465210389 ], [ 76.020821923675427, 12.566495706134551 ] ] ] } },
{ "type": "Feature", "properties": { "district_id": "assam__kokrajhar", "state": "Assam", "district": "Kokrajhar", "area_km2": 3175.4, "point_lat": 26.5146, "point_lon": 90.1301 }, "geometry": { "type": "Polygon", "coordinates": [ [ [ 90.425088702630006, 26.898567482172822 ], [ 90.421411072880304, 26.78918625178412 ], [ 90.433116928839098, 26.746703392721333 ], [ 90.420678496814034, 26.711191683276049 ], [ 90.405724536327241, 26.701088901231735 ], [ 90.402986555959586, 26.677734722765489 ], [ 90.356052344610418, 26.61852978945976 ], [ 90.368081307994217, 26.583219402066586 ], [ 90.353701983866614, 26.571610106196815 ], [ 90.359325329203017, 26.565749558045749 ], [ 90.353762414634176, 26.56075168083898 ], [ 90.361414199674996, 26.553171153337601 ], [ 90.357634926889332, 26.54842107798974 ], [ 90.380639523089599, 26.542870829826573 ], [ 90.382910534111275, 26.530889442902868 ], [ 90.391606298731645, 26.529457963125221 ], [ 90.386360243840656, 26.516756111949078 ], [ 90.402485782626442, 26.51665966058593 ], [ 90.395837517777579, 26.495147443406719 ], [ 90.403882083023873, 26.489123461735137 ], [ 90.394611320747387, 26.483519776701758 ], [ 90.410113341980107, 26.433242597069764 ], [ 90.39864362213477, 26.385418186916006 ], [ 90.381932466626097, 26.369878254882707 ], [ 90.429089408995566, 26.35992938194147 ], [ 90.377023767679759, 26.319191225865016 ], [ 90.376700605331351, 26.294045947343282 ], [ 90.328234607430403, 26.278066830583004 ], [ 90.320789602621474, 26.28154540554738 ], [ 90.319090841012695, 26.299430623219006 ], [ 90.358354158423936, 26.349436299901086 ], [ 90.346966333773665, 26.370380580825522 ], [ 90.289587878719942, 26.336347595615916 ], [ 90.287210589414642, 26.321563346937538 ], [ 90.257493273055346, 26.334701661356924 ], [ 90.240676208145089, 26.323747335944972 ], [ 90.230181393736842, 26.332505307786292 ], [ 90.221404832271219, 26.329335909600573 ], [ 90.23123412624787, 26.349539287124568 ], [ 90.218944844382889, 26.350362622294817 ], [ 90.231806964358981, 26.354541727254233 ], [ 90.236314134167174, 26.365220852730701 ], [ 90.22872059402215, 26.385357082531019 ], [ 90.222900374575971, 26.383783112068482 ], [ 90.208993106467261, 26.376895715985732 ], [ 90.210766504530639, 26.362439331567781 ], [ 90.191204772507874, 26.345222374540764 ], [ 90.17421994269732, 26.342378551384396 ], [ 90.154345625151635, 26.352963629666004 ], [ 90.105090365073835, 26.326596131790588 ], [ 90.121199354631926, 26.32139031756271 ], [ 90.107806983230901, 26.312149421242349 ], [ 90.150931051191947, 26.28679918842413 ], [ 90.149981453501411, 26.274937166736546 ], [ 90.121877187590684, 26.257840554276132 ], [ 90.121191667273791, 26.23844381523061 ], [ 90.136870226641364, 26.226019807531664 ], [ 90.140488761627594, 26.202972662208467 ], [ 90.134786840700599, 26.196344237396854 ], [ 90.112528740241956, 26.194678821796348 ], [ 90.071706425417815, 26.172695102881946 ], [ 90.057761098511094, 26.156227414961574 ], [ 90.056106385099469, 26.138965855912783 ], [ 90.044268591256326, 26.130915496770026 ], [ 89.986218732538603, 26.145015310634101 ], [ 89.91385188574246, 26.134082796361454 ], [ 89.884193481315194, 26.136744387820752 ], [ 89.868781977687803, 26.152754990470477 ], [ 89.874142816236059, 26.18844431680786 ], [ 89.860029077480533, 26.19167028186267 ], [ 89.870737290546856, 26.20006453785529 ], [ 89.861155565360988, 26.217259005515231 ], [ 89.870099998843699, 26.232503657431195 ], [ 89.853193882895923, 26.255343884587418 ], [ 89.869387170120987, 26.260281423027322 ], [ 89.900265152068343, 26.336977276469714 ], [ 89.887938848353798, 26.343444322641549 ], [ 89.89291370051015, 26.358670295946794 ], [ 89.882848100450971, 26.372574307670053 ], [ 89.861528848482052, 26.379797158221884 ], [ 89.851802327454308, 26.402675469824203 ], [ 89.845367818652221, 26.390762933744035 ], [ 89.832286390011063, 26.396404496080251 ], [ 89.838306713416515, 26.412225167773013 ], [ 89.854813777439063, 26.414139779260513 ], [ 89.852814289221968, 26.421674208235856 ], [ 89.874529572931536, 26.448336675796238 ], [ 89.875246276952964, 26.463895969928135 ], [ 89.867434739289294, 26.465993595350032 ], [ 89.857800126567341, 26.487700596455934 ], [ 89.869792217491167, 26.548196978578911 ], [ 89.867215228715196, 26.577781728407121 ], [ 89.882753227404407, 26.584134555734746 ], [ 89.877337332502435, 26.594612607205615 ], [ 89.882487037391442, 26.612941285540607 ], [ 89.867092375252653, 26.61504191993679 ], [ 89.862311271627092, 26.623303398943289 ], [ 89.881664289378861, 26.649392032907773 ], [ 89.873361673106984, 26.656511460022113 ], [ 89.876782913704886, 26.683419709196002 ], [ 89.862324263480303, 26.703669801859743 ], [ 89.867873495881852, 26.736881365772394 ], [ 89.894839805424539, 26.724262273722822 ], [ 89.963151420600298, 26.723029604872959 ], [ 90.007413328556609, 26.734192039805457 ], [ 90.072838648844979, 26.731939227900202 ], [ 90.119591965864004, 26.74491550028462 ], [ 90.193942744530631, 26.770392550041201 ], [ 90.18931776412964, 26.809544351099433 ], [ 90.220118651983825, 26.853500937870361 ], [ 90.249614476422465, 26.857728903566858 ], [ 90.30671714038013, 26.848012666510996 ], [ 90.350999340534727, 26.87620810777462 ], [ 90.360278697372735, 26.895866388003423 ], [ 90.425088702630006, 26.898567482172822 ] ] ] } },
{ "type": "Feature", "properties": { "district_id": "karnataka__kolar", "state": "Karnataka", "district": "Kolar", "area_km2": 3985.8, "point_lat": 13.1805, "point_lon": 78.2686 }, "geometry": { "type": "Polygon", "coordinates": [ [ [ 77.925681214871105, 13.238285183310362 ], [ 77.945637610301176, 13.277252706217801 ], [ 77.98938404267335, 13.307380506550489 ], [ 78.023809561245699, 13.288184193964431 ], [ 78.047907766947944, 13.288513248457757 ], [ 78.069805297983365, 13.30257993462614 ], [ 78.130084233231628, 13.301408778903719 ], [ 78.12170258444246, 13.326875953842 ], [ 78.147314647023336, 13.364592457416249 ], [ 78.128750463255102, 13.399772999662083 ], [ 78.184637380846183, 13.430008962707241 ], [ 78.204458350853542, 13.451907346830748 ], [ 78.20809596662707, 13.481477343733129 ], [ 78.191646372584188, 13.508830406160659 ], [ 78.20134400502387, 13.536512901659155 ], [ 78.198972118203557, 13.564046558150286 ], [ 78.218062195865784, 13.590997438894542 ], [ 78.232201214294804, 13.586240631454633 ], [ 78.237277431252409, 13.596366809093118 ], [ 78.259328715263351, 13.583509048480002 ], [ 78.322253016134411, 13.592824818035618 ], [ 78.4007040945814, 13.587593179471785 ], [ 78.407749125071931, 13.5757093608945 ], [ 78.37732324011256, 13.504725021037268 ], [ 78.372661582044145, 13.461652516747556 ], [ 78.381483626800687, 13.40066574997071 ], [ 78.365391728744228, 13.364744175894934 ], [ 78.36666882895608, 13.35640632347558 ], [ 78.385059347450181, 13.356142426947578 ], [ 78.407729128554806, 13.342120655765347 ], [ 78.398756524917559, 13.328239067888891 ], [ 78.381593689864957, 13.342153165762124 ], [ 78.377325047950166, 13.329787092661098 ], [ 78.401658200781597, 13.313513147176252 ], [ 78.434897545986402, 13.328967629529899 ], [ 78.446478493476349, 13.308261479252241 ], [ 78.482305859295352, 13.317892431918695 ], [ 78.483140552306921, 13.301122174395429 ], [ 78.51183055308239, 13.287267765480873 ], [ 78.531534494077292, 13.265730501249955 ], [ 78.539467746249187, 13.285994249370715 ], [ 78.561374098411548, 13.286203633134027 ], [ 78.566401791050211, 13.309588036324907 ], [ 78.588295223725623, 13.272301167398552 ], [ 78.569744529675944, 13.237376161387399 ], [ 78.568073875528029, 13.222288482292251 ], [ 78.579591793079373, 13.2145502252288 ], [ 78.551851694742979, 13.197509078610866 ], [ 78.553361700088416, 13.19043812715206 ], [ 78.574298160957426, 13.187720367944042 ], [ 78.580071192639423, 13.166832793768915 ], [ 78.549728986714825, 13.161865947499814 ], [ 78.546429832618628, 13.141050371396988 ], [ 78.519708876114223, 13.12985824753245 ], [ 78.522103866828886, 13.116621894485691 ], [ 78.538979884357502, 13.10769663285256 ], [ 78.512918088552595, 13.091952160323039 ], [ 78.515633460077566, 13.063097827747345 ], [ 78.462556227011149, 13.041777514493559 ], [ 78.46903096232279, 12.973570822063303 ], [ 78.43367637852883, 12.978856183087611 ], [ 78.438419002697529, 12.960813079960298 ], [ 78.420188521447955, 12.957145693216006 ], [ 78.421654982017927, 12.947989275572334 ], [ 78.412142941486707, 12.943006309047892 ], [ 78.418737080005897, 12.918383758476216 ], [ 78.428099632249925, 12.93049662530948 ], [ 78.467367417211037, 12.903159915905619 ], [ 78.465536179642271, 12.863606880112775 ], [ 78.449719634964723, 12.89011956079373 ], [ 78.447013908221606, 12.911017002773058 ], [ 78.437588497443116, 12.912395049852559 ], [ 78.42850919942164, 12.899354088395441 ], [ 78.414058253860929, 12.901612456451574 ], [ 78.399473694258376, 12.915764366650212 ], [ 78.389420141877793, 12.905432705170536 ], [ 78.356383468144443, 12.938195959520808 ], [ 78.338158606465811, 12.899362372273426 ], [ 78.324440255958919, 12.898729924177799 ], [ 78.321897260583711, 12.883941403521883 ], [ 78.338488633675325, 12.884193157959071 ], [ 78.332600004934264, 12.87300361366885 ], [ 78.315051501181145, 12.875869906095152 ], [ 78.314105719073993, 12.857328527492497 ], [ 78.27354365340706, 12.866620773840159 ], [ 78.251974382694357, 12.857411662584507 ], [ 78.251163906113092, 12.813180462456462 ], [ 78.231643409694016, 12.762635916335809 ], [ 78.131418744225797, 12.77983000866552 ], [ 78.125187198834396, 12.796851581536949 ], [ 78.097080139025422, 12.813049190205531 ], [ 78.086687959713927, 12.830176393234062 ], [ 78.076470794773272, 12.82857582404827 ], [ 78.075082991819528, 12.839801626882847 ], [ 78.061863431789092, 12.841911674190239 ], [ 78.057183266380036, 12.851959559537118 ], [ 78.025280109405003, 12.855434956329265 ], [ 78.027177437917373, 12.843064074003493 ], [ 78.019439603341681, 12.843213307816136 ], [ 78.017518113572848, 12.82955929266795 ], [ 78.003667180276011, 12.823171675885506 ], [ 78.016026639809439, 12.812805105397736 ], [ 78.011887141047666, 12.804975301602566 ], [ 77.991780839814979, 12.805129875480478 ], [ 77.991693044765199, 12.819904596963498 ], [ 77.981594585753797, 12.832088894487205 ], [ 77.967739337035383, 12.830949804888553 ], [ 77.968232142528421, 12.845749821010488 ], [ 77.957069019114897, 12.847453908727461 ], [ 77.955744955847194, 12.858691627736301 ], [ 77.943640447651703, 12.854130603143606 ], [ 77.950117467547827, 12.838728250832038 ], [ 77.943198381216988, 12.822300071915535 ], [ 77.920633703711772, 12.829021662690682 ], [ 77.925465688713274, 12.853579521219263 ], [ 77.944601118113852, 12.865376293960459 ], [ 77.929781820265049, 12.872799433131087 ], [ 77.938833375048816, 12.880744679807927 ], [ 77.934382078761544, 12.887137929204011 ], [ 77.897486924566024, 12.876146096234432 ], [ 77.892292397679185, 12.867621282687407 ], [ 77.868816665021484, 12.866801802271221 ], [ 77.868096951175318, 12.875773905768863 ], [ 77.857087062059435, 12.876578751174595 ], [ 77.854842866400148, 12.892300225317433 ], [ 77.864167363705292, 12.912701699125105 ], [ 77.84354430771161, 12.913437023067871 ], [ 77.841466297129443, 12.919272962649758 ], [ 77.869603634715986, 12.932195101545625 ], [ 77.875648101910201, 12.942550521373425 ], [ 77.86501936164457, 12.971827533581237 ], [ 77.873261341806483, 12.973305892976562 ], [ 77.877493316797683, 13.000188568512586 ], [ 77.888334667323448, 13.009685829893131 ], [ 77.893707468220185, 13.048054971584497 ], [ 77.916377037234568, 13.048168070151515 ], [ 77.928847550252598, 13.067449890455389 ], [ 77.940892430794946, 13.068406519868622 ], [ 77.941795471397114, 13.082684650056471 ], [ 77.927415239099005, 13.074993161898334 ], [ 77.914339277677755, 13.080474810569994 ], [ 77.912404470272278, 13.093686532340451 ], [ 77.902722665381972, 13.099031012468894 ], [ 77.915855640680405, 13.116405946359309 ], [ 77.938214133713089, 13.106681117514841 ], [ 77.939953490469065, 13.12237274749563 ], [ 77.957581198769262, 13.124490656356352 ], [ 77.954844370561588, 13.159788060116291 ], [ 77.963072876609658, 13.185879510399506 ], [ 77.958209297775937, 13.217378917076333 ], [ 77.946358602519865, 13.214461904014009 ], [ 77.964729460669673, 13.230191076716832 ], [ 77.966499048224804, 13.243360073465691 ], [ 77.950399070798269, 13.246988055317363 ], [ 77.925681214871105, 13.238285183310362 ] ] ] } },
{ "type": "Feature", "properties": { "district_id": "maharashtra__kolhapur", "state": "Maharashtra", "district": "Kolhapur", "area_km2": 7670.3, "point_lat": 16.4591, "point_lon": 74.0957 }, "geometry": { "type": "Polygon", "coordinates": [ [ [ 74.700459406610349, 16.733967473222386 ], [ 74.690651837973732, 16.687414330793157 ], [ 74.682288704219502, 16.680604752020951 ], [ 74.691149880814237, 16.676562600272593 ], [ 74.666691614474388, 16.66512707530179 ], [ 74.655415383527725, 16.639193291105883 ], [ 74.686260344673542, 16.619777383871483 ], [ 74.688431169392658, 16.608919421709384 ], [ 74.658812651161469, 16.60271856625462 ], [ 74.637636312834815, 16.608399072263929 ], [ 74.631174170798616, 16.577396509086011 ], [ 74.618687557409729, 16.583566886021391 ], [ 74.611736789454966, 16.56962311699516 ], [ 74.587978490933281, 16.565481093479473 ], [ 74.586588971475393, 16.557208124355014 ], [ 74.568599090105394, 16.553628855806277 ], [ 74.554155175304672, 16.561396943111127 ], [ 74.564330078975857, 16.58285968869183 ], [ 74.560062531570452, 16.591997654096271 ], [ 74.544288188396166, 16.593801541622398 ], [ 74.545871871919303, 16.634803663548592 ], [ 74.49219911075933, 16.628217513866904 ], [ 74.471485210674629, 16.66233587520691 ], [ 74.456869290227459, 16.646053686977631 ], [ 74.466544120697577, 16.6063996289075 ], [ 74.434784387708348, 16.600279985011685 ], [ 74.422731809603036, 16.584338427623074 ], [ 74.397278980166504, 16.580269641634896 ], [ 74.383663746171365, 16.529549158318854 ], [ 74.356188403208876, 16.540361021224047 ], [ 74.359247343847898, 16.558683745856886 ], [ 74.339648656506355, 16.54807052666575 ], [ 74.322870559030818, 16.555080634144566 ], [ 74.315659397084247, 16.546123096857997 ], [ 74.317344795867015, 16.507940022193111 ], [ 74.307516851547575, 16.50374267242174 ], [ 74.300280107973748, 16.530795384669965 ], [ 74.28779002803509, 16.533156743516219 ], [ 74.282898866505505, 16.524192593253858 ], [ 74.277556392518306, 16.544698705446091 ], [ 74.264758149267564, 16.540276577313705 ], [ 74.279017176365883, 16.505011372476684 ], [ 74.246281402973622, 16.496518888200104 ], [ 74.26197513747934, 16.477683194737672 ], [ 74.275787251676419, 16.484225906573442 ], [ 74.282228697399873, 16.505418471662495 ], [ 74.293233608438499, 16.504271219200675 ], [ 74.289627911582315, 16.460684851066404 ], [ 74.33239362825023, 16.453841303923028 ], [ 74.336199578789717, 16.402215361713175 ], [ 74.358211687908238, 16.404963517320226 ], [ 74.362780791492341, 16.396059089990132 ], [ 74.353242028368683, 16.380562307411186 ], [ 74.355303966258447, 16.366495485173747 ], [ 74.345492259506329, 16.368049497372521 ], [ 74.336601464588043, 16.392399968461653 ], [ 74.328511573126761, 16.390444177787927 ], [ 74.32605916366343, 16.377303682002783 ], [ 74.318931234601791, 16.380972242707728 ], [ 74.325744223337139, 16.358693702945999 ], [ 74.317173864997102, 16.355367569354634 ], [ 74.327923510955657, 16.342273249980384 ], [ 74.316925699961658, 16.341648536145041 ], [ 74.322626225823853, 16.334354244367816 ], [ 74.316491183662038, 16.326893968514323 ], [ 74.330822532578068, 16.32515896577452 ], [ 74.32562235950607, 16.312542098254863 ], [ 74.334148478768924, 16.313403925776075 ], [ 74.342312765741596, 16.293265247255221 ], [ 74.325312375227341, 16.287978316261725 ], [ 74.324174472796642, 16.274752330689868 ], [ 74.330604606957507, 16.26753528890319 ], [ 74.353523979843246, 16.281418668667989 ], [ 74.346905691408494, 16.293633141865417 ], [ 74.356245620280987, 16.288945709275776 ], [ 74.373830228573922, 16.295300761252911 ], [ 74.38417757505141, 16.292044729044804 ], [ 74.385082081989381, 16.277416942069138 ], [ 74.415154259174798, 16.28240722725911 ], [ 74.4164822266778, 16.259284461757598 ], [ 74.455358268611675, 16.250289194583377 ], [ 74.467364088815074, 16.240380867715249 ], [ 74.478348388839294, 16.248604401554303 ], [ 74.497435212153505, 16.232912349594059 ], [ 74.507260932788952, 16.1901719592002 ], [ 74.492119266488729, 16.183254760299462 ], [ 74.488979068143877, 16.156972367812138 ], [ 74.480084611723754, 16.148921688805032 ], [ 74.49073772629562, 16.103544095897561 ], [ 74.476142708106053, 16.088945239444485 ], [ 74.458743895125309, 16.104067005194853 ], [ 74.428630619245467, 16.112564615274479 ], [ 74.409179521870243, 16.093765416308123 ], [ 74.391194122415286, 16.089075808474767 ], [ 74.391142478938974, 16.08034866489136 ], [ 74.374814581442578, 16.080207932523169 ], [ 74.361914643282958, 16.054923639261965 ], [ 74.375564278595789, 16.055540505842401 ], [ 74.372389483638941, 16.038604072714392 ], [ 74.383903818983583, 16.037111382673327 ], [ 74.430406330838508, 16.058712694542052 ], [ 74.464504666074276, 16.042550420446108 ], [ 74.429333081497418, 15.953229265689773 ], [ 74.385778950106825, 15.903236498235119 ], [ 74.405620217746744, 15.854707125419864 ], [ 74.387365927726719, 15.853880754103614 ], [ 74.367959034852674, 15.893684836897643 ], [ 74.360852650628587, 15.873174351064764 ], [ 74.338265093013817, 15.854142953438759 ], [ 74.383240668052707, 15.846243276373407 ], [ 74.383376472488337, 15.838425556623097 ], [ 74.360211941612405, 15.817616376574417 ], [ 74.369686482399089, 15.803334094321373 ], [ 74.358684584348097, 15.77581608670309 ], [ 74.34472866404812, 15.765523177304031 ], [ 74.323429910211047, 15.772533349430754 ], [ 74.317727988663989, 15.758690058050451 ], [ 74.285665233820339, 15.741466530494645 ], [ 74.267417303796719, 15.755263398700047 ], [ 74.243399857516238, 15.743337931890615 ], [ 74.228470339071023, 15.756101726565538 ], [ 74.228702592530794, 15.788940148528084 ], [ 74.173571095098552, 15.774257288638625 ], [ 74.15550079038708, 15.787822894445602 ], [ 74.159393761168928, 15.821357326255351 ], [ 74.142027225196912, 15.821606617446955 ], [ 74.144475986561716, 15.831537858558711 ], [ 74.111373012763153, 15.821537998357941 ], [ 74.103475664327206, 15.839372082456164 ], [ 74.094761807553141, 15.839518727725954 ], [ 74.070296698439009, 15.833141166631433 ], [ 74.06658945038572, 15.813443084297612 ], [ 74.048828588484781, 15.806686867068221 ], [ 74.056735049307164, 15.774216770187202 ], [ 74.07970408994548, 15.768468375361453 ], [ 74.040811023499799, 15.755340435979827 ], [ 74.029213640414127, 15.764328555191618 ], [ 74.04258327834836, 15.770900050650191 ], [ 74.03234852139903, 15.833909393385589 ], [ 74.092847682144608, 15.87165670064809 ], [ 74.093917807302248, 15.897493595423551 ], [ 74.073604597955054, 15.948170340797974 ], [ 74.066221628198505, 15.940583101985393 ], [ 74.045992125256305, 15.956712452431207 ], [ 74.066855211523219, 15.987294483507821 ], [ 74.09091669285587, 16.006443353486556 ], [ 74.087440637392618, 16.015673177474945 ], [ 74.056698024384659, 16.051043988315286 ], [ 74.048663171876242, 16.034154205357964 ], [ 74.001880700579562, 16.037681268583778 ], [ 74.001824591472655, 16.052310290635926 ], [ 73.994322494807008, 16.057505084151895 ], [ 74.006474991032803, 16.075868538862142 ], [ 73.992871925925613, 16.077636407668098 ], [ 73.997595633257433, 16.08836919894819 ], [ 73.906994440688237, 16.099878065949017 ], [ 73.898538720060017, 16.089026595493078 ], [ 73.865085748230044, 16.097387670082437 ], [ 73.873529512153567, 16.106357925588853 ], [ 73.860347384081621, 16.107167075026691 ], [ 73.845407775486748, 16.095289258823161 ], [ 73.858107202069746, 16.075036180680655 ], [ 73.845122103423549, 16.078763172748705 ], [ 73.835775100392823, 16.093890223333609 ], [ 73.854957977861005, 16.135696955806257 ], [ 73.845850684924841, 16.152313095940382 ], [ 73.867273584880991, 16.138334359964606 ], [ 73.867327459637849, 16.146479223094868 ], [ 73.909923619811082, 16.135267353809699 ], [ 73.919922486687327, 16.153368540800468 ], [ 73.909076760606069, 16.158574058534878 ], [ 73.919610116972265, 16.167081407353255 ], [ 73.916075894540739, 16.172393740441365 ], [ 73.946814514097426, 16.172220424695677 ], [ 73.942279507829326, 16.186752510371843 ], [ 73.959858387401937, 16.200276491344965 ], [ 73.942183892132419, 16.206271558077386 ], [ 73.927514866561822, 16.200070552999485 ], [ 73.925925515209158, 16.218874350466148 ], [ 73.947709456316488, 16.238187274637077 ], [ 73.944175283685766, 16.243005131722835 ], [ 73.917617076776921, 16.230244302647023 ], [ 73.893007743771676, 16.230934121004744 ], [ 73.920116556758813, 16.245891749784555 ], [ 73.896526995091506, 16.257226583890109 ], [ 73.881638028593272, 16.279402376115534 ], [ 73.891354160667035, 16.299478863581932 ], [ 73.902629424293494, 16.304122963695892 ], [ 73.904703394582853, 16.328305800384094 ], [ 73.888429751772378, 16.323411175012744 ], [ 73.887272018157887, 16.328518106740503 ], [ 73.866436125119961, 16.309246171259669 ], [ 73.857010361291671, 16.315033431687233 ], [ 73.847216033109035, 16.300119420337985 ], [ 73.84938460887237, 16.313408881701509 ], [ 73.841260538510923, 16.316778758234445 ], [ 73.848868441535217, 16.325341741189668 ], [ 73.835735699333128, 16.345946926656065 ], [ 73.857539407288328, 16.358561704635633 ], [ 73.866340759208327, 16.373713915942371 ], [ 73.85969089127363, 16.384701976353096 ], [ 73.839023980774442, 16.392215410292152 ], [ 73.837852580562682, 16.403004522587043 ], [ 73.887759245655815, 16.448627159852272 ], [ 73.888540117773317, 16.457505396122116 ], [ 73.88490730457282, 16.474768031360956 ], [ 73.864300633190553, 16.475222720409743 ], [ 73.853611951781971, 16.487186833118614 ], [ 73.843615908254634, 16.506686087761477 ], [ 73.848337642870931, 16.526342253347323 ], [ 73.818134729263576, 16.544949807734007 ], [ 73.832682177028005, 16.546459445160835 ], [ 73.847450132832861, 16.571008649511288 ], [ 73.843911627802854, 16.585490269812691 ], [ 73.863372942353308, 16.608388995282905 ], [ 73.852659364767362, 16.635765879946295 ], [ 73.856092560081478, 16.659429043374296 ], [ 73.866009007367651, 16.669937675435477 ], [ 73.853445571870068, 16.673276190026975 ], [ 73.860599295030866, 16.680589526699386 ], [ 73.813306218359031, 16.706565904684926 ], [ 73.828031273831726, 16.714416840166749 ], [ 73.841076115892918, 16.738812528571213 ], [ 73.819123536227806, 16.765000102371545 ], [ 73.791731640354627, 16.762786469280275 ], [ 73.780579184233304, 16.782368311887989 ], [ 73.762122722042221, 16.77010740893618 ], [ 73.760630829067509, 16.8027994829677 ], [ 73.752880742502498, 16.812943592111413 ], [ 73.737884224904846, 16.820653449673692 ], [ 73.729374998739502, 16.816214823988979 ], [ 73.712214979711391, 16.829901421652753 ], [ 73.724795102876243, 16.837026709539565 ], [ 73.732585663710125, 16.83251092024361 ], [ 73.737792770321605, 16.843681308312707 ], [ 73.752300138256203, 16.834366316191062 ], [ 73.769273253534124, 16.854096765209576 ], [ 73.767843238624948, 16.870417307517762 ], [ 73.748794783234388, 16.882564365817711 ], [ 73.748902437168198, 16.901574786139836 ], [ 73.739021703878322, 16.89736833626025 ], [ 73.739554969734627, 16.912645688623655 ], [ 73.744509332066627, 16.916646203034141 ], [ 73.748482325203653, 16.904857697472014 ], [ 73.790345516579336, 16.90786564226261 ], [ 73.795571137944592, 16.930177358594637 ], [ 73.765848479270815, 16.962604759047061 ], [ 73.787750529014886, 16.992767365745468 ], [ 73.833910866092182, 16.990633046062019 ], [ 73.827660439997899, 17.012774320688447 ], [ 73.834324967677517, 17.025766805075328 ], [ 73.823091235999115, 17.037931800039683 ], [ 73.834602266346934, 17.053872358186222 ], [ 73.817277964463656, 17.063500442210518 ], [ 73.803916939653178, 17.061644116156419 ], [ 73.807648681522494, 17.085618357233741 ], [ 73.788714158996129, 17.093101135021939 ], [ 73.781322439647823, 17.10762853984092 ], [ 73.768841504687842, 17.108760503229426 ], [ 73.746886976068666, 17.131283959028085 ], [ 73.739448580980692, 17.121595083641608 ], [ 73.710572932213509, 17.140396377383162 ], [ 73.6942075924634, 17.138716988048262 ], [ 73.689456104365902, 17.158322876504318 ], [ 73.713271139027796, 17.171547403657915 ], [ 73.732136119754728, 17.167342372608644 ], [ 73.743402315446858, 17.175246875548243 ], [ 73.749951158091505, 17.152156691496131 ], [ 73.776979577491403, 17.151807514519334 ], [ 73.769930588263321, 17.171267919249715 ], [ 73.780594862515244, 17.18003485337837 ], [ 73.827620140455664, 17.167338816935413 ], [ 73.849311931781273, 17.152671233386599 ], [ 73.868505564450146, 17.131470696498287 ], [ 73.878388836348464, 17.130233024121758 ], [ 73.878096369003018, 17.116686989615165 ], [ 73.901848855655331, 17.102273857659885 ], [ 73.916905150076971, 17.06799232313416 ], [ 73.933574608665666, 17.072294857286572 ], [ 73.980998124721623, 17.03410862703587 ], [ 73.982047683245696, 17.013324518548803 ], [ 73.971264598939513, 16.99307762990242 ], [ 73.981068759512198, 16.985761656634246 ], [ 73.995574543457238, 16.994619671472215 ], [ 74.022680418732492, 16.984408774625681 ], [ 74.023536644738684, 16.942075931070004 ], [ 74.035981792908785, 16.93847493934938 ], [ 74.039368571423495, 16.923926690303343 ], [ 74.066425662188053, 16.903343803528362 ], [ 74.090278351325054, 16.914742126439666 ], [ 74.098032837778305, 16.908563929750112 ], [ 74.121326989942276, 16.911424537218384 ], [ 74.134287322511625, 16.889521438273629 ], [ 74.148059875968414, 16.883893541262093 ], [ 74.170234151450117, 16.898175013614921 ], [ 74.212228804551685, 16.89224637873652 ], [ 74.213049389860416, 16.905436800221935 ], [ 74.223372655878876, 16.91063067612405 ], [ 74.23235567494163, 16.887884984400905 ], [ 74.243988158971007, 16.885184841841866 ], [ 74.257423336377357, 16.904512264155478 ], [ 74.281704595844644, 16.91546071540872 ], [ 74.297583619910938, 16.89176530859212 ], [ 74.355019727363299, 16.869819024465979 ], [ 74.361322081379157, 16.853386060685505 ], [ 74.402842889817862, 16.879877296007553 ], [ 74.415489456497781, 16.877145347273572 ], [ 74.405087474738892, 16.850197219779808 ], [ 74.413896380804616, 16.841851885011952 ], [ 74.460771839316038, 16.851568635649283 ], [ 74.470159835365095, 16.867164624846712 ], [ 74.495956329123231, 16.855530959001133 ], [ 74.497812469338484, 16.829056598179363 ], [ 74.513994625015272, 16.839483463127088 ], [ 74.516955051632493, 16.856653819620842 ], [ 74.549385164433943, 16.830640227110589 ], [ 74.561844127283706, 16.804833945601263 ], [ 74.614042559075827, 16.795090271629583 ], [ 74.641172888030766, 16.776605325972675 ], [ 74.648005017205762, 16.750742287307226 ], [ 74.700459406610349, 16.733967473222386 ] ], [ [ 74.289746733360204, 15.83079594648294 ], [ 74.260347634145987, 15.826894290287489 ], [ 74.266379570295086, 15.793179342813714 ], [ 74.297787064689643, 15.788585102864012 ], [ 74.309106801003779, 15.798563100352087 ], [ 74.289746733360204, 15.83079594648294 ] ] ] } },
{ "type": "Feature", "properties": { "district_id": "kerala__kollam", "state": "Kerala", "district": "Kollam", "area_km2": 2487.2, "point_lat": 8.968, "point_lon": 76.8585 }, "geometry": { "type": "Polygon", "coordinates": [ [ [ 77.208598964456215, 9.070532194132657 ], [ 77.199239846426053, 9.045050121108286 ], [ 77.170842355180582, 9.045019308327175 ], [ 77.149264913274692, 9.020235823252612 ], [ 77.151382472531736, 9.008368132274711 ], [ 77.160369165411922, 9.00628651596225 ], [ 77.19759817582684, 8.955499343604597 ], [ 77.197952900330634, 8.924202927628938 ], [ 77.202325102206828, 8.918632079139272 ], [ 77.211399553066158, 8.930402085317331 ], [ 77.222338638143142, 8.925920702120736 ], [ 77.223920008294783, 8.901689237536241 ], [ 77.23918064752776, 8.896687499221498 ], [ 77.244920702236357, 8.880378581166593 ], [ 77.260863358701897, 8.867853048269483 ], [ 77.265029628043507, 8.840462946037137 ], [ 77.245386039043211, 8.80906228173186 ], [ 77.235357163908517, 8.805503715447905 ], [ 77.232728251776493, 8.784202296119103 ], [ 77.216413824053973, 8.777890103576503 ], [ 77.215874780329216, 8.766120145479034 ], [ 77.188465676624375, 8.774911228206959 ], [ 77.107875880277405, 8.82883304993306 ], [ 77.044791814158728, 8.844385152129341 ], [ 77.034530571867464, 8.841110051749048 ], [ 77.024401932430266, 8.815150081638096 ], [ 77.013447293198951, 8.808257404671348 ], [ 77.029611326458578, 8.773752063202902 ], [ 77.006446994125554, 8.77018451911243 ], [ 76.981168179646929, 8.785169769566833 ], [ 76.974067019873132, 8.772460251691525 ], [ 76.934991620080382, 8.760506634176858 ], [ 76.915764302521254, 8.778244690344277 ], [ 76.91997986354265, 8.791331666228785 ], [ 76.902256128454113, 8.810215355041702 ], [ 76.886905084578103, 8.80481029363672 ], [ 76.854979664104476, 8.817115148032295 ], [ 76.848131667469801, 8.834525769572798 ], [ 76.827654038050895, 8.842593089509908 ], [ 76.823093571552164, 8.853626234368498 ], [ 76.805553531236072, 8.849863188081336 ], [ 76.784964480293354, 8.859547693413035 ], [ 76.778378987555925, 8.842751574743428 ], [ 76.794566786845067, 8.826391078595707 ], [ 76.785599101608568, 8.818896578719768 ], [ 76.792579330042329, 8.807963463861775 ], [ 76.773846234444349, 8.807734119762598 ], [ 76.760307657624864, 8.794221325528111 ], [ 76.72247151266896, 8.800824031290622 ], [ 76.707323660892001, 8.788809259507811 ], [ 76.694128387563936, 8.790340585721912 ], [ 76.683411845927495, 8.775266870558816 ], [ 76.679544623606262, 8.78785531563614 ], [ 76.672251195153763, 8.780694840006502 ], [ 76.671756828122398, 8.790378248969331 ], [ 76.60320840300183, 8.867833256805955 ], [ 76.553762153310117, 8.890545681353331 ], [ 76.479586000840172, 9.116316502938822 ], [ 76.508461925887985, 9.120916746137533 ], [ 76.514593547297508, 9.135801936087036 ], [ 76.543151120781289, 9.135574854528443 ], [ 76.551199984565514, 9.109658041558605 ], [ 76.569683730777911, 9.108071060052376 ], [ 76.585156783380029, 9.113517869997718 ], [ 76.590773745350148, 9.12771925069522 ], [ 76.614171802449377, 9.126952005167759 ], [ 76.634648409726665, 9.135111397055597 ], [ 76.642676523030019, 9.148027599372199 ], [ 76.656096896137498, 9.148949763018711 ], [ 76.656148885149435, 9.121948731370161 ], [ 76.649522111698317, 9.116835003265114 ], [ 76.660301757401783, 9.093420603191571 ], [ 76.72515860050764, 9.081610905076293 ], [ 76.755743282798122, 9.088812796716281 ], [ 76.759174601684663, 9.072986803511306 ], [ 76.771214829907848, 9.074662988205212 ], [ 76.767379985603966, 9.097422969854854 ], [ 76.784851242404002, 9.113318022743563 ], [ 76.813691231788965, 9.10721568768157 ], [ 76.829170614552012, 9.093237233604892 ], [ 76.84932660666864, 9.098286205283356 ], [ 76.855702474287753, 9.118447150850502 ], [ 76.875663437562011, 9.130224612036006 ], [ 76.890393712465084, 9.124118181204734 ], [ 76.897422609730086, 9.130236040911917 ], [ 76.904294464674777, 9.115755963885741 ], [ 76.905330415143069, 9.123143851453394 ], [ 76.914375566419878, 9.124019514017373 ], [ 76.953754944347651, 9.118871920519272 ], [ 76.965986721681716, 9.127320880363165 ], [ 76.929311822648771, 9.138925605388096 ], [ 76.930674431885961, 9.171541218240533 ], [ 77.000246567586061, 9.132130031518095 ], [ 77.01027020684063, 9.138874944086247 ], [ 77.026345852332227, 9.126809884295929 ], [ 77.054853992582338, 9.126561306205499 ], [ 77.06867033485463, 9.112423308208403 ], [ 77.107596197822502, 9.09581799717834 ], [ 77.157299935543804, 9.084654920851042 ], [ 77.16698841326911, 9.075755807445974 ], [ 77.208598964456215, 9.070532194132657 ] ] ] } },
{ "type": "Feature", "properties": { "district_id": "karnataka__koppal", "state": "Karnataka", "district": "Koppal", "area_km2": 5568.9, "point_lat": 15.5761, "point_lon": 76.3122 }, "geometry": { "type": "Polygon", "coordinates": [ [ [ 76.272606415817265, 15.908619279508784 ], [ 76.290430596418133, 15.891317543135036 ], [ 76.309188457986679, 15.891977028862732 ], [ 76.318186984832423, 15.901152933378452 ], [ 76.345937093459185, 15.897286782640391 ], [ 76.339169370373583, 15.871734455545019 ], [ 76.350264757289821, 15.862517968946111 ], [ 76.359373922130743, 15.878175831920155 ], [ 76.355487956032064, 15.903552488046907 ], [ 76.3751099818668, 15.914360184465394 ], [ 76.376112177703448, 15.901510769915989 ], [ 76.403798122640936, 15.900006057623889 ], [ 76.427614367571849, 15.887718604356946 ], [ 76.419639196409349, 15.868075618576315 ], [ 76.451214377514532, 15.850954920785338 ], [ 76.451412939831769, 15.836079006171543 ], [ 76.412982267243294, 15.801999210241201 ], [ 76.423407997565789, 15.78555110374681 ], [ 76.440232940661815, 15.783864313659636 ], [ 76.444027696506296, 15.735946379990786 ], [ 76.492221709941347, 15.705173535558464 ], [ 76.512308564470956, 15.71551310605539 ], [ 76.531943015418577, 15.699281533246594 ], [ 76.561563326040272, 15.70527808296429 ], [ 76.598457013276715, 15.699301141059419 ], [ 76.599965739823062, 15.67278074690981 ], [ 76.672130118141638, 15.656838730051515 ], [ 76.670230704112129, 15.638180780999338 ], [ 76.69256114205416, 15.645442735540923 ], [ 76.694807459353811, 15.622682787416833 ], [ 76.68059836416684, 15.626191163592861 ], [ 76.681164754609853, 15.606769863645805 ], [ 76.690406688523467, 15.594481191061243 ], [ 76.753152875429649, 15.588415160013858 ], [ 76.760290549749797, 15.565310568276562 ], [ 76.813996472427505, 15.546610955320947 ], [ 76.813012351958037, 15.51471928477228 ], [ 76.781072336787574, 15.492926476098443 ], [ 76.703009028171465, 15.485171825326207 ], [ 76.669541806118815, 15.450330904933393 ], [ 76.611859415314925, 15.441531790564913 ], [ 76.591752507449996, 15.412408569230077 ], [ 76.555965409078183, 15.394139102372403 ], [ 76.490941633340924, 15.342403583626089 ], [ 76.481092337522924, 15.347930252405726 ], [ 76.433555380208432, 15.338506683570797 ], [ 76.407118485490614, 15.323644136229513 ], [ 76.362958527668681, 15.325409709709648 ], [ 76.334076458421009, 15.262923886136576 ], [ 76.310835707092764, 15.260527495161579 ], [ 76.281437201441108, 15.2180723971112 ], [ 76.248699652019397, 15.191343722744598 ], [ 76.231019615767977, 15.190568670040365 ], [ 76.220664800716662, 15.200460651380689 ], [ 76.232365287362015, 15.232793589960172 ], [ 76.187864112174879, 15.235001913939961 ], [ 76.162891740752116, 15.216332327171244 ], [ 76.158926384962058, 15.197476273899815 ], [ 76.113841908802144, 15.198171517017201 ], [ 76.106945003945555, 15.175391782918394 ], [ 76.093720441639775, 15.162806187152716 ], [ 76.056318110315999, 15.155960496891433 ], [ 76.037054214859936, 15.144026101365094 ], [ 75.97839887313549, 15.153048278226507 ], [ 75.950468137291608, 15.137092756352175 ], [ 75.948785997619282, 15.165538878625966 ], [ 75.925912384929646, 15.181162335463066 ], [ 75.912840227711058, 15.238532524821572 ], [ 75.904872998737289, 15.237250274049154 ], [ 75.89927628079603, 15.276157872687614 ], [ 75.889951065675277, 15.287952559749275 ], [ 75.887407524570534, 15.35135433460232 ], [ 75.902110171777807, 15.353359183878602 ], [ 75.903430316702256, 15.402369097681046 ], [ 75.865756032228362, 15.407580947972741 ], [ 75.859591952429824, 15.444453569561315 ], [ 75.840849523390276, 15.443158707586809 ], [ 75.823043245299047, 15.452166203716338 ], [ 75.810274442821722, 15.487227210055664 ], [ 75.813974654265465, 15.495729166795199 ], [ 75.823159014325583, 15.495370885771948 ], [ 75.818311285779373, 15.508044708660391 ], [ 75.859954983371097, 15.51363480693456 ], [ 75.868105921137072, 15.594824774563115 ], [ 75.885254486740578, 15.595966002437105 ], [ 75.899273323411535, 15.606881159578585 ], [ 75.899089693430994, 15.624275749942482 ], [ 75.886584172820577, 15.634642787068348 ], [ 75.886585924764333, 15.670992450055522 ], [ 75.872386966251568, 15.673398751741228 ], [ 75.871461146151418, 15.715366332535371 ], [ 75.887991690983213, 15.718912950578808 ], [ 75.885296328598457, 15.736962295140676 ], [ 75.89739453624469, 15.749855228096763 ], [ 75.908075526076431, 15.745489313611104 ], [ 75.920539716409664, 15.727802667588847 ], [ 75.915733442567387, 15.701118183252701 ], [ 75.940872174451272, 15.693144597555239 ], [ 75.944994087511361, 15.67777599085279 ], [ 75.966733247312987, 15.678159341828303 ], [ 75.972909483969318, 15.66336775357763 ], [ 76.011692329855634, 15.663562999842551 ], [ 76.018060105094847, 15.677203418977243 ], [ 76.013232631792775, 15.681534051114982 ], [ 75.995619982598171, 15.679044457693356 ], [ 75.982977357343842, 15.66671501147168 ], [ 75.988997750379895, 15.688796306138522 ], [ 75.982865775449781, 15.690826593087884 ], [ 76.007188083927645, 15.716741987260285 ], [ 76.025192079008164, 15.710177529357392 ], [ 76.042434158708375, 15.719505790290116 ], [ 76.044622264429108, 15.738050869800286 ], [ 76.039056063801681, 15.738079632749805 ], [ 76.036443741080845, 15.755570634462746 ], [ 76.041905238993849, 15.763968967096792 ], [ 76.010664818586278, 15.782751060033782 ], [ 75.996106822377399, 15.780459145038241 ], [ 75.989574010901777, 15.80215677673859 ], [ 75.9648056426811, 15.794572531343205 ], [ 75.963508974427285, 15.784225406408389 ], [ 75.940022536744436, 15.788839237169174 ], [ 75.845679544290675, 15.837728749451369 ], [ 75.848134044019602, 15.868634969769548 ], [ 75.825486036608055, 15.864350726237205 ], [ 75.833869601137977, 15.879122917657806 ], [ 75.828485127219793, 15.899222022920231 ], [ 75.811702878878876, 15.893293093709019 ], [ 75.780612228899415, 15.89744036571763 ], [ 75.772049064757113, 15.900773771306376 ], [ 75.778854179963133, 15.905989125508238 ], [ 75.773591815135987, 15.913712744490031 ], [ 75.787840711667968, 15.921787491393241 ], [ 75.835068025023006, 15.924436259318766 ], [ 75.852333141407001, 15.935435755991818 ], [ 75.8774915065855, 15.932504311274393 ], [ 75.887372014797677, 15.920208996069755 ], [ 75.903337100669191, 15.922606491832713 ], [ 75.919457562525309, 15.906277457101957 ], [ 75.929439228899312, 15.874444846901902 ], [ 75.965589769225502, 15.858272151946904 ], [ 75.979334162072433, 15.872106406599288 ], [ 75.977489614419383, 15.987149570395804 ], [ 75.99441332531697, 16.003740829556619 ], [ 76.052771403771004, 16.002087302910446 ], [ 76.058444604583556, 16.009748555036392 ], [ 76.080865917326861, 16.010004281307381 ], [ 76.086127952765622, 15.992352000123521 ], [ 76.060090268898449, 15.904695807325778 ], [ 76.102342196186342, 15.898071846134352 ], [ 76.118015073453563, 15.884903912704099 ], [ 76.146303104411373, 15.892668050321861 ], [ 76.17377537737994, 15.928595742829591 ], [ 76.193988802497572, 15.929778483164542 ], [ 76.202989153428064, 15.940825371041036 ], [ 76.228439847378866, 15.939224499080378 ], [ 76.231575695010477, 15.920711753889082 ], [ 76.257713296803018, 15.920831250711604 ], [ 76.261433668943681, 15.904497784609033 ], [ 76.272606415817265, 15.908619279508784 ] ] ] } },
{ "type": "Feature", "properties": { "district_id": "kerala__kottayam", "state": "Kerala", "district": "Kottayam", "area_km2": 2210.7, "point_lat": 9.6296, "point_lon": 76.6486 }, "geometry": { "type": "Polygon", "coordinates": [ [ [ 76.633090438942062, 9.855654812858326 ], [ 76.635552617521924, 9.846325629800241 ], [ 76.663527974632473, 9.838910190501764 ], [ 76.672661708146009, 9.843371359758258 ], [ 76.74258835556617, 9.804227547464624 ], [ 76.757678669847948, 9.814609970722719 ], [ 76.783594259031631, 9.804618135028447 ], [ 76.814158668113791, 9.783378591960942 ], [ 76.854761019794083, 9.733551845417987 ], [ 76.888095011488446, 9.716588954512538 ], [ 76.905897213441321, 9.675133121310065 ], [ 76.929617606418986, 9.650801430039499 ], [ 76.922700131840244, 9.638049251405002 ], [ 76.93720537387884, 9.61965068142492 ], [ 76.932456302208053, 9.614316760967096 ], [ 76.905489879416777, 9.632837021908822 ], [ 76.894820425160333, 9.625670223696824 ], [ 76.889849662829519, 9.616787044682415 ], [ 76.895582618640674, 9.584551073032809 ], [ 76.884984347727681, 9.578220555783769 ], [ 76.890140894805029, 9.536841394686419 ], [ 76.903158690658444, 9.535811389118425 ], [ 76.906900942759108, 9.523352478686904 ], [ 76.948562395200824, 9.490832650586732 ], [ 76.9674076515591, 9.506303748605328 ], [ 76.985614346031625, 9.484829015880219 ], [ 76.984926573669711, 9.466809428704071 ], [ 76.942147702800838, 9.444772513977405 ], [ 76.939559743424084, 9.421695319257557 ], [ 76.924881340690845, 9.417880513566216 ], [ 76.922794549577219, 9.425983268465533 ], [ 76.855275520117431, 9.456938888717042 ], [ 76.850646413922462, 9.446662152492896 ], [ 76.802296953460058, 9.453740965417603 ], [ 76.793587397350848, 9.444487921653661 ], [ 76.764263079629714, 9.439001270999043 ], [ 76.75097026136703, 9.453363954916556 ], [ 76.74766947643154, 9.473327089651718 ], [ 76.734641303046914, 9.472576346874025 ], [ 76.709202576176864, 9.454124666624454 ], [ 76.700074132538845, 9.475572230776935 ], [ 76.6629073607414, 9.480713984226046 ], [ 76.641449338083888, 9.475607279366582 ], [ 76.636364077637992, 9.463011478378411 ], [ 76.629424352687906, 9.469675638674429 ], [ 76.627366295030413, 9.459409268221254 ], [ 76.602985924976053, 9.456623677287782 ], [ 76.603211054042774, 9.448466259342458 ], [ 76.591710054652054, 9.443731395033506 ], [ 76.593952659009034, 9.414873836913701 ], [ 76.58202885591578, 9.421119520244895 ], [ 76.560829304191856, 9.410376082169172 ], [ 76.544654646005768, 9.420732658828749 ], [ 76.515790631651299, 9.407520521646774 ], [ 76.515675936929085, 9.400109528368812 ], [ 76.50627579104993, 9.425692945984785 ], [ 76.51148435404518, 9.43300438397689 ], [ 76.496675821540705, 9.439615125260177 ], [ 76.507804896059355, 9.498697550540999 ], [ 76.481643036665048, 9.505742054572009 ], [ 76.479331262896949, 9.534140463471488 ], [ 76.466011761724246, 9.540448140263978 ], [ 76.465874371472566, 9.558718423906697 ], [ 76.427522387739117, 9.547525496810994 ], [ 76.410783955017891, 9.560927347367269 ], [ 76.391742194664957, 9.545846580943403 ], [ 76.403311261267575, 9.684328146325527 ], [ 76.377343334110364, 9.695211084262235 ], [ 76.381822279048592, 9.749927087673001 ], [ 76.366218291370544, 9.791580434329342 ], [ 76.381757077992887, 9.815535393303668 ], [ 76.373339119572222, 9.835648344818413 ], [ 76.387300582907756, 9.84278114191304 ], [ 76.396343101183788, 9.828409273362716 ], [ 76.418129835718204, 9.82215245764842 ], [ 76.445838668282931, 9.831821241771179 ], [ 76.462360700435283, 9.848064446116631 ], [ 76.510295354043251, 9.851193467177962 ], [ 76.523630728760025, 9.824028244023717 ], [ 76.541454782345383, 9.822103832108441 ], [ 76.548802189777618, 9.799812221016973 ], [ 76.559073846241148, 9.803002734576198 ], [ 76.567928569552677, 9.822638508297056 ], [ 76.581889322143908, 9.822753541966186 ], [ 76.583491154032927, 9.841525562561859 ], [ 76.614064368701037, 9.839897934708407 ], [ 76.613335365899459, 9.848923131490636 ], [ 76.633090438942062, 9.855654812858326 ] ] ] } },
{ "type": "Feature", "properties": { "district_id": "kerala__kozhikode", "state": "Kerala", "district": "Kozhikode", "area_km2": 2331.5, "point_lat": 11.4635, "point_lon": 75.8804 }, "geometry": { "type": "Polygon", "coordinates": [ [ [ 75.536965594109432, 11.692748940653317 ], [ 75.544222889180475, 11.703473844306648 ], [ 75.556237293214409, 11.701358931424544 ], [ 75.570724923900798, 11.674114007070898 ], [ 75.589045436500271, 11.68747334256545 ], [ 75.603334327033679, 11.687564123947887 ], [ 75.592469431959714, 11.715047047791439 ], [ 75.610291627559434, 11.717262140692243 ], [ 75.628235656309485, 11.736188825493898 ], [ 75.668272767923938, 11.758359158574123 ], [ 75.69450982096204, 11.797553442225595 ], [ 75.717043862970598, 11.794762972345657 ], [ 75.733335278298995, 11.779599387443644 ], [ 75.755050608998488, 11.78451143007303 ], [ 75.753580147627716, 11.803308454892719 ], [ 75.788502950766528, 11.792795917223087 ], [ 75.793974305705618, 11.78006984426194 ], [ 75.785438338161214, 11.758899821714399 ], [ 75.798752620352332, 11.747779715571953 ], [ 75.795575130811955, 11.742198832731635 ], [ 75.818164749739012, 11.734827857187392 ], [ 75.850841055356383, 11.6994152822824 ], [ 75.896437883112341, 11.69857139702739 ], [ 75.91617440813512, 11.687879922018855 ], [ 75.902127393757141, 11.676832598524419 ], [ 75.897826964412843, 11.619289057595102 ], [ 75.908126350628734, 11.602550872932182 ], [ 75.957279540974454, 11.579353129405419 ], [ 75.958649543523251, 11.561107873316095 ], [ 75.968304112572426, 11.550512731415184 ], [ 76.041936538413282, 11.501150156570528 ], [ 76.077511136717945, 11.520107052890335 ], [ 76.090384734008666, 11.50536432314431 ], [ 76.095377757074473, 11.481692881823973 ], [ 76.121312149661406, 11.47160713592443 ], [ 76.142598320308949, 11.449203275341828 ], [ 76.141568948042746, 11.418995262102747 ], [ 76.133035216485595, 11.424999735633541 ], [ 76.118306431487071, 11.406842689285762 ], [ 76.106086771865606, 11.408375109602764 ], [ 76.101453867529926, 11.395925101713919 ], [ 76.093809691978322, 11.3526478780043 ], [ 76.098719391481893, 11.340278689457369 ], [ 76.118024479662068, 11.33602850916162 ], [ 76.116037948919654, 11.317364812352277 ], [ 76.090647498798489, 11.309925291866318 ], [ 76.071631845068978, 11.294017288070989 ], [ 76.072414396702712, 11.284649619171358 ], [ 76.045648540287772, 11.265380719497164 ], [ 76.017150024857955, 11.269431067326611 ], [ 75.993953799693188, 11.252094398793499 ], [ 75.975186531955174, 11.266621407639613 ], [ 75.958722206258699, 11.250761042748936 ], [ 75.930781826017238, 11.247042496391312 ], [ 75.918583877592823, 11.237504443844616 ], [ 75.902540981263996, 11.243503545113368 ], [ 75.860500614300435, 11.19387099248325 ], [ 75.889497015782169, 11.185595619794439 ], [ 75.890099454177644, 11.179558298356445 ], [ 75.856558430508599, 11.15631071549819 ], [ 75.859373350959473, 11.134492752742329 ], [ 75.849348618875169, 11.141355583734166 ], [ 75.828847691068887, 11.124437546745311 ], [ 75.810186956215958, 11.154161803480022 ], [ 75.823814295183311, 11.159112162002332 ], [ 75.823051515694573, 11.168040741058199 ], [ 75.801041879599097, 11.172076166472483 ], [ 75.739485907107195, 11.327945406638856 ], [ 75.73957687750935, 11.357143363414465 ], [ 75.688562399483644, 11.438667581810698 ], [ 75.661948541388341, 11.458364705324307 ], [ 75.633173196767004, 11.462052630348245 ], [ 75.620732921491992, 11.477323065919792 ], [ 75.573730139248653, 11.612590086867177 ], [ 75.536965594109432, 11.692748940653317 ] ] ] } },
{ "type": "Feature", "properties": { "district_id": "assam__lakhimpur", "state": "Assam", "district": "Lakhimpur", "area_km2": 2884.5, "point_lat": 27.1722, "point_lon": 94.1998 }, "geometry": { "type": "Polygon", "coordinates": [ [ [ 94.326886694478048, 27.33565200363558 ], [ 94.337044603784165, 27.327663635776645 ], [ 94.387690389335361, 27.327980500762788 ], [ 94.417926818426807, 27.30896554863094 ], [ 94.462524210522787, 27.304868175620424 ], [ 94.48450497947718, 27.324033857702776 ], [ 94.502987021933137, 27.326567723150266 ], [ 94.525246945769652, 27.293432793852478 ], [ 94.520904620912503, 27.262753479031858 ], [ 94.555710678453906, 27.222091881885706 ], [ 94.580626603303955, 27.213709686099232 ], [ 94.580676117605563, 27.192257806590742 ], [ 94.57060809028691, 27.178473440824192 ], [ 94.563343806912982, 27.18136040997323 ], [ 94.563334268513586, 27.173484353785824 ], [ 94.52586330967614, 27.158536711134321 ], [ 94.534246202720595, 27.146354008021703 ], [ 94.513324664888557, 27.139918712758671 ], [ 94.509833514398508, 27.120292450692364 ], [ 94.494539019416692, 27.122436006878242 ], [ 94.484876963015893, 27.137515935876916 ], [ 94.475371283891491, 27.1312091136374 ], [ 94.471325697970869, 27.114156041360992 ], [ 94.433232411676514, 27.116708388711292 ], [ 94.419063358650178, 27.090735664584432 ], [ 94.368605717717514, 27.097541105180312 ], [ 94.346834504177593, 27.082547068181334 ], [ 94.325202892773831, 27.087337306310584 ], [ 94.314198280547672, 27.069886507968125 ], [ 94.282611038533346, 27.095096346434275 ], [ 94.267560615509325, 27.092100458337178 ], [ 94.239530301295218, 27.073157935487973 ], [ 94.225852088264901, 27.031775605273225 ], [ 94.20386177367368, 27.028909388562308 ], [ 94.191253131744205, 27.035617374554118 ], [ 94.187089900896339, 27.000410382269482 ], [ 94.138677236672194, 26.989382915752063 ], [ 94.141572815788933, 26.976150197201211 ], [ 94.135349112978858, 26.969172552391562 ], [ 94.07910969121572, 26.960228798058782 ], [ 94.068920927173778, 26.977731753069865 ], [ 94.054199355504664, 26.979149466126596 ], [ 94.028988407818019, 26.956182505624792 ], [ 94.026993046449121, 26.929910912668731 ], [ 94.013935885569396, 26.92748087391605 ], [ 93.999942944965355, 26.939845863836041 ], [ 93.976606100414813, 26.923424620009829 ], [ 93.924263163080909, 26.926537813983593 ], [ 93.919947176014219, 26.9082463849562 ], [ 93.894007057515552, 26.890530082645054 ], [ 93.894162463190639, 26.864671959375933 ], [ 93.880760815853108, 26.855328637227547 ], [ 93.843440045522826, 26.852073347593773 ], [ 93.826621723210465, 26.825202377956511 ], [ 93.802210913966277, 26.824682001695177 ], [ 93.773705761239071, 26.843691663646389 ], [ 93.790413492160752, 26.857454369141717 ], [ 93.78098325638399, 26.884468802479542 ], [ 93.746452585833197, 26.900435201460898 ], [ 93.752529145831517, 26.918902769233085 ], [ 93.744885658479632, 26.958284998909559 ], [ 93.705078085459249, 26.985083066051899 ], [ 93.700146425134093, 26.991725324929135 ], [ 93.707457034363017, 27.005263629732575 ], [ 93.770359223113431, 27.040169664865019 ], [ 93.775583996846393, 27.059240298611087 ], [ 93.789297276180562, 27.051080817061226 ], [ 93.81475128945975, 27.067507330095363 ], [ 93.820649919873901, 27.061755556523796 ], [ 93.833953425843163, 27.069676026790244 ], [ 93.838621610537871, 27.075013755039464 ], [ 93.829172982378012, 27.108805016276531 ], [ 93.807611545772232, 27.134720094822853 ], [ 93.810611643006609, 27.148678427809557 ], [ 93.869508270255039, 27.195735245781208 ], [ 93.903134686901637, 27.238434226866666 ], [ 94.002166405463697, 27.331571237597597 ], [ 94.063075148798177, 27.36036419584838 ], [ 94.088550861461698, 27.40137115082862 ], [ 94.162453857133684, 27.463260332633908 ], [ 94.159474199496813, 27.474858691229311 ], [ 94.261983487537435, 27.520199459741157 ], [ 94.270576481766255, 27.51568723474487 ], [ 94.282201594861476, 27.500915529609365 ], [ 94.284487802632214, 27.457810957913797 ], [ 94.321835501512808, 27.422973778202735 ], [ 94.326886694478048, 27.33565200363558 ] ] ] } },
{ "type": "Feature", "properties": { "district_id": "maharashtra__latur", "state": "Maharashtra", "district": "Latur", "area_km2": 6751.0, "point_lat": 18.3523, "point_lon": 76.7565 }, "geometry": { "type": "Polygon", "coordinates": [ [ [ 76.995370833665035, 18.827376209406122 ], [ 77.008127855974962, 18.767097335072354 ], [ 77.046614679076512, 18.773075321095824 ], [ 77.056848746405905, 18.765842155164041 ], [ 77.056995666591391, 18.718174295239876 ], [ 77.044644591048282, 18.698011619266364 ], [ 77.046547268807515, 18.682997987110479 ], [ 77.136312561996903, 18.698338001429899 ], [ 77.136627700283427, 18.710881081381743 ], [ 77.146102898598244, 18.712156468322391 ], [ 77.157051438615369, 18.701406710934535 ], [ 77.182134446465497, 18.702446780064239 ], [ 77.194363638093165, 18.689458888057583 ], [ 77.177806669948694, 18.679690850421093 ], [ 77.159381910557897, 18.680375004435291 ], [ 77.155839139005138, 18.646344034475241 ], [ 77.199785241350099, 18.64723827094031 ], [ 77.214193638874391, 18.624818503176112 ], [ 77.270621426532486, 18.610964222172797 ], [ 77.266657746474905, 18.565471419004144 ], [ 77.296486882628869, 18.54733410780705 ], [ 77.277345659902466, 18.52022265902049 ], [ 77.247292033893032, 18.499120309496238 ], [ 77.251956805315331, 18.482281993547591 ], [ 77.274899144818463, 18.474858362417741 ], [ 77.268332005307698, 18.452970807472923 ], [ 77.256508195814845, 18.45362766945566 ], [ 77.267413144319633, 18.419782915890316 ], [ 77.261212455773205, 18.411829059714691 ], [ 77.24302706958926, 18.410041046322664 ], [ 77.23566160753272, 18.387549743363593 ], [ 77.247860912214705, 18.37202279293783 ], [ 77.233611925250841, 18.367020720538513 ], [ 77.212734299354949, 18.315224037602238 ], [ 77.20289538703274, 18.320637532090938 ], [ 77.198150815001028, 18.314179555566898 ], [ 77.208954568237957, 18.279489274335326 ], [ 77.173205814515811, 18.282360198535464 ], [ 77.168358118316789, 18.257439349820419 ], [ 77.150413825784142, 18.239177283090296 ], [ 77.152642310691505, 18.218113001939923 ], [ 77.098065900043537, 18.196629818585912 ], [ 77.118902440305192, 18.169183131904497 ], [ 77.111458305960454, 18.154287175860095 ], [ 77.09916121184385, 18.159712772200582 ], [ 77.088699556284695, 18.151858594434842 ], [ 77.060112306030305, 18.153913700090133 ], [ 77.051881853762154, 18.174726369083952 ], [ 77.035205381843525, 18.185268140610724 ], [ 77.02405424615587, 18.179708397664466 ], [ 77.026356610968122, 18.164190331473492 ], [ 77.000059769342911, 18.168336547590741 ], [ 76.993737512638447, 18.188103324497646 ], [ 76.982790642763945, 18.190832623308456 ], [ 76.956291975580228, 18.186312263780028 ], [ 76.945914597948459, 18.156185554334758 ], [ 76.935508719220039, 18.15934190678556 ], [ 76.927487310163272, 18.146267670684569 ], [ 76.933899793951696, 18.138049532174154 ], [ 76.924681821190873, 18.11758727903177 ], [ 76.955596496515909, 18.111622569468722 ], [ 76.970519868117762, 18.098648108385806 ], [ 76.949236042151057, 18.075315472480249 ], [ 76.956859632451355, 18.041282572762075 ], [ 76.91986172304459, 18.034808229569862 ], [ 76.918616049803276, 17.916813150751175 ], [ 76.902356004975218, 17.916396168515281 ], [ 76.88326099557392, 17.894770039562669 ], [ 76.855848404298612, 17.89952632379476 ], [ 76.83371722806487, 17.89234188615637 ], [ 76.835044487624273, 17.884436920945227 ], [ 76.81014022874345, 17.884753861538499 ], [ 76.808145159002521, 17.872166567910124 ], [ 76.79932954261534, 17.871010299236687 ], [ 76.776376218033718, 17.878614440507235 ], [ 76.767739637814572, 17.90004183518456 ], [ 76.742381281373355, 17.899597209861952 ], [ 76.724339666638386, 17.91782376901325 ], [ 76.675591860416148, 17.921965011710643 ], [ 76.681857767684505, 17.946276111047634 ], [ 76.673999648843392, 17.966911690836206 ], [ 76.689521842727331, 17.97040845414427 ], [ 76.685329663842552, 17.987490426045337 ], [ 76.676804755793725, 17.996812542131075 ], [ 76.625493384394602, 17.999846829434173 ], [ 76.607382007074492, 18.010439730148985 ], [ 76.612401323950991, 18.037885290688198 ], [ 76.596688125267079, 18.032796367295788 ], [ 76.568140976318105, 18.038964755745429 ], [ 76.532670278431937, 18.021010680921577 ], [ 76.428391678325923, 18.030373838676827 ], [ 76.39929526524935, 18.053031224040932 ], [ 76.398500554099385, 18.066624253198668 ], [ 76.381765204860017, 18.089306468653522 ], [ 76.321335066727045, 18.076548654978492 ], [ 76.305754266307616, 18.09612237154532 ], [ 76.301448668468907, 18.116460175944994 ], [ 76.277029331531764, 18.13945341994387 ], [ 76.282132054362819, 18.182043790810695 ], [ 76.302445102618776, 18.21336798095605 ], [ 76.302135359308068, 18.229709869540034 ], [ 76.286783130777408, 18.232603119455856 ], [ 76.283335067913242, 18.248400976034613 ], [ 76.311262337880621, 18.269624260274814 ], [ 76.318650255264515, 18.328977500742116 ], [ 76.285215895975867, 18.340700767871333 ], [ 76.288289039752698, 18.385831356575888 ], [ 76.259215585800291, 18.364564322168501 ], [ 76.249007982033476, 18.37508983881094 ], [ 76.21683366622544, 18.382378814570949 ], [ 76.200342629177257, 18.398694763220274 ], [ 76.211779078098857, 18.400188429068528 ], [ 76.233071333943528, 18.433289663595993 ], [ 76.271658753371909, 18.420040795375133 ], [ 76.263469732488431, 18.463842045381433 ], [ 76.271927804822809, 18.467889135454897 ], [ 76.255276195932666, 18.486042330089354 ], [ 76.255298036147138, 18.518828036995945 ], [ 76.274819849832568, 18.538416360042959 ], [ 76.279962228573069, 18.574304759190731 ], [ 76.352127579952892, 18.564440249109381 ], [ 76.377496620842905, 18.54257420418482 ], [ 76.424017707436676, 18.552822757728016 ], [ 76.453775904767411, 18.524776151021385 ], [ 76.468278444968604, 18.496308121787973 ], [ 76.511387900059091, 18.469195565051134 ], [ 76.549055234318246, 18.465293553243523 ], [ 76.552267438904593, 18.496669043609604 ], [ 76.557583432983904, 18.496774736861941 ], [ 76.568593120587124, 18.492929413335496 ], [ 76.569478574943901, 18.464551554808967 ], [ 76.609124647591344, 18.455163700053447 ], [ 76.629804528329771, 18.46433538475565 ], [ 76.630507371897281, 18.475614207338211 ], [ 76.618064253828365, 18.489168727673299 ], [ 76.640820966446739, 18.52553379219507 ], [ 76.652835873318494, 18.515309200773014 ], [ 76.652606791949609, 18.482126851229825 ], [ 76.676005423337685, 18.482366412256301 ], [ 76.687718143631912, 18.498283205648683 ], [ 76.699475262125347, 18.500266939865732 ], [ 76.705593675048334, 18.547194329309853 ], [ 76.680190861137348, 18.554992134459447 ], [ 76.659711247951748, 18.544229863339279 ], [ 76.633614952144356, 18.551003760522491 ], [ 76.647926652931758, 18.583222892297211 ], [ 76.656801397033107, 18.581811147177206 ], [ 76.662743607047361, 18.59170979127542 ], [ 76.671882041022414, 18.629776778284405 ], [ 76.682334632106375, 18.636993614484297 ], [ 76.684892398888593, 18.646873400132044 ], [ 76.66535711356947, 18.656047699502565 ], [ 76.685789603831182, 18.691859055370948 ], [ 76.736326212384, 18.699802942467304 ], [ 76.727116029046996, 18.749263111744391 ], [ 76.745526037942881, 18.774152596456634 ], [ 76.781781589933573, 18.776584479628387 ], [ 76.784104482982855, 18.793463235806996 ], [ 76.816467229315634, 18.799430038762768 ], [ 76.839137188842443, 18.813704061599537 ], [ 76.854152106729273, 18.806698697950686 ], [ 76.859971707364451, 18.819683114021313 ], [ 76.885146924975473, 18.834781481354355 ], [ 76.995370833665035, 18.827376209406122 ] ] ] } },
{ "type": "Feature", "properties": { "district_id": "kerala__malappuram", "state": "Kerala", "district": "Malappuram", "area_km2": 3564.7, "point_lat": 11.1053, "point_lon": 76.1148 }, "geometry": { "type": "Polygon", "coordinates": [ [ [ 76.44699463740433, 11.201707058066736 ], [ 76.411286949789258, 11.205310399618034 ], [ 76.406656485643808, 11.18299095857331 ], [ 76.416441572104162, 11.170368561567569 ], [ 76.417713338920578, 11.140727423958594 ], [ 76.413062753795288, 11.114378699504558 ], [ 76.352230604798336, 11.092559563959183 ], [ 76.335118641442108, 11.071785231482805 ], [ 76.33466894523427, 11.054618148305739 ], [ 76.297235166752969, 11.049136288467809 ], [ 76.286952977500007, 11.036762355339379 ], [ 76.289497569811786, 11.020498395172611 ], [ 76.330487095513732, 11.021739077831569 ], [ 76.326767936613962, 11.005217434287777 ], [ 76.33665471259259, 10.998231966378802 ], [ 76.370795542940868, 10.996118282371921 ], [ 76.363514909943646, 10.974797254946683 ], [ 76.330113453442479, 10.978324425187555 ], [ 76.323515147543461, 10.934459654163646 ], [ 76.333073394267146, 10.905472103756438 ], [ 76.298666885496843, 10.918639461230336 ], [ 76.270886968508819, 10.916417937942549 ], [ 76.251918412446003, 10.886519716336023 ], [ 76.232915090950314, 10.885528593065922 ], [ 76.219287402821735, 10.911832215329255 ], [ 76.199599723052302, 10.896618090061478 ], [ 76.168106929390717, 10.913615488400286 ], [ 76.150437602172474, 10.889273449482706 ], [ 76.129599588789389, 10.895280743910734 ], [ 76.131296389186488, 10.878346080238453 ], [ 76.119038345508628, 10.879982188518841 ], [ 76.113374212130537, 10.865651331578116 ], [ 76.105534926617537, 10.868474454642827 ], [ 76.09930663245278, 10.841065728139625 ], [ 76.06822476527087, 10.8366532051396 ], [ 76.045478316693618, 10.845698523385471 ], [ 76.027062103370099, 10.821404599038747 ], [ 76.049998824847918, 10.796981712998933 ], [ 76.043372779501425, 10.793035602762851 ], [ 76.040836010062222, 10.753053484389106 ], [ 76.048535805074366, 10.74271284275733 ], [ 76.063993748546423, 10.744693504754379 ], [ 76.068694909961522, 10.721848512557591 ], [ 76.053315505842662, 10.703633460977425 ], [ 76.039619240049632, 10.704576562410066 ], [ 76.010377640810134, 10.686841211573789 ], [ 75.995073148532995, 10.695806925342012 ], [ 75.983395618242611, 10.68583570216216 ], [ 75.972541408281216, 10.693798863085126 ], [ 75.954491474453192, 10.686338571195796 ], [ 75.924720205355271, 10.76532290915754 ], [ 75.901658455355857, 10.802517036871301 ], [ 75.866966350434012, 10.993194645792441 ], [ 75.829023637699365, 11.124345945599771 ], [ 75.849348618875169, 11.141355583734166 ], [ 75.859373350959473, 11.134492752742329 ], [ 75.856558430508599, 11.15631071549819 ], [ 75.890099454177644, 11.179558298356445 ], [ 75.889497015782169, 11.185595619794439 ], [ 75.860500614300435, 11.19387099248325 ], [ 75.881765867933282, 11.225262565899882 ], [ 75.896865575927109, 11.230323742154994 ], [ 75.902540981263996, 11.243503545113368 ], [ 75.918583877592823, 11.237504443844616 ], [ 75.930781826017238, 11.247042496391312 ], [ 75.958722206258699, 11.250761042748936 ], [ 75.975186531955174, 11.266621407639613 ], [ 75.993953799693188, 11.252094398793499 ], [ 76.017150024857955, 11.269431067326611 ], [ 76.045648540287772, 11.265380719497164 ], [ 76.072414396702712, 11.284649619171358 ], [ 76.071631845068978, 11.294017288070989 ], [ 76.090647498798489, 11.309925291866318 ], [ 76.116037948919654, 11.317364812352277 ], [ 76.118024479662068, 11.33602850916162 ], [ 76.098719391481893, 11.340278689457369 ], [ 76.093809691978322, 11.3526478780043 ], [ 76.106086771865606, 11.408375109602764 ], [ 76.118306431487071, 11.406842689285762 ], [ 76.133035216485595, 11.424999735633541 ], [ 76.141568948042746, 11.418995262102747 ], [ 76.142598320308949, 11.449203275341828 ], [ 76.184294908341769, 11.471050701780397 ], [ 76.182825129810183, 11.482143949503969 ], [ 76.20189367091929, 11.506545550070173 ], [ 76.240677611354073, 11.525355310865839 ], [ 76.252348719499636, 11.501019289331905 ], [ 76.247740238430893, 11.46634447755749 ], [ 76.265607068703645, 11.479947942077825 ], [ 76.273794130571844, 11.475443855159357 ], [ 76.285810618107703, 11.481306169623121 ], [ 76.296860850701194, 11.463120722541341 ], [ 76.305833587328053, 11.465671371592761 ], [ 76.328894778374377, 11.451568158294284 ], [ 76.34169698266038, 11.465589718754631 ], [ 76.398853845667631, 11.434973934163176 ], [ 76.41873288785365, 11.440639225130932 ], [ 76.416551928669762, 11.421867483749296 ], [ 76.456981477130967, 11.388558812250354 ], [ 76.518939721726952, 11.368410365910345 ], [ 76.518351692697323, 11.353888573538951 ], [ 76.54717908686392, 11.358921487191783 ], [ 76.548845506885939, 11.328300590131244 ], [ 76.537592259334758, 11.310778111603906 ], [ 76.549293098793129, 11.299700214511173 ], [ 76.531036096734255, 11.288522742752725 ], [ 76.522628145431455, 11.269262918646545 ], [ 76.455296227665727, 11.237628051521805 ], [ 76.44699463740433, 11.201707058066736 ] ] ] } },
{ "type": "Feature", "properties": { "district_id": "karnataka__mandya", "state": "Karnataka", "district": "Mandya", "area_km2": 4947.1, "point_lat": 12.6355, "point_lon": 76.7299 }, "geometry": { "type": "MultiPolygon", "coordinates": [ [ [ [ 76.673951735329808, 13.053940312475536 ], [ 76.694530362925065, 13.035197993126506 ], [ 76.762373289367133, 13.034697623877449 ], [ 76.783285912835183, 13.027048334698994 ], [ 76.787476115098514, 13.011749416476555 ], [ 76.810180597904392, 13.012099059096583 ], [ 76.815181284872054, 13.002465736371917 ], [ 76.827455915412116, 13.000253162637703 ], [ 76.852097627615308, 12.977327128055856 ], [ 76.839583140246987, 12.971459559885206 ], [ 76.839230413458381, 12.944290844645037 ], [ 76.864213129543714, 12.927783697940932 ], [ 76.890065826368001, 12.931316115533662 ], [ 76.893374074971064, 12.917534866597647 ], [ 76.875291951892876, 12.919737011920299 ], [ 76.864528434830092, 12.906668717578375 ], [ 76.871943938318509, 12.896960517189934 ], [ 76.887866732361388, 12.897881417013524 ], [ 76.89169399902012, 12.853306606874236 ], [ 76.925220418582526, 12.804360125794082 ], [ 76.971133077247231, 12.802525558173871 ], [ 76.997097930640791, 12.775823566811326 ], [ 77.011046615903993, 12.780945798440278 ], [ 77.008639697167013, 12.768683413443426 ], [ 77.018090899018304, 12.761895105290062 ], [ 77.045438611161089, 12.776161495805166 ], [ 77.051750848996136, 12.747530436569045 ], [ 77.069271853457508, 12.754925931057505 ], [ 77.081263473222592, 12.746083772331971 ], [ 77.074740795974648, 12.682427393280294 ], [ 77.098479892610044, 12.674910768626093 ], [ 77.101998898802023, 12.628681864363603 ], [ 77.124173345862289, 12.622686931022038 ], [ 77.11192993939035, 12.615219674665914 ], [ 77.108612116028311, 12.601196932926578 ], [ 77.130372822756726, 12.567740949064493 ], [ 77.129073951278897, 12.551565734897054 ], [ 77.11503361088036, 12.552968530778687 ], [ 77.130548197518991, 12.517768811774745 ], [ 77.126357265960252, 12.480437564424253 ], [ 77.147728733998562, 12.461632029514071 ], [ 77.16920561864454, 12.483505321548694 ], [ 77.178379522449589, 12.478369321915112 ], [ 77.200717835240155, 12.488048414565002 ], [ 77.210269014200392, 12.484694498086185 ], [ 77.22495925417131, 12.499703031612563 ], [ 77.239590259262954, 12.499149003558733 ], [ 77.239291263986956, 12.487261384735755 ], [ 77.227411509850484, 12.487897973879694 ], [ 77.226517626736836, 12.47509726973534 ], [ 77.234870060159324, 12.481696591222043 ], [ 77.238191089896532, 12.469180938149171 ], [ 77.269504990472512, 12.464934411178993 ], [ 77.27108209751529, 12.434642612647515 ], [ 77.284739673968986, 12.427893239679923 ], [ 77.287337658700054, 12.391895629354975 ], [ 77.314532491332159, 12.389940029799016 ], [ 77.328665222238158, 12.365606936766097 ], [ 77.333732765822958, 12.353122151192515 ], [ 77.322824696698135, 12.307091942068029 ], [ 77.30314022844442, 12.298131187438182 ], [ 77.27205901009745, 12.312604788950122 ], [ 77.22570147719442, 12.304548433891974 ], [ 77.166075991332576, 12.309074693173343 ], [ 77.170002519005578, 12.25949790845519 ], [ 77.11133370499229, 12.241546001410832 ], [ 77.107094721701742, 12.220287552987568 ], [ 77.088523077648219, 12.21871190661547 ], [ 77.075221724165047, 12.236937168149197 ], [ 77.03532695131311, 12.233415534404006 ], [ 77.024930207356874, 12.242411197089272 ], [ 76.999758441828973, 12.243675149125325 ], [ 76.990411374660624, 12.256862869790378 ], [ 76.991813967703209, 12.286734230523949 ], [ 76.973120381804705, 12.289641114726981 ], [ 76.97645417591923, 12.30595094253961 ], [ 76.989685993981453, 12.300608464899065 ], [ 76.998051606430323, 12.308784144108087 ], [ 76.985417306466161, 12.328568734137388 ], [ 76.978549169195333, 12.32651932839623 ], [ 76.977353020238155, 12.352372803590251 ], [ 76.955253067602087, 12.355061688422337 ], [ 76.955892546127856, 12.327958066008286 ], [ 76.923996831299831, 12.32452483849146 ], [ 76.923911346772513, 12.350417556982883 ], [ 76.939360976085766, 12.354002309725464 ], [ 76.94026501441742, 12.37581926927605 ], [ 76.919979621628102, 12.441537765975939 ], [ 76.904921310734323, 12.435051770757429 ], [ 76.89688446848217, 12.40841104548722 ], [ 76.865036508244373, 12.397531814611321 ], [ 76.855807850738302, 12.407619770265892 ], [ 76.83592841072209, 12.402293699560211 ], [ 76.835909884126266, 12.384086644208933 ], [ 76.818205355074838, 12.386142196699211 ], [ 76.805608022278292, 12.354759641741866 ], [ 76.78859334075328, 12.345939355055405 ], [ 76.771217288874325, 12.35005243873721 ], [ 76.758033344565334, 12.301812046974096 ], [ 76.733018146759861, 12.319312386838895 ], [ 76.731755852799438, 12.340668197860323 ], [ 76.719713585651078, 12.354963607969125 ], [ 76.700719547396929, 12.350139111169794 ], [ 76.681391835810771, 12.366677471298877 ], [ 76.686292117208666, 12.390255994261537 ], [ 76.665293362577899, 12.3860285726943 ], [ 76.650980160224208, 12.395462789790363 ], [ 76.625147381241618, 12.367598942114018 ], [ 76.599975224248752, 12.365024230716685 ], [ 76.580631891473928, 12.348747411369109 ], [ 76.565081478083144, 12.351903016622416 ], [ 76.565942400332332, 12.378459424971844 ], [ 76.5573161838321, 12.391030797349195 ], [ 76.568247291076929, 12.424522738510985 ], [ 76.5007017458273, 12.451163542649811 ], [ 76.49848815217787, 12.461465360668953 ], [ 76.458062586219356, 12.478472149355758 ], [ 76.451245222510963, 12.487265515511567 ], [ 76.452960718710941, 12.507688060513926 ], [ 76.441248141219489, 12.511759366978453 ], [ 76.42429344761706, 12.535730821590047 ], [ 76.426673896451035, 12.544095796790474 ], [ 76.413544564591461, 12.555782531685887 ], [ 76.392049080544908, 12.552617885062386 ], [ 76.396536031204334, 12.571706506254227 ], [ 76.381090263748021, 12.574741525002173 ], [ 76.365933393614199, 12.61006116540031 ], [ 76.36637935021929, 12.628506786489188 ], [ 76.345076325908209, 12.656021883950469 ], [ 76.365434494738182, 12.706907929302805 ], [ 76.348234863912893, 12.719729953316357 ], [ 76.344695437491083, 12.732077756620557 ], [ 76.347385680339727, 12.742978119433262 ], [ 76.358950798409495, 12.748512679938251 ], [ 76.345603308639966, 12.765584211293106 ], [ 76.352603208697175, 12.771093835316545 ], [ 76.351890248353826, 12.785792391820175 ], [ 76.337614485291354, 12.787854920573203 ], [ 76.331565005673198, 12.806654740908659 ], [ 76.338664753074482, 12.812632293673339 ], [ 76.373341717876002, 12.809748737402559 ], [ 76.370958015568249, 12.82631043957489 ], [ 76.386500070445123, 12.832761655164756 ], [ 76.390326859640396, 12.845574196528162 ], [ 76.411708910030541, 12.845802355184174 ], [ 76.412495049823434, 12.866087912052484 ], [ 76.429541855846907, 12.851604742648069 ], [ 76.427930815605265, 12.825211188657786 ], [ 76.44596028472202, 12.822394912732239 ], [ 76.459806643974133, 12.803030804966239 ], [ 76.470484941266903, 12.802112355500746 ], [ 76.458189860381253, 12.780083722591417 ], [ 76.477890341420704, 12.77223844596938 ], [ 76.491209523766074, 12.785085855329537 ], [ 76.499081759075011, 12.769068287577948 ], [ 76.499268233403001, 12.804684362140213 ], [ 76.493012202692896, 12.8079241711525 ], [ 76.502403681173618, 12.821225893307158 ], [ 76.516705154990689, 12.824663048287576 ], [ 76.522647163274115, 12.84124835668352 ], [ 76.576917166839749, 12.847892051840377 ], [ 76.579586296579606, 12.869242051289516 ], [ 76.596525386848384, 12.880245300017959 ], [ 76.596650919944906, 12.920218619470011 ], [ 76.605411325728085, 12.936901446953341 ], [ 76.618619887303339, 12.943133706835338 ], [ 76.612997408209793, 12.965503123054555 ], [ 76.632347190573995, 12.971890600549886 ], [ 76.631912549506211, 13.005630003083715 ], [ 76.65293324314851, 13.006522096017356 ], [ 76.673951735329808, 13.053940312475536 ] ], [ [ 77.310178987107832, 12.358529745687738 ], [ 77.305885701876548, 12.361463412726339 ], [ 77.302190140875879, 12.353528284258338 ], [ 77.310178987107832, 12.358529745687738 ] ], [ [ 77.286803342386662, 12.353809497948026 ], [ 77.291730556474718, 12.361720830012967 ], [ 77.288610003525562, 12.360968148761568 ], [ 77.286803342386662, 12.353809497948026 ] ] ], [ [ [ 76.984419551783589, 12.256608097775976 ], [ 76.970819727302228, 12.257531942195248 ], [ 76.971530977967518, 12.274381044874055 ], [ 76.981385404842044, 12.271887171798609 ], [ 76.984419551783589, 12.256608097775976 ] ] ], [ [ [ 76.913912056986433, 12.357460636397677 ], [ 76.89558212644134, 12.358608177170087 ], [ 76.897794484285726, 12.371491597727253 ], [ 76.91155718576465, 12.382245221122126 ], [ 76.923533685795775, 12.379006785977177 ], [ 76.913912056986433, 12.357460636397677 ] ] ] ] } },
{ "type": "Feature", "properties": { "district_id": "assam__marigaon", "state": "Assam", "district": "Marigaon", "area_km2": 1545.9, "point_lat": 26.2868, "point_lon": 92.2915 }, "geometry": { "type": "Polygon", "coordinates": [ [ [ 92.402341743662092, 26.138158020642258 ], [ 92.391723113814763, 26.140668819917163 ], [ 92.373686868105906, 26.130688362480782 ], [ 92.357659029517833, 26.110207577672657 ], [ 92.320167664605435, 26.091356478630651 ], [ 92.314193564246608, 26.07427288593766 ], [ 92.299278647496266, 26.077391798870703 ], [ 92.275670807393325, 26.063283538093941 ], [ 92.243179159550223, 26.060842458235388 ], [ 92.214049399744567, 26.069305133218652 ], [ 92.182515871941291, 26.066877723261175 ], [ 92.170285269486612, 26.091659805490195 ], [ 92.165062378623873, 26.148179827436582 ], [ 92.170375911701214, 26.163356163467238 ], [ 92.149477716118483, 26.162526990185221 ], [ 92.131950985135475, 26.178431492914019 ], [ 92.110865879304299, 26.171055719568155 ], [ 92.083918533512303, 26.177571154208891 ], [ 92.094455120267995, 26.187773588368945 ], [ 92.083863477097623, 26.185636245159465 ], [ 92.048514305497633, 26.213363103657453 ], [ 92.046034358709463, 26.199331405138228 ], [ 92.034484819901394, 26.207693443690591 ], [ 92.026402919390648, 26.200510983502671 ], [ 91.999908452578879, 26.204441923447256 ], [ 91.961951701194153, 26.22771294444539 ], [ 91.955978736127591, 26.253707479709956 ], [ 91.984358226964687, 26.274843932181067 ], [ 91.992031344767113, 26.268922415946417 ], [ 92.017367473008989, 26.279896565391418 ], [ 92.032857786961756, 26.269815792663035 ], [ 92.045573295570946, 26.275435071558896 ], [ 92.086169203781267, 26.336947443201701 ], [ 92.103825224039824, 26.343125758057994 ], [ 92.165130437312797, 26.416895557805848 ], [ 92.189515793271298, 26.423523499174479 ], [ 92.217477232495753, 26.414745764560493 ], [ 92.249812648394766, 26.447640317474175 ], [ 92.282177324858296, 26.453877579700645 ], [ 92.347795583428876, 26.505809319857804 ], [ 92.365616262210963, 26.505244274842919 ], [ 92.38575680346824, 26.516993989328324 ], [ 92.424877728266793, 26.516746555889764 ], [ 92.442659798815839, 26.484567601939744 ], [ 92.434166497403524, 26.418281533098124 ], [ 92.442056118300144, 26.405066777581478 ], [ 92.530436410405187, 26.371998486288195 ], [ 92.551448305066515, 26.360485152074514 ], [ 92.558244382038467, 26.347481553175559 ], [ 92.506778963061976, 26.255969686723034 ], [ 92.438449381002201, 26.242962181256583 ], [ 92.402341743662092, 26.138158020642258 ] ] ] } },
{ "type": "Feature", "properties": { "district_id": "maharashtra__mumbai", "state": "Maharashtra", "district": "Mumbai", "area_km2": 149.3, "point_lat": 18.95, "point_lon": 72.8651 }, "geometry": { "type": "Polygon", "coordinates": [ [ [ 72.880362279241908, 18.984392330947067 ], [ 72.912194061935736, 18.963776513398027 ], [ 72.909759732517657, 18.938681443625182 ], [ 72.86953201736506, 18.910835105168662 ], [ 72.840019400928128, 18.84534277433929 ], [ 72.805684834110679, 18.90460497143037 ], [ 72.822276938368901, 18.943148463293948 ], [ 72.812807131344542, 18.951537475825301 ], [ 72.787649227104964, 18.939476874391975 ], [ 72.807885210980402, 18.98014317967127 ], [ 72.8132898709637, 19.014378531793941 ], [ 72.820199787334204, 19.018710089674691 ], [ 72.817682120204566, 19.032536954824415 ], [ 72.859400530664672, 19.05473442100946 ], [ 72.868478148240968, 19.051697281194151 ], [ 72.877105996030494, 19.04565969551858 ], [ 72.871248143185198, 19.022466605748235 ], [ 72.884654951043018, 19.012667489149035 ], [ 72.880362279241908, 18.984392330947067 ] ] ] } },
{ "type": "Feature", "properties": { "district_id": "maharashtra__mumbai_suburban", "state": "Maharashtra", "district": "Mumbai Suburban", "area_km2": 452.6, "point_lat": 19.124, "point_lon": 72.9004 }, "geometry": { "type": "Polygon", "coordinates": [ [ [ 72.958587450463284, 18.987335326771678 ], [ 72.882425854395635, 18.981198806027795 ], [ 72.884654951043018, 19.012667489149035 ], [ 72.871248143185198, 19.022466605748235 ], [ 72.877105996030494, 19.04565969551858 ], [ 72.859400530664672, 19.05473442100946 ], [ 72.817682120204566, 19.032536954824415 ], [ 72.825785439232021, 19.124471266366076 ], [ 72.817738158357884, 19.122527650438794 ], [ 72.806706361121456, 19.137375160485597 ], [ 72.799766784272038, 19.137486184414392 ], [ 72.795200765131725, 19.124643788354149 ], [ 72.783634863369784, 19.125174714166395 ], [ 72.787690428603042, 19.14540278671905 ], [ 72.779967267088921, 19.156305017117145 ], [ 72.794637310483552, 19.18275093754702 ], [ 72.778989863688039, 19.216130209414718 ], [ 72.781523272590377, 19.263248622228772 ], [ 72.800334502729882, 19.260956659618238 ], [ 72.824787745273298, 19.244676611484881 ], [ 72.835255789671166, 19.249281529731213 ], [ 72.838083841415965, 19.263856475144319 ], [ 72.856477654602784, 19.269217351404912 ], [ 72.907613880559097, 19.246755004776208 ], [ 72.937263711754738, 19.205038433631465 ], [ 72.937335087681262, 19.189713381874064 ], [ 72.971138309988234, 19.176744303669846 ], [ 72.983350635884719, 19.151310766460888 ], [ 72.967761978884511, 19.093550814528168 ], [ 72.979183754704025, 19.041035913021283 ], [ 72.958587450463284, 18.987335326771678 ] ] ] } },
{ "type": "Feature", "properties": { "district_id": "karnataka__mysore", "state": "Karnataka", "district": "Mysore", "area_km2": 6307.6, "point_lat": 12.1965, "point_lon": 76.6121 }, "geometry": { "type": "Polygon", "coordinates": [ [ [ 77.113094977417276, 12.242319220464449 ], [ 77.134920909654397, 12.227417176399781 ], [ 77.131897241625822, 12.204861361935682 ], [ 77.108888161012629, 12.18958348310662 ], [ 77.082371303255087, 12.188503715258516 ], [ 77.06635153607003, 12.173090862197284 ], [ 77.046332168887204, 12.168885526888163 ], [ 77.042409453827204, 12.128972103937928 ], [ 77.035923174465296, 12.140398741817496 ], [ 77.014644678808679, 12.139505026061533 ], [ 77.014209339936201, 12.163973891442334 ], [ 77.00501615358192, 12.160259084710434 ], [ 76.993941967291462, 12.175563727921336 ], [ 76.989121609241181, 12.143847956863523 ], [ 76.975389131466315, 12.121069120228785 ], [ 76.968753803764656, 12.122283559211091 ], [ 76.972850790816992, 12.115415936792191 ], [ 76.947257546110194, 12.098074649454373 ], [ 76.923693204152116, 12.113645635836487 ], [ 76.906081068125658, 12.113175772933728 ], [ 76.904517457139207, 12.121541341381826 ], [ 76.893446615913561, 12.119946769883564 ], [ 76.877995716674988, 12.133519706747744 ], [ 76.869578949204936, 12.168834176290957 ], [ 76.857556859386534, 12.184740619756086 ], [ 76.847883441504749, 12.165919291255301 ], [ 76.853912761653021, 12.159186768599934 ], [ 76.843151810857208, 12.155969103355094 ], [ 76.8329865635244, 12.130724779835083 ], [ 76.847124903438711, 12.114508714760209 ], [ 76.874910059409203, 12.115659792320667 ], [ 76.883606014046109, 12.084060109596113 ], [ 76.872020308254548, 12.064753627903428 ], [ 76.857443326505049, 12.060190291084528 ], [ 76.892531163535111, 12.058427984324647 ], [ 76.892773888576968, 12.047597815152308 ], [ 76.911663041834828, 12.039790019959892 ], [ 76.919016038562361, 12.026766260718567 ], [ 76.939473399581303, 12.0266634870225 ], [ 76.934833703233224, 12.012479817622536 ], [ 76.905031666910077, 11.995768533156749 ], [ 76.889141697564, 11.996868415428761 ], [ 76.884894541371139, 12.014471100762796 ], [ 76.865252099662342, 12.007000132360172 ], [ 76.860811877868301, 11.996520583888996 ], [ 76.844392043249542, 11.996701173665874 ], [ 76.824085303295305, 12.010426040287554 ], [ 76.821408805851064, 12.027159817563767 ], [ 76.813747399468866, 12.029246636184492 ], [ 76.792931921893128, 12.009099329439865 ], [ 76.799848649005241, 11.987586934305511 ], [ 76.789681405362003, 11.983116230839158 ], [ 76.746618844235741, 12.001102159699451 ], [ 76.744923494407658, 12.010814181424585 ], [ 76.716624687595043, 11.98190995150035 ], [ 76.706992819507533, 11.982049733267463 ], [ 76.699666622088515, 11.99704774006187 ], [ 76.65783606913503, 12.008897116205887 ], [ 76.643896490940989, 11.982298996182635 ], [ 76.612456785538768, 11.989231845613888 ], [ 76.578365900205938, 11.984538728374305 ], [ 76.560168955403029, 11.94546558181551 ], [ 76.576538449546135, 11.921126136314989 ], [ 76.557791532997783, 11.889809235656498 ], [ 76.555425859319556, 11.855910746490103 ], [ 76.534074616222981, 11.87073593953869 ], [ 76.490953855544646, 11.858404203036464 ], [ 76.492179365346658, 11.820806383699166 ], [ 76.470022318805988, 11.816832529746419 ], [ 76.461997610036335, 11.7902888093528 ], [ 76.412559920505203, 11.810981308650236 ], [ 76.42890103600962, 11.791721580634039 ], [ 76.415186313039115, 11.7873184640743 ], [ 76.423393704812128, 11.774442487000842 ], [ 76.412062962440146, 11.756792702364496 ], [ 76.342410601544415, 11.737437237756843 ], [ 76.317810540834088, 11.7506231898907 ], [ 76.307162906267848, 11.782879953703571 ], [ 76.290754322468558, 11.791551795967186 ], [ 76.279053846968878, 11.810201989307696 ], [ 76.251348180746291, 11.801921782920694 ], [ 76.225367409467566, 11.806606829910004 ], [ 76.212263758061013, 11.826118147576491 ], [ 76.207550584974157, 11.860643423760957 ], [ 76.190619830134409, 11.870240249956934 ], [ 76.155871840686814, 11.867424324084084 ], [ 76.122881126237857, 11.849395932632678 ], [ 76.114377928293749, 11.857515108642717 ], [ 76.113967851377737, 11.97694108608639 ], [ 76.128903037183008, 11.983896133198408 ], [ 76.156000418470867, 12.018917046342985 ], [ 76.186380271390021, 12.034430497531803 ], [ 76.189307433968011, 12.052185394202191 ], [ 76.178330482954408, 12.073097429893705 ], [ 76.177718264073249, 12.100794977384213 ], [ 76.144509875417597, 12.15646718218016 ], [ 76.133482938903924, 12.192542745387726 ], [ 76.106604758346876, 12.194448208587797 ], [ 76.06225083824279, 12.249841920914301 ], [ 76.023142974037697, 12.251759422191121 ], [ 76.015645958805408, 12.289097995724539 ], [ 75.999970490642497, 12.305542801677159 ], [ 75.999972763536931, 12.325040090108798 ], [ 75.961744980423475, 12.345032443407817 ], [ 75.934546176542042, 12.377647768073929 ], [ 75.915913297804479, 12.38469218345203 ], [ 75.91131677642953, 12.401737828629257 ], [ 75.930708104057445, 12.437283614108306 ], [ 75.956585613385371, 12.449315268904808 ], [ 75.975005902440316, 12.447902967859143 ], [ 75.969580258818581, 12.480490596627533 ], [ 75.961670468623453, 12.487858345882787 ], [ 75.963950909419651, 12.502932018657214 ], [ 75.976808917155992, 12.517507598265469 ], [ 75.99780207349788, 12.523655696671621 ], [ 75.988585170240526, 12.541143337803188 ], [ 76.002097249722993, 12.543574136112433 ], [ 75.996316185450382, 12.558547026931455 ], [ 76.0148591436663, 12.553122431123724 ], [ 76.025671178429604, 12.573702415762265 ], [ 76.047553416802828, 12.574648689212562 ], [ 76.05243733843534, 12.553019776329052 ], [ 76.068751438550592, 12.554383872157569 ], [ 76.081020652872766, 12.542419564901895 ], [ 76.091829056592204, 12.543634880957494 ], [ 76.089209804182332, 12.535716410777031 ], [ 76.100821672868264, 12.534540151006706 ], [ 76.116371725761155, 12.512048650101265 ], [ 76.119455690301407, 12.526581489697726 ], [ 76.137185421459947, 12.527107736108682 ], [ 76.153513243325961, 12.544617684467715 ], [ 76.15800810337241, 12.562565463553138 ], [ 76.152783676811964, 12.569947414190898 ], [ 76.159941447773292, 12.575696062511751 ], [ 76.19671265798361, 12.575560988211231 ], [ 76.198581113816815, 12.600245198134276 ], [ 76.217613342202853, 12.616990836396145 ], [ 76.209620994820838, 12.629098593498506 ], [ 76.222216822000732, 12.642234172672657 ], [ 76.242368096277545, 12.638544630719682 ], [ 76.249794398844628, 12.625562659791065 ], [ 76.269522628460962, 12.61882076225643 ], [ 76.270287537871525, 12.629062442796618 ], [ 76.277990364988071, 12.630683054123043 ], [ 76.28347041825252, 12.617902628427986 ], [ 76.294718209615326, 12.617345382390498 ], [ 76.300876474438653, 12.631232114690782 ], [ 76.304130446402894, 12.622037389109975 ], [ 76.31125372823216, 12.623191155256745 ], [ 76.310949794482923, 12.609971640875631 ], [ 76.322897631955513, 12.609647382171639 ], [ 76.33195042494259, 12.614794191878051 ], [ 76.323974152449509, 12.63309940848948 ], [ 76.345076325908209, 12.656021883950469 ], [ 76.36637935021929, 12.628506786489188 ], [ 76.365933393614199, 12.61006116540031 ], [ 76.381090263748021, 12.574741525002173 ], [ 76.396536031204334, 12.571706506254227 ], [ 76.392049080544908, 12.552617885062386 ], [ 76.413544564591461, 12.555782531685887 ], [ 76.426673896451035, 12.544095796790474 ], [ 76.42429344761706, 12.535730821590047 ], [ 76.441248141219489, 12.511759366978453 ], [ 76.452960718710941, 12.507688060513926 ], [ 76.45277883866801, 12.483270102558384 ], [ 76.49848815217787, 12.461465360668953 ], [ 76.5007017458273, 12.451163542649811 ], [ 76.568247291076929, 12.424522738510985 ], [ 76.5573161838321, 12.391030797349195 ], [ 76.565942400332332, 12.378459424971844 ], [ 76.562043168433306, 12.36225024002791 ], [ 76.568688073761962, 12.349029104099769 ], [ 76.580631891473928, 12.348747411369109 ], [ 76.599975224248752, 12.365024230716685 ], [ 76.625147381241618, 12.367598942114018 ], [ 76.650980160224208, 12.395462789790363 ], [ 76.665293362577899, 12.3860285726943 ], [ 76.686292117208666, 12.390255994261537 ], [ 76.681391835810771, 12.366677471298877 ], [ 76.700719547396929, 12.350139111169794 ], [ 76.719713585651078, 12.354963607969125 ], [ 76.731755852799438, 12.340668197860323 ], [ 76.733018146759861, 12.319312386838895 ], [ 76.758033344565334, 12.301812046974096 ], [ 76.771217288874325, 12.35005243873721 ], [ 76.78859334075328, 12.345939355055405 ], [ 76.805608022278292, 12.354759641741866 ], [ 76.818205355074838, 12.386142196699211 ], [ 76.835909884126266, 12.384086644208933 ], [ 76.83592841072209, 12.402293699560211 ], [ 76.855807850738302, 12.407619770265892 ], [ 76.865036508244373, 12.397531814611321 ], [ 76.89688446848217, 12.40841104548722 ], [ 76.904921310734323, 12.435051770757429 ], [ 76.919979621628102, 12.441537765975939 ], [ 76.94026501441742, 12.37581926927605 ], [ 76.939360976085766, 12.354002309725464 ], [ 76.923911346772513, 12.350417556982883 ], [ 76.923996831299831, 12.32452483849146 ], [ 76.955892546127856, 12.327958066008286 ], [ 76.955253067602087, 12.355061688422337 ], [ 76.977353020238155, 12.352372803590251 ], [ 76.978549169195333, 12.32651932839623 ], [ 76.985417306466161, 12.328568734137388 ], [ 76.998051606430323, 12.308784144108087 ], [ 76.989685993981453, 12.300608464899065 ], [ 76.97645417591923, 12.30595094253961 ], [ 76.973120381804705, 12.289641114726981 ], [ 76.991813967703209, 12.286734230523949 ], [ 76.990411374660624, 12.256862869790378 ], [ 76.999758441828973, 12.243675149125325 ], [ 77.024930207356874, 12.242411197089272 ], [ 77.03532695131311, 12.233415534404006 ], [ 77.075221724165047, 12.236937168149197 ], [ 77.088523077648219, 12.21871190661547 ], [ 77.107094721701742, 12.220287552987568 ], [ 77.113094977417276, 12.242319220464449 ] ], [ [ 76.984419551783589, 12.256608097775976 ], [ 76.981385404842044, 12.271887171798609 ], [ 76.971530977967518, 12.274381044874055 ], [ 76.970819727302228, 12.257531942195248 ], [ 76.984419551783589, 12.256608097775976 ] ], [ [ 76.913912056986433, 12.357460636397677 ], [ 76.923533685795775, 12.379006785977177 ], [ 76.91155718576465, 12.382245221122126 ], [ 76.897794484285726, 12.371491597727253 ], [ 76.89558212644134, 12.358608177170087 ], [ 76.913912056986433, 12.357460636397677 ] ] ] } },
{ "type": "Feature", "properties": { "district_id": "assam__nagaon", "state": "Assam", "district": "Nagaon", "area_km2": 3994.3, "point_lat": 26.2046, "point_lon": 92.6115 }, "geometry": { "type": "Polygon", "coordinates": [ [ [ 93.304495444381175, 26.578241852282218 ], [ 93.253962465617846, 26.568094560580786 ], [ 93.239746574079689, 26.551643233070386 ], [ 93.260630545800737, 26.550490629184729 ], [ 93.251919884605897, 26.545050125572757 ], [ 93.265874349733494, 26.537482538029604 ], [ 93.26093951336145, 26.530437738792667 ], [ 93.279126774490592, 26.54196351318458 ], [ 93.272399758064026, 26.527251856276369 ], [ 93.295251704326361, 26.517363588862466 ], [ 93.295166597790029, 26.502303825648646 ], [ 93.287240231471415, 26.516419627135924 ], [ 93.26936838650056, 26.505768661135434 ], [ 93.275979278679429, 26.518753818267374 ], [ 93.25178873616197, 26.520739201562574 ], [ 93.237473124517948, 26.535190420993608 ], [ 93.215323085789223, 26.528877425356889 ], [ 93.219379336081758, 26.50718207687969 ], [ 93.197560989630304, 26.535501325666139 ], [ 93.166746627142658, 26.521651046534899 ], [ 93.213936376159367, 26.556027051959848 ], [ 93.189256313821858, 26.567460288565197 ], [ 93.158081406380447, 26.547500863072461 ], [ 93.146187437863531, 26.553711710720119 ], [ 93.121040225344274, 26.529044607111114 ], [ 93.093441773643136, 26.543349549445452 ], [ 93.047045322769392, 26.535404748129672 ], [ 93.052493648422697, 26.526415318636449 ], [ 93.015406585828998, 26.504087907435139 ], [ 93.008841458612778, 26.493713134554032 ], [ 93.012485040662057, 26.482090450805138 ], [ 93.022642859256521, 26.477470442851775 ], [ 93.072071331661959, 26.489254342850554 ], [ 93.071809555133868, 26.500323237732204 ], [ 93.076032394430015, 26.492367918212299 ], [ 93.093173260141015, 26.500025055391404 ], [ 93.067945047210898, 26.477490404446133 ], [ 93.093583036534014, 26.46825294787897 ], [ 93.09304827524393, 26.459074636165951 ], [ 93.10589831086925, 26.459875993529778 ], [ 93.110501152939619, 26.466902240002245 ], [ 93.102446645067829, 26.472372513771532 ], [ 93.124327417784386, 26.481794457216058 ], [ 93.121443807654998, 26.493966404293158 ], [ 93.128528765812163, 26.497144112025502 ], [ 93.132560919161591, 26.480520139104719 ], [ 93.140543774469037, 26.483945072308007 ], [ 93.115508498658301, 26.471936102986223 ], [ 93.131561841634053, 26.464379104771577 ], [ 93.109585952010718, 26.44921608912005 ], [ 93.118913472548826, 26.44055291120528 ], [ 93.10230457224479, 26.432225987613791 ], [ 93.109441929651055, 26.442678968524799 ], [ 93.103524248544801, 26.446473610889303 ], [ 93.076411502712517, 26.433760350243684 ], [ 93.081084116546677, 26.428888681190461 ], [ 93.097676398003529, 26.434498841904116 ], [ 93.067855945718833, 26.416547753093418 ], [ 93.052546431009219, 26.414582284585922 ], [ 93.056903028731838, 26.424189284813234 ], [ 93.047305760050804, 26.437425033942773 ], [ 93.024798178452144, 26.421376291088588 ], [ 92.98136051697864, 26.421273498593177 ], [ 92.952201684401743, 26.396296075152204 ], [ 92.942418057475066, 26.401874060662944 ], [ 92.914761731419802, 26.39229690969481 ], [ 92.905265712620974, 26.399197128903637 ], [ 92.885345749901987, 26.37934140148187 ], [ 92.928946134861476, 26.380352139765204 ], [ 92.914117697144192, 26.35724640656797 ], [ 92.943412612497085, 26.350785968172545 ], [ 92.944102083680463, 26.326647637623804 ], [ 92.901883978103498, 26.307691515798947 ], [ 92.895811358368121, 26.290634167192145 ], [ 92.8843817129965, 26.285515134740592 ], [ 92.850245079297181, 26.304271377393476 ], [ 92.841421436758893, 26.280474629254996 ], [ 92.821929908443323, 26.265166528455811 ], [ 92.818320135580819, 26.238352804307873 ], [ 92.829085391917019, 26.223527771729522 ], [ 92.820844761019657, 26.215065839602332 ], [ 92.799573035811036, 26.221498348219409 ], [ 92.797346652865755, 26.206245915778261 ], [ 92.85161591003525, 26.201440549710654 ], [ 92.884428929985617, 26.20836463207257 ], [ 92.94433704303043, 26.200755368630958 ], [ 92.958286066478905, 26.173367701181622 ], [ 92.932762821693956, 26.144984438838737 ], [ 92.937667875308264, 26.138229997535827 ], [ 92.960216146098105, 26.138765590222313 ], [ 93.011722567896328, 26.111158266045546 ], [ 93.038906442464466, 26.106494632116021 ], [ 93.045966275842218, 26.085931671501751 ], [ 93.108293455434975, 26.074991719488938 ], [ 93.096469878281312, 26.031967387352481 ], [ 93.119564161672955, 26.034474625392235 ], [ 93.142975324329143, 26.017310871899603 ], [ 93.160179128067796, 25.99043851901974 ], [ 93.161998584647506, 25.965823349175345 ], [ 93.175171458479085, 25.949907284567939 ], [ 93.187954967479385, 25.902263624901153 ], [ 93.245267146166043, 25.836734097491444 ], [ 93.252099952610607, 25.786665263010576 ], [ 93.23517345972428, 25.763916652460004 ], [ 93.222994263597371, 25.7252148995954 ], [ 93.185045332677348, 25.729466919071889 ], [ 93.169975257914601, 25.716869201504895 ], [ 93.14513833624477, 25.712903884827298 ], [ 93.15109521855166, 25.737520431034646 ], [ 93.130343965961785, 25.750087388859598 ], [ 93.13158670959136, 25.761188545422069 ], [ 93.108991955137199, 25.774194460825015 ], [ 93.088109443752757, 25.77159038554597 ], [ 93.081521412044495, 25.763162759089493 ], [ 93.071170212424263, 25.766872411003813 ], [ 93.07799613920028, 25.781689633071284 ], [ 93.063499676647979, 25.783719298742554 ], [ 93.034815972238533, 25.808384799265902 ], [ 92.987173444807439, 25.875133298016966 ], [ 92.872059028603061, 25.866411602619195 ], [ 92.849516234372786, 25.904687846852084 ], [ 92.859224383271211, 25.92182345926199 ], [ 92.837705898865167, 25.913282215270662 ], [ 92.820627118137423, 25.923146428257603 ], [ 92.805177285538321, 25.918631892098073 ], [ 92.794305928246786, 25.936384535472218 ], [ 92.798467234163539, 25.954108860927036 ], [ 92.809955961758931, 25.954271222142438 ], [ 92.80648354897491, 25.960276321441778 ], [ 92.771064644130448, 25.952759774918018 ], [ 92.765233787308006, 25.964043557725308 ], [ 92.77232851397163, 25.989213771620154 ], [ 92.76395337320595, 25.990053906201556 ], [ 92.780709343705482, 25.99665973038179 ], [ 92.762221690894904, 26.000589501868401 ], [ 92.784785665338077, 26.009425019765551 ], [ 92.760306576472701, 26.016428845750529 ], [ 92.765544321924196, 26.030129202198243 ], [ 92.749456786779007, 26.040289703986037 ], [ 92.75670008667683, 26.05247689266745 ], [ 92.752687120870704, 26.061041604612651 ], [ 92.7194161254248, 26.056619833954095 ], [ 92.713989562955291, 26.018074446860513 ], [ 92.670867373506084, 26.028009453431839 ], [ 92.658619868457976, 26.019214642806745 ], [ 92.658436153366281, 25.998606215730025 ], [ 92.57328889562578, 25.960679735374981 ], [ 92.552230885048374, 25.970127170104572 ], [ 92.572830143056763, 26.011744828589137 ], [ 92.594789335409956, 26.021838052404725 ], [ 92.583251025836404, 26.034729614423593 ], [ 92.599275531581853, 26.076108235261852 ], [ 92.578966875318159, 26.094169603768965 ], [ 92.575864294240077, 26.113748248133799 ], [ 92.556541472643076, 26.113276173003978 ], [ 92.536097149472837, 26.095601301987255 ], [ 92.523401568799926, 26.101661744037134 ], [ 92.530605249554029, 26.142848576776146 ], [ 92.522930383898029, 26.150106782844329 ], [ 92.511378144197025, 26.141102126951932 ], [ 92.50002126240156, 26.14885813450638 ], [ 92.478408516458515, 26.141642003098557 ], [ 92.47118299941647, 26.146261697911051 ], [ 92.431860181380088, 26.110283990015628 ], [ 92.421873796165627, 26.118469775243483 ], [ 92.406053942964775, 26.117708583752311 ], [ 92.415007527020677, 26.133300369351918 ], [ 92.402341743662092, 26.138158020642258 ], [ 92.432618165183868, 26.234915142070363 ], [ 92.438449381002201, 26.242962181256583 ], [ 92.506778963061976, 26.255969686723034 ], [ 92.558244382038467, 26.347481553175559 ], [ 92.551448305066515, 26.360485152074514 ], [ 92.530436410405187, 26.371998486288195 ], [ 92.442056118300144, 26.405066777581478 ], [ 92.434166497403524, 26.418281533098124 ], [ 92.442659798815839, 26.484567601939744 ], [ 92.424877728266793, 26.516746555889764 ], [ 92.453505238230761, 26.518472255610867 ], [ 92.459981129918305, 26.502537016565057 ], [ 92.475367542024742, 26.495395077619587 ], [ 92.528967117592785, 26.509187824192018 ], [ 92.58097072294666, 26.500003108025521 ], [ 92.666148584505478, 26.520183240435202 ], [ 92.687742552477189, 26.508591738756422 ], [ 92.727008564984871, 26.535149985023399 ], [ 92.730101156423046, 26.520751073071615 ], [ 92.755632628591513, 26.51170995226602 ], [ 92.773673983183954, 26.556209366183374 ], [ 92.802114893791511, 26.558508041179813 ], [ 92.842611076876054, 26.583160866092964 ], [ 92.871192961345429, 26.582222340458905 ], [ 92.896650176513475, 26.595448627921048 ], [ 92.9194134111072, 26.595891149699209 ], [ 92.953637266803369, 26.618426664258237 ], [ 92.990730247542871, 26.613187457741372 ], [ 93.009060586312756, 26.598230319315956 ], [ 93.074368974729083, 26.594539688523028 ], [ 93.11548066686602, 26.574465114805317 ], [ 93.173709755903275, 26.609670881844472 ], [ 93.218166793460369, 26.625466242089246 ], [ 93.246885901600947, 26.683689901082726 ], [ 93.275809845961845, 26.682567249114367 ], [ 93.298489770267736, 26.698346261100141 ], [ 93.30925188676099, 26.698105074888595 ], [ 93.321714795375399, 26.67881128875624 ], [ 93.311653395486445, 26.668768963880101 ], [ 93.322406920262978, 26.656976872220014 ], [ 93.316591489324765, 26.640102518189689 ], [ 93.288419486927879, 26.634902581357373 ], [ 93.302369139085698, 26.604827418323563 ], [ 93.296462074321298, 26.586056890378146 ], [ 93.304495444381175, 26.578241852282218 ] ] ] } },
{ "type": "Feature", "properties": { "district_id": "maharashtra__nagpur", "state": "Maharashtra", "district": "Nagpur", "area_km2": 9924.1, "point_lat": 21.1493, "point_lon": 79.0181 }, "geometry": { "type": "Polygon", "coordinates": [ [ [ 79.511887524488159, 21.589401419313919 ], [ 79.543641793246493, 21.568181119875739 ], [ 79.542714229830324, 21.543442039625752 ], [ 79.514229244532061, 21.534128901096782 ], [ 79.48575857110049, 21.502002885278269 ], [ 79.459330482641178, 21.460671916718301 ], [ 79.4493025467998, 21.456517346462775 ], [ 79.450495979738136, 21.43494595939741 ], [ 79.460421354204612, 21.425935700808598 ], [ 79.483280387173309, 21.427324998992347 ], [ 79.487885898165729, 21.398665679214687 ], [ 79.500350563693331, 21.397557308643538 ], [ 79.526449391946315, 21.354722278115695 ], [ 79.556918124267341, 21.330298504244077 ], [ 79.556026670870565, 21.306244393544088 ], [ 79.568084636723086, 21.299021582044841 ], [ 79.576718841955184, 21.277433573000042 ], [ 79.553178835562463, 21.206153346327064 ], [ 79.562961251160019, 21.187080580710802 ], [ 79.554544723096555, 21.172108832469664 ], [ 79.561778301203958, 21.155487945725632 ], [ 79.534338663544347, 21.156088567907222 ], [ 79.532552115949628, 21.174491749182334 ], [ 79.501646435372791, 21.183266798039419 ], [ 79.498136545579442, 21.171659548321603 ], [ 79.510491137098782, 21.162669594358977 ], [ 79.506218441394239, 21.145806529664547 ], [ 79.492735077274858, 21.139360149169789 ], [ 79.52754428154887, 21.11749327523982 ], [ 79.533181523017149, 21.095602157658458 ], [ 79.523013696290022, 21.087660172868638 ], [ 79.529471706713267, 21.075317580709363 ], [ 79.551934110819317, 21.086385306851081 ], [ 79.573120305676596, 21.067232188146917 ], [ 79.588722336769663, 21.076096508831164 ], [ 79.599651286083969, 21.072462038976017 ], [ 79.637580466360717, 20.99089710966695 ], [ 79.659604438712535, 20.96941698519629 ], [ 79.66091542264445, 20.95281261280558 ], [ 79.644135962005151, 20.91653779577895 ], [ 79.616587850573126, 20.902533304601466 ], [ 79.611276637890512, 20.878397668252166 ], [ 79.619129444727236, 20.864723110009752 ], [ 79.604220012672116, 20.86426592156722 ], [ 79.583033495414099, 20.842414529169066 ], [ 79.559825040543075, 20.85331755886336 ], [ 79.541594993378254, 20.847803488395801 ], [ 79.560430423732427, 20.802867894086283 ], [ 79.535570338857013, 20.772848246434062 ], [ 79.53545816700435, 20.739985941538276 ], [ 79.505689446003259, 20.699890072417361 ], [ 79.491563213553704, 20.704043730889161 ], [ 79.467412426586307, 20.674419957760581 ], [ 79.434922095437372, 20.658780514566132 ], [ 79.399021266004567, 20.657325538555849 ], [ 79.389461086586749, 20.672354185749722 ], [ 79.375520959210718, 20.677300053635122 ], [ 79.352827069640952, 20.671287473413827 ], [ 79.357388074459791, 20.655262547123112 ], [ 79.345879869911201, 20.644258896793794 ], [ 79.327093383160175, 20.589231236747231 ], [ 79.313112469627015, 20.580647062973064 ], [ 79.292501230517274, 20.588775102556596 ], [ 79.224721190051042, 20.582068269478174 ], [ 79.209384391354604, 20.597392479171468 ], [ 79.192569935232854, 20.596111724407709 ], [ 79.186245441465388, 20.618807434968549 ], [ 79.170735484601366, 20.624493346219548 ], [ 79.170370589637614, 20.643011978243894 ], [ 79.149417996162029, 20.651565001960858 ], [ 79.142875247259326, 20.675854590480547 ], [ 79.106921102087583, 20.685678897837128 ], [ 79.104112814662486, 20.712174241246569 ], [ 79.092180682867522, 20.707949596841935 ], [ 79.0741570985724, 20.723615744025018 ], [ 79.053569539812045, 20.726313087313979 ], [ 79.052825801334009, 20.73427376676257 ], [ 79.01973894201771, 20.736111998380959 ], [ 78.999957100866993, 20.74241519913851 ], [ 78.997525962960111, 20.753885036422602 ], [ 78.973701150344695, 20.754222709581207 ], [ 78.945159063568013, 20.766975472145891 ], [ 78.946739483041398, 20.793926179601083 ], [ 78.915500538701636, 20.806406488831353 ], [ 78.915918569959643, 20.835120836807626 ], [ 78.888446744856964, 20.841784185468601 ], [ 78.875038539109141, 20.826720052457507 ], [ 78.864025380392334, 20.84217835392759 ], [ 78.864705247505057, 20.871321200706056 ], [ 78.841109883228768, 20.880431761568111 ], [ 78.836407514039294, 20.893674391655381 ], [ 78.809707467602195, 20.87611511372863 ], [ 78.778470657575269, 20.891198916163283 ], [ 78.765895502054576, 20.920934140833527 ], [ 78.745962000095901, 20.935400687979225 ], [ 78.749423199338082, 20.943233175198706 ], [ 78.735089010573986, 20.946988332243741 ], [ 78.726648121596796, 20.971797799642676 ], [ 78.730942134320713, 21.004613781030162 ], [ 78.688579680143576, 21.029442099880939 ], [ 78.652061077393228, 21.03590148196194 ], [ 78.643216671792374, 21.059510734379469 ], [ 78.606917847475216, 21.069223036905981 ], [ 78.610668047783733, 21.088524097590838 ], [ 78.598633502054625, 21.09012822480879 ], [ 78.596471980944244, 21.108569587850674 ], [ 78.554948556733578, 21.117864357039039 ], [ 78.525729456089479, 21.152892132758417 ], [ 78.518482270036515, 21.175051305035478 ], [ 78.478170288371928, 21.219543022617827 ], [ 78.446552370022317, 21.234105770700076 ], [ 78.419393694372317, 21.227763155258135 ], [ 78.407042096225496, 21.237517836534966 ], [ 78.332957096403518, 21.250574856006605 ], [ 78.326226940506231, 21.271177289250389 ], [ 78.30749507755138, 21.273792622854195 ], [ 78.311282377243117, 21.293951490975353 ], [ 78.294997565581184, 21.29461890737775 ], [ 78.263887690797887, 21.326609707769677 ], [ 78.251274269241264, 21.32859635263717 ], [ 78.252255975585172, 21.336979857346538 ], [ 78.275996698216161, 21.350807196175811 ], [ 78.310768364871947, 21.356958046894487 ], [ 78.348488647665476, 21.384858914011783 ], [ 78.366983277383753, 21.383567639606351 ], [ 78.373778042115163, 21.394537486028934 ], [ 78.409421725204709, 21.383674944694739 ], [ 78.423325178601189, 21.3968940242484 ], [ 78.448685276623678, 21.404554518847878 ], [ 78.432106425661516, 21.497738110091237 ], [ 78.443447717650869, 21.502167651971519 ], [ 78.456556819926021, 21.495747376614133 ], [ 78.461157424960348, 21.502869705618487 ], [ 78.485312872197028, 21.504550372745374 ], [ 78.513517255872785, 21.526848743575556 ], [ 78.571554357464791, 21.514178057179432 ], [ 78.570312037627858, 21.504474987662636 ], [ 78.58990106560087, 21.485413118947999 ], [ 78.61043777102347, 21.486908583230196 ], [ 78.626038585341064, 21.476111399502347 ], [ 78.642541152748592, 21.482767858024314 ], [ 78.689227818188471, 21.480570217028522 ], [ 78.724976865634687, 21.463273864814202 ], [ 78.744077717980886, 21.47155844783865 ], [ 78.7517233991626, 21.492508796207762 ], [ 78.766294108506727, 21.488413823266683 ], [ 78.777458477900296, 21.465823644314305 ], [ 78.789895939024774, 21.487813913318433 ], [ 78.856907424906879, 21.49442097812511 ], [ 78.88525162763014, 21.483723121992139 ], [ 78.901184607482918, 21.49931542348363 ], [ 78.937275119667916, 21.486190780302799 ], [ 78.946107084085867, 21.512465923754515 ], [ 78.928884400944341, 21.522527897198184 ], [ 78.930032612572901, 21.537399556321191 ], [ 78.909867830850928, 21.553519849308625 ], [ 78.918165088744274, 21.561809939716227 ], [ 78.933288728588394, 21.558979557937857 ], [ 78.91708782467758, 21.569574622824781 ], [ 78.918693048251271, 21.591000883710329 ], [ 78.945838992380601, 21.592428884140613 ], [ 78.980287184515333, 21.616211615211455 ], [ 79.000008799658616, 21.617425221966151 ], [ 79.015119105632962, 21.600205500564154 ], [ 79.081713729415, 21.606426746887902 ], [ 79.093742885677656, 21.597960830766311 ], [ 79.109780371325812, 21.608127637278749 ], [ 79.104836176463024, 21.617651880111254 ], [ 79.146792521249893, 21.638291012825473 ], [ 79.153556515750353, 21.659261282939163 ], [ 79.225691205627427, 21.649623655388776 ], [ 79.234201429324315, 21.670180601817332 ], [ 79.223966319849239, 21.680024899160351 ], [ 79.226717537838155, 21.695338639186676 ], [ 79.240581130282706, 21.713941858914168 ], [ 79.234497049732965, 21.722657460625079 ], [ 79.270715113036644, 21.713687897641076 ], [ 79.290674225631534, 21.692719315332713 ], [ 79.354250478655118, 21.683280875390533 ], [ 79.354932325636113, 21.677777466764049 ], [ 79.400718983388302, 21.673511693596318 ], [ 79.42177007242816, 21.690368292880354 ], [ 79.446750282117947, 21.68119355799184 ], [ 79.464539584799056, 21.686280878770681 ], [ 79.494624995696824, 21.67312175871043 ], [ 79.50869630046671, 21.633672101811307 ], [ 79.517701782599119, 21.630212977174288 ], [ 79.504253892715738, 21.611469698460297 ], [ 79.511887524488159, 21.589401419313919 ] ] ] } },
{ "type": "Feature", "properties": { "district_id": "assam__nalbari", "state": "Assam", "district": "Nalbari", "area_km2": 1031.7, "point_lat": 26.3593, "point_lon": 91.4016 }, "geometry": { "type": "Polygon", "coordinates": [ [ [ 91.570035227736199, 26.572602039046103 ], [ 91.554382544983497, 26.546795593033622 ], [ 91.562280999054721, 26.484249226079463 ], [ 91.553663598060197, 26.473178478483408 ], [ 91.566884441840529, 26.433164583513047 ], [ 91.561675298159514, 26.41637146863965 ], [ 91.544453401223976, 26.416510710260525 ], [ 91.546736322388497, 26.406481168712606 ], [ 91.527862201436577, 26.377938423858758 ], [ 91.538527795227495, 26.370620993924881 ], [ 91.521370907936301, 26.34235152950988 ], [ 91.536487207879944, 26.333546755433691 ], [ 91.450319096035287, 26.312890974062075 ], [ 91.458194648470425, 26.311085251655058 ], [ 91.45216311275675, 26.303042237648143 ], [ 91.453619370764102, 26.272594908051239 ], [ 91.440644754967906, 26.259735924132546 ], [ 91.415443131107764, 26.260586241495286 ], [ 91.415753563968963, 26.245109381758667 ], [ 91.433730018878933, 26.237151610084801 ], [ 91.425709220134522, 26.232981991736359 ], [ 91.414890593944193, 26.202731629254384 ], [ 91.422200348502273, 26.172222860156136 ], [ 91.415881727448394, 26.136223521106061 ], [ 91.393786010576619, 26.139216649753951 ], [ 91.358656485341996, 26.164376124257338 ], [ 91.2888530516896, 26.15818980502258 ], [ 91.257554197108306, 26.163158607159151 ], [ 91.232630927427408, 26.177028549652348 ], [ 91.251598981051444, 26.199105706737218 ], [ 91.217974835773276, 26.220761334568923 ], [ 91.242638972786466, 26.256538989356194 ], [ 91.221862933875329, 26.26047632871963 ], [ 91.218627586979977, 26.267865403468136 ], [ 91.230302223052774, 26.280756336925705 ], [ 91.240710665295609, 26.277210479363003 ], [ 91.263854400068681, 26.290559315899099 ], [ 91.253879237535145, 26.299049228420159 ], [ 91.264108984478469, 26.302177368036954 ], [ 91.258414003702754, 26.310736670890545 ], [ 91.272946363100331, 26.327455424403539 ], [ 91.272065510287135, 26.339768853760994 ], [ 91.279212880959577, 26.340788783845078 ], [ 91.274167438793441, 26.361486362303783 ], [ 91.282734044443444, 26.369799530452674 ], [ 91.251154122560976, 26.367119426526887 ], [ 91.237615806667606, 26.39209914692913 ], [ 91.235731588390379, 26.439679327629094 ], [ 91.26931458417458, 26.4894795498668 ], [ 91.282339457705746, 26.488930277099435 ], [ 91.292127631586439, 26.50834211498103 ], [ 91.305322565235628, 26.492769872224393 ], [ 91.343353135048915, 26.497774767210316 ], [ 91.351095968265852, 26.518833158926306 ], [ 91.404757010377125, 26.529617460642733 ], [ 91.419123713201571, 26.548803402493913 ], [ 91.446676359571171, 26.560370579014076 ], [ 91.459671441570535, 26.581316510609057 ], [ 91.474558966581256, 26.575512426743913 ], [ 91.498593715336824, 26.531334915966884 ], [ 91.523675535001473, 26.542793534866188 ], [ 91.532435484488559, 26.571253968830565 ], [ 91.564222967166856, 26.57500441294421 ], [ 91.570035227736199, 26.572602039046103 ] ] ] } },
{ "type": "Feature", "properties": { "district_id": "maharashtra__nanded", "state": "Maharashtra", "district": "Nanded", "area_km2": 10595.9, "point_lat": 19.0946, "point_lon": 77.4842 }, "geometry": { "type": "Polygon", "coordinates": [ [ [ 78.314776976890855, 19.913107002959059 ], [ 78.298683238252593, 19.849991286863183 ], [ 78.343631455422241, 19.83967655282304 ], [ 78.34059912466023, 19.819158170896792 ], [ 78.365156107398107, 19.806292946140186 ], [ 78.372421288606816, 19.781670742447815 ], [ 78.357872157905973, 19.738396967522572 ], [ 78.350071589675039, 19.735062331025773 ], [ 78.349940924866956, 19.714241055834371 ], [ 78.327327681526526, 19.704310447843028 ], [ 78.320661657215851, 19.691221853360496 ], [ 78.290379251981079, 19.690314129665044 ], [ 78.274272757961157, 19.66380082669728 ], [ 78.292143839516726, 19.655156473006802 ], [ 78.315611844089759, 19.604954734343622 ], [ 78.315787321846855, 19.572600684352793 ], [ 78.301119734598558, 19.559213297243502 ], [ 78.283693108495555, 19.559017718398589 ], [ 78.299638432107443, 19.538151073142718 ], [ 78.316608861635075, 19.466880021596253 ], [ 78.301948629081423, 19.449820069883465 ], [ 78.277823628471324, 19.454803560239029 ], [ 78.256568419143917, 19.431023647102187 ], [ 78.228774153383398, 19.434977661545336 ], [ 78.202582202975449, 19.408410270724968 ], [ 78.186607667765429, 19.412703178786526 ], [ 78.192024868455476, 19.396579808448987 ], [ 78.184052671570896, 19.354019438574333 ], [ 78.201643953154488, 19.332789428411534 ], [ 78.187621929373151, 19.280072873900352 ], [ 78.187806512944007, 19.242706117103417 ], [ 78.154158414950615, 19.231199830723774 ], [ 78.131095778398375, 19.247503557347688 ], [ 78.103709639932447, 19.246556700395864 ], [ 78.086560666374439, 19.255825667255948 ], [ 78.05538144856294, 19.242790207351842 ], [ 78.049975678191686, 19.271850556153328 ], [ 78.031479860270167, 19.279651636045266 ], [ 78.022432280361187, 19.297261578616983 ], [ 77.989618519716728, 19.309883297650583 ], [ 77.944660370197397, 19.343297166104886 ], [ 77.916253760869608, 19.318758590221986 ], [ 77.89720396159494, 19.321945674398592 ], [ 77.864751464441994, 19.30291769762918 ], [ 77.865810398443273, 19.284903748062572 ], [ 77.904638887142625, 19.277988024366735 ], [ 77.909692654222013, 19.268085241844958 ], [ 77.904372912830723, 19.256996156570214 ], [ 77.871305638166135, 19.256116676259619 ], [ 77.850436090302068, 19.197889405707908 ], [ 77.848407024848669, 19.189112906316513 ], [ 77.862318456320679, 19.181712718100428 ], [ 77.85313877994318, 19.15625104642972 ], [ 77.83494800296603, 19.136633840253204 ], [ 77.849103898881879, 19.115224329534506 ], [ 77.852052809724469, 19.091131690508533 ], [ 77.832495040305176, 19.085973554847051 ], [ 77.81902123179357, 19.104670444021519 ], [ 77.809591384950096, 19.104340845376147 ], [ 77.797341838863616, 19.072240112819383 ], [ 77.800997544050631, 19.052367727490203 ], [ 77.763297772337339, 19.060312535887213 ], [ 77.761131337761242, 19.029601889067376 ], [ 77.769088141718569, 19.016466442713021 ], [ 77.771143923061032, 18.982543806722454 ], [ 77.785320811632772, 18.977466092878164 ], [ 77.790951138534325, 18.985422682285016 ], [ 77.821016505869025, 18.983538445129778 ], [ 77.81656730258463, 18.950663990393114 ], [ 77.857692489046897, 18.95353683009154 ], [ 77.844434725513636, 18.91259643014234 ], [ 77.885596197991063, 18.909862392744998 ], [ 77.891705225695034, 18.886495737240377 ], [ 77.902725734270305, 18.885121652716222 ], [ 77.903276353833874, 18.869334162121721 ], [ 77.929448320758368, 18.860654350065559 ], [ 77.933768378667267, 18.847955958991964 ], [ 77.948284539338886, 18.843772752166888 ], [ 77.946717500282176, 18.823805741227542 ], [ 77.911669763034027, 18.830983941122117 ], [ 77.841409451920825, 18.808883278756621 ], [ 77.790330690671112, 18.68566456395726 ], [ 77.773270650386095, 18.692110038825415 ], [ 77.768244568871225, 18.70943401096342 ], [ 77.761488201511568, 18.708563277257404 ], [ 77.736654811823996, 18.6774996105738 ], [ 77.733510955076724, 18.644268923959746 ], [ 77.751940856866668, 18.606928460602884 ], [ 77.740340769497706, 18.556479074262711 ], [ 77.716149321324664, 18.556090995697666 ], [ 77.66125019445002, 18.528835475587073 ], [ 77.648959942638143, 18.537909301239534 ], [ 77.652472497222632, 18.554202778882264 ], [ 77.638037835614497, 18.546765646631762 ], [ 77.619919808734977, 18.550231949889408 ], [ 77.616901975468963, 18.543964893437199 ], [ 77.600827258626836, 18.54908584101932 ], [ 77.596842639015492, 18.524718798365544 ], [ 77.605020222127223, 18.523530465688943 ], [ 77.58980833846779, 18.504518427291675 ], [ 77.60642228288377, 18.493008605985601 ], [ 77.604646050817266, 18.475858332225307 ], [ 77.580038043344388, 18.485392755433903 ], [ 77.574150713856042, 18.468486744769024 ], [ 77.549673585910753, 18.464988562064594 ], [ 77.587195524243896, 18.455203285584968 ], [ 77.588768118928101, 18.447119294466681 ], [ 77.563677315407077, 18.436705708879416 ], [ 77.537962908601529, 18.444023988544561 ], [ 77.529376245847459, 18.428989364942257 ], [ 77.558695243245921, 18.419533116031364 ], [ 77.552818184503963, 18.389430266154175 ], [ 77.52484391725811, 18.36635956073529 ], [ 77.522953344690677, 18.350989005686795 ], [ 77.530804384272287, 18.341152512577395 ], [ 77.556903482961616, 18.333013255824604 ], [ 77.573799843068159, 18.31002277824291 ], [ 77.553502331087998, 18.293192239048594 ], [ 77.512955845639624, 18.308514192554817 ], [ 77.513667591577445, 18.280259176674488 ], [ 77.468756105480026, 18.261757737296797 ], [ 77.440216977167879, 18.283785571206124 ], [ 77.439649379409545, 18.308193187969646 ], [ 77.41102873328748, 18.301250368602194 ], [ 77.365637412622092, 18.309923577002511 ], [ 77.358522579422711, 18.320131022880673 ], [ 77.401514827135614, 18.349115726341555 ], [ 77.394993892232989, 18.367511285265937 ], [ 77.413310640721505, 18.39010553691433 ], [ 77.403679131387165, 18.399359545560269 ], [ 77.372857559450352, 18.402231230319639 ], [ 77.367490405851953, 18.431319059543885 ], [ 77.372724859658859, 18.449113420989189 ], [ 77.357108667852231, 18.45018323424825 ], [ 77.345100380549283, 18.4317437038621 ], [ 77.335710429728252, 18.449883480339519 ], [ 77.320369775969127, 18.455190561523583 ], [ 77.316234804042296, 18.440796994794947 ], [ 77.267413144319633, 18.419782915890316 ], [ 77.256508195814845, 18.45362766945566 ], [ 77.286482954361944, 18.453670209545685 ], [ 77.300781498870663, 18.466930045859897 ], [ 77.300949956186983, 18.476736019200622 ], [ 77.265785122923333, 18.47668763438605 ], [ 77.248518710786684, 18.491110596691378 ], [ 77.247292033893032, 18.499120309496238 ], [ 77.277345659902466, 18.52022265902049 ], [ 77.296486882628869, 18.54733410780705 ], [ 77.266657746474905, 18.565471419004144 ], [ 77.270621426532486, 18.610964222172797 ], [ 77.214193638874391, 18.624818503176112 ], [ 77.199785241350099, 18.64723827094031 ], [ 77.155839139005138, 18.646344034475241 ], [ 77.159381910557897, 18.680375004435291 ], [ 77.177806669948694, 18.679690850421093 ], [ 77.194363638093165, 18.689458888057583 ], [ 77.182134446465497, 18.702446780064239 ], [ 77.157051438615369, 18.701406710934535 ], [ 77.146102898598244, 18.712156468322391 ], [ 77.136627700283427, 18.710881081381743 ], [ 77.136312561996903, 18.698338001429899 ], [ 77.046547268807515, 18.682997987110479 ], [ 77.044644591048282, 18.698011619266364 ], [ 77.056995666591391, 18.718174295239876 ], [ 77.056848746405905, 18.765842155164041 ], [ 77.046614679076512, 18.773075321095824 ], [ 77.008127855974962, 18.767097335072354 ], [ 76.995370833665035, 18.827376209406122 ], [ 77.019039554304442, 18.8429786400221 ], [ 77.0128211469967, 18.877907524433414 ], [ 76.957146098680425, 18.874374946847446 ], [ 76.958067593881793, 18.889660979260256 ], [ 76.934014598758822, 18.900293879537678 ], [ 76.951036463214734, 18.906716267612936 ], [ 76.961898753938939, 18.932251503963059 ], [ 76.984531828801764, 18.914017211557461 ], [ 76.993468046166612, 18.936254031622457 ], [ 77.004346115715435, 18.929494633863566 ], [ 77.02625238879088, 18.939498376592876 ], [ 77.039120819621061, 18.971537316849524 ], [ 77.054786045551992, 18.988163158568675 ], [ 77.042864816520122, 19.003167349557096 ], [ 77.044660720318873, 19.030067709956235 ], [ 77.065612183317114, 19.029003575239365 ], [ 77.062721239042105, 19.06738860458616 ], [ 77.084933114163221, 19.107628280815891 ], [ 77.102107141771668, 19.10710417303611 ], [ 77.105571545293543, 19.098794625090534 ], [ 77.087530492400703, 19.084042280649648 ], [ 77.090817918173926, 19.068661470479153 ], [ 77.125162733858573, 19.078312464951246 ], [ 77.141415036735381, 19.070100798839441 ], [ 77.158690832219449, 19.083426574696478 ], [ 77.166322110345192, 19.116158413046808 ], [ 77.191539431486916, 19.130392528790761 ], [ 77.194830142356551, 19.143736324077341 ], [ 77.194965867700859, 19.165276677177985 ], [ 77.178871799411937, 19.169723914253389 ], [ 77.181238795064857, 19.223475332382808 ], [ 77.195544256419169, 19.24285728783919 ], [ 77.205600676874383, 19.242208978143967 ], [ 77.222869249170287, 19.273915521372082 ], [ 77.238201843453055, 19.273737940629175 ], [ 77.24429656582879, 19.320886600393404 ], [ 77.280094016795132, 19.31478883378896 ], [ 77.283346221590534, 19.324973088341984 ], [ 77.310283160363156, 19.330008256588432 ], [ 77.313827640876497, 19.353955259760049 ], [ 77.352144018751318, 19.352147454597599 ], [ 77.364421657531267, 19.338729868876985 ], [ 77.38096181916012, 19.338271759370208 ], [ 77.389681715308257, 19.352362268835563 ], [ 77.41552233428898, 19.365394334266966 ], [ 77.419726163041844, 19.376642147931758 ], [ 77.449740783474326, 19.382757317823465 ], [ 77.437300498783188, 19.407049534020697 ], [ 77.452489817271328, 19.439661019459596 ], [ 77.472331897885709, 19.436793924277492 ], [ 77.477594601856026, 19.455298147333895 ], [ 77.490356939900764, 19.457018674693902 ], [ 77.493647458064913, 19.466325418703846 ], [ 77.489723841475794, 19.495230606893653 ], [ 77.476168303568258, 19.488255235968694 ], [ 77.470246653469715, 19.498607308442661 ], [ 77.468865477860021, 19.563324722185367 ], [ 77.453938118001815, 19.567362861572448 ], [ 77.481122916678814, 19.599932034331655 ], [ 77.459720665055059, 19.612321557604272 ], [ 77.466762884181975, 19.614633212502682 ], [ 77.470677799269325, 19.641390901143808 ], [ 77.464772231018003, 19.6455401717729 ], [ 77.470061815746448, 19.664674574449617 ], [ 77.453553948709214, 19.673804858565209 ], [ 77.459593302947326, 19.681948813011225 ], [ 77.539534808181401, 19.668695668383901 ], [ 77.542518609786725, 19.662461975928753 ], [ 77.55503358053592, 19.663718127765108 ], [ 77.555223023789139, 19.65245323551985 ], [ 77.580299516197414, 19.657659967295565 ], [ 77.60746295141908, 19.646937269723967 ], [ 77.616017487477563, 19.629303720028133 ], [ 77.629216541113806, 19.624387519098054 ], [ 77.629463842374207, 19.608006208774611 ], [ 77.644766347391638, 19.607785407674594 ], [ 77.640570328908737, 19.587477255741675 ], [ 77.649319901626953, 19.555547678507594 ], [ 77.634140779066314, 19.555708784859061 ], [ 77.70040663572982, 19.537854567964828 ], [ 77.713924681428082, 19.525616508933783 ], [ 77.733707529986503, 19.532049810291277 ], [ 77.74966190223256, 19.521791152984193 ], [ 77.752771086775795, 19.50962843006128 ], [ 77.736444218265447, 19.494936259252846 ], [ 77.740292208085933, 19.483088624588444 ], [ 77.713980799227045, 19.476478079067391 ], [ 77.699082049986302, 19.459764789857303 ], [ 77.698910536320383, 19.438649292261395 ], [ 77.756180306058013, 19.43227530904613 ], [ 77.798103164845088, 19.450478480271251 ], [ 77.804858955072788, 19.464296179986817 ], [ 77.819675977120724, 19.445296405939349 ], [ 77.834694185043006, 19.439315378216008 ], [ 77.847540690551853, 19.455810140544703 ], [ 77.827532131886045, 19.475403094290453 ], [ 77.846955274125762, 19.486735175352212 ], [ 77.842874456469346, 19.50983390929019 ], [ 77.861578359370554, 19.519573807647813 ], [ 77.88546308107712, 19.500333536197303 ], [ 77.889945909800772, 19.519377556073383 ], [ 77.907599105454494, 19.533237978546204 ], [ 77.916582700209332, 19.515205853249469 ], [ 77.938154805560416, 19.500385074131145 ], [ 77.958825893151953, 19.510939115404842 ], [ 77.975739029485226, 19.506085545930805 ], [ 77.974161012151356, 19.493866304279532 ], [ 77.987198757086418, 19.478570931942741 ], [ 77.99143689241518, 19.455198370375452 ], [ 78.013170303532178, 19.465439466605321 ], [ 78.01641725330677, 19.490734241979801 ], [ 78.025890043603908, 19.497401324377751 ], [ 78.067864675860307, 19.46699920974476 ], [ 78.12107456941547, 19.501359404365985 ], [ 78.136261408095507, 19.531180521194734 ], [ 78.119905558119299, 19.553618501683758 ], [ 78.14741174792745, 19.552900453113271 ], [ 78.189026720682648, 19.567355024176642 ], [ 78.185620126265022, 19.58408518540584 ], [ 78.195700561475789, 19.618273653761403 ], [ 78.178993502285152, 19.655040714753589 ], [ 78.13105260512765, 19.667119130267302 ], [ 78.089856234811137, 19.645214323324971 ], [ 78.056679927115908, 19.670992289261864 ], [ 78.052880394558883, 19.69155292840346 ], [ 78.040303990162329, 19.700310173645168 ], [ 77.988460465180395, 19.680785589422801 ], [ 77.985387785035272, 19.699406600551576 ], [ 77.964900349436093, 19.706407775375062 ], [ 77.953178486299095, 19.729355504643355 ], [ 77.933556002564345, 19.739318987594693 ], [ 77.914410161933333, 19.729784326531078 ], [ 77.89945939802486, 19.734878594862288 ], [ 77.895949518437689, 19.725582191052059 ], [ 77.876737306573347, 19.744437146728227 ], [ 77.860528463445803, 19.74365588139278 ], [ 77.86552205033037, 19.771418525548413 ], [ 77.849069082327091, 19.800773571277446 ], [ 77.870314771253348, 19.823896242684523 ], [ 77.876206653708039, 19.849553074557704 ], [ 77.89810707606172, 19.877996886466562 ], [ 77.94052241941796, 19.8928676387332 ], [ 77.953904868808166, 19.911225254027595 ], [ 78.011909721993661, 19.914186733868114 ], [ 78.03345359267631, 19.928459500970913 ], [ 78.053269978753264, 19.930716555898663 ], [ 78.078394419185798, 19.900596999826181 ], [ 78.103032520260115, 19.896675767447714 ], [ 78.131132159253795, 19.902005617090659 ], [ 78.149469485680868, 19.91594984497172 ], [ 78.200534294607181, 19.902651112383658 ], [ 78.252798613229146, 19.929350466675576 ], [ 78.259650457688622, 19.911696567921503 ], [ 78.242331615014223, 19.88749590481504 ], [ 78.254722707170657, 19.872987132874751 ], [ 78.280784025999935, 19.885187514933378 ], [ 78.286946545127876, 19.910687181173678 ], [ 78.30249290584365, 19.917151755517288 ], [ 78.314776976890855, 19.913107002959059 ] ] ] } },
{ "type": "Feature", "properties": { "district_id": "maharashtra__nandurbar", "state": "Maharashtra", "district": "Nandurbar", "area_km2": 5901.4, "point_lat": 21.5113, "point_lon": 74.5436 }, "geometry": { "type": "Polygon", "coordinates": [ [ [ 74.772120317547632, 21.613501434543441 ], [ 74.756842475672698, 21.575466500456905 ], [ 74.759172412707358, 21.54165599766117 ], [ 74.75255285939852, 21.527426865040542 ], [ 74.760553151689706, 21.516838389741537 ], [ 74.754108120123647, 21.476000755344572 ], [ 74.732686200789985, 21.480225378725237 ], [ 74.731124416830909, 21.472527033162962 ], [ 74.698541352036514, 21.470461575241188 ], [ 74.696928087983366, 21.422517019529774 ], [ 74.685833413869801, 21.402510214982147 ], [ 74.638557339326994, 21.399450884877137 ], [ 74.608504878936031, 21.415321271019785 ], [ 74.572799808615429, 21.403446412263612 ], [ 74.520776106179028, 21.429464505742093 ], [ 74.498043724210135, 21.427345332272857 ], [ 74.494705573956224, 21.391858854878176 ], [ 74.500476480274656, 21.397319313628334 ], [ 74.508566822687015, 21.389602904902585 ], [ 74.491440422849195, 21.373504868798804 ], [ 74.488759057849265, 21.352962204542489 ], [ 74.479120284626262, 21.353069025316181 ], [ 74.48195577169173, 21.308785698108291 ], [ 74.475493012323838, 21.305877645140271 ], [ 74.47659553452992, 21.295972625448972 ], [ 74.497864696778876, 21.29021468318674 ], [ 74.49898605077675, 21.265668753772321 ], [ 74.488179635062437, 21.256248308459419 ], [ 74.491824329646249, 21.239530489177444 ], [ 74.438095855168996, 21.237182336558519 ], [ 74.441021230970165, 21.249353825411799 ], [ 74.432491204071653, 21.262943066434449 ], [ 74.408638362655012, 21.257821147777747 ], [ 74.408547123664647, 21.266934456232853 ], [ 74.355065140756906, 21.251673718603165 ], [ 74.355976965779476, 21.232645795806437 ], [ 74.342966246028126, 21.229117476124376 ], [ 74.317424841417079, 21.233770689847852 ], [ 74.314497157934269, 21.247012757387765 ], [ 74.291783625516729, 21.23841585358937 ], [ 74.272157860315545, 21.249272035622955 ], [ 74.251365966129825, 21.248477790833164 ], [ 74.222225570939813, 21.240913403140908 ], [ 74.211553890989421, 21.222176457707949 ], [ 74.184131452093425, 21.220380294373932 ], [ 74.180711856416266, 21.20882862181875 ], [ 74.161141850692587, 21.216080890408204 ], [ 74.15661406004169, 21.23183669295015 ], [ 74.142521372417022, 21.219592057007173 ], [ 74.146050036110424, 21.208678657877297 ], [ 74.114406807588736, 21.21130967143484 ], [ 74.05816473205725, 21.171244998337485 ], [ 74.082995772392508, 21.136402935001673 ], [ 74.069461414000187, 21.127396772643269 ], [ 74.05100416318794, 21.127495080604906 ], [ 74.05171217651521, 21.137929152844784 ], [ 74.040720707913707, 21.144399812347476 ], [ 74.019636043258672, 21.14392961378195 ], [ 74.012665820935169, 21.130943332012624 ], [ 74.017275198125645, 21.10285597836144 ], [ 74.010530560644199, 21.100100559395941 ], [ 74.002968277653679, 21.11968961159733 ], [ 73.975488412887287, 21.11103763646037 ], [ 73.951316238990216, 21.085937985995074 ], [ 73.957329500556341, 21.072459188715928 ], [ 73.950722974278804, 21.060313846822464 ], [ 73.960088235692993, 21.044299990158073 ], [ 73.954678714935753, 21.031742665194553 ], [ 73.909258181208557, 21.040402882053439 ], [ 73.883830994634891, 21.028133646137213 ], [ 73.856380372109584, 21.029958427379256 ], [ 73.850933783541478, 20.99674515797912 ], [ 73.79619851080966, 21.045005659521124 ], [ 73.812481587176862, 21.059811727861746 ], [ 73.811319020000141, 21.083801852940336 ], [ 73.791701800825322, 21.067328857351903 ], [ 73.763763731041706, 21.067362641136679 ], [ 73.733794158571641, 21.08400759911552 ], [ 73.732415609999293, 21.093986015858214 ], [ 73.746012813364942, 21.113214183277513 ], [ 73.732225668755817, 21.100473087400044 ], [ 73.708037350872686, 21.106363308941479 ], [ 73.703856616278443, 21.118197461475443 ], [ 73.686553211571891, 21.100188452911013 ], [ 73.653013533139685, 21.107617121666273 ], [ 73.650807269159372, 21.120286367832581 ], [ 73.621688020862408, 21.119417593260383 ], [ 73.616556298946364, 21.137251140159698 ], [ 73.622081265628836, 21.140907586159987 ], [ 73.604406357739435, 21.153742864137481 ], [ 73.580390680064312, 21.156047198307604 ], [ 73.58117419978629, 21.167199935521054 ], [ 73.599873652274766, 21.177731489786034 ], [ 73.612685161618288, 21.157210741743629 ], [ 73.630481650534421, 21.152380993381069 ], [ 73.629421682102645, 21.131914846436537 ], [ 73.674499952150384, 21.151309048261442 ], [ 73.706519341260744, 21.149615720099693 ], [ 73.710378096168725, 21.140899094069685 ], [ 73.730067785239399, 21.137415012914719 ], [ 73.741402973666467, 21.150646020922654 ], [ 73.735053052214781, 21.166224498710392 ], [ 73.777231871357841, 21.164126819448768 ], [ 73.789952314778603, 21.180777785594291 ], [ 73.816269079126954, 21.170943485781944 ], [ 73.829699126552569, 21.194172948511095 ], [ 73.815085294600948, 21.194333815584212 ], [ 73.812519456743956, 21.202876264058663 ], [ 73.813891644168933, 21.220860150318991 ], [ 73.830192341261011, 21.241314148610893 ], [ 73.826011149358962, 21.266433803769615 ], [ 73.886053236837085, 21.261320948730624 ], [ 73.942779759054275, 21.296377138120963 ], [ 73.951378144308734, 21.343254297555614 ], [ 73.947261305726343, 21.401157413688114 ], [ 73.963157084311504, 21.390828645861415 ], [ 74.010445358935883, 21.416686186887585 ], [ 74.043288345977146, 21.418105822274157 ], [ 74.062038013413414, 21.480566916285547 ], [ 74.073043499767053, 21.45643761528321 ], [ 74.105972483278236, 21.44669464087686 ], [ 74.117496562697369, 21.449280355941472 ], [ 74.123997379564585, 21.462090965442599 ], [ 74.151637245427352, 21.451684635096527 ], [ 74.18079422281852, 21.465535208940498 ], [ 74.218008879611986, 21.457474081731423 ], [ 74.218422842085175, 21.474002188932289 ], [ 74.226439703584447, 21.47828898742841 ], [ 74.241256376965453, 21.462160518391332 ], [ 74.253069794570706, 21.462197814653862 ], [ 74.263905417342841, 21.473171087140969 ], [ 74.303424847504786, 21.478515648597952 ], [ 74.323462658070355, 21.494120101019504 ], [ 74.33133347410913, 21.538569728387447 ], [ 74.311564831845359, 21.541522007777822 ], [ 74.305730895670976, 21.565677788704992 ], [ 74.281022043902382, 21.553305874636145 ], [ 74.263942830676967, 21.533589592229486 ], [ 74.25050710282818, 21.534879955222383 ], [ 74.234707882438585, 21.548720645223646 ], [ 74.197491386866616, 21.528101817310663 ], [ 74.177180967235756, 21.560247040275279 ], [ 74.141045609857159, 21.548862311850254 ], [ 74.130385865283046, 21.555401437871009 ], [ 74.064182766376035, 21.558099746703078 ], [ 74.042050610070675, 21.548304063397886 ], [ 74.020381169882398, 21.551267556856356 ], [ 74.000081080580017, 21.53944041792775 ], [ 73.978195213246764, 21.540735701475501 ], [ 73.980353818226078, 21.520054612432244 ], [ 73.957372621496063, 21.536601107037942 ], [ 73.955699219356603, 21.518030091968665 ], [ 73.933906652703413, 21.508860512967669 ], [ 73.928265449485863, 21.522330656419978 ], [ 73.904896612227603, 21.518954110093052 ], [ 73.897972648911733, 21.507538890734725 ], [ 73.876873934758194, 21.50860244465941 ], [ 73.855009731364746, 21.494671946570172 ], [ 73.844081562023732, 21.509834561437973 ], [ 73.818699030053438, 21.59714991500476 ], [ 73.801003626138282, 21.601238234148209 ], [ 73.781723358479525, 21.623944467068043 ], [ 73.794298349542132, 21.633509944170385 ], [ 73.823296993508052, 21.638626649114247 ], [ 73.839557068750352, 21.631977886767434 ], [ 73.88009327146348, 21.643821783543107 ], [ 73.892630602070355, 21.666014573497456 ], [ 73.890931408500123, 21.699012148020707 ], [ 73.825642951338196, 21.761678436486221 ], [ 73.835760021728674, 21.767417724996466 ], [ 73.832861558937822, 21.78289960094472 ], [ 73.839475650484019, 21.789435046196353 ], [ 73.830158928041911, 21.792248817745591 ], [ 73.826600744173803, 21.809620152825506 ], [ 73.807992757481955, 21.808914817565295 ], [ 73.804964730974177, 21.822136304536976 ], [ 73.836089947344263, 21.837250447755384 ], [ 73.874285908130986, 21.837341697205851 ], [ 73.894285576231255, 21.853161379098232 ], [ 73.931240836901239, 21.861772356055255 ], [ 74.041976274638927, 21.921279585199937 ], [ 74.141693423521772, 21.952412904091432 ], [ 74.196440142933639, 21.923956335218467 ], [ 74.285807255798815, 21.934008705396696 ], [ 74.300569971917753, 21.967362243288854 ], [ 74.345677611588101, 21.974523864795113 ], [ 74.370169471907346, 21.994286165650163 ], [ 74.384785787158592, 22.018256378016076 ], [ 74.43218721862128, 22.029028358855232 ], [ 74.442698607583083, 22.024539564799714 ], [ 74.441160796882485, 22.014008046994356 ], [ 74.450475760892573, 22.004186696872463 ], [ 74.432816294847967, 22.00026850674454 ], [ 74.44524373042988, 21.969170660471228 ], [ 74.490100807997024, 21.952502334983691 ], [ 74.486547097188691, 21.945170874910584 ], [ 74.512324424052551, 21.931916386467439 ], [ 74.511405198978267, 21.92047599208075 ], [ 74.524278051463227, 21.906779988681812 ], [ 74.500241007487546, 21.805250138783205 ], [ 74.502559954331247, 21.780691436062444 ], [ 74.514444098692479, 21.761787193785402 ], [ 74.509423040674847, 21.721367247862545 ], [ 74.548368406027947, 21.7170217395315 ], [ 74.557614690233976, 21.700050772478139 ], [ 74.553924768476278, 21.68161767937697 ], [ 74.580879335279988, 21.682801387297985 ], [ 74.587264010919597, 21.662230740015659 ], [ 74.660170312553433, 21.650890052096234 ], [ 74.700813583970785, 21.627363075368979 ], [ 74.772120317547632, 21.613501434543441 ] ] ] } },
{ "type": "Feature", "properties": { "district_id": "maharashtra__nashik", "state": "Maharashtra", "district": "Nashik", "area_km2": 15557.7, "point_lat": 20.2244, "point_lon": 74.1085 }, "geometry": { "type": "Polygon", "coordinates": [ [ [ 74.814925669235919, 20.633746596070793 ], [ 74.810448313246539, 20.586971512833692 ], [ 74.802162172657802, 20.588487531014046 ], [ 74.795490845231939, 20.575376233958995 ], [ 74.795767680141026, 20.539495950765989 ], [ 74.761903058762158, 20.538623960128998 ], [ 74.774589472560265, 20.504577637039169 ], [ 74.783955390657766, 20.507582576382209 ], [ 74.786190194980264, 20.500112555709055 ], [ 74.773539846889932, 20.470597106418495 ], [ 74.795450911400692, 20.47697716415097 ], [ 74.80624956872083, 20.444709834561582 ], [ 74.818641199405079, 20.44045411971457 ], [ 74.819548104922205, 20.429098787973103 ], [ 74.842075157151385, 20.40988847598922 ], [ 74.82864443906054, 20.402514062195987 ], [ 74.850724089567478, 20.382737870459131 ], [ 74.861080222817151, 20.334696728721845 ], [ 74.867669066868089, 20.335086674926167 ], [ 74.866661106382765, 20.31623954979251 ], [ 74.858940964705141, 20.313163259541824 ], [ 74.859727431466524, 20.281808740342086 ], [ 74.937872870678433, 20.271666457838222 ], [ 74.934216992347714, 20.246657559442525 ], [ 74.908389618475439, 20.243349885422568 ], [ 74.911111673281226, 20.215727374157616 ], [ 74.931416634160712, 20.213690974770607 ], [ 74.932144465347633, 20.181305247728989 ], [ 74.9244542145385, 20.170660629278526 ], [ 74.930506580802614, 20.152519705962945 ], [ 74.91090739798355, 20.152647848347769 ], [ 74.899051554133223, 20.17679669156329 ], [ 74.856113833676588, 20.177056140885057 ], [ 74.858602468481536, 20.227093788690116 ], [ 74.830425823132174, 20.233576473998866 ], [ 74.828834146116947, 20.243045229549171 ], [ 74.783868896018063, 20.230438295626527 ], [ 74.784669002958111, 20.225385743630781 ], [ 74.804100332538894, 20.231093563490887 ], [ 74.784369434932813, 20.203958783596505 ], [ 74.759972110871033, 20.199509110660948 ], [ 74.764109441721004, 20.182791985017502 ], [ 74.741679192384382, 20.185935678777231 ], [ 74.738490610442554, 20.194673065742514 ], [ 74.724013892770984, 20.19033939961972 ], [ 74.705295769628549, 20.114588283773429 ], [ 74.730464473153916, 20.111427908194408 ], [ 74.73825361263566, 20.082297650168528 ], [ 74.710847961992584, 20.078375041579545 ], [ 74.72293507600638, 20.054759194956674 ], [ 74.710335681236828, 20.040262444152276 ], [ 74.720226684707171, 20.021141190775126 ], [ 74.700929722405832, 20.018228016347109 ], [ 74.691903177730481, 20.006335892137358 ], [ 74.685279158028379, 19.989205936560801 ], [ 74.689522774925052, 19.971486547760719 ], [ 74.675196336380836, 19.963125139275714 ], [ 74.673326709049277, 19.946696343556695 ], [ 74.573524016784575, 19.954525812803446 ], [ 74.531480252968677, 19.975396021140924 ], [ 74.497352858065, 19.96944600324727 ], [ 74.496002142576941, 19.963523271202835 ], [ 74.480194246795591, 19.966261020088705 ], [ 74.485371082861221, 19.979913917643884 ], [ 74.469216919630014, 19.987712875559378 ], [ 74.44552574757455, 19.974197809686608 ], [ 74.385982014636923, 19.980478475774024 ], [ 74.378289646157427, 19.971627141157487 ], [ 74.366728382947642, 19.97410846417473 ], [ 74.365898861127647, 19.965488314053328 ], [ 74.351502717005673, 19.966285938703187 ], [ 74.348133743719202, 19.983710827468403 ], [ 74.319760354332885, 19.985416401493666 ], [ 74.309607648579757, 19.967009232384171 ], [ 74.2900026738603, 19.986760020052845 ], [ 74.283516232957169, 19.958911283522529 ], [ 74.251694274308406, 19.964079396937088 ], [ 74.250217036462033, 19.936783876110962 ], [ 74.272891747888607, 19.93297579447097 ], [ 74.277788243215582, 19.90815713754013 ], [ 74.338306679280564, 19.886012114516756 ], [ 74.340842851916662, 19.873404667480024 ], [ 74.364714491015619, 19.870562431824602 ], [ 74.363734619993878, 19.836103179226853 ], [ 74.372107165872563, 19.835776249375161 ], [ 74.378059443918787, 19.80585000375758 ], [ 74.333732270515199, 19.799034550826921 ], [ 74.319031908943828, 19.76731887295826 ], [ 74.278250873973064, 19.778384796985595 ], [ 74.246006324397158, 19.743919251891786 ], [ 74.167650961504222, 19.728077488761617 ], [ 74.153533208642756, 19.690559539008433 ], [ 74.135980769815177, 19.694923777231242 ], [ 74.14365000300991, 19.673289399269741 ], [ 74.12145892154841, 19.643727908111394 ], [ 74.101131445590624, 19.646973139194948 ], [ 74.096779915337621, 19.639747458058906 ], [ 74.070637506483834, 19.66009819441031 ], [ 74.019372530173555, 19.672316551090994 ], [ 73.991381398771381, 19.670084264356394 ], [ 73.980220342063291, 19.67634821473267 ], [ 73.958513663534703, 19.670076346011033 ], [ 73.915657975707916, 19.681610265944467 ], [ 73.906178373329951, 19.696288226732079 ], [ 73.912651660915429, 19.705090168217538 ], [ 73.896618222468462, 19.719097205134876 ], [ 73.901562501001493, 19.74652777876863 ], [ 73.891233383385526, 19.752525861641445 ], [ 73.883181421450516, 19.74185265677778 ], [ 73.869800631183338, 19.74242834832587 ], [ 73.867722961820306, 19.749530347934122 ], [ 73.842778708977008, 19.740948770743756 ], [ 73.835392668514089, 19.717440637193395 ], [ 73.819358178476989, 19.708522976947815 ], [ 73.813540438734876, 19.685663592311581 ], [ 73.795142851602435, 19.687630619886299 ], [ 73.805875775957105, 19.678522769039436 ], [ 73.783687746534639, 19.660796579683616 ], [ 73.781341670015905, 19.650313263355351 ], [ 73.793780797503047, 19.645800494488459 ], [ 73.779361867119519, 19.642390454844548 ], [ 73.774577935371966, 19.629719909247836 ], [ 73.722353765865918, 19.619299182850416 ], [ 73.712767026594818, 19.613996843627238 ], [ 73.709617484414636, 19.59969449416317 ], [ 73.683248837190703, 19.588981912732098 ], [ 73.663635800981567, 19.586270739825647 ], [ 73.638388767098292, 19.597441172956295 ], [ 73.620210778547772, 19.587028617091665 ], [ 73.579589757615238, 19.600275732148585 ], [ 73.586463483041257, 19.608644849839198 ], [ 73.565976389896306, 19.616530528150708 ], [ 73.563702564764512, 19.642337313986594 ], [ 73.551628694006666, 19.650266043125161 ], [ 73.52025256671925, 19.701798521984365 ], [ 73.491291909700607, 19.714558031573826 ], [ 73.507086515165867, 19.729795331403889 ], [ 73.500936601986396, 19.758706021589823 ], [ 73.461923515674215, 19.759479663009319 ], [ 73.450740038948453, 19.767234191129962 ], [ 73.442789226533279, 19.825447193004607 ], [ 73.417927245470196, 19.842601195109069 ], [ 73.418346808233665, 19.86417004392791 ], [ 73.435280111351204, 19.872933318595724 ], [ 73.423700844057805, 19.915660315694524 ], [ 73.440240520112326, 19.934576880887917 ], [ 73.441935447653591, 19.954239531820708 ], [ 73.454866768662029, 19.959107499197955 ], [ 73.448518287575823, 19.966055478969206 ], [ 73.452500486099993, 19.981991644296563 ], [ 73.426123000491728, 19.98458136922001 ], [ 73.405886993688114, 20.016914747315596 ], [ 73.390760992182535, 20.01954774870088 ], [ 73.386434051515351, 20.01341386588717 ], [ 73.377401206396101, 20.025462220862284 ], [ 73.373109246594481, 20.014724074889429 ], [ 73.356428621531236, 20.03868523111851 ], [ 73.333532790545803, 20.039675320493618 ], [ 73.29557866518293, 20.060491901554759 ], [ 73.280994279671845, 20.044922934952318 ], [ 73.265527816303546, 20.060795449895615 ], [ 73.271957823492102, 20.104947148176077 ], [ 73.253960134449855, 20.112936125757848 ], [ 73.249897132916303, 20.124743480801357 ], [ 73.258928519281625, 20.139375367550414 ], [ 73.284239343770793, 20.153926563256313 ], [ 73.285520196122761, 20.196250427808742 ], [ 73.304911009630516, 20.207669403774837 ], [ 73.343741313033362, 20.198434650007187 ], [ 73.358569839764598, 20.213305729640261 ], [ 73.355743531611154, 20.200946286658397 ], [ 73.365282845601982, 20.192602549695522 ], [ 73.367320540858941, 20.205246426615588 ], [ 73.386380291965637, 20.209074700231096 ], [ 73.393903299669603, 20.19492913427619 ], [ 73.421141223297283, 20.206097842092852 ], [ 73.411624844544875, 20.256860408713624 ], [ 73.415877782491222, 20.276677470985899 ], [ 73.428249098004159, 20.281949000070984 ], [ 73.414762926221158, 20.351907077374658 ], [ 73.406105972962081, 20.38138267826535 ], [ 73.382809755928108, 20.372735090920717 ], [ 73.382604021000247, 20.390033503682904 ], [ 73.421179414808009, 20.414170466180188 ], [ 73.440566639130225, 20.466439070888082 ], [ 73.467654143695853, 20.494715395659632 ], [ 73.463976213385081, 20.513739292896975 ], [ 73.492592577008935, 20.539887547750745 ], [ 73.473572096066036, 20.543032953262536 ], [ 73.472638374932984, 20.583250877721607 ], [ 73.429164389224539, 20.597172714753793 ], [ 73.42244695572866, 20.62022795580604 ], [ 73.407567162990873, 20.625877191269513 ], [ 73.393157894261947, 20.648940300511079 ], [ 73.431650741106267, 20.664512916130171 ], [ 73.448380421650356, 20.693038509942991 ], [ 73.439118292128057, 20.700755853473137 ], [ 73.467135534149421, 20.721273617980788 ], [ 73.489272374683082, 20.685613936462271 ], [ 73.4793488122518, 20.675171319543249 ], [ 73.490396208172342, 20.653033136865361 ], [ 73.509854980178915, 20.669709915478823 ], [ 73.530502832957382, 20.673405433355313 ], [ 73.555141537496169, 20.646917610497393 ], [ 73.576449102721114, 20.647392195990932 ], [ 73.614578201313535, 20.624770466293679 ], [ 73.626877873332646, 20.581764164088199 ], [ 73.658346868752176, 20.562260445429434 ], [ 73.693664856683711, 20.577788260065233 ], [ 73.741027490260109, 20.566724983647049 ], [ 73.78004872122645, 20.601569069552948 ], [ 73.799020584930361, 20.60080575291504 ], [ 73.839641452191643, 20.622752849894521 ], [ 73.838634676595888, 20.666291612298902 ], [ 73.834769461216979, 20.674362534658943 ], [ 73.818640004621898, 20.672854678130982 ], [ 73.81586559782258, 20.693053470978718 ], [ 73.836053860165762, 20.701325033590024 ], [ 73.856959917610808, 20.693482542131438 ], [ 73.879058228146505, 20.728761838132122 ], [ 73.914501381858329, 20.72264641076676 ], [ 73.943248810708283, 20.741389446837164 ], [ 73.94091154866949, 20.759854851140837 ], [ 73.932044695434982, 20.759875500672685 ], [ 73.938891688400403, 20.839174337275001 ], [ 73.963056184330313, 20.842352926763102 ], [ 73.968182027585954, 20.851361356491125 ], [ 74.000032387486272, 20.8356076307698 ], [ 74.021585765121287, 20.835725952728179 ], [ 74.018284623379841, 20.844626065446647 ], [ 74.025654065350224, 20.850830998908805 ], [ 74.041325895404611, 20.835384705672553 ], [ 74.060665830739481, 20.848213614813044 ], [ 74.097341860488257, 20.841181624094428 ], [ 74.101101834934298, 20.854223670191082 ], [ 74.126351824453508, 20.865069217252135 ], [ 74.144784866200297, 20.852116583842591 ], [ 74.157930273345755, 20.852261549670875 ], [ 74.159709179970719, 20.862278617578184 ], [ 74.167661924110917, 20.862860009809907 ], [ 74.194253746936766, 20.854435438918387 ], [ 74.221656398498808, 20.858146334314217 ], [ 74.235466184892388, 20.849623897355979 ], [ 74.254111325405944, 20.858437061537366 ], [ 74.265121255671858, 20.850513481974122 ], [ 74.290888154900202, 20.855205408511395 ], [ 74.315774095328081, 20.842020349503908 ], [ 74.326277626265508, 20.847958242108167 ], [ 74.336036219871488, 20.838368922813842 ], [ 74.339508498037958, 20.851351737021304 ], [ 74.34870523525781, 20.847908395739214 ], [ 74.348796688509864, 20.859186938460052 ], [ 74.357273630133889, 20.856838978903607 ], [ 74.358261843282747, 20.842961361580333 ], [ 74.385316455535161, 20.84029542500781 ], [ 74.385237367561118, 20.853242861320119 ], [ 74.396778213687341, 20.859292869201482 ], [ 74.40531362734319, 20.835727254754271 ], [ 74.387643515630728, 20.834608282450485 ], [ 74.422105232090388, 20.805351256772664 ], [ 74.438019651160047, 20.801328946016273 ], [ 74.450183322461598, 20.801750206278253 ], [ 74.478369651717884, 20.831197680704438 ], [ 74.484543917654236, 20.817911525054171 ], [ 74.507021864475675, 20.817501708465016 ], [ 74.512308478907002, 20.807889526000778 ], [ 74.539518650910679, 20.83458989011082 ], [ 74.567637729024511, 20.823120587936312 ], [ 74.572622835662187, 20.832762031897595 ], [ 74.582404370151565, 20.813996874176834 ], [ 74.612563407938694, 20.80565871394397 ], [ 74.637128684905804, 20.781429467069284 ], [ 74.665032556256435, 20.774187973299412 ], [ 74.655032793884359, 20.757256233702265 ], [ 74.66123154441965, 20.736578758753701 ], [ 74.650854833376428, 20.694899879655775 ], [ 74.71009029454504, 20.689251000747362 ], [ 74.730872734864391, 20.67971733396254 ], [ 74.7381312139008, 20.667609918636337 ], [ 74.798484842519613, 20.659752656681317 ], [ 74.805659537830095, 20.656644973480532 ], [ 74.803483256210257, 20.636207151236473 ], [ 74.814925669235919, 20.633746596070793 ] ] ] } },
{ "type": "Feature", "properties": { "district_id": "assam__dima_hasao", "state": "Assam", "district": "Dima Hasao", "area_km2": 4905.1, "point_lat": 25.3934, "point_lon": 93.0837 }, "geometry": { "type": "Polygon", "coordinates": [ [ [ 93.072614494082686, 25.774569389459632 ], [ 93.071170212424263, 25.766872411003813 ], [ 93.081521412044495, 25.763162759089493 ], [ 93.088109443752757, 25.77159038554597 ], [ 93.108991955137199, 25.774194460825015 ], [ 93.13158670959136, 25.761188545422069 ], [ 93.130343965961785, 25.750087388859598 ], [ 93.15109521855166, 25.737520431034646 ], [ 93.133370881104, 25.683755701474624 ], [ 93.146469883399917, 25.661049411010229 ], [ 93.171252667743502, 25.658672976027848 ], [ 93.191300011667465, 25.62890524121585 ], [ 93.173090757897754, 25.595310435585894 ], [ 93.212755162959397, 25.543998083233184 ], [ 93.265277263751841, 25.545183849503172 ], [ 93.277694749679895, 25.528852258480317 ], [ 93.297895196149312, 25.54472053808686 ], [ 93.306960312649608, 25.528572418370054 ], [ 93.322588369787127, 25.529715349061057 ], [ 93.331832750000672, 25.543276943338892 ], [ 93.340454790497375, 25.533742431769141 ], [ 93.352371957781813, 25.533981798849805 ], [ 93.371794133466565, 25.497506472674701 ], [ 93.386311456262973, 25.489696634662245 ], [ 93.395812243037781, 25.460430417919049 ], [ 93.456667929282062, 25.438141585328474 ], [ 93.47698729938007, 25.382132808616827 ], [ 93.45156259827985, 25.34034679524849 ], [ 93.461590596241024, 25.332723693161395 ], [ 93.456346275250169, 25.321390670103668 ], [ 93.473625396876429, 25.305372170499261 ], [ 93.459581218157368, 25.290843857576011 ], [ 93.426054140330066, 25.277236681654873 ], [ 93.420339506401589, 25.262438898141902 ], [ 93.403199533883353, 25.259289728997228 ], [ 93.388342653987564, 25.242163175029091 ], [ 93.384401781764282, 25.221967607576584 ], [ 93.352663313216397, 25.178081455938244 ], [ 93.34874000845133, 25.12168377713957 ], [ 93.335288249952356, 25.092137422229243 ], [ 93.312236972617029, 25.074286510019355 ], [ 93.304085755086462, 25.044331149734926 ], [ 93.267704131608212, 25.046087773965464 ], [ 93.257299395922274, 25.01816235967803 ], [ 93.248355242618885, 25.015239319988492 ], [ 93.246445877431697, 25.000074335663232 ], [ 93.262802637572875, 25.000656045377088 ], [ 93.255174719435416, 24.998625861293167 ], [ 93.252354460404476, 24.971577981056381 ], [ 93.243932073543917, 24.967389455303259 ], [ 93.228766894056889, 24.976186584609902 ], [ 93.228946801457752, 24.984948806419535 ], [ 93.206560432772179, 24.980083658997827 ], [ 93.189591258688154, 24.996470008463039 ], [ 93.063225022570279, 25.001973138017476 ], [ 93.060893670206411, 25.022631529581684 ], [ 93.017654599160537, 25.061145186964215 ], [ 93.047935448782951, 25.093564389289462 ], [ 93.044037056938478, 25.10292901046677 ], [ 92.993614111898381, 25.095039936011844 ], [ 92.978523316580549, 25.084848618632595 ], [ 92.962480728966185, 25.088231159960802 ], [ 92.951975332523858, 25.070353356265933 ], [ 92.901762778250003, 25.079437360923716 ], [ 92.841306101910519, 25.053113189172134 ], [ 92.827397925756813, 25.072509107645626 ], [ 92.783670302828625, 25.086565564271588 ], [ 92.767815476011975, 25.103460798313126 ], [ 92.756593330572187, 25.13859667826075 ], [ 92.746748173887312, 25.135285066558865 ], [ 92.733480230578238, 25.142873505166115 ], [ 92.738216618277661, 25.125583535134751 ], [ 92.726132847070843, 25.112103149659792 ], [ 92.716850524935936, 25.117485278524942 ], [ 92.702017780052188, 25.108698619374756 ], [ 92.687443555362748, 25.114371086774788 ], [ 92.672727713572243, 25.10812099915956 ], [ 92.648247341157386, 25.117833109127595 ], [ 92.623304940870455, 25.101909486178755 ], [ 92.605383549783056, 25.110359444957989 ], [ 92.574851256099052, 25.101514198653149 ], [ 92.549182186500914, 25.103656668989625 ], [ 92.543398632570458, 25.097312970710121 ], [ 92.525715650769385, 25.123324062561107 ], [ 92.52519101307179, 25.137770378904083 ], [ 92.622005518404919, 25.115283716534524 ], [ 92.638402466733496, 25.142783846685589 ], [ 92.656112069807207, 25.151661813481955 ], [ 92.667293324099177, 25.174579537126302 ], [ 92.694296330040942, 25.178825101204904 ], [ 92.74748154195332, 25.205149270869565 ], [ 92.779863503273901, 25.20043739062605 ], [ 92.804710684427349, 25.216623375781786 ], [ 92.772570999564877, 25.230609444190321 ], [ 92.765013925063684, 25.246720662549244 ], [ 92.777061739657711, 25.257890883157934 ], [ 92.770135980339944, 25.266294458539747 ], [ 92.792603424754688, 25.282510749333525 ], [ 92.784800489553476, 25.329897154997731 ], [ 92.772903574488083, 25.336985137748457 ], [ 92.761030257431813, 25.332669592738824 ], [ 92.73759158392626, 25.378687772927169 ], [ 92.718678395998367, 25.372457682595428 ], [ 92.674448965037001, 25.41470002419809 ], [ 92.660772265018878, 25.407932123196282 ], [ 92.65499383036601, 25.432931582903841 ], [ 92.642350064846298, 25.417131965601641 ], [ 92.630038518113651, 25.432262630766363 ], [ 92.629371625524584, 25.422646153841484 ], [ 92.609848004174495, 25.414202415093104 ], [ 92.598982925923764, 25.46931812818708 ], [ 92.586280756702905, 25.465268992497347 ], [ 92.583140764370967, 25.470588189953627 ], [ 92.572316819115926, 25.461783354756093 ], [ 92.568685306073775, 25.478494274019731 ], [ 92.638496221206083, 25.526172301852689 ], [ 92.661605887466948, 25.579447312546293 ], [ 92.664834692596884, 25.571592232313321 ], [ 92.683849430445548, 25.576736239069049 ], [ 92.68264491070039, 25.584495400934959 ], [ 92.703208292672272, 25.599675243337821 ], [ 92.715716879941809, 25.59905131829105 ], [ 92.720085984275514, 25.589987885753956 ], [ 92.75080223360743, 25.600137362090511 ], [ 92.75322479321396, 25.612884611012916 ], [ 92.768389662872508, 25.61901950094402 ], [ 92.763762815256243, 25.628590722104743 ], [ 92.7885488752664, 25.655490426794046 ], [ 92.777889660444046, 25.677904894820106 ], [ 92.812821272838548, 25.701954831682638 ], [ 92.824139964687532, 25.72520702118204 ], [ 92.822323449643406, 25.739934285997027 ], [ 92.922150453818375, 25.77074103231724 ], [ 92.929860772741407, 25.780776737982158 ], [ 92.931445879725885, 25.8075633908628 ], [ 92.944870068891206, 25.804744161135837 ], [ 92.967687176680727, 25.816553267113139 ], [ 92.95881026885364, 25.800531431688249 ], [ 92.97215588114625, 25.790096915002135 ], [ 92.969916563114523, 25.784554547822953 ], [ 92.98378243959985, 25.790940592521149 ], [ 92.986043158025211, 25.78323826121532 ], [ 92.992683371135584, 25.823260674622169 ], [ 93.011013489737422, 25.791390857242646 ], [ 93.026903621010575, 25.795681340024181 ], [ 93.072614494082686, 25.774569389459632 ] ] ] } },
{ "type": "Feature", "properties": { "district_id": "maharashtra__osmanabad", "state": "Maharashtra", "district": "Osmanabad", "area_km2": 7565.0, "point_lat": 18.1697, "point_lon": 76.1192 }, "geometry": { "type": "Polygon", "coordinates": [ [ [ 76.276917884934775, 18.556972484189391 ], [ 76.274819849832568, 18.538416360042959 ], [ 76.255298036147138, 18.518828036995945 ], [ 76.255276195932666, 18.486042330089354 ], [ 76.271927804822809, 18.467889135454897 ], [ 76.263469732488431, 18.463842045381433 ], [ 76.271658753371909, 18.420040795375133 ], [ 76.233071333943528, 18.433289663595993 ], [ 76.211779078098857, 18.400188429068528 ], [ 76.200342629177257, 18.398694763220274 ], [ 76.21683366622544, 18.382378814570949 ], [ 76.249007982033476, 18.37508983881094 ], [ 76.259215585800291, 18.364564322168501 ], [ 76.288289039752698, 18.385831356575888 ], [ 76.285215895975867, 18.340700767871333 ], [ 76.318650255264515, 18.328977500742116 ], [ 76.311262337880621, 18.269624260274814 ], [ 76.283335067913242, 18.248400976034613 ], [ 76.286783130777408, 18.232603119455856 ], [ 76.302135359308068, 18.229709869540034 ], [ 76.302445102618776, 18.21336798095605 ], [ 76.282132054362819, 18.182043790810695 ], [ 76.277029331531764, 18.13945341994387 ], [ 76.301448668468907, 18.116460175944994 ], [ 76.305754266307616, 18.09612237154532 ], [ 76.321335066727045, 18.076548654978492 ], [ 76.381765204860017, 18.089306468653522 ], [ 76.398500554099385, 18.066624253198668 ], [ 76.39929526524935, 18.053031224040932 ], [ 76.428391678325923, 18.030373838676827 ], [ 76.532670278431937, 18.021010680921577 ], [ 76.568140976318105, 18.038964755745429 ], [ 76.596688125267079, 18.032796367295788 ], [ 76.612401323950991, 18.037885290688198 ], [ 76.607382007074492, 18.010439730148985 ], [ 76.625493384394602, 17.999846829434173 ], [ 76.6815807193545, 17.992657035731256 ], [ 76.689521842727331, 17.97040845414427 ], [ 76.673999648843392, 17.966911690836206 ], [ 76.681857767684505, 17.946276111047634 ], [ 76.675591860416148, 17.921965011710643 ], [ 76.735821643717188, 17.911100601230615 ], [ 76.742381281373355, 17.899597209861952 ], [ 76.739188461815374, 17.85869255140426 ], [ 76.767534643088084, 17.852468821538842 ], [ 76.790048388758024, 17.828180013805522 ], [ 76.764576278428933, 17.78884845546289 ], [ 76.741178951594648, 17.780860161174484 ], [ 76.717403301306391, 17.783621494635121 ], [ 76.719681749945266, 17.749614306801032 ], [ 76.729348565664111, 17.738775277064271 ], [ 76.699814253169663, 17.727794161542512 ], [ 76.705115802978213, 17.720394026266408 ], [ 76.692521821198412, 17.703721772654212 ], [ 76.689914429312864, 17.680305366162639 ], [ 76.664728739312551, 17.689632402929881 ], [ 76.656762154599392, 17.718129272611634 ], [ 76.632134134536955, 17.730692298901079 ], [ 76.628403481728554, 17.757630342101962 ], [ 76.615872850943688, 17.769943959307167 ], [ 76.594628984056328, 17.719241354550284 ], [ 76.574555742930926, 17.703851428679435 ], [ 76.565875917832869, 17.755275793760873 ], [ 76.574615352044219, 17.761613158045417 ], [ 76.524870761466715, 17.760457288198523 ], [ 76.524821885047658, 17.716849192826256 ], [ 76.487449120464873, 17.715113130336729 ], [ 76.490387413607195, 17.662324658147877 ], [ 76.453303306642312, 17.657187061662945 ], [ 76.441824365520148, 17.650996947122181 ], [ 76.443729846280803, 17.643515583594805 ], [ 76.381309349005747, 17.659603302370648 ], [ 76.379300558487557, 17.685592353684378 ], [ 76.361605074377266, 17.6867108960395 ], [ 76.356100470004577, 17.696189815672053 ], [ 76.319246424093905, 17.697069918898716 ], [ 76.316210624851365, 17.715556167042347 ], [ 76.299194330923342, 17.729054280539849 ], [ 76.27140590049116, 17.727534105844267 ], [ 76.239592526781294, 17.697921841722824 ], [ 76.217417507797407, 17.689448613795324 ], [ 76.189865935571461, 17.682383791385476 ], [ 76.176471618422212, 17.68752982754695 ], [ 76.166310147803927, 17.700008158907657 ], [ 76.149640999407836, 17.699015635689626 ], [ 76.145012355130063, 17.708668306910369 ], [ 76.149909329975699, 17.718190454650994 ], [ 76.166460082839976, 17.71400639105152 ], [ 76.176265985396043, 17.731083833778623 ], [ 76.148241736701493, 17.732812946891901 ], [ 76.145500424197408, 17.754288500030913 ], [ 76.122367318415897, 17.769046180983242 ], [ 76.100042803202797, 17.76127443364836 ], [ 76.103092128006651, 17.772537334603712 ], [ 76.09641886841851, 17.77866185160698 ], [ 76.056181820079175, 17.76533796837311 ], [ 76.027584292497238, 17.765913145445904 ], [ 76.006250897885536, 17.750133860191156 ], [ 76.018467575334796, 17.82905145678291 ], [ 75.978028155428603, 17.8423134614861 ], [ 75.976530384299224, 17.819918982948227 ], [ 75.968394042456964, 17.818758874566207 ], [ 75.939719182205309, 17.851709281239085 ], [ 75.919503819370618, 17.832309007281129 ], [ 75.876293728702677, 17.846034910288775 ], [ 75.858058018588807, 17.863866682114541 ], [ 75.8453505431454, 17.891926504711812 ], [ 75.85148009927758, 17.91991389625991 ], [ 75.838810631671322, 17.92938261864624 ], [ 75.846584797145383, 17.978246521409183 ], [ 75.839460381264814, 17.978480879870787 ], [ 75.852113586668921, 18.006431810532337 ], [ 75.869718019354124, 18.013212753937243 ], [ 75.89997608975105, 18.006617141362032 ], [ 75.910732781601936, 17.998374730576476 ], [ 75.918348338604048, 17.974119706941824 ], [ 75.961087239685341, 17.979651746130422 ], [ 75.975823620569983, 17.970613393478139 ], [ 75.983842310855124, 17.974986025947121 ], [ 75.985710226470403, 17.990044764804392 ], [ 75.998410992211802, 17.994443426384546 ], [ 76.016225159798239, 18.039535073715246 ], [ 75.991892195663056, 18.061711055263427 ], [ 76.000022221624207, 18.072384243133548 ], [ 75.992892141387927, 18.093691303265754 ], [ 75.961675692450513, 18.089709166792545 ], [ 75.94233590726256, 18.123351960604392 ], [ 75.960405317462389, 18.158934991300665 ], [ 75.939099623732076, 18.212076839342515 ], [ 75.948074636204808, 18.238455482571883 ], [ 75.928149480615716, 18.258975398300265 ], [ 75.924377476909982, 18.302279569514152 ], [ 75.904570971222853, 18.32494203193264 ], [ 75.887091559781723, 18.363581813535248 ], [ 75.851577405536574, 18.364573832530859 ], [ 75.824592802989031, 18.380603481548061 ], [ 75.798814982404764, 18.384103936685634 ], [ 75.774057477708098, 18.411823664893376 ], [ 75.763765552197981, 18.439997915849233 ], [ 75.728495921432952, 18.434039801783491 ], [ 75.708717343222489, 18.396031671753299 ], [ 75.728007758405482, 18.386167679237676 ], [ 75.731916819934767, 18.360518078663375 ], [ 75.720183906799463, 18.337703396592371 ], [ 75.703807691910541, 18.33865634393927 ], [ 75.689718033920158, 18.324239552282783 ], [ 75.651733052647813, 18.330494455340084 ], [ 75.618945992847927, 18.274321872745187 ], [ 75.633541437822799, 18.26440395570879 ], [ 75.632882680104188, 18.247864247170444 ], [ 75.574842507765695, 18.240094640160237 ], [ 75.554575075175592, 18.201108962395022 ], [ 75.546988898764496, 18.163632360580216 ], [ 75.55087253712594, 18.144913477364405 ], [ 75.533377206342479, 18.13440896728364 ], [ 75.508149833811203, 18.15950208254273 ], [ 75.491084998342444, 18.156380331475393 ], [ 75.491086748295103, 18.174022363933485 ], [ 75.470165126845842, 18.174600733949095 ], [ 75.465348440679236, 18.161252497301604 ], [ 75.430250681865274, 18.177865506711257 ], [ 75.438705426507838, 18.20811806262979 ], [ 75.427717765464791, 18.219524729234173 ], [ 75.424325837126986, 18.24114607566268 ], [ 75.432205310897629, 18.261620033488878 ], [ 75.396957819322026, 18.265156926933155 ], [ 75.40116674519345, 18.297467009242009 ], [ 75.394183953154396, 18.307968074288137 ], [ 75.406365811519223, 18.326728714563142 ], [ 75.389639620563301, 18.328863184071086 ], [ 75.360312973745053, 18.370017691827609 ], [ 75.334139362477956, 18.390513717731292 ], [ 75.327684694047349, 18.387255950619341 ], [ 75.31882756323968, 18.396688721563162 ], [ 75.306769159056074, 18.392176071845153 ], [ 75.285299871704609, 18.407975547471388 ], [ 75.303789697239878, 18.434408062249936 ], [ 75.30110092312421, 18.503213537414751 ], [ 75.317123309042955, 18.520911519066239 ], [ 75.33555523251394, 18.524904770475029 ], [ 75.345864306663799, 18.561674416771744 ], [ 75.419097346816969, 18.533098426180189 ], [ 75.439359033288781, 18.552339792894735 ], [ 75.452462127043432, 18.588729856376244 ], [ 75.46785308084057, 18.606760551909407 ], [ 75.490956649984312, 18.626140909789342 ], [ 75.507624257124391, 18.62176741074185 ], [ 75.52583530710335, 18.638512844889583 ], [ 75.551337033112489, 18.643989736729445 ], [ 75.553924483927716, 18.655934823779237 ], [ 75.544213195808013, 18.658852991610441 ], [ 75.548664617941796, 18.68233216325795 ], [ 75.588841158313443, 18.687699976386085 ], [ 75.587372648636148, 18.697059081097898 ], [ 75.608383229173185, 18.686204889794947 ], [ 75.621192536980047, 18.661268787103644 ], [ 75.653535900165721, 18.646957803279243 ], [ 75.666429646223918, 18.649980234257391 ], [ 75.672848101615529, 18.690403576370748 ], [ 75.730852569070265, 18.675350758777839 ], [ 75.752718549172059, 18.680345753752338 ], [ 75.776371386323504, 18.672839814333894 ], [ 75.796363435369912, 18.655814960701495 ], [ 75.801384653972988, 18.673329935896422 ], [ 75.811025239327535, 18.673670049093392 ], [ 75.846404370029461, 18.659157565234988 ], [ 75.858828182024723, 18.661576182983183 ], [ 75.862763956134984, 18.649884193175094 ], [ 75.94131830139456, 18.645201218697718 ], [ 75.94943852008295, 18.636901386412188 ], [ 75.949805799310653, 18.608446139698366 ], [ 75.996746508706778, 18.618708955188726 ], [ 75.986459747756427, 18.595665199714954 ], [ 76.000021147210632, 18.585296922353656 ], [ 76.010272719682717, 18.606578398116344 ], [ 76.028244743024118, 18.601812691695052 ], [ 76.058068103672795, 18.573411720270748 ], [ 76.0987438882524, 18.587778779623765 ], [ 76.151382515865365, 18.583125148431218 ], [ 76.158970797867568, 18.558082053750425 ], [ 76.16773710309964, 18.563488107829208 ], [ 76.170885429805253, 18.585043026879006 ], [ 76.18715743412568, 18.585087656897233 ], [ 76.216506260756304, 18.575937316611395 ], [ 76.254318188444088, 18.576843595540147 ], [ 76.254619408843965, 18.566214619869417 ], [ 76.276917884934775, 18.556972484189391 ] ] ] } },
{ "type": "Feature", "properties": { "district_id": "kerala__palakkad", "state": "Kerala", "district": "Palakkad", "area_km2": 4487.8, "point_lat": 10.7882, "point_lon": 76.4747 }, "geometry": { "type": "Polygon", "coordinates": [ [ [ 76.83918109900587, 10.338336591597468 ], [ 76.818577476384846, 10.348005537326635 ], [ 76.805947115202315, 10.338072156100056 ], [ 76.755191414730362, 10.33643913576172 ], [ 76.766042580378709, 10.36256034790005 ], [ 76.7210307786181, 10.373577610976936 ], [ 76.689484440405749, 10.362278094977155 ], [ 76.659478876132425, 10.385053241079952 ], [ 76.657124691792518, 10.377086973560379 ], [ 76.646238744524751, 10.381943976179494 ], [ 76.630674700515385, 10.375803517778035 ], [ 76.586427409092707, 10.435400184973286 ], [ 76.560947708450485, 10.43175497986349 ], [ 76.558152459419006, 10.443413053180144 ], [ 76.539195034492096, 10.447892887858311 ], [ 76.525003345895286, 10.466354558613254 ], [ 76.477212061884856, 10.486760733432028 ], [ 76.45469528333247, 10.518211916329985 ], [ 76.434962342955544, 10.531983569691169 ], [ 76.440496623957301, 10.55417360063983 ], [ 76.423220928080198, 10.576025382693816 ], [ 76.412417767606399, 10.572499995007302 ], [ 76.40413210733476, 10.594038485291218 ], [ 76.41586370601604, 10.595324554225813 ], [ 76.430156682333532, 10.615191723829449 ], [ 76.419979202140993, 10.628186472808636 ], [ 76.425565027366829, 10.647105150353349 ], [ 76.43748158045959, 10.650397720343914 ], [ 76.443209993255124, 10.663058444092183 ], [ 76.452717208383575, 10.659185135407537 ], [ 76.444844028102821, 10.696387192639241 ], [ 76.459480200871823, 10.698409634079717 ], [ 76.479984391455972, 10.732252838334597 ], [ 76.470882490637436, 10.751442431638599 ], [ 76.403268554007909, 10.745390208290505 ], [ 76.38349588065887, 10.768451566925803 ], [ 76.365243059860489, 10.763510890899417 ], [ 76.356582605775756, 10.74402858763372 ], [ 76.325519935021759, 10.744455351502209 ], [ 76.288159119149995, 10.756943886208697 ], [ 76.251952830095888, 10.747050627461844 ], [ 76.242393652555691, 10.772372738673761 ], [ 76.192016967903839, 10.783390533612852 ], [ 76.20411277987894, 10.76792877526278 ], [ 76.203138780717978, 10.753301154330345 ], [ 76.191044180782654, 10.747821379724552 ], [ 76.163404365859549, 10.704506999244325 ], [ 76.154666662726868, 10.715140856125258 ], [ 76.132148417068308, 10.720004248191632 ], [ 76.125210150993453, 10.709694137014955 ], [ 76.104400174170607, 10.722355411515789 ], [ 76.070101504456986, 10.7272393256342 ], [ 76.063993748546423, 10.744693504754379 ], [ 76.048535805074366, 10.74271284275733 ], [ 76.040836010062222, 10.753053484389106 ], [ 76.043372779501425, 10.793035602762851 ], [ 76.049998824847918, 10.796981712998933 ], [ 76.027062103370099, 10.821404599038747 ], [ 76.041406573557097, 10.843416331154557 ], [ 76.06822476527087, 10.8366532051396 ], [ 76.09930663245278, 10.841065728139625 ], [ 76.105534926617537, 10.868474454642827 ], [ 76.113374212130537, 10.865651331578116 ], [ 76.119038345508628, 10.879982188518841 ], [ 76.131296389186488, 10.878346080238453 ], [ 76.129599588789389, 10.895280743910734 ], [ 76.150437602172474, 10.889273449482706 ], [ 76.163513605366589, 10.913276095104225 ], [ 76.175170063920348, 10.905627821683311 ], [ 76.183196663979928, 10.909851831507652 ], [ 76.188977098300882, 10.898074642147089 ], [ 76.199599723052302, 10.896618090061478 ], [ 76.219287402821735, 10.911832215329255 ], [ 76.232915090950314, 10.885528593065922 ], [ 76.251918412446003, 10.886519716336023 ], [ 76.270886968508819, 10.916417937942549 ], [ 76.298666885496843, 10.918639461230336 ], [ 76.333073394267146, 10.905472103756438 ], [ 76.323515147543461, 10.934459654163646 ], [ 76.330113453442479, 10.978324425187555 ], [ 76.363514909943646, 10.974797254946683 ], [ 76.370795542940868, 10.996118282371921 ], [ 76.33665471259259, 10.998231966378802 ], [ 76.326767936613962, 11.005217434287777 ], [ 76.330487095513732, 11.021739077831569 ], [ 76.289497569811786, 11.020498395172611 ], [ 76.286952977500007, 11.036762355339379 ], [ 76.297235166752969, 11.049136288467809 ], [ 76.33466894523427, 11.054618148305739 ], [ 76.335118641442108, 11.071785231482805 ], [ 76.352230604798336, 11.092559563959183 ], [ 76.413062753795288, 11.114378699504558 ], [ 76.417713338920578, 11.140727423958594 ], [ 76.416441572104162, 11.170368561567569 ], [ 76.406656485643808, 11.18299095857331 ], [ 76.411286949789258, 11.205310399618034 ], [ 76.44699463740433, 11.201707058066736 ], [ 76.461769005908749, 11.187402133169885 ], [ 76.475638473583487, 11.193306684802803 ], [ 76.47493493582833, 11.205953955733502 ], [ 76.496770595727043, 11.210047944629961 ], [ 76.515202114766154, 11.209281616492964 ], [ 76.530515509963806, 11.197602241370335 ], [ 76.602853735070667, 11.204969536064064 ], [ 76.63269291549571, 11.19322412306888 ], [ 76.677955581399885, 11.218328977297286 ], [ 76.689145725110833, 11.23469831607245 ], [ 76.706792181100525, 11.239036718072329 ], [ 76.735533551641936, 11.216664380609755 ], [ 76.727914816602564, 11.20607142149575 ], [ 76.731166262715647, 11.192275546630361 ], [ 76.69896105657368, 11.17279229324576 ], [ 76.701176671167559, 11.152217295968434 ], [ 76.706704226350354, 11.140419170718607 ], [ 76.719893302734619, 11.148047218714249 ], [ 76.732356010570257, 11.130294235257949 ], [ 76.748932239462079, 11.129113731477423 ], [ 76.744397962069925, 11.101179247760758 ], [ 76.758385929259916, 11.082951391827855 ], [ 76.744827774641905, 11.071711988530383 ], [ 76.747479175232755, 11.055328985128263 ], [ 76.761548588921698, 11.054621198566528 ], [ 76.777695293791808, 11.040118999096816 ], [ 76.800520158181897, 11.057633215559045 ], [ 76.803045100716403, 11.050325464798314 ], [ 76.792394976463584, 11.036885353089822 ], [ 76.767476137675445, 11.032472062447095 ], [ 76.716836418189672, 11.039110998377515 ], [ 76.690074580525177, 11.007146224996587 ], [ 76.688094851658903, 10.987406492046722 ], [ 76.67076305011642, 10.968133534044048 ], [ 76.659506862959589, 10.931808368818219 ], [ 76.743438755382357, 10.888823061751562 ], [ 76.783878362055319, 10.889579397288406 ], [ 76.828628959645911, 10.869838745802124 ], [ 76.856448647095803, 10.834607657420927 ], [ 76.848384785255021, 10.823630609593103 ], [ 76.851716002090882, 10.81575762619504 ], [ 76.899764661780537, 10.808087143956826 ], [ 76.909086147533387, 10.779034586782362 ], [ 76.892017702782454, 10.734351999241957 ], [ 76.895415015274267, 10.715564281912402 ], [ 76.88670427927093, 10.714906891348809 ], [ 76.867156224619123, 10.683414181017296 ], [ 76.881897427790804, 10.672284676243965 ], [ 76.884453196281214, 10.637614140798753 ], [ 76.816587701606309, 10.634377369318869 ], [ 76.820316116198256, 10.602518801694803 ], [ 76.841517746121937, 10.593144376712551 ], [ 76.836418699933432, 10.545715903864297 ], [ 76.843375755389218, 10.532665625297843 ], [ 76.81946519925981, 10.422952344525855 ], [ 76.827226174329866, 10.409841919183062 ], [ 76.833678507649765, 10.41148219515188 ], [ 76.827911117776821, 10.394581805370851 ], [ 76.85173729559078, 10.36782046593223 ], [ 76.83918109900587, 10.338336591597468 ] ] ] } },
{ "type": "Feature", "properties": { "district_id": "maharashtra__parbhani", "state": "Maharashtra", "district": "Parbhani", "area_km2": 6337.9, "point_lat": 19.3073, "point_lon": 76.5533 }, "geometry": { "type": "Polygon", "coordinates": [ [ [ 76.633427896608055, 19.866231318411646 ], [ 76.678629672721641, 19.846140933397241 ], [ 76.676586431479123, 19.838286771689507 ], [ 76.706082496122917, 19.83581700686122 ], [ 76.698824242396299, 19.81901880516871 ], [ 76.702348224232679, 19.806136540637741 ], [ 76.687528385185473, 19.781082123587833 ], [ 76.702799589127665, 19.764325330457559 ], [ 76.716473275607001, 19.768137543187979 ], [ 76.739063276414143, 19.730566172202781 ], [ 76.735350301877375, 19.711735660029539 ], [ 76.745875703963833, 19.709944303018101 ], [ 76.759985560236785, 19.684427172964341 ], [ 76.772692935612213, 19.692607104925116 ], [ 76.767979564131878, 19.714929631511371 ], [ 76.781194332625063, 19.730380792915231 ], [ 76.790601052752592, 19.718636061138881 ], [ 76.78453120799098, 19.700675360428146 ], [ 76.78835591401689, 19.670797682816229 ], [ 76.809346750148094, 19.681542415357512 ], [ 76.81949203435893, 19.66705556744337 ], [ 76.827210677738762, 19.681097478317152 ], [ 76.815957156506812, 19.701351370654834 ], [ 76.850920202732965, 19.704301398413573 ], [ 76.864632366454785, 19.674171397989774 ], [ 76.854002702177823, 19.647663773171917 ], [ 76.875666705249685, 19.642147199235442 ], [ 76.871180730748478, 19.618343846214071 ], [ 76.903369519241281, 19.643829502693581 ], [ 76.915770331468352, 19.636092220272406 ], [ 76.912530948249838, 19.625181375794071 ], [ 76.919828006585846, 19.615775780665977 ], [ 76.942763687060705, 19.622130368465051 ], [ 76.944981352405534, 19.597273191589114 ], [ 76.961585950462194, 19.583462484780334 ], [ 76.951424243435753, 19.574157402927256 ], [ 76.96924119642263, 19.545210113470247 ], [ 76.959543151941887, 19.511382748305767 ], [ 76.9774158627866, 19.505223940126253 ], [ 76.979570358201386, 19.487075712744115 ], [ 76.987914891700285, 19.490828436350714 ], [ 76.986429027433402, 19.475087191897096 ], [ 76.96820166413147, 19.475726943524233 ], [ 76.952985796671214, 19.488737893344531 ], [ 76.921218490973814, 19.446187137465188 ], [ 76.922269882235824, 19.417361006180275 ], [ 76.8957721642238, 19.378316240270941 ], [ 76.891720433713971, 19.348559051438698 ], [ 76.901577711887896, 19.324146161867294 ], [ 76.893813506141683, 19.30845965933252 ], [ 76.902774719301888, 19.297532187732877 ], [ 76.932206195423234, 19.296673863960784 ], [ 76.921439288043246, 19.255851224296755 ], [ 76.926176975536308, 19.247499200881926 ], [ 76.936175738173205, 19.254319300881306 ], [ 76.956721759356654, 19.248220903694889 ], [ 76.955432250822724, 19.253889149926895 ], [ 76.971708499407796, 19.252660854228871 ], [ 76.970197133369794, 19.276695272080552 ], [ 76.987428345705027, 19.276127640361249 ], [ 76.992463750488255, 19.284496704884223 ], [ 77.021821631479014, 19.282425112312414 ], [ 77.021902751188762, 19.274435563174812 ], [ 77.010561318792085, 19.271176300729703 ], [ 77.013320442024252, 19.251575658777913 ], [ 77.03680131997254, 19.243780160530775 ], [ 77.049288906645444, 19.247611254591931 ], [ 77.051411305966965, 19.23029409031259 ], [ 77.038128917176905, 19.20128189381948 ], [ 77.075892376909763, 19.189724397297734 ], [ 77.088358311224923, 19.172152666879356 ], [ 77.100139357184375, 19.172659068181325 ], [ 77.094882326892986, 19.156576287888683 ], [ 77.120640345334365, 19.149731811766799 ], [ 77.09755022749539, 19.144965226309328 ], [ 77.09349533662045, 19.135885890467037 ], [ 77.104132127263782, 19.122135451515106 ], [ 77.104087210981859, 19.103722108621842 ], [ 77.084933114163221, 19.107628280815891 ], [ 77.062721239042105, 19.06738860458616 ], [ 77.065612183317114, 19.029003575239365 ], [ 77.044660720318873, 19.030067709956235 ], [ 77.042864816520122, 19.003167349557096 ], [ 77.054786045551992, 18.988163158568675 ], [ 77.039120819621061, 18.971537316849524 ], [ 77.02625238879088, 18.939498376592876 ], [ 77.004346115715435, 18.929494633863566 ], [ 76.993468046166612, 18.936254031622457 ], [ 76.984531828801764, 18.914017211557461 ], [ 76.961898753938939, 18.932251503963059 ], [ 76.951036463214734, 18.906716267612936 ], [ 76.934014598758822, 18.900293879537678 ], [ 76.958067593881793, 18.889660979260256 ], [ 76.957146098680425, 18.874374946847446 ], [ 77.0128211469967, 18.877907524433414 ], [ 77.019039554304442, 18.8429786400221 ], [ 76.995370833665035, 18.827376209406122 ], [ 76.885146924975473, 18.834781481354355 ], [ 76.859971707364451, 18.819683114021313 ], [ 76.854152106729273, 18.806698697950686 ], [ 76.839137188842443, 18.813704061599537 ], [ 76.816467229315634, 18.799430038762768 ], [ 76.784104482982855, 18.793463235806996 ], [ 76.781781589933573, 18.776584479628387 ], [ 76.745526037942881, 18.774152596456634 ], [ 76.727116029046996, 18.749263111744391 ], [ 76.675953661802424, 18.761277989167084 ], [ 76.6827711126125, 18.779714150156824 ], [ 76.66737119058682, 18.819036229726002 ], [ 76.648141021337537, 18.821895129650315 ], [ 76.643584640566459, 18.846592400883921 ], [ 76.632398217967463, 18.848447468844427 ], [ 76.622973784246767, 18.869063630643129 ], [ 76.588148032983639, 18.874158906265954 ], [ 76.583963327838674, 18.944816377131623 ], [ 76.539644764287445, 18.949424844421888 ], [ 76.536864545634074, 18.917246678804357 ], [ 76.522839236813098, 18.91722310609909 ], [ 76.501123869793815, 18.951040025226725 ], [ 76.478848381602035, 18.956438953025373 ], [ 76.480017640152965, 18.974480042352688 ], [ 76.471121128393605, 18.981791075922711 ], [ 76.478957665988446, 19.000677972276325 ], [ 76.456320221919782, 19.007640384678471 ], [ 76.442175281294936, 19.038209135401548 ], [ 76.451806539348752, 19.051028153544735 ], [ 76.435817063017424, 19.071477248055086 ], [ 76.437229058644149, 19.095648588950848 ], [ 76.411796321033037, 19.092486365516141 ], [ 76.37829970787682, 19.131051318656251 ], [ 76.35523125817231, 19.102599767590519 ], [ 76.324701449600155, 19.107037154800707 ], [ 76.320977989518113, 19.114108574504513 ], [ 76.334105971078813, 19.135590393904675 ], [ 76.360916111099499, 19.152149817828946 ], [ 76.352688272242077, 19.192683300927094 ], [ 76.364610663435244, 19.211140316962759 ], [ 76.363518961528129, 19.23707913953891 ], [ 76.34685151901472, 19.249339188111097 ], [ 76.29143011580706, 19.262278145761851 ], [ 76.269115309552745, 19.255885334191419 ], [ 76.255922028402736, 19.239961696480574 ], [ 76.226509244589153, 19.241439295422381 ], [ 76.228470205286456, 19.255162858402791 ], [ 76.215264352061197, 19.259768660951512 ], [ 76.209268774757987, 19.27753846992033 ], [ 76.221684909883649, 19.293766423356104 ], [ 76.210223275318, 19.298228298121092 ], [ 76.213345900137497, 19.318232206712629 ], [ 76.235078857425648, 19.313351091471539 ], [ 76.241913535604951, 19.337881651093252 ], [ 76.265055318076989, 19.333658715567903 ], [ 76.279673022884282, 19.344159328430422 ], [ 76.261688875196157, 19.357355184947036 ], [ 76.267555498618606, 19.366010354129791 ], [ 76.285287561775206, 19.366308204344854 ], [ 76.290912367405213, 19.432075521255907 ], [ 76.303565234941445, 19.431954695831308 ], [ 76.315235551575839, 19.46395159104404 ], [ 76.341355077149416, 19.453927213563507 ], [ 76.34495249866147, 19.469911854395377 ], [ 76.365509563090669, 19.468367323856718 ], [ 76.377235948507135, 19.499674835246417 ], [ 76.372634901992498, 19.515347042248148 ], [ 76.378645442480703, 19.536102662365167 ], [ 76.395849027514345, 19.530777680607287 ], [ 76.396113667414113, 19.540634947140003 ], [ 76.413257965149157, 19.53209490274886 ], [ 76.442573439081457, 19.540743736551295 ], [ 76.448555427482177, 19.582705703969886 ], [ 76.437229628570989, 19.585628044954589 ], [ 76.433867763630758, 19.601583701621571 ], [ 76.452086417117144, 19.61211246459504 ], [ 76.453062606624911, 19.640705742871088 ], [ 76.44422602643796, 19.641046085036564 ], [ 76.45007359607294, 19.659626402134084 ], [ 76.471449427554163, 19.678518645229332 ], [ 76.487902032935693, 19.676922917246202 ], [ 76.485242586882222, 19.719866528429318 ], [ 76.458696277876783, 19.7228698168854 ], [ 76.459995245784654, 19.746524749489286 ], [ 76.485744157805058, 19.743196616223425 ], [ 76.493878078481927, 19.760234155845421 ], [ 76.510841934407594, 19.762294255885834 ], [ 76.512833544358017, 19.770045819186457 ], [ 76.489898711714559, 19.778257090695817 ], [ 76.483845940961757, 19.792828005463093 ], [ 76.486176439303748, 19.799655178527942 ], [ 76.511724423249547, 19.800288291205195 ], [ 76.511406983523273, 19.827358432150334 ], [ 76.521606556022149, 19.836205659596512 ], [ 76.520602917121209, 19.848325316304376 ], [ 76.610536672215716, 19.838100644821417 ], [ 76.623371574670628, 19.842535626603585 ], [ 76.633427896608055, 19.866231318411646 ] ] ] } },
{ "type": "Feature", "properties": { "district_id": "kerala__pathanamthitta", "state": "Kerala", "district": "Pathanamthitta", "area_km2": 2644.3, "point_lat": 9.281, "point_lon": 76.9752 }, "geometry": { "type": "Polygon", "coordinates": [ [ [ 77.284366370037134, 9.271303803885298 ], [ 77.276332166532214, 9.233268331415351 ], [ 77.283709616386091, 9.21769770381273 ], [ 77.2671738623783, 9.199061222403252 ], [ 77.256601279367558, 9.198740955196044 ], [ 77.253514071890905, 9.187967483310768 ], [ 77.265324336076574, 9.184583701667057 ], [ 77.268841373833922, 9.151839671399731 ], [ 77.247223189638945, 9.123530998663529 ], [ 77.212902667550381, 9.097030611670984 ], [ 77.205900221275982, 9.069084478047289 ], [ 77.107596197822502, 9.09581799717834 ], [ 77.06867033485463, 9.112423308208403 ], [ 77.054853992582338, 9.126561306205499 ], [ 77.026345852332227, 9.126809884295929 ], [ 77.01027020684063, 9.138874944086247 ], [ 77.000246567586061, 9.132130031518095 ], [ 76.930674431885961, 9.171541218240533 ], [ 76.929311822648771, 9.138925605388096 ], [ 76.965986721681716, 9.127320880363165 ], [ 76.953754944347651, 9.118871920519272 ], [ 76.914375566419878, 9.124019514017373 ], [ 76.905330415143069, 9.123143851453394 ], [ 76.904294464674777, 9.115755963885741 ], [ 76.897422609730086, 9.130236040911917 ], [ 76.890393712465084, 9.124118181204734 ], [ 76.875663437562011, 9.130224612036006 ], [ 76.855702474287753, 9.118447150850502 ], [ 76.84932660666864, 9.098286205283356 ], [ 76.829170614552012, 9.093237233604892 ], [ 76.813691231788965, 9.10721568768157 ], [ 76.784851242404002, 9.113318022743563 ], [ 76.767379985603966, 9.097422969854854 ], [ 76.771214829907848, 9.074662988205212 ], [ 76.759174601684663, 9.072986803511306 ], [ 76.755743282798122, 9.088812796716281 ], [ 76.72515860050764, 9.081610905076293 ], [ 76.656916610605677, 9.09666613553636 ], [ 76.649522111698317, 9.116835003265114 ], [ 76.656148885149435, 9.121948731370161 ], [ 76.656096896137498, 9.148949763018711 ], [ 76.673341183189834, 9.151275193846976 ], [ 76.674351588844701, 9.167465707077778 ], [ 76.686361895914558, 9.172707472744303 ], [ 76.668375688160921, 9.197849378378647 ], [ 76.650124186562664, 9.207136400413303 ], [ 76.644819872635537, 9.201723663044916 ], [ 76.640961465881674, 9.229905534873243 ], [ 76.659075145251094, 9.239346213844696 ], [ 76.656866984164154, 9.257633409029678 ], [ 76.692989121848058, 9.282031802226498 ], [ 76.693850565170791, 9.29420259028025 ], [ 76.668438814329079, 9.284709222762789 ], [ 76.65574300337542, 9.288205269862646 ], [ 76.654950418981301, 9.304239997098959 ], [ 76.638943080998544, 9.3255724385797 ], [ 76.645006265440628, 9.330577123102868 ], [ 76.641984820552466, 9.3420356399792 ], [ 76.624554036414409, 9.339767590675777 ], [ 76.572952425137601, 9.353289136152014 ], [ 76.551385172194657, 9.346684875858786 ], [ 76.559961286986805, 9.341904282217461 ], [ 76.550019634400073, 9.321417772424619 ], [ 76.501482366680747, 9.320657726016403 ], [ 76.476440604295362, 9.328381825866249 ], [ 76.489779377572518, 9.346487362194072 ], [ 76.523398788926286, 9.362477226039015 ], [ 76.509453707485463, 9.375744651882723 ], [ 76.515790631651299, 9.407520521646774 ], [ 76.548823531895792, 9.421446510334592 ], [ 76.560829304191856, 9.410376082169172 ], [ 76.58202885591578, 9.421119520244895 ], [ 76.593952659009034, 9.414873836913701 ], [ 76.591710054652054, 9.443731395033506 ], [ 76.603211054042774, 9.448466259342458 ], [ 76.602985924976053, 9.456623677287782 ], [ 76.627366295030413, 9.459409268221254 ], [ 76.629424352687906, 9.469675638674429 ], [ 76.636364077637992, 9.463011478378411 ], [ 76.641449338083888, 9.475607279366582 ], [ 76.654053372426816, 9.480156737787871 ], [ 76.700074132538845, 9.475572230776935 ], [ 76.709202576176864, 9.454124666624454 ], [ 76.734641303046914, 9.472576346874025 ], [ 76.74766947643154, 9.473327089651718 ], [ 76.75097026136703, 9.453363954916556 ], [ 76.764263079629714, 9.439001270999043 ], [ 76.793587397350848, 9.444487921653661 ], [ 76.802296953460058, 9.453740965417603 ], [ 76.850646413922462, 9.446662152492896 ], [ 76.855275520117431, 9.456938888717042 ], [ 76.922794549577219, 9.425983268465533 ], [ 76.924881340690845, 9.417880513566216 ], [ 76.939559743424084, 9.421695319257557 ], [ 76.940522039097615, 9.429663020387444 ], [ 76.963683894744179, 9.429304628960557 ], [ 77.014716348184209, 9.419694214468853 ], [ 77.014294867609522, 9.408757824030072 ], [ 77.022161078908979, 9.406601380658547 ], [ 77.068012555308286, 9.416396560109121 ], [ 77.04874959347039, 9.450981317741057 ], [ 77.054832846866972, 9.459819904008445 ], [ 77.073763102567469, 9.454896621926306 ], [ 77.104644653343556, 9.478277038419606 ], [ 77.120506014230344, 9.477873312178218 ], [ 77.131728356594294, 9.491671034487533 ], [ 77.144144483455293, 9.485716207371352 ], [ 77.143614427054644, 9.460517328922686 ], [ 77.167164798064093, 9.469621399388233 ], [ 77.169526728447991, 9.460710268848734 ], [ 77.181550324380879, 9.470442041084835 ], [ 77.185370249988338, 9.453920294047155 ], [ 77.205338094294135, 9.450855263891272 ], [ 77.207717732010948, 9.441370282619625 ], [ 77.224642018751027, 9.432651312543021 ], [ 77.249684413986188, 9.381125919331803 ], [ 77.236875455200462, 9.349009410774693 ], [ 77.237227227467557, 9.325500346773863 ], [ 77.226879693530918, 9.313569238344241 ], [ 77.227490005813337, 9.295933787639175 ], [ 77.237636891043593, 9.292334926814855 ], [ 77.239790528306912, 9.282440467174242 ], [ 77.247496730698259, 9.288669494232201 ], [ 77.284366370037134, 9.271303803885298 ] ] ] } },
{ "type": "Feature", "properties": { "district_id": "maharashtra__pune", "state": "Maharashtra", "district": "Pune", "area_km2": 15655.7, "point_lat": 18.6425, "point_lon": 73.9215 }, "geometry": { "type": "Polygon", "coordinates": [ [ [ 74.833877262240037, 18.339198908440945 ], [ 74.846336988739225, 18.299888125372529 ], [ 74.836650618050314, 18.294938072125991 ], [ 74.804093625946336, 18.301367246477643 ], [ 74.795135759398462, 18.284265275777514 ], [ 74.833157861764406, 18.246306536250902 ], [ 74.876673952880097, 18.247314013702088 ], [ 74.887986451550219, 18.257437509581923 ], [ 74.951108367141373, 18.263427713963104 ], [ 74.993180425918609, 18.240983624321263 ], [ 75.041374547076089, 18.263126474245702 ], [ 75.04477904586328, 18.253418699014812 ], [ 75.008547334348762, 18.212053106909153 ], [ 75.021985073428255, 18.187481697239154 ], [ 75.059365109485199, 18.1975631924361 ], [ 75.082005954645936, 18.217915082726059 ], [ 75.102063217949407, 18.220528047182444 ], [ 75.109635446531129, 18.214336609407891 ], [ 75.114196289585394, 18.199512895893253 ], [ 75.091653800397353, 18.146015631105609 ], [ 75.093803925800955, 18.122231783460848 ], [ 75.158061731349264, 18.120982305765338 ], [ 75.163165105331771, 18.106507668548961 ], [ 75.137625909885884, 18.091579667709421 ], [ 75.130302969402379, 18.075386611425007 ], [ 75.092296488309231, 18.066128822066904 ], [ 75.083784495509008, 18.042040677293411 ], [ 75.052641968606991, 18.020282666366494 ], [ 75.029166245687662, 17.988439174420161 ], [ 75.021549660048919, 17.962016456879425 ], [ 75.050726893270578, 17.946623917094954 ], [ 75.070587544167012, 17.975768262641523 ], [ 75.102613473300508, 17.97320804819028 ], [ 75.109083964188457, 17.993102068455507 ], [ 75.12009182977458, 17.997876483364102 ], [ 75.135026440508, 17.969576125138257 ], [ 75.117354554917824, 17.968465862925957 ], [ 75.130701902150975, 17.954195980506125 ], [ 75.114790161760695, 17.936632177993712 ], [ 75.084543492193092, 17.938729027337114 ], [ 75.089523685636422, 17.923133863431008 ], [ 75.072252800032857, 17.914303279643423 ], [ 75.052640136189211, 17.924387973596669 ], [ 75.046452010950105, 17.917590940157734 ], [ 75.054467549978582, 17.901929878281962 ], [ 75.039370604833906, 17.903262486066936 ], [ 75.023980436771694, 17.89209182026346 ], [ 75.0177058968561, 17.90741113425366 ], [ 74.962101472643965, 17.914981211652858 ], [ 74.94345663349435, 17.924694999917161 ], [ 74.939093659618564, 17.939919637247581 ], [ 74.911297921944694, 17.944860175207605 ], [ 74.896620605420551, 17.937398000770653 ], [ 74.86953262557391, 17.950833825059817 ], [ 74.846963704710191, 17.947757008280842 ], [ 74.863820447762819, 17.991348968765909 ], [ 74.832693520272528, 17.992680811704439 ], [ 74.82635787982035, 18.00971081330248 ], [ 74.81317353588679, 18.017309190607794 ], [ 74.807384009929308, 17.99656864283557 ], [ 74.763439148264055, 18.02414981693034 ], [ 74.747892229005359, 18.018555707440367 ], [ 74.730391225144785, 18.02869881267042 ], [ 74.712275882306855, 18.028040067007783 ], [ 74.692582360430862, 18.039088626832026 ], [ 74.686301887236141, 18.059134598518337 ], [ 74.665170418003726, 18.068841782693102 ], [ 74.656612245926581, 18.068607172920704 ], [ 74.64110397239881, 18.044534688121686 ], [ 74.62878178088971, 18.055403106278998 ], [ 74.610908270851425, 18.04693205409129 ], [ 74.590039466975014, 18.055255156369661 ], [ 74.582607842802759, 18.046583664658538 ], [ 74.551363812356058, 18.069632764255839 ], [ 74.535269428356912, 18.057326133729521 ], [ 74.493292064676368, 18.05867927435018 ], [ 74.464294067866774, 18.047282892306065 ], [ 74.432955731749587, 18.065134574515159 ], [ 74.380072763437283, 18.070503797364331 ], [ 74.35752226327304, 18.096068281344301 ], [ 74.329247973439379, 18.087986525499581 ], [ 74.302997073109012, 18.068603579072473 ], [ 74.237784855996665, 18.098661377382644 ], [ 74.208329511637118, 18.098822442055095 ], [ 74.188661453975541, 18.110798834990838 ], [ 74.162807285531656, 18.106450257433746 ], [ 74.147644710330766, 18.118634426604324 ], [ 74.13428126680158, 18.116939767380536 ], [ 74.123432030629118, 18.129048069473296 ], [ 74.08369173150929, 18.120056773741801 ], [ 74.061474388659633, 18.137216135257631 ], [ 74.031749870260754, 18.131690419435255 ], [ 74.003672227101632, 18.156466095103664 ], [ 73.990011083057084, 18.149396325844936 ], [ 73.94581428867177, 18.180514877192543 ], [ 73.904546224136439, 18.159929245766861 ], [ 73.897466340562929, 18.182424901112292 ], [ 73.873836794097542, 18.172932323741694 ], [ 73.903658157640081, 18.136085969852967 ], [ 73.890644845099757, 18.115792338202155 ], [ 73.862187052093944, 18.119805101383566 ], [ 73.880466180794386, 18.08457050245929 ], [ 73.87102124817693, 18.073270037466813 ], [ 73.873348902174357, 18.052527161817121 ], [ 73.85769328541879, 18.031563237538649 ], [ 73.846988619480101, 18.040931229402943 ], [ 73.839602428592627, 18.031350787540259 ], [ 73.813220445811169, 18.035880094985576 ], [ 73.791667821617679, 18.02210904677062 ], [ 73.76202060641225, 18.026365137504616 ], [ 73.759620769078026, 18.037331121602197 ], [ 73.705605115265442, 18.048152216470044 ], [ 73.664522262725171, 18.026840979607591 ], [ 73.612929464283297, 18.057967619159903 ], [ 73.619913047437578, 18.078127918694218 ], [ 73.602335135750664, 18.084839342299755 ], [ 73.609211542891913, 18.096691376842521 ], [ 73.596926843918595, 18.10640587000146 ], [ 73.606169607683157, 18.13806708246862 ], [ 73.612151017938814, 18.135818994806499 ], [ 73.605492680505236, 18.118116275454071 ], [ 73.624175432458088, 18.12058744445347 ], [ 73.628082851165161, 18.124317249897324 ], [ 73.620292457798385, 18.126776690419266 ], [ 73.634797851607544, 18.145914907084503 ], [ 73.641813969458198, 18.143097622518447 ], [ 73.650228830849088, 18.156866586277125 ], [ 73.665811611748978, 18.154699439340302 ], [ 73.662264895237513, 18.165594300600446 ], [ 73.599423693095815, 18.189346207551591 ], [ 73.594234835194968, 18.176705014163854 ], [ 73.581587206433724, 18.179206169017434 ], [ 73.565539973824571, 18.190238089642559 ], [ 73.561324735241726, 18.211150516789935 ], [ 73.555049831398634, 18.195974899279328 ], [ 73.541666554044795, 18.205843082959632 ], [ 73.538581060608976, 18.190095252047655 ], [ 73.523344802596071, 18.185720410835359 ], [ 73.533849836731406, 18.209215261816784 ], [ 73.523406098939418, 18.21282955473114 ], [ 73.535067507758569, 18.225450842252055 ], [ 73.523277742322861, 18.229963130672605 ], [ 73.536769272159972, 18.244565070089596 ], [ 73.519379328029416, 18.246181010853199 ], [ 73.505178173777864, 18.257755149083057 ], [ 73.516214509249465, 18.271978244907221 ], [ 73.505556348697695, 18.273404574507683 ], [ 73.50934406731794, 18.286363415390596 ], [ 73.480115400995871, 18.271328950413473 ], [ 73.476049088337263, 18.300435279009751 ], [ 73.455012729571024, 18.29756345431268 ], [ 73.446394117868664, 18.30860307993251 ], [ 73.42173352562709, 18.306756436334684 ], [ 73.422033525602302, 18.326021436563632 ], [ 73.444372157402896, 18.360037769122965 ], [ 73.427848097877259, 18.372713707489758 ], [ 73.420276974301842, 18.404452016255632 ], [ 73.401789175832576, 18.399900585336571 ], [ 73.396393675317526, 18.453921407836667 ], [ 73.40672990617395, 18.467271544062893 ], [ 73.410181863237725, 18.498230029429234 ], [ 73.381106104181796, 18.483411203013279 ], [ 73.376292591520553, 18.467331640803366 ], [ 73.364361425182878, 18.468508143985819 ], [ 73.362090166742504, 18.483603887493274 ], [ 73.375191991340287, 18.481015321323781 ], [ 73.394208621957702, 18.50306259002717 ], [ 73.384562115893743, 18.504161791431276 ], [ 73.356899487545391, 18.532515690171124 ], [ 73.343532699239987, 18.532521951302527 ], [ 73.344570682595375, 18.54766490526141 ], [ 73.357388407167676, 18.557231166507027 ], [ 73.33258770422448, 18.548035679121792 ], [ 73.322555381451352, 18.563108156677561 ], [ 73.334360394064902, 18.606701497378594 ], [ 73.343312602413292, 18.604221236067222 ], [ 73.361188372843799, 18.636098991464639 ], [ 73.388900947774971, 18.654282014785807 ], [ 73.38487249616287, 18.692849158177157 ], [ 73.375244378789546, 18.707988139319081 ], [ 73.364190109978821, 18.700457793868352 ], [ 73.35850280359432, 18.708334342480448 ], [ 73.342775215201158, 18.695627097144566 ], [ 73.331699561905623, 18.701624579168485 ], [ 73.352713284840732, 18.724340744998841 ], [ 73.354336665252291, 18.752733902132363 ], [ 73.368075941743172, 18.791031783977282 ], [ 73.37402701106916, 18.787196511292098 ], [ 73.378555881380592, 18.793352819075594 ], [ 73.376744000054472, 18.816704272387891 ], [ 73.384462495978539, 18.819645338040914 ], [ 73.388753151411734, 18.852040637373165 ], [ 73.402969686923569, 18.842421742163335 ], [ 73.433899065196812, 18.872859929156323 ], [ 73.439458287435386, 18.898801800642968 ], [ 73.430607488391644, 18.914362769354234 ], [ 73.441113579123368, 18.927311920685078 ], [ 73.458436853971904, 18.929491603248355 ], [ 73.462242302628539, 18.965887691062626 ], [ 73.479311122062853, 18.965464521630366 ], [ 73.478586758654941, 18.979152280745968 ], [ 73.511785759802393, 18.967682084560249 ], [ 73.557226948793442, 19.0159678694299 ], [ 73.535817768622351, 19.032173530366407 ], [ 73.542323119481424, 19.050570976836624 ], [ 73.518132899342234, 19.049049904730261 ], [ 73.519251926814093, 19.058576324726424 ], [ 73.527813504986682, 19.056271821309679 ], [ 73.5293571880418, 19.08552579964913 ], [ 73.51728009508075, 19.084326781178152 ], [ 73.512428114067546, 19.094028726164318 ], [ 73.521442624953693, 19.101240603100464 ], [ 73.527384294725977, 19.129174411813509 ], [ 73.54112201094901, 19.122850821280512 ], [ 73.54505166542134, 19.142573969906724 ], [ 73.533021863765313, 19.155546911354122 ], [ 73.540649074065584, 19.159845713352016 ], [ 73.544465026913286, 19.182949719865341 ], [ 73.609016171673829, 19.189353032314148 ], [ 73.614219476645118, 19.206260365854614 ], [ 73.626786323842438, 19.209859824001011 ], [ 73.633154388960207, 19.202161969476851 ], [ 73.662523148027105, 19.239103517818279 ], [ 73.69044482657381, 19.244276988317196 ], [ 73.696118009305621, 19.256766872957076 ], [ 73.670496144162655, 19.296448621093337 ], [ 73.70842448050405, 19.323386505723619 ], [ 73.75276639731743, 19.334138803663045 ], [ 73.748375713101879, 19.327380856005533 ], [ 73.774490489865343, 19.32995467804356 ], [ 73.774838402237421, 19.339587353267277 ], [ 73.79697673454487, 19.330703667142931 ], [ 73.783531287668922, 19.390643405930522 ], [ 73.813695731707199, 19.392871637268307 ], [ 73.862713998348994, 19.357904647460614 ], [ 73.877789195123924, 19.362953900664767 ], [ 73.88432817178915, 19.376275325809157 ], [ 73.896160844166928, 19.374271247868979 ], [ 73.914849331095823, 19.365190971882431 ], [ 73.930953047161481, 19.340559206578398 ], [ 74.000027275185587, 19.357520756180207 ], [ 74.01308242726013, 19.325603876101578 ], [ 74.028297672486445, 19.310317345123551 ], [ 74.027562650618165, 19.3005467297628 ], [ 74.014129164144222, 19.295581564954798 ], [ 74.03190863718072, 19.283707817068667 ], [ 74.026808356490875, 19.268837449201278 ], [ 74.034560736125712, 19.250249961556491 ], [ 74.047412323222076, 19.258252678396332 ], [ 74.053359576532344, 19.243728063536928 ], [ 74.093857976765506, 19.226220776999934 ], [ 74.089180677452546, 19.234901138870072 ], [ 74.128370869441326, 19.220073798287547 ], [ 74.152831986675793, 19.221803463592547 ], [ 74.158937537194603, 19.202742091949446 ], [ 74.168623911832327, 19.219659183849291 ], [ 74.221709798870307, 19.201505683969955 ], [ 74.264876409248316, 19.224071202817772 ], [ 74.316451049462955, 19.208058787936778 ], [ 74.304309124001065, 19.188769725993044 ], [ 74.268150231348088, 19.184533852941836 ], [ 74.265041587831846, 19.16262274400928 ], [ 74.23600857154878, 19.12330091805439 ], [ 74.224711280080669, 19.129743700962962 ], [ 74.210567497759939, 19.125072655346695 ], [ 74.197409548345547, 19.105823664537674 ], [ 74.200418463971516, 19.087584480355492 ], [ 74.175130722150755, 19.03588106745989 ], [ 74.21475422425786, 19.006921506441849 ], [ 74.21271332838738, 18.995302093975003 ], [ 74.224338451388562, 18.992209732211869 ], [ 74.223100644316844, 18.976065186221398 ], [ 74.239667611389024, 18.964172652133211 ], [ 74.239868811553066, 18.953371960409108 ], [ 74.25036545105668, 18.952792516757224 ], [ 74.270794771598233, 18.920951525066645 ], [ 74.294418695295619, 18.903218460221098 ], [ 74.311331377989077, 18.85342371652348 ], [ 74.321582205694739, 18.843360072630258 ], [ 74.332148664485516, 18.837372439553029 ], [ 74.35170435701238, 18.843652328390146 ], [ 74.397425165771779, 18.830412726023017 ], [ 74.385534859278891, 18.803192824560327 ], [ 74.399647815707681, 18.777258606818648 ], [ 74.399543375900947, 18.741310907204454 ], [ 74.424926704183818, 18.7489446867231 ], [ 74.440886926412617, 18.738587330978579 ], [ 74.451108869008834, 18.719445126934705 ], [ 74.477149383511644, 18.722197415524334 ], [ 74.479072176628151, 18.681561052033924 ], [ 74.486557632711509, 18.674618360941448 ], [ 74.507292335147952, 18.677445231575575 ], [ 74.511563061827772, 18.667434238198517 ], [ 74.474557310871646, 18.641205299846664 ], [ 74.510719773708658, 18.615912002033149 ], [ 74.550694383027334, 18.61396509285013 ], [ 74.54376218154384, 18.583350823960892 ], [ 74.581527988725881, 18.547836425622471 ], [ 74.571210427653142, 18.544707847043981 ], [ 74.573039088408635, 18.532204635502989 ], [ 74.549789084989754, 18.513799929690379 ], [ 74.553874065965687, 18.498849415277387 ], [ 74.580493071829594, 18.473294985473654 ], [ 74.612178444558651, 18.467462653964549 ], [ 74.6435725733743, 18.449797138744572 ], [ 74.674648848054716, 18.461301121443579 ], [ 74.657808382721512, 18.473745452481321 ], [ 74.659484665342575, 18.485365366089493 ], [ 74.704922986829246, 18.504152214974827 ], [ 74.726941741041401, 18.479685275174557 ], [ 74.714710134429808, 18.430257224438432 ], [ 74.734579158801765, 18.397907126078238 ], [ 74.755028350115396, 18.396396122215894 ], [ 74.779847779366875, 18.408414013544778 ], [ 74.808485321895532, 18.386045959662532 ], [ 74.795920026309886, 18.351095608173491 ], [ 74.833877262240037, 18.339198908440945 ] ] ] } },
{ "type": "Feature", "properties": { "district_id": "karnataka__raichur", "state": "Karnataka", "district": "Raichur", "area_km2": 8450.0, "point_lat": 16.0535, "point_lon": 76.903 }, "geometry": { "type": "Polygon", "coordinates": [ [ [ 77.288648051606231, 16.407044059624312 ], [ 77.416082499242648, 16.366943590920616 ], [ 77.442497086046885, 16.378715790645302 ], [ 77.499015627997878, 16.380140809254712 ], [ 77.52345604740249, 16.374500877357285 ], [ 77.559235183864146, 16.346041452323465 ], [ 77.596402711817319, 16.342048307212426 ], [ 77.589183592378717, 16.332578906227404 ], [ 77.59513481692197, 16.291444898471983 ], [ 77.569758961362652, 16.3022652213367 ], [ 77.547924455315851, 16.29159320558264 ], [ 77.53850304254459, 16.267183330285349 ], [ 77.524001304158773, 16.275405210921839 ], [ 77.50586662962057, 16.272314127790732 ], [ 77.492174091313942, 16.254334029930789 ], [ 77.493404075496898, 16.22889301763265 ], [ 77.515448945785494, 16.227909042634359 ], [ 77.513483897367621, 16.219523293848333 ], [ 77.499983505121762, 16.2175703896167 ], [ 77.499609639965641, 16.191724836557999 ], [ 77.488299896662724, 16.163176153633177 ], [ 77.491407747675169, 16.120445875414543 ], [ 77.514201866079304, 16.108257412624564 ], [ 77.497671259713471, 16.088507245754805 ], [ 77.507752226290791, 16.077992315380325 ], [ 77.495543894732222, 16.035436638063217 ], [ 77.506562209667209, 16.010390566952104 ], [ 77.514982416432034, 16.007114784518322 ], [ 77.510421595132073, 15.977571389313409 ], [ 77.520844859492229, 15.962394103900317 ], [ 77.514409428044246, 15.925835427279996 ], [ 77.431151358686122, 15.947112217259189 ], [ 77.380830078157828, 15.938005634059813 ], [ 77.358159374122408, 15.948428928316341 ], [ 77.286805371043783, 15.951981091955544 ], [ 77.253173523833524, 15.962304868198757 ], [ 77.161152422420827, 15.948937420848415 ], [ 77.093918041082418, 15.922272372709465 ], [ 77.069772048667133, 15.903699988253393 ], [ 77.028184105612056, 15.833910654029934 ], [ 76.938678690047496, 15.751309472384985 ], [ 76.915720076894075, 15.694663101956916 ], [ 76.893074601974433, 15.682813238883471 ], [ 76.839316554720483, 15.629630483029473 ], [ 76.835744761864717, 15.561223437287698 ], [ 76.813996472427505, 15.546610955320947 ], [ 76.760290549749797, 15.565310568276562 ], [ 76.747926205189884, 15.590487849872538 ], [ 76.690406688523467, 15.594481191061243 ], [ 76.681164754609853, 15.606769863645805 ], [ 76.68059836416684, 15.626191163592861 ], [ 76.694807459353811, 15.622682787416833 ], [ 76.69256114205416, 15.645442735540923 ], [ 76.670230704112129, 15.638180780999338 ], [ 76.672130118141638, 15.656838730051515 ], [ 76.599965739823062, 15.67278074690981 ], [ 76.598457013276715, 15.699301141059419 ], [ 76.561563326040272, 15.70527808296429 ], [ 76.531943015418577, 15.699281533246594 ], [ 76.512308564470956, 15.71551310605539 ], [ 76.492221709941347, 15.705173535558464 ], [ 76.444027696506296, 15.735946379990786 ], [ 76.440232940661815, 15.783864313659636 ], [ 76.423407997565789, 15.78555110374681 ], [ 76.412982267243294, 15.801999210241201 ], [ 76.451412939831769, 15.836079006171543 ], [ 76.451214377514532, 15.850954920785338 ], [ 76.419639196409349, 15.868075618576315 ], [ 76.427614367571849, 15.887718604356946 ], [ 76.403798122640936, 15.900006057623889 ], [ 76.376112177703448, 15.901510769915989 ], [ 76.3751099818668, 15.914360184465394 ], [ 76.355487956032064, 15.903552488046907 ], [ 76.359373922130743, 15.878175831920155 ], [ 76.350264757289821, 15.862517968946111 ], [ 76.339169370373583, 15.871734455545019 ], [ 76.345937093459185, 15.897286782640391 ], [ 76.318186984832423, 15.901152933378452 ], [ 76.309188457986679, 15.891977028862732 ], [ 76.290430596418133, 15.891317543135036 ], [ 76.285734340260163, 15.925598587248682 ], [ 76.310950785910322, 15.921861304280794 ], [ 76.328156044394603, 15.930829426286767 ], [ 76.322098783950665, 15.952710975880814 ], [ 76.311890311317427, 15.95427683585052 ], [ 76.302257445873124, 15.968974767482836 ], [ 76.297266032705792, 15.991895890171723 ], [ 76.313292509913595, 16.000581231921711 ], [ 76.307815574587352, 16.064705625560919 ], [ 76.303005414927881, 16.072596626216491 ], [ 76.260937194101146, 16.073210637334434 ], [ 76.259158272344763, 16.081995736506158 ], [ 76.261222761474812, 16.088876868654168 ], [ 76.294269330669522, 16.087332407980419 ], [ 76.329618443990896, 16.076304385456318 ], [ 76.334649687220391, 16.090335997255345 ], [ 76.270908736573077, 16.107819653824631 ], [ 76.255286888093991, 16.097799880658094 ], [ 76.254952425516279, 16.109961416626746 ], [ 76.246060723878287, 16.111210252367481 ], [ 76.247458770006887, 16.126235092572106 ], [ 76.235378009777065, 16.130146428983384 ], [ 76.241008182648429, 16.16534866679568 ], [ 76.28151207110723, 16.149769054097469 ], [ 76.298358739389613, 16.182220364157178 ], [ 76.34662282339329, 16.196302296388964 ], [ 76.478790025935936, 16.290118579369185 ], [ 76.515044919022174, 16.299357863382117 ], [ 76.580406941625725, 16.340421262794571 ], [ 76.605124959624106, 16.339444839277128 ], [ 76.64838898970558, 16.358776345073831 ], [ 76.747214358981111, 16.412057032986198 ], [ 76.759537756877293, 16.426361895490636 ], [ 76.785543857700929, 16.4163475790848 ], [ 76.839067675209833, 16.428546779242158 ], [ 76.863248939567029, 16.455096973317275 ], [ 76.869574345990486, 16.486377460639567 ], [ 76.882556761959222, 16.493042997659714 ], [ 76.912433275366112, 16.485781662048343 ], [ 76.970175181530536, 16.505142139750426 ], [ 76.977467236685214, 16.517932096202973 ], [ 76.970813698223409, 16.54037594099492 ], [ 76.976135546427983, 16.558294041217028 ], [ 77.000022155778282, 16.558674521660205 ], [ 77.01106411237339, 16.54543362414006 ], [ 77.006661222396616, 16.515841059318124 ], [ 77.014256513776772, 16.501102069844379 ], [ 77.058824841144016, 16.517662011333108 ], [ 77.115005840282862, 16.482195557287746 ], [ 77.151921410459352, 16.47566217324216 ], [ 77.164255384891845, 16.461429823493148 ], [ 77.171182844513211, 16.435022387012957 ], [ 77.243787485726926, 16.416714525093113 ], [ 77.267827629191629, 16.402081483638323 ], [ 77.288648051606231, 16.407044059624312 ] ] ] } },
{ "type": "Feature", "properties": { "district_id": "maharashtra__raigarh", "state": "Maharashtra", "district": "Raigarh", "area_km2": 7156.3, "point_lat": 18.4918, "point_lon": 73.1406 }, "geometry": { "type": "Polygon", "coordinates": [ [ [ 73.527384294725977, 19.129174411813509 ], [ 73.521442624953693, 19.101240603100464 ], [ 73.512428114067546, 19.094028726164318 ], [ 73.51728009508075, 19.084326781178152 ], [ 73.5293571880418, 19.08552579964913 ], [ 73.527813504986682, 19.056271821309679 ], [ 73.519251926814093, 19.058576324726424 ], [ 73.518132899342234, 19.049049904730261 ], [ 73.542323119481424, 19.050570976836624 ], [ 73.535817768622351, 19.032173530366407 ], [ 73.557226948793442, 19.0159678694299 ], [ 73.511785759802393, 18.967682084560249 ], [ 73.478586758654941, 18.979152280745968 ], [ 73.479311122062853, 18.965464521630366 ], [ 73.462242302628539, 18.965887691062626 ], [ 73.458436853971904, 18.929491603248355 ], [ 73.441113579123368, 18.927311920685078 ], [ 73.430607488391644, 18.914362769354234 ], [ 73.439458287435386, 18.898801800642968 ], [ 73.42762797401646, 18.862612256706562 ], [ 73.414952993495248, 18.86010286659241 ], [ 73.402969686923569, 18.842421742163335 ], [ 73.388753151411734, 18.852040637373165 ], [ 73.384462495978539, 18.819645338040914 ], [ 73.376744000054472, 18.816704272387891 ], [ 73.378555881380592, 18.793352819075594 ], [ 73.37402701106916, 18.787196511292098 ], [ 73.368075941743172, 18.791031783977282 ], [ 73.354336665252291, 18.752733902132363 ], [ 73.352713284840732, 18.724340744998841 ], [ 73.331699561905623, 18.701624579168485 ], [ 73.342775215201158, 18.695627097144566 ], [ 73.35850280359432, 18.708334342480448 ], [ 73.364190109978821, 18.700457793868352 ], [ 73.375244378789546, 18.707988139319081 ], [ 73.38487249616287, 18.692849158177157 ], [ 73.388900947774971, 18.654282014785807 ], [ 73.361188372843799, 18.636098991464639 ], [ 73.343312602413292, 18.604221236067222 ], [ 73.334360394064902, 18.606701497378594 ], [ 73.322555381451352, 18.563108156677561 ], [ 73.33258770422448, 18.548035679121792 ], [ 73.357388407167676, 18.557231166507027 ], [ 73.344570682595375, 18.54766490526141 ], [ 73.343532699239987, 18.532521951302527 ], [ 73.356899487545391, 18.532515690171124 ], [ 73.384562115893743, 18.504161791431276 ], [ 73.394208621957702, 18.50306259002717 ], [ 73.375191991340287, 18.481015321323781 ], [ 73.362090166742504, 18.483603887493274 ], [ 73.364361425182878, 18.468508143985819 ], [ 73.376292591520553, 18.467331640803366 ], [ 73.381106104181796, 18.483411203013279 ], [ 73.410181863237725, 18.498230029429234 ], [ 73.40672990617395, 18.467271544062893 ], [ 73.396393675317526, 18.453921407836667 ], [ 73.401789175832576, 18.399900585336571 ], [ 73.420276974301842, 18.404452016255632 ], [ 73.427848097877259, 18.372713707489758 ], [ 73.444372157402896, 18.360037769122965 ], [ 73.422033525602302, 18.326021436563632 ], [ 73.42173352562709, 18.306756436334684 ], [ 73.446394117868664, 18.30860307993251 ], [ 73.455012729571024, 18.29756345431268 ], [ 73.476049088337263, 18.300435279009751 ], [ 73.480115400995871, 18.271328950413473 ], [ 73.50934406731794, 18.286363415390596 ], [ 73.505556348697695, 18.273404574507683 ], [ 73.516214509249465, 18.271978244907221 ], [ 73.505178173777864, 18.257755149083057 ], [ 73.519379328029416, 18.246181010853199 ], [ 73.536769272159972, 18.244565070089596 ], [ 73.523277742322861, 18.229963130672605 ], [ 73.535067507758569, 18.225450842252055 ], [ 73.523406098939418, 18.21282955473114 ], [ 73.533849836731406, 18.209215261816784 ], [ 73.521393341086608, 18.187408305765118 ], [ 73.538581060608976, 18.190095252047655 ], [ 73.541666554044795, 18.205843082959632 ], [ 73.555049831398634, 18.195974899279328 ], [ 73.561324735241726, 18.211150516789935 ], [ 73.570253439529466, 18.185097580254322 ], [ 73.594234835194968, 18.176705014163854 ], [ 73.599423693095815, 18.189346207551591 ], [ 73.623953446620476, 18.176294167964233 ], [ 73.657313803009075, 18.171080499973588 ], [ 73.666993881559208, 18.1560970440296 ], [ 73.650228830849088, 18.156866586277125 ], [ 73.641813969458198, 18.143097622518447 ], [ 73.634797851607544, 18.145914907084503 ], [ 73.620292457798385, 18.126776690419266 ], [ 73.628082851165161, 18.124317249897324 ], [ 73.624175432458088, 18.12058744445347 ], [ 73.605492680505236, 18.118116275454071 ], [ 73.612151017938814, 18.135818994806499 ], [ 73.606169607683157, 18.13806708246862 ], [ 73.597060220264638, 18.109050058195855 ], [ 73.609211542891913, 18.096691376842521 ], [ 73.602335135750664, 18.084839342299755 ], [ 73.619913047437578, 18.078127918694218 ], [ 73.612929464283297, 18.057967619159903 ], [ 73.658990110164652, 18.031229510363517 ], [ 73.650227974067363, 18.022385019114175 ], [ 73.656140252365802, 18.013079250899107 ], [ 73.626013667187436, 17.984575419613236 ], [ 73.635859489921657, 17.968314903248228 ], [ 73.594654433393359, 17.93552831954851 ], [ 73.575874585324371, 17.943331001575448 ], [ 73.574754736456583, 17.927816432841915 ], [ 73.536162424131987, 17.896899183439022 ], [ 73.538402944017179, 17.888839848484796 ], [ 73.560611955168113, 17.891428583838643 ], [ 73.566433383420573, 17.873953219600686 ], [ 73.550851780478112, 17.864812800798422 ], [ 73.534772090719827, 17.882533941979997 ], [ 73.505536036747898, 17.850780571431699 ], [ 73.496188412434108, 17.852582713935565 ], [ 73.493920176213109, 17.864549947724615 ], [ 73.462701847666892, 17.865016069636098 ], [ 73.449282181260742, 17.850328275191632 ], [ 73.441428741760006, 17.858812232017886 ], [ 73.445238296277978, 17.872474223745346 ], [ 73.435660655057958, 17.903545974454619 ], [ 73.398543602722242, 17.882098118456614 ], [ 73.373880231901566, 17.88794285874712 ], [ 73.370517291781809, 17.905566593606977 ], [ 73.377428654252796, 17.917284273477563 ], [ 73.361974662419939, 17.938724221161287 ], [ 73.361950043734979, 17.954791151987735 ], [ 73.344100525276474, 17.971888301064244 ], [ 73.360149218868628, 18.010112914512625 ], [ 73.347211000122144, 18.024579992125314 ], [ 73.334557376779728, 18.012208924517431 ], [ 73.323506961064624, 18.026699942076416 ], [ 73.304796471725354, 18.023289672117787 ], [ 73.29057601236417, 18.033883410547983 ], [ 73.29698467270218, 18.058012421660656 ], [ 73.288220956005574, 18.070121604601212 ], [ 73.223762155852157, 18.054258223954982 ], [ 73.204893565335453, 18.068535620598578 ], [ 73.189675283589665, 18.056622050835983 ], [ 73.177633254650189, 18.060419057345598 ], [ 73.154014898072091, 18.036966363573228 ], [ 73.150210820113415, 18.021693037964958 ], [ 73.134569173630666, 18.015597858516493 ], [ 73.11560069817665, 17.978488884512334 ], [ 73.069374038928672, 17.986830272458615 ], [ 73.041208354569079, 17.97943036472584 ], [ 73.028455098734582, 17.963701236579752 ], [ 73.028108562727283, 17.98675033298677 ], [ 73.006838473770557, 18.021823230650465 ], [ 73.024649842906257, 18.021505356563825 ], [ 73.046587708704976, 18.043867529807631 ], [ 73.036330377233483, 18.047503336305663 ], [ 73.017552047647456, 18.030183304387485 ], [ 73.009339448966472, 18.04876832367751 ], [ 72.992315972117538, 18.049592410205115 ], [ 73.001620792701019, 18.073730656392517 ], [ 72.970796143000229, 18.129200055185422 ], [ 72.980643301955212, 18.134369571185566 ], [ 72.985830419974619, 18.157764926862985 ], [ 72.976221002373507, 18.199153568012477 ], [ 72.950345925921823, 18.218669938404371 ], [ 72.932115939278688, 18.21410348637097 ], [ 72.941584931664124, 18.236233186716241 ], [ 72.932710045696041, 18.280701735388853 ], [ 72.947200472283001, 18.284946834623597 ], [ 72.962522158463983, 18.316165082231482 ], [ 72.951461146145348, 18.33509816879215 ], [ 72.913399323796099, 18.359333573682751 ], [ 72.913468454342507, 18.367690985962049 ], [ 72.925588705883712, 18.371223005661374 ], [ 72.926146215693564, 18.383793763877076 ], [ 72.91078204457142, 18.394325992944633 ], [ 72.892071030042473, 18.45926632927484 ], [ 72.909665197279267, 18.501016277089267 ], [ 72.904059064712428, 18.535693680863805 ], [ 72.933300846575506, 18.534405369830083 ], [ 72.902312282836249, 18.587187235261482 ], [ 72.866327477741862, 18.622632434790187 ], [ 72.86239897880742, 18.67815505927874 ], [ 72.852483617453572, 18.699195215794436 ], [ 72.866006970682264, 18.756658754441684 ], [ 72.859980142080744, 18.782302649773676 ], [ 72.864948202135622, 18.804341014881718 ], [ 72.840019400928128, 18.84534277433929 ], [ 72.86953201736506, 18.910835105168662 ], [ 72.909759732517657, 18.938681443625182 ], [ 72.912194061935736, 18.963776513398027 ], [ 72.896815789842194, 18.97877205771432 ], [ 73.008961709051746, 18.986727210698344 ], [ 73.043075891644321, 19.013182775768787 ], [ 73.046905657437463, 19.097899137724013 ], [ 73.064046863858991, 19.110609228434516 ], [ 73.130357626703187, 19.110117018723482 ], [ 73.144073015519268, 19.126016167027156 ], [ 73.154129676113129, 19.113010140073314 ], [ 73.176759530158037, 19.109017139272233 ], [ 73.198013275804357, 19.124743350159928 ], [ 73.246550898836205, 19.063863923714734 ], [ 73.26290086356552, 19.066054031570534 ], [ 73.279412756897926, 19.084522792170734 ], [ 73.299913116243118, 19.082177303469226 ], [ 73.300323112725721, 19.074953162587768 ], [ 73.316806579795056, 19.082010008559333 ], [ 73.310942651544465, 19.107359362669072 ], [ 73.350147092565294, 19.128695857029669 ], [ 73.402299941155306, 19.134649283893353 ], [ 73.432155086702267, 19.127466903579545 ], [ 73.472610444122736, 19.134898490588217 ], [ 73.486574706203754, 19.124736316904972 ], [ 73.527384294725977, 19.129174411813509 ] ] ] } },
{ "type": "Feature", "properties": { "district_id": "karnataka__ramanagara", "state": "Karnataka", "district": "Ramanagara", "area_km2": 3516.4, "point_lat": 12.719, "point_lon": 77.3194 }, "geometry": { "type": "Polygon", "coordinates": [ [ [ 77.204674705414163, 13.183765831832083 ], [ 77.223655129842541, 13.148585211924932 ], [ 77.265692871968454, 13.153815862686461 ], [ 77.273419382023121, 13.143637955690178 ], [ 77.270643708173509, 13.131786070087559 ], [ 77.310329988872383, 13.103038115505614 ], [ 77.312694658432179, 13.058843405945138 ], [ 77.33130644016461, 13.029701084323813 ], [ 77.321127095283572, 13.011819450538733 ], [ 77.333431223597699, 12.946896574567099 ], [ 77.345656900750527, 12.941207435863319 ], [ 77.337810935658268, 12.908758303553352 ], [ 77.348943619151214, 12.867483372575531 ], [ 77.366935449081694, 12.870772652986606 ], [ 77.378327678296685, 12.853379431550294 ], [ 77.397398828266645, 12.869116728671427 ], [ 77.402997366020742, 12.863745374614419 ], [ 77.408842457479636, 12.873992970359387 ], [ 77.430882556377995, 12.876942083205016 ], [ 77.421768227465421, 12.868347710310074 ], [ 77.43900162780632, 12.849660562637416 ], [ 77.438536967910977, 12.839384328655791 ], [ 77.423547090679207, 12.82576855190807 ], [ 77.437920700415958, 12.822857568917462 ], [ 77.433891066448098, 12.816308957336668 ], [ 77.445171803354043, 12.807241247791868 ], [ 77.453675923520009, 12.818023518884301 ], [ 77.482103367452979, 12.807658416938841 ], [ 77.485653133895084, 12.798986055047623 ], [ 77.472017401214941, 12.792761504661868 ], [ 77.477660474309715, 12.753909692616446 ], [ 77.506716852282437, 12.735440285320708 ], [ 77.516242627409568, 12.744537298333849 ], [ 77.524076375013848, 12.732469481091037 ], [ 77.539264634602731, 12.754470005324107 ], [ 77.545392282885402, 12.75299571174156 ], [ 77.552576836592095, 12.773325048121462 ], [ 77.544586969046136, 12.775629960593356 ], [ 77.551271737236902, 12.786095821075129 ], [ 77.542117477875394, 12.798479504607077 ], [ 77.559166686876438, 12.799641549489207 ], [ 77.555168735320109, 12.788280138239198 ], [ 77.564101545216531, 12.785614925536271 ], [ 77.557615308258221, 12.779909129283947 ], [ 77.568754398314383, 12.758723728752857 ], [ 77.573726362582647, 12.77949226646272 ], [ 77.583040624582992, 12.786471296134309 ], [ 77.594628392445642, 12.782099892738335 ], [ 77.598244440837192, 12.756030140589454 ], [ 77.577772697477741, 12.751579768488156 ], [ 77.573104990212073, 12.731492563516271 ], [ 77.559378023867325, 12.730207797382663 ], [ 77.561367001097111, 12.712428914368862 ], [ 77.570512512564264, 12.698681152171638 ], [ 77.597274745298591, 12.718712637366862 ], [ 77.618264007976677, 12.705577885186413 ], [ 77.595135426147564, 12.664296264815958 ], [ 77.607566396804671, 12.629871220073138 ], [ 77.591847795375188, 12.613915824597909 ], [ 77.579818769943017, 12.566774415442934 ], [ 77.588405095893762, 12.51591577564513 ], [ 77.61633669651637, 12.508759830172005 ], [ 77.585309488818496, 12.47730772649326 ], [ 77.606671208848795, 12.473585882700617 ], [ 77.627337849524821, 12.494513034515899 ], [ 77.635284612847613, 12.486289535920539 ], [ 77.630275328249425, 12.417548648788472 ], [ 77.616591355733249, 12.369333362523035 ], [ 77.578831067541287, 12.333213397160637 ], [ 77.552940052707513, 12.292707124788954 ], [ 77.533697928633401, 12.289957799794818 ], [ 77.528533654596629, 12.278488153011384 ], [ 77.488512004912721, 12.278526280639618 ], [ 77.473036361326621, 12.244631827489007 ], [ 77.448852519586694, 12.250401032688414 ], [ 77.430295790921093, 12.286651794808316 ], [ 77.398859327525614, 12.278331597932672 ], [ 77.340648768693697, 12.282867447106248 ], [ 77.322824696698135, 12.307091942068029 ], [ 77.333732765822958, 12.353122151192515 ], [ 77.328665222238158, 12.365606936766097 ], [ 77.314532491332159, 12.389940029799016 ], [ 77.287337658700054, 12.391895629354975 ], [ 77.284739673968986, 12.427893239679923 ], [ 77.27108209751529, 12.434642612647515 ], [ 77.269504990472512, 12.464934411178993 ], [ 77.238191089896532, 12.469180938149171 ], [ 77.234870060159324, 12.481696591222043 ], [ 77.226517626736836, 12.47509726973534 ], [ 77.227411509850484, 12.487897973879694 ], [ 77.239291263986956, 12.487261384735755 ], [ 77.239590259262954, 12.499149003558733 ], [ 77.22495925417131, 12.499703031612563 ], [ 77.210269014200392, 12.484694498086185 ], [ 77.200717835240155, 12.488048414565002 ], [ 77.178379522449589, 12.478369321915112 ], [ 77.16920561864454, 12.483505321548694 ], [ 77.147728733998562, 12.461632029514071 ], [ 77.124255280656286, 12.484941427962003 ], [ 77.133157386022347, 12.500903613374879 ], [ 77.11503361088036, 12.552968530778687 ], [ 77.129073951278897, 12.551565734897054 ], [ 77.130372822756726, 12.567740949064493 ], [ 77.108612116028311, 12.601196932926578 ], [ 77.11192993939035, 12.615219674665914 ], [ 77.124173345862289, 12.622686931022038 ], [ 77.101998898802023, 12.628681864363603 ], [ 77.098479892610044, 12.674910768626093 ], [ 77.076675401467796, 12.678320430359143 ], [ 77.073973643111401, 12.70115593520055 ], [ 77.085570765898609, 12.740110005265818 ], [ 77.082175607703078, 12.755946823194755 ], [ 77.094305558713657, 12.752332902384936 ], [ 77.100328239159538, 12.774241917376751 ], [ 77.120917333632207, 12.771656007654885 ], [ 77.149516314449656, 12.782965844834195 ], [ 77.151996575552374, 12.791950949635382 ], [ 77.141239381560865, 12.808485044860282 ], [ 77.157131996851192, 12.825013027824607 ], [ 77.150546592577825, 12.846980154656727 ], [ 77.133366588283749, 12.858081455725275 ], [ 77.133277318410947, 12.887079031031405 ], [ 77.111752925285998, 12.890769700745485 ], [ 77.138264558037548, 12.898842850808334 ], [ 77.143790356536698, 12.915298982650416 ], [ 77.160207862792745, 12.911622258509537 ], [ 77.168748915736913, 12.929647628876278 ], [ 77.15971759760879, 12.941200815239446 ], [ 77.160472963237396, 12.956001885981127 ], [ 77.13359294437609, 12.973775627538773 ], [ 77.13440035246937, 12.98415958444156 ], [ 77.147006751830361, 12.988001623844251 ], [ 77.136596008954868, 13.003443321610058 ], [ 77.126719037896763, 13.005770932102129 ], [ 77.130549464020717, 12.993805578754014 ], [ 77.107128915870888, 12.992412056826796 ], [ 77.100853022514514, 13.000534580451264 ], [ 77.118415481671235, 13.013473556512656 ], [ 77.07578008616413, 13.036901837550115 ], [ 77.078359430892107, 13.057361725477973 ], [ 77.071539501738684, 13.066843892171903 ], [ 77.083799041394229, 13.086623728804815 ], [ 77.073085458249722, 13.12406381604144 ], [ 77.09731244133431, 13.143013021672205 ], [ 77.11695680305229, 13.12896902350756 ], [ 77.121114982241949, 13.161010388438225 ], [ 77.149535613287725, 13.173348514266234 ], [ 77.156904572516893, 13.191195983576476 ], [ 77.16681640049832, 13.194547788678658 ], [ 77.169714907488938, 13.182886697871673 ], [ 77.204674705414163, 13.183765831832083 ] ] ] } },
{ "type": "Feature", "properties": { "district_id": "maharashtra__ratnagiri", "state": "Maharashtra", "district": "Ratnagiri", "area_km2": 8261.2, "point_lat": 17.2794, "point_lon": 73.4462 }, "geometry": { "type": "MultiPolygon", "coordinates": [ [ [ [ 73.204893565335453, 18.068535620598578 ], [ 73.223762155852157, 18.054258223954982 ], [ 73.288220956005574, 18.070121604601212 ], [ 73.29698467270218, 18.058012421660656 ], [ 73.29057601236417, 18.033883410547983 ], [ 73.304796471725354, 18.023289672117787 ], [ 73.323506961064624, 18.026699942076416 ], [ 73.334557376779728, 18.012208924517431 ], [ 73.347211000122144, 18.024579992125314 ], [ 73.362370433752801, 18.00493685513656 ], [ 73.344100525276474, 17.971888301064244 ], [ 73.361950043734979, 17.954791151987735 ], [ 73.361974662419939, 17.938724221161287 ], [ 73.377428654252796, 17.917284273477563 ], [ 73.370517291781809, 17.905566593606977 ], [ 73.373880231901566, 17.88794285874712 ], [ 73.398543602722242, 17.882098118456614 ], [ 73.435660655057958, 17.903545974454619 ], [ 73.445238296277978, 17.872474223745346 ], [ 73.441428741760006, 17.858812232017886 ], [ 73.449282181260742, 17.850328275191632 ], [ 73.462701847666892, 17.865016069636098 ], [ 73.493920176213109, 17.864549947724615 ], [ 73.496188412434108, 17.852582713935565 ], [ 73.505536036747898, 17.850780571431699 ], [ 73.534772090719827, 17.882533941979997 ], [ 73.550851780478112, 17.864812800798422 ], [ 73.576065857039822, 17.876635597945047 ], [ 73.576935690906765, 17.858278878398028 ], [ 73.596401411034975, 17.847735049937274 ], [ 73.582772401492633, 17.82943962112817 ], [ 73.602513074177452, 17.794734257739396 ], [ 73.583371047266638, 17.787323517870565 ], [ 73.590788364134639, 17.778367461482123 ], [ 73.588791401998719, 17.764788758149212 ], [ 73.566335519190147, 17.721894439904027 ], [ 73.593841056348779, 17.699481694382921 ], [ 73.614875182277444, 17.712605787842641 ], [ 73.635251536875018, 17.699488834880171 ], [ 73.653728692387887, 17.706835919157118 ], [ 73.659380376695523, 17.695502332072842 ], [ 73.688850023994434, 17.687445312344927 ], [ 73.681438691414598, 17.677518848382764 ], [ 73.703221373121494, 17.657985145228889 ], [ 73.692202794365059, 17.627228336178081 ], [ 73.724756289551195, 17.619623754411929 ], [ 73.71606759948871, 17.606867465000775 ], [ 73.729350425247475, 17.590760144077993 ], [ 73.716645488234903, 17.573750749466729 ], [ 73.746802851422146, 17.556118173877017 ], [ 73.741634343635909, 17.531477827451788 ], [ 73.717194624847664, 17.51756966315207 ], [ 73.706349427861056, 17.506553606138173 ], [ 73.707761879504588, 17.493202965053289 ], [ 73.695043472008081, 17.486409902833042 ], [ 73.707650623533681, 17.465593074922317 ], [ 73.701736433229456, 17.452930507611242 ], [ 73.705065000651359, 17.423197143703863 ], [ 73.683405150006294, 17.416954513332445 ], [ 73.669503924021811, 17.393498894803415 ], [ 73.644389528586558, 17.391170755462618 ], [ 73.682135127811094, 17.36339145095009 ], [ 73.686452764247903, 17.31370100399678 ], [ 73.677367158574654, 17.295192821903509 ], [ 73.689911580072604, 17.28522069593042 ], [ 73.697101933400859, 17.259568828068186 ], [ 73.693908865780386, 17.237589937687854 ], [ 73.718617115517461, 17.2023143400572 ], [ 73.693891621597132, 17.178533545527987 ], [ 73.709277744414265, 17.167294576587654 ], [ 73.689456104365902, 17.158322876504318 ], [ 73.691615239013785, 17.143382753162385 ], [ 73.710572932213509, 17.140396377383162 ], [ 73.739448580980692, 17.121595083641608 ], [ 73.746886976068666, 17.131283959028085 ], [ 73.768841504687842, 17.108760503229426 ], [ 73.781322439647823, 17.10762853984092 ], [ 73.788714158996129, 17.093101135021939 ], [ 73.807648681522494, 17.085618357233741 ], [ 73.803916939653178, 17.061644116156419 ], [ 73.817277964463656, 17.063500442210518 ], [ 73.834602266346934, 17.053872358186222 ], [ 73.823091235999115, 17.037931800039683 ], [ 73.834324967677517, 17.025766805075328 ], [ 73.827660439997899, 17.012774320688447 ], [ 73.833910866092182, 16.990633046062019 ], [ 73.787750529014886, 16.992767365745468 ], [ 73.765848479270815, 16.962604759047061 ], [ 73.795571137944592, 16.930177358594637 ], [ 73.790345516579336, 16.90786564226261 ], [ 73.748482325203653, 16.904857697472014 ], [ 73.744509332066627, 16.916646203034141 ], [ 73.739554969734627, 16.912645688623655 ], [ 73.739021703878322, 16.89736833626025 ], [ 73.748902437168198, 16.901574786139836 ], [ 73.748794783234388, 16.882564365817711 ], [ 73.767843238624948, 16.870417307517762 ], [ 73.769273253534124, 16.854096765209576 ], [ 73.752300138256203, 16.834366316191062 ], [ 73.737792770321605, 16.843681308312707 ], [ 73.732585663710125, 16.83251092024361 ], [ 73.724795102876243, 16.837026709539565 ], [ 73.712214979711391, 16.829901421652753 ], [ 73.729374998739502, 16.816214823988979 ], [ 73.737884224904846, 16.820653449673692 ], [ 73.752880742502498, 16.812943592111413 ], [ 73.760630829067509, 16.8027994829677 ], [ 73.762122722042221, 16.77010740893618 ], [ 73.780579184233304, 16.782368311887989 ], [ 73.791731640354627, 16.762786469280275 ], [ 73.819123536227806, 16.765000102371545 ], [ 73.834806088700262, 16.747282489548883 ], [ 73.841181520408583, 16.736281554933466 ], [ 73.828031273831726, 16.714416840166749 ], [ 73.813306218359031, 16.706565904684926 ], [ 73.860599295030866, 16.680589526699386 ], [ 73.853445571870068, 16.673276190026975 ], [ 73.866009007367651, 16.669937675435477 ], [ 73.857119626035569, 16.651839951791519 ], [ 73.833905832826147, 16.648116487238084 ], [ 73.772780721063839, 16.662671191673947 ], [ 73.766529896715767, 16.645586186363161 ], [ 73.774978740938508, 16.624532616382485 ], [ 73.765650317094313, 16.60154360195941 ], [ 73.725080371776883, 16.603351837872609 ], [ 73.702746460046839, 16.625499096177972 ], [ 73.689733346700478, 16.623898786114683 ], [ 73.670988327260815, 16.587462938935648 ], [ 73.663962400801765, 16.588352383158032 ], [ 73.661450012611326, 16.575901570259774 ], [ 73.64994575615853, 16.574914448153152 ], [ 73.648514762062348, 16.564530601797863 ], [ 73.639331545746217, 16.562678182322902 ], [ 73.633108523689145, 16.579701227417083 ], [ 73.623591685288588, 16.582662516887041 ], [ 73.610377098574702, 16.552627356503443 ], [ 73.596088985112814, 16.54246694605833 ], [ 73.581194009446477, 16.543384279287878 ], [ 73.54293217384982, 16.515221746177186 ], [ 73.526645981239554, 16.523835342632253 ], [ 73.513626010492715, 16.515560103722674 ], [ 73.494989220631837, 16.518495826557825 ], [ 73.480426310769403, 16.499139605212847 ], [ 73.4653056972749, 16.493284744673609 ], [ 73.416842950499117, 16.512517016112199 ], [ 73.365544241416188, 16.516100550668 ], [ 73.347349977217419, 16.540756337545549 ], [ 73.341119028535076, 16.560588224436071 ], [ 73.346344778898867, 16.572308933913238 ], [ 73.322443467231238, 16.589249228080806 ], [ 73.324242523618281, 16.603401832428563 ], [ 73.356010665529055, 16.591594442310747 ], [ 73.34337465733114, 16.609812248111613 ], [ 73.354669204203503, 16.608917259667084 ], [ 73.367755960205571, 16.624665817733895 ], [ 73.378802949379136, 16.611059153952922 ], [ 73.379058797801974, 16.594332146672745 ], [ 73.403128581852002, 16.586363916394721 ], [ 73.385447576487053, 16.598737648944002 ], [ 73.389819791669595, 16.612157710916719 ], [ 73.399027227577577, 16.615136775229516 ], [ 73.392366456195759, 16.626678306178139 ], [ 73.370035854342262, 16.636150285100104 ], [ 73.343959058220491, 16.61614007058332 ], [ 73.335488870960745, 16.619190410736444 ], [ 73.341858787151239, 16.631477389807735 ], [ 73.324171055993176, 16.635738138981917 ], [ 73.332071321332506, 16.647841964496632 ], [ 73.328593381689572, 16.678320798034193 ], [ 73.342653289783314, 16.680365012449794 ], [ 73.345415168577688, 16.690568827960057 ], [ 73.322532304705163, 16.690904565999357 ], [ 73.311763156442453, 16.716253606400329 ], [ 73.302637194175418, 16.754336870724529 ], [ 73.317644944966943, 16.797092295807154 ], [ 73.293491811698914, 16.834276763082205 ], [ 73.292803989556646, 16.883163478871317 ], [ 73.315351490807785, 16.887977896045811 ], [ 73.306278640261624, 16.894833900185475 ], [ 73.282363833631521, 16.893071064522402 ], [ 73.28980301615168, 16.92601214613639 ], [ 73.284797262781652, 16.948307341803581 ], [ 73.29467572835037, 16.974927043408858 ], [ 73.307792931308015, 16.956834524508341 ], [ 73.328706624026779, 16.950295740013861 ], [ 73.333705534704563, 16.967886025881448 ], [ 73.319932207545918, 16.961790033755864 ], [ 73.313278293048853, 16.965291531227024 ], [ 73.31338577832517, 16.97965069852625 ], [ 73.307284508615282, 16.973340533175509 ], [ 73.283448331290572, 16.991024494051164 ], [ 73.272740525501703, 16.984959132018034 ], [ 73.272038618929201, 16.993486228220693 ], [ 73.284205534442577, 17.002343645540204 ], [ 73.282090209614466, 17.013611339039262 ], [ 73.275367835166534, 17.022542564641462 ], [ 73.260633430941127, 17.017997005281039 ], [ 73.257882187130306, 17.04644302337973 ], [ 73.280455433829189, 17.039704040394863 ], [ 73.29405788536873, 17.055678327131851 ], [ 73.29169140814794, 17.070526822566006 ], [ 73.302329857238803, 17.067555813926511 ], [ 73.312394063073612, 17.076780429751551 ], [ 73.292935997136752, 17.080060728178921 ], [ 73.282476633836581, 17.11131782438239 ], [ 73.27138607094966, 17.114296803653698 ], [ 73.26940273811222, 17.146379814839626 ], [ 73.277465662673379, 17.155342030120675 ], [ 73.266853046179236, 17.157642136974943 ], [ 73.258613786125082, 17.182130387705069 ], [ 73.239100486170244, 17.194242366671105 ], [ 73.238874723829014, 17.200096353903017 ], [ 73.249462647394111, 17.200280015355375 ], [ 73.248950841987053, 17.219710158426594 ], [ 73.237767783320749, 17.229258351613389 ], [ 73.219732526734902, 17.275070300873647 ], [ 73.207510194374706, 17.27350307247643 ], [ 73.201530712374549, 17.2930651767205 ], [ 73.189859303530653, 17.299426850785107 ], [ 73.196786938187202, 17.306097737387951 ], [ 73.231786120585369, 17.298411020658435 ], [ 73.246049068402499, 17.317149309465552 ], [ 73.223735631676576, 17.326932287280169 ], [ 73.231132894884709, 17.334528563111732 ], [ 73.220670248770844, 17.346340812557564 ], [ 73.226261737793806, 17.356134079668657 ], [ 73.205883687309552, 17.387458662712401 ], [ 73.188048249395379, 17.383736793716313 ], [ 73.168597003443452, 17.403738978212996 ], [ 73.187605492539305, 17.411324279228907 ], [ 73.190213715126049, 17.431718559844565 ], [ 73.204460335205923, 17.439417607953093 ], [ 73.188528369252438, 17.446397650890429 ], [ 73.194575633232233, 17.463918263438149 ], [ 73.182604035743012, 17.510342981056247 ], [ 73.14129002984312, 17.556553567499364 ], [ 73.160102311635839, 17.590825645524763 ], [ 73.144990092882821, 17.603672061740117 ], [ 73.130491055915797, 17.639791789892502 ], [ 73.138056532554927, 17.645123046795444 ], [ 73.117040341779202, 17.689535964414404 ], [ 73.137264013321925, 17.705159634550508 ], [ 73.138080978912498, 17.718639569597524 ], [ 73.097717167483623, 17.808312048393596 ], [ 73.09328638338576, 17.834467791217428 ], [ 73.130237360768731, 17.831341552551837 ], [ 73.102089834939818, 17.844578369291845 ], [ 73.092131540161304, 17.838732313562392 ], [ 73.075921875761921, 17.877780889180027 ], [ 73.080300253579537, 17.89436457075843 ], [ 73.066969588911476, 17.887559469095823 ], [ 73.055971842978451, 17.893437951716813 ], [ 73.055310795845529, 17.918125477346926 ], [ 73.03362746088861, 17.936456516270045 ], [ 73.028455098734582, 17.963701236579752 ], [ 73.041208354569079, 17.97943036472584 ], [ 73.069374038928672, 17.986830272458615 ], [ 73.11560069817665, 17.978488884512334 ], [ 73.134569173630666, 18.015597858516493 ], [ 73.150210820113415, 18.021693037964958 ], [ 73.154014898072091, 18.036966363573228 ], [ 73.173812956080809, 18.058507449932257 ], [ 73.189675283589665, 18.056622050835983 ], [ 73.204893565335453, 18.068535620598578 ] ] ], [ [ [ 73.388444758073547, 16.620071457100256 ], [ 73.382409489026443, 16.617397953133416 ], [ 73.38406521461259, 16.621259644968838 ], [ 73.388444758073547, 16.620071457100256 ] ] ] ] } },
{ "type": "Feature", "properties": { "district_id": "maharashtra__sangli", "state": "Maharashtra", "district": "Sangli", "area_km2": 8562.9, "point_lat": 17.171, "point_lon": 74.5918 }, "geometry": { "type": "Polygon", "coordinates": [ [ [ 75.604380151972336, 17.304682980750005 ], [ 75.623161885421553, 17.295247942612267 ], [ 75.630834783948444, 17.273691018652659 ], [ 75.656082177536973, 17.272064623053584 ], [ 75.658503029855652, 17.262941542083272 ], [ 75.660749741370793, 17.209896149259436 ], [ 75.64121114373927, 17.189727249545744 ], [ 75.629229109680182, 17.187722103851339 ], [ 75.62655076951286, 17.17169119760673 ], [ 75.65134966619317, 17.134355665391467 ], [ 75.652266505710415, 17.114773700485237 ], [ 75.672805070075754, 17.115203358764585 ], [ 75.677223799721858, 17.095865125011976 ], [ 75.677151562763669, 17.064571821754811 ], [ 75.661374745583615, 17.063478116289467 ], [ 75.642366942001175, 17.038116851775811 ], [ 75.652662568698261, 17.032362905123456 ], [ 75.670971959555331, 17.037468672534409 ], [ 75.667556896627858, 16.979549239961788 ], [ 75.67336991851549, 16.962081285180886 ], [ 75.643684106739784, 16.952835238619048 ], [ 75.634961353134159, 16.967585817491141 ], [ 75.60918404722004, 16.971379824092214 ], [ 75.608024077493567, 17.004830129360407 ], [ 75.574189537960066, 17.00950244667299 ], [ 75.568279782181264, 17.007870518629442 ], [ 75.568737610370547, 16.965357877854764 ], [ 75.531125654011163, 16.968369760408514 ], [ 75.50882213269945, 16.949031052922077 ], [ 75.490612204762371, 16.944604009105255 ], [ 75.487781411443734, 16.967078833336405 ], [ 75.465923631778523, 16.986986987435372 ], [ 75.441724029173017, 16.981141477996353 ], [ 75.428901651962079, 16.965114460602081 ], [ 75.392497577019, 16.978009807289975 ], [ 75.34289126689292, 16.954146562287892 ], [ 75.285807278204331, 16.956364625753356 ], [ 75.282942386625777, 16.911056520355817 ], [ 75.289155890485532, 16.902779215943255 ], [ 75.280146473879455, 16.875908612652278 ], [ 75.265604152952051, 16.86252997494023 ], [ 75.240658126217355, 16.866140756628457 ], [ 75.227170155779191, 16.842586442409566 ], [ 75.212964189817654, 16.842000944463958 ], [ 75.180188791286724, 16.843681445374568 ], [ 75.186671253431214, 16.87511872011687 ], [ 75.168668184819637, 16.866421073392793 ], [ 75.137943854714138, 16.875129483829216 ], [ 75.135193426224731, 16.894496070516038 ], [ 75.115484697898012, 16.911520344080994 ], [ 75.094591346053562, 16.915416171184447 ], [ 75.087016209713667, 16.950155491659281 ], [ 75.044595583087911, 16.940205324353787 ], [ 75.028270560035338, 16.927173002272564 ], [ 75.026664399892837, 16.943022783100549 ], [ 74.999958846092497, 16.947307518445108 ], [ 74.982003140096069, 16.930499874728142 ], [ 74.965613624553683, 16.937378843362605 ], [ 74.950597483069174, 16.93147219173046 ], [ 74.934381454816588, 16.942440950536817 ], [ 74.922982341412748, 16.927079377407775 ], [ 74.948890832503096, 16.907980371385197 ], [ 74.963389844552367, 16.906873787830378 ], [ 74.96021311020958, 16.879401525909557 ], [ 74.935694529888437, 16.878026162607348 ], [ 74.907861650343108, 16.857454984343903 ], [ 74.911809973896382, 16.787254013402382 ], [ 74.919787195799231, 16.771542401213242 ], [ 74.850651997372708, 16.772344731369877 ], [ 74.846014208975603, 16.761897963185874 ], [ 74.795887178354604, 16.747219459042196 ], [ 74.774385221856335, 16.75015154345343 ], [ 74.743477632958573, 16.723696214194586 ], [ 74.717583178871195, 16.714863604819712 ], [ 74.693252093292912, 16.716761550410215 ], [ 74.700459406610349, 16.733967473222386 ], [ 74.648005017205762, 16.750742287307226 ], [ 74.645080914436448, 16.769237439242772 ], [ 74.631842951087606, 16.785805972330049 ], [ 74.599396873595595, 16.801089165202306 ], [ 74.561844127283706, 16.804833945601263 ], [ 74.549385164433943, 16.830640227110589 ], [ 74.516955051632493, 16.856653819620842 ], [ 74.513994625015272, 16.839483463127088 ], [ 74.497812469338484, 16.829056598179363 ], [ 74.495956329123231, 16.855530959001133 ], [ 74.470159835365095, 16.867164624846712 ], [ 74.460771839316038, 16.851568635649283 ], [ 74.413896380804616, 16.841851885011952 ], [ 74.405087474738892, 16.850197219779808 ], [ 74.415489456497781, 16.877145347273572 ], [ 74.402842889817862, 16.879877296007553 ], [ 74.361322081379157, 16.853386060685505 ], [ 74.355019727363299, 16.869819024465979 ], [ 74.297583619910938, 16.89176530859212 ], [ 74.281704595844644, 16.91546071540872 ], [ 74.257423336377357, 16.904512264155478 ], [ 74.243988158971007, 16.885184841841866 ], [ 74.23235567494163, 16.887884984400905 ], [ 74.223372655878876, 16.91063067612405 ], [ 74.213049389860416, 16.905436800221935 ], [ 74.212228804551685, 16.89224637873652 ], [ 74.170234151450117, 16.898175013614921 ], [ 74.148059875968414, 16.883893541262093 ], [ 74.134287322511625, 16.889521438273629 ], [ 74.121326989942276, 16.911424537218384 ], [ 74.098032837778305, 16.908563929750112 ], [ 74.090278351325054, 16.914742126439666 ], [ 74.066425662188053, 16.903343803528362 ], [ 74.039368571423495, 16.923926690303343 ], [ 74.035981792908785, 16.93847493934938 ], [ 74.023536644738684, 16.942075931070004 ], [ 74.022680418732492, 16.984408774625681 ], [ 73.995574543457238, 16.994619671472215 ], [ 73.981068759512198, 16.985761656634246 ], [ 73.971264598939513, 16.99307762990242 ], [ 73.982047683245696, 17.013324518548803 ], [ 73.980998124721623, 17.03410862703587 ], [ 73.933574608665666, 17.072294857286572 ], [ 73.916905150076971, 17.06799232313416 ], [ 73.901848855655331, 17.102273857659885 ], [ 73.878096369003018, 17.116686989615165 ], [ 73.878388836348464, 17.130233024121758 ], [ 73.868505564450146, 17.131470696498287 ], [ 73.849311931781273, 17.152671233386599 ], [ 73.827620140455664, 17.167338816935413 ], [ 73.780594862515244, 17.18003485337837 ], [ 73.769930588263321, 17.171267919249715 ], [ 73.776979577491403, 17.151807514519334 ], [ 73.749951158091505, 17.152156691496131 ], [ 73.747385874390844, 17.173756481071472 ], [ 73.732136119754728, 17.167342372608644 ], [ 73.693891621597132, 17.178533545527987 ], [ 73.718617115517461, 17.2023143400572 ], [ 73.693908865780386, 17.237589937687854 ], [ 73.696163919128338, 17.262559044836117 ], [ 73.718249450481551, 17.258958082277992 ], [ 73.737607893287887, 17.275768925929889 ], [ 73.754872268393555, 17.268103250141593 ], [ 73.771519294548838, 17.247859065593527 ], [ 73.832863339739319, 17.226755784593315 ], [ 73.852907235366985, 17.197827492921526 ], [ 73.872168396224794, 17.189207561064293 ], [ 73.887064949499731, 17.154409792985966 ], [ 73.905579009002423, 17.155582075722105 ], [ 73.942804402102027, 17.132877080170825 ], [ 73.981982410935601, 17.128959687467468 ], [ 73.987204349054025, 17.117722345160598 ], [ 74.031856391045167, 17.091315732640886 ], [ 74.050865617002273, 17.102926665575573 ], [ 74.096918500528929, 17.101314592158879 ], [ 74.110987637719575, 17.120771662029028 ], [ 74.144530602893653, 17.119000243540068 ], [ 74.186162782852804, 17.148761857129109 ], [ 74.226204501635721, 17.137815751095342 ], [ 74.248015067184326, 17.139850870760796 ], [ 74.248171639036755, 17.152590747982796 ], [ 74.236179696488051, 17.15704260870459 ], [ 74.248738013602576, 17.160171862286646 ], [ 74.250794097381544, 17.168576402084213 ], [ 74.278790007940856, 17.172227997179636 ], [ 74.287032335844458, 17.19791575699103 ], [ 74.271813324015639, 17.219608679966562 ], [ 74.289651360072767, 17.241502758654242 ], [ 74.265370341556547, 17.25552381625447 ], [ 74.25699944052775, 17.293246211768178 ], [ 74.263716353446256, 17.305951158506211 ], [ 74.294423774163874, 17.315480100823073 ], [ 74.279960409499537, 17.337412440530606 ], [ 74.288003557769656, 17.355247378945492 ], [ 74.255054025711857, 17.358369904260922 ], [ 74.262168227013404, 17.384218341073975 ], [ 74.286294253416713, 17.417326922868082 ], [ 74.347762064687075, 17.416862842014055 ], [ 74.353640020986091, 17.409034362941711 ], [ 74.411889879644718, 17.401661679909882 ], [ 74.437573044526417, 17.388712182812441 ], [ 74.494592084334812, 17.382905523333832 ], [ 74.526780871123748, 17.399888678158693 ], [ 74.534667909847016, 17.416154075609811 ], [ 74.589926575120373, 17.414353836420826 ], [ 74.610541505815675, 17.442432962062242 ], [ 74.628030630045487, 17.4223446529159 ], [ 74.635338107024779, 17.398522741816205 ], [ 74.659599301977025, 17.400381555719544 ], [ 74.689907922568068, 17.386851646134172 ], [ 74.694654709952786, 17.391432794730342 ], [ 74.684764670964782, 17.420647403411724 ], [ 74.698381157873655, 17.427945939427904 ], [ 74.700048247964745, 17.454939324126762 ], [ 74.689800244473304, 17.485036071588112 ], [ 74.755705804558261, 17.474029075325355 ], [ 74.810222889218323, 17.451835379881658 ], [ 74.861304869507677, 17.506403700564466 ], [ 74.858702398000446, 17.555979026667014 ], [ 74.879181366392856, 17.568483043005063 ], [ 74.882922675847297, 17.603283296589506 ], [ 74.911257718651811, 17.628811281967508 ], [ 74.910076995052663, 17.619620608169519 ], [ 74.927579509378646, 17.616878322437774 ], [ 74.918602381261621, 17.598186559616888 ], [ 74.920988835461074, 17.576025228462296 ], [ 74.963168357630565, 17.590295416110322 ], [ 74.963547068685671, 17.563544553107576 ], [ 74.988819257829547, 17.541592038717539 ], [ 74.940960507087553, 17.512623237584002 ], [ 74.964908637885628, 17.491004811793573 ], [ 74.973921250616513, 17.468213136450498 ], [ 74.984580900725334, 17.465659396045957 ], [ 75.032287116206092, 17.494276703157215 ], [ 75.040936856190527, 17.473846652435359 ], [ 75.034331007800347, 17.419816065898427 ], [ 75.024155593119517, 17.408433361135039 ], [ 75.000030982818075, 17.406834356165305 ], [ 74.997648551746465, 17.391585721682478 ], [ 75.007245905808261, 17.367941581890754 ], [ 74.96886849028192, 17.340605672668399 ], [ 74.961868633123203, 17.293376417517866 ], [ 74.94079094518375, 17.285698095020841 ], [ 74.937534976246084, 17.273139639458282 ], [ 74.909354707126326, 17.274190401523413 ], [ 74.896442465027334, 17.23684874847072 ], [ 74.876222352770554, 17.220561188921206 ], [ 74.878614310355246, 17.211879683795875 ], [ 74.850869121810206, 17.21088677265853 ], [ 74.858976690927918, 17.204746506121349 ], [ 74.872378166979686, 17.208259057013017 ], [ 74.866566334295314, 17.195155525246768 ], [ 74.872161684004311, 17.19014017813257 ], [ 74.89749589108331, 17.193552347145264 ], [ 74.88817103552141, 17.17957210659057 ], [ 74.896198783522792, 17.175389628658028 ], [ 74.900741806101564, 17.182198998933078 ], [ 74.905228061482092, 17.164263120967981 ], [ 74.923144065791263, 17.154710670902155 ], [ 74.925783677047761, 17.136704371869005 ], [ 74.894708023832266, 17.12845660779756 ], [ 74.896801311379917, 17.11941345776917 ], [ 74.917541704887682, 17.113884873452367 ], [ 74.912604013008519, 17.120663730415231 ], [ 74.929652651169647, 17.130485381813418 ], [ 74.96654619481005, 17.12622454269685 ], [ 74.970183799938198, 17.134893242744873 ], [ 74.95733551996463, 17.17062655784375 ], [ 74.965519992779349, 17.193856143408873 ], [ 74.982168300402293, 17.194195935165983 ], [ 74.991939199611593, 17.206385793822704 ], [ 75.007944732514829, 17.208303398097403 ], [ 75.017263505830854, 17.225032868937625 ], [ 75.07955121968017, 17.221758887052111 ], [ 75.074858907973692, 17.234292975989774 ], [ 75.080418616039566, 17.247714357358802 ], [ 75.179991431520904, 17.236393712527835 ], [ 75.191760523570466, 17.266493899552394 ], [ 75.204026267260744, 17.26881455799769 ], [ 75.225176706750048, 17.255626825119478 ], [ 75.24796577881186, 17.254963767197427 ], [ 75.239415077343196, 17.216154270782354 ], [ 75.213892577998024, 17.199168191374149 ], [ 75.232804960753171, 17.180342875003898 ], [ 75.269334122610957, 17.183207195636957 ], [ 75.270523913308736, 17.148537539396937 ], [ 75.296111211978598, 17.146099183154831 ], [ 75.305248850608791, 17.170788823823333 ], [ 75.284533451858053, 17.192545573268834 ], [ 75.288854536297777, 17.215194508645762 ], [ 75.330996476531467, 17.218702122351871 ], [ 75.333911320501045, 17.2324886427295 ], [ 75.361798478108128, 17.235523670196812 ], [ 75.369863601494259, 17.214777004041316 ], [ 75.367382095424063, 17.19087727534243 ], [ 75.406073929641025, 17.183279198158601 ], [ 75.403339727391483, 17.211057320072491 ], [ 75.422167575758237, 17.264839456343704 ], [ 75.467217991561995, 17.251340843693114 ], [ 75.463830903902107, 17.238929774343227 ], [ 75.51523223328725, 17.239288878727166 ], [ 75.556929087083034, 17.284781774040802 ], [ 75.604380151972336, 17.304682980750005 ] ] ] } },
{ "type": "Feature", "properties": { "district_id": "maharashtra__satara", "state": "Maharashtra", "district": "Satara", "area_km2": 10506.8, "point_lat": 17.6354, "point_lon": 74.2988 }, "geometry": { "type": "Polygon", "coordinates": [ [ [ 74.710007820743343, 18.0293321940376 ], [ 74.664741682710741, 18.000611868818257 ], [ 74.668103905354414, 17.975301466861819 ], [ 74.658078383061095, 17.929602358738592 ], [ 74.634910835230372, 17.900397651586033 ], [ 74.635055673095451, 17.872324588388771 ], [ 74.608699570968824, 17.846484007916441 ], [ 74.619436913166652, 17.844068929111454 ], [ 74.618638215849387, 17.833668453220383 ], [ 74.628954871149503, 17.831929718746888 ], [ 74.629972468280158, 17.838715912792647 ], [ 74.642340962514226, 17.829077971675868 ], [ 74.639534240690452, 17.835075883108388 ], [ 74.660977987351586, 17.861234090643347 ], [ 74.678811002276305, 17.849975331422328 ], [ 74.685340908249628, 17.809963455494177 ], [ 74.701259169624691, 17.80506622568938 ], [ 74.695808125203172, 17.791115948522062 ], [ 74.70592189727806, 17.792360715080022 ], [ 74.702147957550608, 17.785604776284245 ], [ 74.711146543676207, 17.783913924149807 ], [ 74.713056329949126, 17.791109165149212 ], [ 74.713902923281097, 17.783242873159537 ], [ 74.747795399640722, 17.797516490029235 ], [ 74.740336802548597, 17.787688909015166 ], [ 74.756328457543148, 17.779854744583808 ], [ 74.750815631915913, 17.766821931130622 ], [ 74.744018465473133, 17.770145582825027 ], [ 74.747129683390014, 17.763052651371268 ], [ 74.764594091746432, 17.758793557263935 ], [ 74.77994330107343, 17.770593709101899 ], [ 74.840423645671095, 17.725135571522863 ], [ 74.874862260222159, 17.723012812433783 ], [ 74.866578005418845, 17.695595326846554 ], [ 74.877484445953201, 17.678439629699049 ], [ 74.888822326938296, 17.675007373188489 ], [ 74.905534392668216, 17.626518485202443 ], [ 74.880444694121991, 17.598559195045183 ], [ 74.879181366392856, 17.568483043005063 ], [ 74.858702398000446, 17.555979026667014 ], [ 74.861304869507677, 17.506403700564466 ], [ 74.810222889218323, 17.451835379881658 ], [ 74.755705804558261, 17.474029075325355 ], [ 74.689800244473304, 17.485036071588112 ], [ 74.700048247964745, 17.454939324126762 ], [ 74.698381157873655, 17.427945939427904 ], [ 74.684764670964782, 17.420647403411724 ], [ 74.694654709952786, 17.391432794730342 ], [ 74.689907922568068, 17.386851646134172 ], [ 74.659599301977025, 17.400381555719544 ], [ 74.635338107024779, 17.398522741816205 ], [ 74.628030630045487, 17.4223446529159 ], [ 74.610541505815675, 17.442432962062242 ], [ 74.589926575120373, 17.414353836420826 ], [ 74.534667909847016, 17.416154075609811 ], [ 74.526780871123748, 17.399888678158693 ], [ 74.494592084334812, 17.382905523333832 ], [ 74.437573044526417, 17.388712182812441 ], [ 74.411889879644718, 17.401661679909882 ], [ 74.353640020986091, 17.409034362941711 ], [ 74.347762064687075, 17.416862842014055 ], [ 74.286294253416713, 17.417326922868082 ], [ 74.262168227013404, 17.384218341073975 ], [ 74.255054025711857, 17.358369904260922 ], [ 74.286545347764417, 17.357353003896961 ], [ 74.279960409499537, 17.337412440530606 ], [ 74.294423774163874, 17.315480100823073 ], [ 74.263716353446256, 17.305951158506211 ], [ 74.25699944052775, 17.293246211768178 ], [ 74.265370341556547, 17.25552381625447 ], [ 74.289651360072767, 17.241502758654242 ], [ 74.271813324015639, 17.219608679966562 ], [ 74.287032335844458, 17.19791575699103 ], [ 74.278790007940856, 17.172227997179636 ], [ 74.250794097381544, 17.168576402084213 ], [ 74.248738013602576, 17.160171862286646 ], [ 74.236179696488051, 17.15704260870459 ], [ 74.248171639036755, 17.152590747982796 ], [ 74.248015067184326, 17.139850870760796 ], [ 74.226204501635721, 17.137815751095342 ], [ 74.186162782852804, 17.148761857129109 ], [ 74.144530602893653, 17.119000243540068 ], [ 74.110987637719575, 17.120771662029028 ], [ 74.096918500528929, 17.101314592158879 ], [ 74.083227531296075, 17.0987974070148 ], [ 74.050865617002273, 17.102926665575573 ], [ 74.031856391045167, 17.091315732640886 ], [ 73.987204349054025, 17.117722345160598 ], [ 73.981982410935601, 17.128959687467468 ], [ 73.942804402102027, 17.132877080170825 ], [ 73.905579009002423, 17.155582075722105 ], [ 73.887064949499731, 17.154409792985966 ], [ 73.872168396224794, 17.189207561064293 ], [ 73.852907235366985, 17.197827492921526 ], [ 73.832863339739319, 17.226755784593315 ], [ 73.771519294548838, 17.247859065593527 ], [ 73.742832869967657, 17.27539421042912 ], [ 73.718249450481551, 17.258958082277992 ], [ 73.692481948473826, 17.265642054193535 ], [ 73.688633610843695, 17.288640856810925 ], [ 73.677367158574654, 17.295192821903509 ], [ 73.686452764247903, 17.31370100399678 ], [ 73.682135127811094, 17.36339145095009 ], [ 73.644389528586558, 17.391170755462618 ], [ 73.669503924021811, 17.393498894803415 ], [ 73.683405150006294, 17.416954513332445 ], [ 73.705065000651359, 17.423197143703863 ], [ 73.701736433229456, 17.452930507611242 ], [ 73.707650623533681, 17.465593074922317 ], [ 73.695043472008081, 17.486409902833042 ], [ 73.707761879504588, 17.493202965053289 ], [ 73.706349427861056, 17.506553606138173 ], [ 73.717194624847664, 17.51756966315207 ], [ 73.741634343635909, 17.531477827451788 ], [ 73.746802851422146, 17.556118173877017 ], [ 73.716645488234903, 17.573750749466729 ], [ 73.729350425247475, 17.590760144077993 ], [ 73.71606759948871, 17.606867465000775 ], [ 73.724756289551195, 17.619623754411929 ], [ 73.692202794365059, 17.627228336178081 ], [ 73.703221373121494, 17.657985145228889 ], [ 73.681438691414598, 17.677518848382764 ], [ 73.688850023994434, 17.687445312344927 ], [ 73.659380376695523, 17.695502332072842 ], [ 73.653728692387887, 17.706835919157118 ], [ 73.635251536875018, 17.699488834880171 ], [ 73.614875182277444, 17.712605787842641 ], [ 73.593841056348779, 17.699481694382921 ], [ 73.566335519190147, 17.721894439904027 ], [ 73.588791401998719, 17.764788758149212 ], [ 73.590788364134639, 17.778367461482123 ], [ 73.583371047266638, 17.787323517870565 ], [ 73.602513074177452, 17.794734257739396 ], [ 73.582772401492633, 17.82943962112817 ], [ 73.596401411034975, 17.847735049937274 ], [ 73.576935690906765, 17.858278878398028 ], [ 73.576065857039822, 17.876635597945047 ], [ 73.560611955168113, 17.891428583838643 ], [ 73.534779060273067, 17.893726175808336 ], [ 73.574754736456583, 17.927816432841915 ], [ 73.575874585324371, 17.943331001575448 ], [ 73.594654433393359, 17.93552831954851 ], [ 73.635859489921657, 17.968314903248228 ], [ 73.626013667187436, 17.984575419613236 ], [ 73.656140252365802, 18.013079250899107 ], [ 73.650227974067363, 18.022385019114175 ], [ 73.705605115265442, 18.048152216470044 ], [ 73.759620769078026, 18.037331121602197 ], [ 73.76202060641225, 18.026365137504616 ], [ 73.791667821617679, 18.02210904677062 ], [ 73.813220445811169, 18.035880094985576 ], [ 73.839602428592627, 18.031350787540259 ], [ 73.846988619480101, 18.040931229402943 ], [ 73.85769328541879, 18.031563237538649 ], [ 73.873348902174357, 18.052527161817121 ], [ 73.87102124817693, 18.073270037466813 ], [ 73.880466180794386, 18.08457050245929 ], [ 73.862187052093944, 18.119805101383566 ], [ 73.890644845099757, 18.115792338202155 ], [ 73.903658157640081, 18.136085969852967 ], [ 73.874135001147053, 18.169439108861166 ], [ 73.893852939959658, 18.183236496479747 ], [ 73.904546224136439, 18.159929245766861 ], [ 73.94581428867177, 18.180514877192543 ], [ 73.990011083057084, 18.149396325844936 ], [ 74.003672227101632, 18.156466095103664 ], [ 74.031749870260754, 18.131690419435255 ], [ 74.061474388659633, 18.137216135257631 ], [ 74.08369173150929, 18.120056773741801 ], [ 74.123432030629118, 18.129048069473296 ], [ 74.13428126680158, 18.116939767380536 ], [ 74.147644710330766, 18.118634426604324 ], [ 74.162807285531656, 18.106450257433746 ], [ 74.188661453975541, 18.110798834990838 ], [ 74.208329511637118, 18.098822442055095 ], [ 74.237784855996665, 18.098661377382644 ], [ 74.297763334016736, 18.06947898081949 ], [ 74.35752226327304, 18.096068281344301 ], [ 74.380072763437283, 18.070503797364331 ], [ 74.432955731749587, 18.065134574515159 ], [ 74.464294067866774, 18.047282892306065 ], [ 74.493292064676368, 18.05867927435018 ], [ 74.535269428356912, 18.057326133729521 ], [ 74.551363812356058, 18.069632764255839 ], [ 74.582607842802759, 18.046583664658538 ], [ 74.590039466975014, 18.055255156369661 ], [ 74.610908270851425, 18.04693205409129 ], [ 74.62878178088971, 18.055403106278998 ], [ 74.64110397239881, 18.044534688121686 ], [ 74.656612245926581, 18.068607172920704 ], [ 74.665170418003726, 18.068841782693102 ], [ 74.686301887236141, 18.059134598518337 ], [ 74.692582360430862, 18.039088626832026 ], [ 74.710007820743343, 18.0293321940376 ] ] ] } },
{ "type": "Feature", "properties": { "district_id": "karnataka__shimoga", "state": "Karnataka", "district": "Shimoga", "area_km2": 8444.5, "point_lat": 14.0546, "point_lon": 75.2381 }, "geometry": { "type": "Polygon", "coordinates": [ [ [ 75.53623585601467, 14.277392811481288 ], [ 75.529925798922235, 14.276889697105423 ], [ 75.526485810555826, 14.202124402738802 ], [ 75.516478164473938, 14.203177919344951 ], [ 75.50802482257869, 14.216554507508111 ], [ 75.453169945430759, 14.203744116798219 ], [ 75.485372142115594, 14.174022142953037 ], [ 75.460888458707473, 14.173254388399439 ], [ 75.443565249852853, 14.16170738831687 ], [ 75.401211384141249, 14.124180450022562 ], [ 75.400233814644423, 14.114422131255974 ], [ 75.451648037836335, 14.094871051359386 ], [ 75.493590144529719, 14.102459012758629 ], [ 75.516239521375169, 14.09625604965276 ], [ 75.58622959977744, 14.057147887567458 ], [ 75.594827784348794, 14.061955004315557 ], [ 75.606635314448596, 14.056679948742895 ], [ 75.618035511487761, 14.075840910590454 ], [ 75.635921343128487, 14.078564365132708 ], [ 75.667426023509506, 14.065611171655423 ], [ 75.722928891484486, 14.074534306248452 ], [ 75.721975510669424, 14.081232055797528 ], [ 75.736534572586791, 14.086207530525856 ], [ 75.739707214402529, 14.101026188274169 ], [ 75.756410921935583, 14.099973066350834 ], [ 75.757469797493115, 14.107912231152165 ], [ 75.80477470863471, 14.096024205265632 ], [ 75.810845691674345, 14.101563384734122 ], [ 75.821786490490254, 14.06334304365501 ], [ 75.798080992931531, 14.03166403793457 ], [ 75.823103096281201, 14.016941764165036 ], [ 75.827070738875776, 13.97207724770618 ], [ 75.857760021140351, 13.91390702539001 ], [ 75.854912801975502, 13.872583696635195 ], [ 75.861825475818051, 13.871510571587422 ], [ 75.879917943853499, 13.810292859474027 ], [ 75.824962726837683, 13.817402036017199 ], [ 75.807043915060717, 13.79427954256791 ], [ 75.778127779214373, 13.788965059898562 ], [ 75.765754243783618, 13.794879663960028 ], [ 75.76268767701805, 13.780463587978209 ], [ 75.733321351290911, 13.769203821492633 ], [ 75.688718144665216, 13.766566457995978 ], [ 75.686354281788056, 13.749419284923581 ], [ 75.670574511693076, 13.76348207966516 ], [ 75.656924308883006, 13.74786101792157 ], [ 75.674875636638262, 13.721877687965582 ], [ 75.651998907178182, 13.718208688249053 ], [ 75.63552441378458, 13.70151257419362 ], [ 75.621948705459857, 13.709496931354641 ], [ 75.619112478212955, 13.721797820967158 ], [ 75.62782689164095, 13.733503441373372 ], [ 75.610442348007865, 13.74640712525218 ], [ 75.609403091329369, 13.760789023912563 ], [ 75.577821737907996, 13.758676833978983 ], [ 75.564355079327228, 13.741511125192229 ], [ 75.541206511430744, 13.729500558568914 ], [ 75.506226611941443, 13.765515889270759 ], [ 75.500065492676754, 13.759931633384454 ], [ 75.491773203625385, 13.768233853546377 ], [ 75.462334795489028, 13.742877032202967 ], [ 75.456167731120033, 13.724607744655019 ], [ 75.403219830298681, 13.703457996781474 ], [ 75.383948946891849, 13.711340704889183 ], [ 75.415072049782353, 13.654045244196828 ], [ 75.40745051706098, 13.626184296975309 ], [ 75.397949697080662, 13.629673302602308 ], [ 75.389182272226606, 13.614219435535356 ], [ 75.373896304647644, 13.627540979884426 ], [ 75.36601312056446, 13.622646471423923 ], [ 75.369688344137899, 13.599744182763935 ], [ 75.344342102073341, 13.582000555361569 ], [ 75.321143605585434, 13.592252155448595 ], [ 75.295997976114919, 13.584679560725821 ], [ 75.277071777326626, 13.564188860732376 ], [ 75.243775960108835, 13.605534735234778 ], [ 75.222637685420992, 13.604077001062169 ], [ 75.211608232945864, 13.585555895170113 ], [ 75.225931527514348, 13.570362495156177 ], [ 75.217231807700614, 13.561298967823305 ], [ 75.22474884699551, 13.552281574814309 ], [ 75.224042096017499, 13.527773663585595 ], [ 75.207370241462741, 13.526325614778804 ], [ 75.2028232908295, 13.512588363149082 ], [ 75.176657116528077, 13.501633802208948 ], [ 75.170275107868406, 13.506433710976012 ], [ 75.137488202176826, 13.474593819155126 ], [ 75.140233645188829, 13.46326450460759 ], [ 75.117188362626152, 13.45953987716757 ], [ 75.102092757789521, 13.492003231692976 ], [ 75.079881296118316, 13.496177925888636 ], [ 75.076722436431581, 13.515484144811044 ], [ 75.066715499226419, 13.526200246814446 ], [ 75.059471332824288, 13.522627795408575 ], [ 75.062584109191391, 13.529015039235464 ], [ 75.049157167716373, 13.540681869513953 ], [ 75.034796235273873, 13.573374089363861 ], [ 75.060024828761769, 13.592712241979278 ], [ 75.059393268795816, 13.607798426622221 ], [ 75.036096838866641, 13.61505641649299 ], [ 75.017275216674818, 13.636728527757009 ], [ 75.014439871088015, 13.662608601385108 ], [ 75.026945913856039, 13.67139201085997 ], [ 75.012182729548627, 13.682179367494001 ], [ 75.019448196742928, 13.699422482409808 ], [ 74.991683112335195, 13.713048252958506 ], [ 74.997112131348473, 13.741498338843428 ], [ 74.933346289659227, 13.77191877061834 ], [ 74.935940243392082, 13.790768642002938 ], [ 74.914490965032499, 13.857315783736503 ], [ 74.888876323643757, 13.867916309421037 ], [ 74.867823302779783, 13.859713796284733 ], [ 74.855845625460745, 13.885219439817909 ], [ 74.821900309398089, 13.908800768322157 ], [ 74.79486524343082, 13.906941310987206 ], [ 74.791798613275816, 13.914290786156803 ], [ 74.77627297628834, 13.916221223788488 ], [ 74.717089159316458, 13.906988329268364 ], [ 74.711145866619802, 13.929038520674405 ], [ 74.693031576829156, 13.936185990745935 ], [ 74.701367648322588, 13.939773229978398 ], [ 74.700975700087795, 13.950309859971339 ], [ 74.667691969270251, 13.984444152600512 ], [ 74.677519002137089, 14.03813404099883 ], [ 74.655953197563761, 14.043940968562044 ], [ 74.658098501931235, 14.069374980683778 ], [ 74.64006091243651, 14.097476454313501 ], [ 74.655581439243747, 14.11507272841096 ], [ 74.646770097313109, 14.117880734640188 ], [ 74.64391194726764, 14.144121198378778 ], [ 74.629090791735791, 14.146430251532871 ], [ 74.626617829127269, 14.164868549816296 ], [ 74.651229632480195, 14.172912247188629 ], [ 74.666574762989157, 14.187541745804067 ], [ 74.690813233554138, 14.170608806225228 ], [ 74.70370405245589, 14.174465255129951 ], [ 74.725706164299325, 14.154910467747966 ], [ 74.748571265846365, 14.151377192197188 ], [ 74.728957389210876, 14.178570199680392 ], [ 74.717070367883352, 14.234037823788078 ], [ 74.730776222693038, 14.267019434735873 ], [ 74.767097804768241, 14.238381294378605 ], [ 74.834040859050745, 14.230773725394993 ], [ 74.856816956897916, 14.213738524418305 ], [ 74.86874382619537, 14.222091058627585 ], [ 74.870574683723532, 14.242537775175894 ], [ 74.880856851261171, 14.236247363425932 ], [ 74.878140924603017, 14.216995273946459 ], [ 74.896458846205348, 14.222138939241848 ], [ 74.900317519555486, 14.232847861894218 ], [ 74.918737415941806, 14.231341816550197 ], [ 74.929827274960104, 14.238827919439098 ], [ 74.940618164371827, 14.26123494980898 ], [ 74.929438562845675, 14.280810253955808 ], [ 74.914899139989259, 14.278422992417779 ], [ 74.910406079222597, 14.289170924284788 ], [ 74.917855616193336, 14.313027395280987 ], [ 74.926247903111701, 14.321732541016608 ], [ 74.978681784419422, 14.323507931236469 ], [ 74.973209009816586, 14.339963152141081 ], [ 74.941523266807422, 14.361831077808629 ], [ 74.953004602775749, 14.379744366117487 ], [ 74.94888916169576, 14.402931957887212 ], [ 74.93466343864587, 14.408191439674788 ], [ 74.921551091060692, 14.432725266163924 ], [ 74.885989987942736, 14.431286963795749 ], [ 74.88135326580452, 14.436933130538446 ], [ 74.87780563405714, 14.449106319861956 ], [ 74.887323211613804, 14.460545885426036 ], [ 74.921597886348735, 14.461365174451227 ], [ 74.917330503740658, 14.469787961006709 ], [ 74.895045137504567, 14.474913628081396 ], [ 74.893269293523332, 14.494771070153945 ], [ 74.905834086453453, 14.529441822625021 ], [ 74.930945817478289, 14.528786145439851 ], [ 74.938700679464901, 14.520895553860351 ], [ 74.957597963761117, 14.550717362051 ], [ 74.972080730833639, 14.554054896226447 ], [ 74.979026777619282, 14.552468863221121 ], [ 74.983550382087586, 14.525248414684622 ], [ 74.976708307868336, 14.521417886630237 ], [ 74.993465210704116, 14.503971072436897 ], [ 74.987508224892522, 14.486997893344233 ], [ 74.991940650445073, 14.475802755297954 ], [ 75.015057389863301, 14.494990218581954 ], [ 75.042776598257291, 14.500817034549243 ], [ 75.039213490072783, 14.526436317718785 ], [ 75.062494255628522, 14.54180782463362 ], [ 75.026578798376306, 14.559089046610955 ], [ 75.026987667257103, 14.608395281490518 ], [ 75.051247426713829, 14.648617328792925 ], [ 75.075030288065108, 14.653494272460243 ], [ 75.101423100386114, 14.648451752917167 ], [ 75.123616905008689, 14.630205140067732 ], [ 75.143264799342887, 14.631537571539804 ], [ 75.146484050849807, 14.617661823626715 ], [ 75.163161005788766, 14.617157592204828 ], [ 75.167215877066397, 14.633027116066865 ], [ 75.193877369549028, 14.622560374687485 ], [ 75.206411525001982, 14.635457898553646 ], [ 75.2119842865484, 14.622883201464719 ], [ 75.205629373817573, 14.597253361881878 ], [ 75.1821578185005, 14.59805281367785 ], [ 75.184911057932098, 14.585402365167202 ], [ 75.209542419116971, 14.573947459778708 ], [ 75.229022990853593, 14.583432487039529 ], [ 75.228623841225485, 14.562528866990078 ], [ 75.237875020369756, 14.556778561024235 ], [ 75.247910621737333, 14.579550721837558 ], [ 75.265391259809732, 14.579163752453157 ], [ 75.296924205539383, 14.538454913024708 ], [ 75.269365637635332, 14.525453230408601 ], [ 75.27010163060433, 14.512710646915291 ], [ 75.320534847816162, 14.511325701294103 ], [ 75.347273646631237, 14.48291240501875 ], [ 75.344010926137926, 14.434416149838443 ], [ 75.358466584467578, 14.429317180321362 ], [ 75.363143230528522, 14.438882335151909 ], [ 75.381354908399203, 14.431615416700598 ], [ 75.378321071922386, 14.410109645842249 ], [ 75.359519426443356, 14.408947570962054 ], [ 75.349049608, 14.387537737869366 ], [ 75.477356007086797, 14.317024907183995 ], [ 75.476725237146653, 14.345027844126731 ], [ 75.488207973651768, 14.339092226618751 ], [ 75.489898875629876, 14.346767748366013 ], [ 75.499608521607101, 14.343391048129869 ], [ 75.502727110032907, 14.306718173840558 ], [ 75.519909039860295, 14.301003655914585 ], [ 75.53623585601467, 14.277392811481288 ] ] ] } },
{ "type": "Feature", "properties": { "district_id": "assam__sivasagar", "state": "Assam", "district": "Sivasagar", "area_km2": 2634.8, "point_lat": 26.9932, "point_lon": 94.805 }, "geometry": { "type": "Polygon", "coordinates": [ [ [ 95.37155776690804, 27.105326729646112 ], [ 95.313502819239062, 27.080762915237514 ], [ 95.248501280440991, 27.024323002227522 ], [ 95.231229964213554, 27.039843733497452 ], [ 95.214139320827556, 27.027634836929 ], [ 95.195870233020216, 27.037159786661839 ], [ 95.149804262728381, 26.994073886466641 ], [ 95.117274497070426, 26.977961799534793 ], [ 95.110366458011413, 26.961181610902127 ], [ 95.021676956890659, 26.919800560832037 ], [ 94.993431146317747, 26.920621612036641 ], [ 94.986023382159075, 26.912723248302225 ], [ 94.957720297823272, 26.938116937505278 ], [ 94.93405079109337, 26.933155463150023 ], [ 94.928639454358759, 26.946748027298078 ], [ 94.894963132500948, 26.932019744291186 ], [ 94.821505993612277, 26.849192574543874 ], [ 94.813432346432023, 26.819467140571817 ], [ 94.797023541710544, 26.813249393163396 ], [ 94.805700203979399, 26.806899957817045 ], [ 94.802567197243633, 26.800757176617605 ], [ 94.773463182289717, 26.78970088765907 ], [ 94.756713332367937, 26.767018240529229 ], [ 94.746155719105673, 26.776917022777962 ], [ 94.736857435224749, 26.762192433581276 ], [ 94.686949007575365, 26.72743012828969 ], [ 94.628672219402716, 26.713572187293643 ], [ 94.610497529504073, 26.735115223881042 ], [ 94.586229681926568, 26.725594403168405 ], [ 94.573900533691358, 26.743175718011504 ], [ 94.576089577200065, 26.751776711498756 ], [ 94.567333334719919, 26.748270996984012 ], [ 94.560410257586568, 26.756306309454768 ], [ 94.551266511980444, 26.747391163660907 ], [ 94.516088946030223, 26.774753720385686 ], [ 94.525453746507168, 26.786843721788816 ], [ 94.519021709004591, 26.795916934546817 ], [ 94.524238026317406, 26.807435126025403 ], [ 94.490366160732293, 26.831469048425348 ], [ 94.498261000022268, 26.869441439071885 ], [ 94.48219468502603, 26.897495211052192 ], [ 94.482181189242738, 26.933932667428742 ], [ 94.412671759726251, 26.942061973080421 ], [ 94.402374333496297, 26.951598577139112 ], [ 94.403479535840518, 26.959901666401034 ], [ 94.465075766142348, 26.993770378999081 ], [ 94.480986017844216, 27.029362122556879 ], [ 94.51100977906512, 27.041117525152423 ], [ 94.546581285169964, 27.073999786296085 ], [ 94.552555318206856, 27.093049810607479 ], [ 94.578505376549742, 27.116837663162318 ], [ 94.582888284129254, 27.134176773212818 ], [ 94.617841449821626, 27.175851748377145 ], [ 94.646614003013966, 27.246545252318981 ], [ 94.682222042811247, 27.244403573325577 ], [ 94.69957943049333, 27.270869716946624 ], [ 94.720936403718056, 27.244508512202056 ], [ 94.726118123538484, 27.245935435569567 ], [ 94.718594624375982, 27.256536855962914 ], [ 94.721886764452904, 27.26476618145383 ], [ 94.733535082348141, 27.273745779284603 ], [ 94.752319171633005, 27.27193691885477 ], [ 94.742500753251093, 27.245281134032599 ], [ 94.763933996443157, 27.24893230209334 ], [ 94.779492804937306, 27.238602705519035 ], [ 94.771632377479193, 27.216314213714998 ], [ 94.780744364869292, 27.198323833341387 ], [ 94.774946245902086, 27.184055955962432 ], [ 94.781223313470875, 27.171585345381153 ], [ 94.757999846867918, 27.150884407258278 ], [ 94.765810655489219, 27.127516928138323 ], [ 94.820649696848164, 27.114116020127337 ], [ 94.814180783922154, 27.098807176568723 ], [ 94.843049371923598, 27.09459455424582 ], [ 94.887482898000755, 27.156639037921032 ], [ 94.970162856338987, 27.228698188754681 ], [ 94.986252447889612, 27.16971632088925 ], [ 94.981274396239144, 27.150300786870257 ], [ 94.989729723956515, 27.146258251882003 ], [ 95.027367501847863, 27.143845820278553 ], [ 95.050489260299742, 27.153646141777212 ], [ 95.062308745357271, 27.135623864938278 ], [ 95.113309970837889, 27.134633906810148 ], [ 95.11624761880465, 27.127879830438584 ], [ 95.134611505615283, 27.1374242245926 ], [ 95.15036275376157, 27.133343242102359 ], [ 95.152674412716763, 27.124971001352655 ], [ 95.154927005347389, 27.134261286772457 ], [ 95.165094351781477, 27.126728996913894 ], [ 95.170591234582147, 27.141867006769008 ], [ 95.175322336769312, 27.145486292108043 ], [ 95.176292186745314, 27.137095526541323 ], [ 95.188044390956279, 27.151045233052788 ], [ 95.184814021025588, 27.161591414758067 ], [ 95.194068986117571, 27.155652709210504 ], [ 95.214239955754451, 27.163770068465816 ], [ 95.214109671054089, 27.172800715990103 ], [ 95.22106265362963, 27.164416510262679 ], [ 95.230220257950194, 27.172296456264597 ], [ 95.24048249444057, 27.169298679883408 ], [ 95.234746818264455, 27.178845937746402 ], [ 95.242484660069934, 27.187616484714848 ], [ 95.256188390983496, 27.191448052080489 ], [ 95.259391460103416, 27.183653160393494 ], [ 95.289397809777682, 27.196809489204917 ], [ 95.314145171068972, 27.184060864126124 ], [ 95.335774977490047, 27.185725376721859 ], [ 95.359330314864579, 27.16755186157053 ], [ 95.37155776690804, 27.105326729646112 ] ] ] } },
{ "type": "Feature", "properties": { "district_id": "maharashtra__sindhudurg", "state": "Maharashtra", "district": "Sindhudurg", "area_km2": 5071.7, "point_lat": 16.1341, "point_lon": 73.6624 }, "geometry": { "type": "MultiPolygon", "coordinates": [ [ [ [ 73.768166885726203, 16.659763216394801 ], [ 73.854006750481574, 16.650192193547991 ], [ 73.852659364767362, 16.635765879946295 ], [ 73.863888326288986, 16.613260441692017 ], [ 73.843911627802854, 16.585490269812691 ], [ 73.847450132832861, 16.571008649511288 ], [ 73.832682177028005, 16.546459445160835 ], [ 73.818134729263576, 16.544949807734007 ], [ 73.848337642870931, 16.526342253347323 ], [ 73.843615908254634, 16.506686087761477 ], [ 73.853611951781971, 16.487186833118614 ], [ 73.864300633190553, 16.475222720409743 ], [ 73.88490730457282, 16.474768031360956 ], [ 73.888540117773317, 16.457505396122116 ], [ 73.887759245655815, 16.448627159852272 ], [ 73.837852580562682, 16.403004522587043 ], [ 73.839023980774442, 16.392215410292152 ], [ 73.85969089127363, 16.384701976353096 ], [ 73.866340759208327, 16.373713915942371 ], [ 73.857539407288328, 16.358561704635633 ], [ 73.835735699333128, 16.345946926656065 ], [ 73.848868441535217, 16.325341741189668 ], [ 73.841260538510923, 16.316778758234445 ], [ 73.84938460887237, 16.313408881701509 ], [ 73.847216033109035, 16.300119420337985 ], [ 73.857010361291671, 16.315033431687233 ], [ 73.866436125119961, 16.309246171259669 ], [ 73.887272018157887, 16.328518106740503 ], [ 73.888429751772378, 16.323411175012744 ], [ 73.904703394582853, 16.328305800384094 ], [ 73.902629424293494, 16.304122963695892 ], [ 73.891354160667035, 16.299478863581932 ], [ 73.881638028593272, 16.279402376115534 ], [ 73.896526995091506, 16.257226583890109 ], [ 73.920116556758813, 16.245891749784555 ], [ 73.893007743771676, 16.230934121004744 ], [ 73.917617076776921, 16.230244302647023 ], [ 73.944175283685766, 16.243005131722835 ], [ 73.947709456316488, 16.238187274637077 ], [ 73.925925515209158, 16.218874350466148 ], [ 73.927514866561822, 16.200070552999485 ], [ 73.942183892132419, 16.206271558077386 ], [ 73.959858387401937, 16.200276491344965 ], [ 73.942279507829326, 16.186752510371843 ], [ 73.946814514097426, 16.172220424695677 ], [ 73.916075894540739, 16.172393740441365 ], [ 73.919610116972265, 16.167081407353255 ], [ 73.909076760606069, 16.158574058534878 ], [ 73.919922486687327, 16.153368540800468 ], [ 73.909923619811082, 16.135267353809699 ], [ 73.867327459637849, 16.146479223094868 ], [ 73.867273584880991, 16.138334359964606 ], [ 73.845850684924841, 16.152313095940382 ], [ 73.854957977861005, 16.135696955806257 ], [ 73.835775100392823, 16.093890223333609 ], [ 73.845122103423549, 16.078763172748705 ], [ 73.858107202069746, 16.075036180680655 ], [ 73.845407775486748, 16.095289258823161 ], [ 73.860347384081621, 16.107167075026691 ], [ 73.873529512153567, 16.106357925588853 ], [ 73.865085748230044, 16.097387670082437 ], [ 73.898538720060017, 16.089026595493078 ], [ 73.906994440688237, 16.099878065949017 ], [ 73.997595633257433, 16.08836919894819 ], [ 73.992871925925613, 16.077636407668098 ], [ 74.006474991032803, 16.075868538862142 ], [ 73.994322494807008, 16.057505084151895 ], [ 74.001824591472655, 16.052310290635926 ], [ 74.001880700579562, 16.037681268583778 ], [ 74.048663171876242, 16.034154205357964 ], [ 74.056698024384659, 16.051043988315286 ], [ 74.087440637392618, 16.015673177474945 ], [ 74.09091669285587, 16.006443353486556 ], [ 74.066855211523219, 15.987294483507821 ], [ 74.045992125256305, 15.956712452431207 ], [ 74.066221628198505, 15.940583101985393 ], [ 74.073604597955054, 15.948170340797974 ], [ 74.093917807302248, 15.897493595423551 ], [ 74.092847682144608, 15.87165670064809 ], [ 74.03234852139903, 15.833909393385589 ], [ 74.04258327834836, 15.770900050650191 ], [ 74.029213640414127, 15.764328555191618 ], [ 74.05213605511905, 15.754507287726272 ], [ 74.07970408994548, 15.768468375361453 ], [ 74.056735049307164, 15.774216770187202 ], [ 74.048828588484781, 15.806686867068221 ], [ 74.06658945038572, 15.813443084297612 ], [ 74.070296698439009, 15.833141166631433 ], [ 74.094761807553141, 15.839518727725954 ], [ 74.103475664327206, 15.839372082456164 ], [ 74.111373012763153, 15.821537998357941 ], [ 74.144475986561716, 15.831537858558711 ], [ 74.142027225196912, 15.821606617446955 ], [ 74.159393761168928, 15.821357326255351 ], [ 74.15550079038708, 15.787822894445602 ], [ 74.173571095098552, 15.774257288638625 ], [ 74.200496617840258, 15.785336230720169 ], [ 74.210540949306036, 15.780866385929071 ], [ 74.197475877017951, 15.755528031278969 ], [ 74.1605618211387, 15.751365437219997 ], [ 74.152981615725068, 15.736481372529243 ], [ 74.123351183152081, 15.720048021500677 ], [ 74.134325821943648, 15.702504483319656 ], [ 74.126357964861171, 15.680553552505042 ], [ 74.089115311532225, 15.673001515367927 ], [ 74.118765991724487, 15.652457749282974 ], [ 74.115476272784392, 15.647398840952523 ], [ 74.073065677266243, 15.62834432959381 ], [ 74.031618153148798, 15.623016501919905 ], [ 74.020196277038252, 15.606793620831443 ], [ 73.994511178149807, 15.611228047200715 ], [ 73.967960665339618, 15.631095232099389 ], [ 73.961210025967091, 15.646464325321118 ], [ 73.967674533255149, 15.66191716415139 ], [ 73.963264838223324, 15.689369545130612 ], [ 73.949119074810909, 15.698855818776112 ], [ 73.950734366176164, 15.713394782397085 ], [ 73.937162818135107, 15.743612388306808 ], [ 73.873930048993941, 15.751423661415446 ], [ 73.878363623071976, 15.772356635761904 ], [ 73.864902489089346, 15.797377647743961 ], [ 73.852941356611296, 15.795931744096414 ], [ 73.848326387315765, 15.7802889101027 ], [ 73.830032301323925, 15.762956883728837 ], [ 73.824264869412588, 15.739837964606229 ], [ 73.811544582916255, 15.74199134125516 ], [ 73.784231136279132, 15.725752310271742 ], [ 73.749088329496502, 15.734830577617151 ], [ 73.727755207125327, 15.719340139142069 ], [ 73.67573430597345, 15.727968300446662 ], [ 73.658964370025629, 15.748979835080625 ], [ 73.688937614076849, 15.754581330934835 ], [ 73.666448130510858, 15.764719262927306 ], [ 73.633174847319594, 15.85112596993892 ], [ 73.617705478678971, 15.853380699472599 ], [ 73.591538930154016, 15.908475242835333 ], [ 73.545402095396369, 15.935767653390698 ], [ 73.530017554293806, 15.931918173594241 ], [ 73.507622669644462, 15.943350814530012 ], [ 73.509233212205814, 15.962229420877613 ], [ 73.487591931802427, 15.974947943013721 ], [ 73.494500073932031, 16.004675952137291 ], [ 73.486503021794505, 16.037576038343875 ], [ 73.458595809040432, 16.057053213123975 ], [ 73.457904919178446, 16.064741528696302 ], [ 73.468477963601472, 16.067821298722798 ], [ 73.474121262357244, 16.095991431247938 ], [ 73.472421963688021, 16.158588881077851 ], [ 73.46081975779525, 16.137406417595049 ], [ 73.461459370905658, 16.110315227761614 ], [ 73.441728326971926, 16.196354682067206 ], [ 73.432178080264052, 16.20139243983947 ], [ 73.411682991936189, 16.281158983572485 ], [ 73.386300115572737, 16.335493777447759 ], [ 73.390549609164495, 16.356129414129011 ], [ 73.405118418280537, 16.353649317465699 ], [ 73.420506644454505, 16.36476273773274 ], [ 73.407830400932014, 16.359804328959459 ], [ 73.394592362885263, 16.366374335970189 ], [ 73.381601933509359, 16.357569037888759 ], [ 73.371893432781619, 16.371450274065474 ], [ 73.374472352171949, 16.385169684469417 ], [ 73.469526527391693, 16.415067577928145 ], [ 73.412195400736749, 16.411032946975563 ], [ 73.402124078748301, 16.399627773913426 ], [ 73.369760998107964, 16.393796814266253 ], [ 73.344392727779024, 16.475033927731793 ], [ 73.334348419812329, 16.478502853127736 ], [ 73.314158727316908, 16.532694845811566 ], [ 73.323006693086697, 16.55292738115913 ], [ 73.341119028535076, 16.560588224436071 ], [ 73.352435201896341, 16.529371381823751 ], [ 73.365544241416188, 16.516100550668 ], [ 73.416842950499117, 16.512517016112199 ], [ 73.445625746432569, 16.49728575212681 ], [ 73.475412881637297, 16.495706361729386 ], [ 73.494989220631837, 16.518495826557825 ], [ 73.513626010492715, 16.515560103722674 ], [ 73.526645981239554, 16.523835342632253 ], [ 73.54293217384982, 16.515221746177186 ], [ 73.581194009446477, 16.543384279287878 ], [ 73.596088985112814, 16.54246694605833 ], [ 73.610377098574702, 16.552627356503443 ], [ 73.623591685288588, 16.582662516887041 ], [ 73.633108523689145, 16.579701227417083 ], [ 73.639331545746217, 16.562678182322902 ], [ 73.648514762062348, 16.564530601797863 ], [ 73.64994575615853, 16.574914448153152 ], [ 73.661450012611326, 16.575901570259774 ], [ 73.663962400801765, 16.588352383158032 ], [ 73.670988327260815, 16.587462938935648 ], [ 73.689733346700478, 16.623898786114683 ], [ 73.702746460046839, 16.625499096177972 ], [ 73.725080371776883, 16.603351837872609 ], [ 73.765650317094313, 16.60154360195941 ], [ 73.774978740938508, 16.624532616382485 ], [ 73.768166885726203, 16.659763216394801 ] ] ], [ [ [ 73.462702684943949, 16.037102338450058 ], [ 73.456492715834145, 16.03778996713206 ], [ 73.4562204717231, 16.047535106733715 ], [ 73.460802866394118, 16.046449880431958 ], [ 73.462702684943949, 16.037102338450058 ] ] ] ] } },
{ "type": "Feature", "properties": { "district_id": "maharashtra__solapur", "state": "Maharashtra", "district": "Solapur", "area_km2": 14904.3, "point_lat": 17.8327, "point_lon": 75.2998 }, "geometry": { "type": "Polygon", "coordinates": [ [ [ 75.314401196431035, 18.518539708575265 ], [ 75.299555342781815, 18.498304452209837 ], [ 75.303789697239878, 18.434408062249936 ], [ 75.285299871704609, 18.407975547471388 ], [ 75.306769159056074, 18.392176071845153 ], [ 75.31882756323968, 18.396688721563162 ], [ 75.327684694047349, 18.387255950619341 ], [ 75.334139362477956, 18.390513717731292 ], [ 75.360312973745053, 18.370017691827609 ], [ 75.389639620563301, 18.328863184071086 ], [ 75.406365811519223, 18.326728714563142 ], [ 75.394183953154396, 18.307968074288137 ], [ 75.40116674519345, 18.297467009242009 ], [ 75.396957819322026, 18.265156926933155 ], [ 75.432205310897629, 18.261620033488878 ], [ 75.424325837126986, 18.24114607566268 ], [ 75.427717765464791, 18.219524729234173 ], [ 75.438705426507838, 18.20811806262979 ], [ 75.430250681865274, 18.177865506711257 ], [ 75.465348440679236, 18.161252497301604 ], [ 75.470165126845842, 18.174600733949095 ], [ 75.491086748295103, 18.174022363933485 ], [ 75.491084998342444, 18.156380331475393 ], [ 75.508149833811203, 18.15950208254273 ], [ 75.533377206342479, 18.13440896728364 ], [ 75.55087253712594, 18.144913477364405 ], [ 75.546988898764496, 18.163632360580216 ], [ 75.554575075175592, 18.201108962395022 ], [ 75.574842507765695, 18.240094640160237 ], [ 75.632882680104188, 18.247864247170444 ], [ 75.633541437822799, 18.26440395570879 ], [ 75.618945992847927, 18.274321872745187 ], [ 75.651733052647813, 18.330494455340084 ], [ 75.689718033920158, 18.324239552282783 ], [ 75.703807691910541, 18.33865634393927 ], [ 75.720183906799463, 18.337703396592371 ], [ 75.731916819934767, 18.360518078663375 ], [ 75.728007758405482, 18.386167679237676 ], [ 75.708717343222489, 18.396031671753299 ], [ 75.728495921432952, 18.434039801783491 ], [ 75.763765552197981, 18.439997915849233 ], [ 75.774057477708098, 18.411823664893376 ], [ 75.798814982404764, 18.384103936685634 ], [ 75.824592802989031, 18.380603481548061 ], [ 75.851577405536574, 18.364573832530859 ], [ 75.887091559781723, 18.363581813535248 ], [ 75.904570971222853, 18.32494203193264 ], [ 75.924377476909982, 18.302279569514152 ], [ 75.928149480615716, 18.258975398300265 ], [ 75.948074636204808, 18.238455482571883 ], [ 75.939099623732076, 18.212076839342515 ], [ 75.960405317462389, 18.158934991300665 ], [ 75.94233590726256, 18.123351960604392 ], [ 75.961675692450513, 18.089709166792545 ], [ 75.992892141387927, 18.093691303265754 ], [ 76.000022221624207, 18.072384243133548 ], [ 75.991892195663056, 18.061711055263427 ], [ 76.016225159798239, 18.039535073715246 ], [ 75.998410992211802, 17.994443426384546 ], [ 75.985710226470403, 17.990044764804392 ], [ 75.983842310855124, 17.974986025947121 ], [ 75.975823620569983, 17.970613393478139 ], [ 75.961087239685341, 17.979651746130422 ], [ 75.918348338604048, 17.974119706941824 ], [ 75.910732781601936, 17.998374730576476 ], [ 75.89997608975105, 18.006617141362032 ], [ 75.869718019354124, 18.013212753937243 ], [ 75.852113586668921, 18.006431810532337 ], [ 75.839460381264814, 17.978480879870787 ], [ 75.846584797145383, 17.978246521409183 ], [ 75.838180302747588, 17.938941599284796 ], [ 75.85148009927758, 17.91991389625991 ], [ 75.8453505431454, 17.891926504711812 ], [ 75.858058018588807, 17.863866682114541 ], [ 75.876293728702677, 17.846034910288775 ], [ 75.919503819370618, 17.832309007281129 ], [ 75.939719182205309, 17.851709281239085 ], [ 75.968394042456964, 17.818758874566207 ], [ 75.976530384299224, 17.819918982948227 ], [ 75.978028155428603, 17.8423134614861 ], [ 76.018467575334796, 17.82905145678291 ], [ 76.006250897885536, 17.750133860191156 ], [ 76.027584292497238, 17.765913145445904 ], [ 76.056181820079175, 17.76533796837311 ], [ 76.09641886841851, 17.77866185160698 ], [ 76.103092128006651, 17.772537334603712 ], [ 76.100042803202797, 17.76127443364836 ], [ 76.122367318415897, 17.769046180983242 ], [ 76.145500424197408, 17.754288500030913 ], [ 76.148241736701493, 17.732812946891901 ], [ 76.176265985396043, 17.731083833778623 ], [ 76.166460082839976, 17.71400639105152 ], [ 76.149909329975699, 17.718190454650994 ], [ 76.145012355130063, 17.708668306910369 ], [ 76.149640999407836, 17.699015635689626 ], [ 76.166310147803927, 17.700008158907657 ], [ 76.166417472125033, 17.692860419746541 ], [ 76.189865935571461, 17.682383791385476 ], [ 76.239592526781294, 17.697921841722824 ], [ 76.27140590049116, 17.727534105844267 ], [ 76.299194330923342, 17.729054280539849 ], [ 76.316210624851365, 17.715556167042347 ], [ 76.319246424093905, 17.697069918898716 ], [ 76.356100470004577, 17.696189815672053 ], [ 76.361605074377266, 17.6867108960395 ], [ 76.379300558487557, 17.685592353684378 ], [ 76.381309349005747, 17.659603302370648 ], [ 76.429644707913496, 17.646044327690596 ], [ 76.416591928199921, 17.605863680528145 ], [ 76.332329593719564, 17.59647455393241 ], [ 76.340730876781862, 17.544249717282032 ], [ 76.361680028393295, 17.537951788772876 ], [ 76.366909450375488, 17.523890380043394 ], [ 76.347083463930929, 17.513192916133686 ], [ 76.344218756038487, 17.496082247377956 ], [ 76.375877144668252, 17.495273251527074 ], [ 76.35077298823623, 17.473888876423825 ], [ 76.331506969257049, 17.47057122149667 ], [ 76.334391543962866, 17.434069362422015 ], [ 76.374018988339003, 17.436246904807231 ], [ 76.362838436721674, 17.376959452386107 ], [ 76.409034020491362, 17.371214726666231 ], [ 76.411635555205777, 17.349643987134588 ], [ 76.393941693025639, 17.338229462097676 ], [ 76.382630455651693, 17.313774242708298 ], [ 76.353102878430008, 17.312539231925378 ], [ 76.344402109341459, 17.35183033042733 ], [ 76.313710663352097, 17.345145955348141 ], [ 76.317917848136261, 17.331335783440533 ], [ 76.276478148028986, 17.332391371791303 ], [ 76.270751462692601, 17.358354093060921 ], [ 76.250513420505186, 17.359706564254353 ], [ 76.244838249314796, 17.376463978067971 ], [ 76.229425403131401, 17.365016172099136 ], [ 76.172595691255907, 17.350490916999465 ], [ 76.18414839085284, 17.312851442290558 ], [ 76.176053474398728, 17.29902515718603 ], [ 76.164062547585146, 17.302139254321979 ], [ 76.163409190423778, 17.342667641404958 ], [ 76.121309116953654, 17.368045331404904 ], [ 76.095961464668846, 17.359503071561885 ], [ 76.078722117381901, 17.331766314482532 ], [ 76.05442658622863, 17.355964638180801 ], [ 76.01523539214314, 17.352253724118537 ], [ 75.999985851942995, 17.339396317077327 ], [ 75.930650033425948, 17.325722259071473 ], [ 75.893035408518941, 17.355177580578566 ], [ 75.895790134657929, 17.396495704642717 ], [ 75.886569779213431, 17.418812586392555 ], [ 75.877745533729666, 17.418022245855738 ], [ 75.878222688223289, 17.401822090221028 ], [ 75.861228626765026, 17.387354147854516 ], [ 75.855218261069595, 17.4091433285828 ], [ 75.823841876244956, 17.424286554477167 ], [ 75.814165901869501, 17.375331686442824 ], [ 75.801406329190158, 17.371577957387814 ], [ 75.781305332099478, 17.380266362711506 ], [ 75.768714230161862, 17.408263493095593 ], [ 75.735864243930081, 17.42328843585279 ], [ 75.713942110189009, 17.410314976635497 ], [ 75.689864740709893, 17.413974661033691 ], [ 75.676163081944921, 17.459287292197512 ], [ 75.634061319465161, 17.478787422022236 ], [ 75.60853570769558, 17.420856609115688 ], [ 75.614225793464399, 17.393203615107403 ], [ 75.576837140818597, 17.384264991291239 ], [ 75.583151656357188, 17.35115391652721 ], [ 75.611534191538169, 17.343695776317045 ], [ 75.614462432930409, 17.330158686729792 ], [ 75.604380151972336, 17.304682980750005 ], [ 75.556929087083034, 17.284781774040802 ], [ 75.51523223328725, 17.239288878727166 ], [ 75.463830903902107, 17.238929774343227 ], [ 75.467217991561995, 17.251340843693114 ], [ 75.422167575758237, 17.264839456343704 ], [ 75.403339727391483, 17.211057320072491 ], [ 75.406073929641025, 17.183279198158601 ], [ 75.367382095424063, 17.19087727534243 ], [ 75.369863601494259, 17.214777004041316 ], [ 75.361798478108128, 17.235523670196812 ], [ 75.333911320501045, 17.2324886427295 ], [ 75.330996476531467, 17.218702122351871 ], [ 75.288854536297777, 17.215194508645762 ], [ 75.284533451858053, 17.192545573268834 ], [ 75.305248850608791, 17.170788823823333 ], [ 75.296111211978598, 17.146099183154831 ], [ 75.270523913308736, 17.148537539396937 ], [ 75.269334122610957, 17.183207195636957 ], [ 75.232804960753171, 17.180342875003898 ], [ 75.213892577998024, 17.199168191374149 ], [ 75.239415077343196, 17.216154270782354 ], [ 75.24796577881186, 17.254963767197427 ], [ 75.225176706750048, 17.255626825119478 ], [ 75.204026267260744, 17.26881455799769 ], [ 75.191760523570466, 17.266493899552394 ], [ 75.179991431520904, 17.236393712527835 ], [ 75.088346436713707, 17.248978589192827 ], [ 75.075423874167356, 17.238149527912153 ], [ 75.07955121968017, 17.221758887052111 ], [ 75.017263505830854, 17.225032868937625 ], [ 75.007944732514829, 17.208303398097403 ], [ 74.963516670070902, 17.190716930061555 ], [ 74.95733551996463, 17.17062655784375 ], [ 74.970183799938198, 17.134893242744873 ], [ 74.96654619481005, 17.12622454269685 ], [ 74.929652651169647, 17.130485381813418 ], [ 74.912604013008519, 17.120663730415231 ], [ 74.917541704887682, 17.113884873452367 ], [ 74.895063929866993, 17.121289680808118 ], [ 74.902966106953883, 17.132869603309434 ], [ 74.925783677047761, 17.136704371869005 ], [ 74.923144065791263, 17.154710670902155 ], [ 74.905228061482092, 17.164263120967981 ], [ 74.900741806101564, 17.182198998933078 ], [ 74.896198783522792, 17.175389628658028 ], [ 74.88817103552141, 17.17957210659057 ], [ 74.89749589108331, 17.193552347145264 ], [ 74.872161684004311, 17.19014017813257 ], [ 74.866566334295314, 17.195155525246768 ], [ 74.872378166979686, 17.208259057013017 ], [ 74.858976690927918, 17.204746506121349 ], [ 74.850869121810206, 17.21088677265853 ], [ 74.878614310355246, 17.211879683795875 ], [ 74.876222352770554, 17.220561188921206 ], [ 74.896442465027334, 17.23684874847072 ], [ 74.909354707126326, 17.274190401523413 ], [ 74.937534976246084, 17.273139639458282 ], [ 74.94079094518375, 17.285698095020841 ], [ 74.961868633123203, 17.293376417517866 ], [ 74.96886849028192, 17.340605672668399 ], [ 75.007245905808261, 17.367941581890754 ], [ 74.997648551746465, 17.391585721682478 ], [ 75.000030982818075, 17.406834356165305 ], [ 75.024155593119517, 17.408433361135039 ], [ 75.034331007800347, 17.419816065898427 ], [ 75.039787765041808, 17.4823913543832 ], [ 75.027632516860351, 17.4937342614191 ], [ 74.980528832568581, 17.464412168410451 ], [ 74.964908637885628, 17.491004811793573 ], [ 74.941868182553634, 17.510446057036976 ], [ 74.944026340452012, 17.51798665230169 ], [ 74.9633096242314, 17.522251031750731 ], [ 74.988819257829547, 17.541592038717539 ], [ 74.963547068685671, 17.563544553107576 ], [ 74.963168357630565, 17.590295416110322 ], [ 74.920988835461074, 17.576025228462296 ], [ 74.918602381261621, 17.598186559616888 ], [ 74.927579509378646, 17.616878322437774 ], [ 74.910076995052663, 17.619620608169519 ], [ 74.888822326938296, 17.675007373188489 ], [ 74.877484445953201, 17.678439629699049 ], [ 74.866578005418845, 17.695595326846554 ], [ 74.873282821612364, 17.725934854482301 ], [ 74.840423645671095, 17.725135571522863 ], [ 74.77994330107343, 17.770593709101899 ], [ 74.764594091746432, 17.758793557263935 ], [ 74.747129683390014, 17.763052651371268 ], [ 74.744018465473133, 17.770145582825027 ], [ 74.750815631915913, 17.766821931130622 ], [ 74.756328457543148, 17.779854744583808 ], [ 74.740336802548597, 17.787688909015166 ], [ 74.747795399640722, 17.797516490029235 ], [ 74.713902923281097, 17.783242873159537 ], [ 74.713056329949126, 17.791109165149212 ], [ 74.711146543676207, 17.783913924149807 ], [ 74.702147957550608, 17.785604776284245 ], [ 74.70592189727806, 17.792360715080022 ], [ 74.695808125203172, 17.791115948522062 ], [ 74.701259169624691, 17.80506622568938 ], [ 74.685340908249628, 17.809963455494177 ], [ 74.678811002276305, 17.849975331422328 ], [ 74.660977987351586, 17.861234090643347 ], [ 74.639534240690452, 17.835075883108388 ], [ 74.642340962514226, 17.829077971675868 ], [ 74.629972468280158, 17.838715912792647 ], [ 74.628954871149503, 17.831929718746888 ], [ 74.618638215849387, 17.833668453220383 ], [ 74.619436913166652, 17.844068929111454 ], [ 74.608699570968824, 17.846484007916441 ], [ 74.635055673095451, 17.872324588388771 ], [ 74.634910835230372, 17.900397651586033 ], [ 74.658078383061095, 17.929602358738592 ], [ 74.668103905354414, 17.975301466861819 ], [ 74.664741682710741, 18.000611868818257 ], [ 74.710007820743343, 18.0293321940376 ], [ 74.747892229005359, 18.018555707440367 ], [ 74.763439148264055, 18.02414981693034 ], [ 74.807384009929308, 17.99656864283557 ], [ 74.809132901734827, 18.014311881102181 ], [ 74.815856660225663, 18.016658476429519 ], [ 74.832693520272528, 17.992680811704439 ], [ 74.864555594896345, 17.989980490315645 ], [ 74.846963704710191, 17.947757008280842 ], [ 74.86953262557391, 17.950833825059817 ], [ 74.896620605420551, 17.937398000770653 ], [ 74.911297921944694, 17.944860175207605 ], [ 74.939093659618564, 17.939919637247581 ], [ 74.94345663349435, 17.924694999917161 ], [ 74.962101472643965, 17.914981211652858 ], [ 75.0177058968561, 17.90741113425366 ], [ 75.023980436771694, 17.89209182026346 ], [ 75.039370604833906, 17.903262486066936 ], [ 75.054467549978582, 17.901929878281962 ], [ 75.046452010950105, 17.917590940157734 ], [ 75.052640136189211, 17.924387973596669 ], [ 75.072252800032857, 17.914303279643423 ], [ 75.089523685636422, 17.923133863431008 ], [ 75.084543492193092, 17.938729027337114 ], [ 75.114790161760695, 17.936632177993712 ], [ 75.130701902150975, 17.954195980506125 ], [ 75.117354554917824, 17.968465862925957 ], [ 75.135026440508, 17.969576125138257 ], [ 75.12009182977458, 17.997876483364102 ], [ 75.109083964188457, 17.993102068455507 ], [ 75.102613473300508, 17.97320804819028 ], [ 75.070587544167012, 17.975768262641523 ], [ 75.050726893270578, 17.946623917094954 ], [ 75.021549660048919, 17.962016456879425 ], [ 75.029166245687662, 17.988439174420161 ], [ 75.052641968606991, 18.020282666366494 ], [ 75.083784495509008, 18.042040677293411 ], [ 75.092296488309231, 18.066128822066904 ], [ 75.130302969402379, 18.075386611425007 ], [ 75.137625909885884, 18.091579667709421 ], [ 75.163165105331771, 18.106507668548961 ], [ 75.158061731349264, 18.120982305765338 ], [ 75.093803925800955, 18.122231783460848 ], [ 75.091653800397353, 18.146015631105609 ], [ 75.114196289585394, 18.199512895893253 ], [ 75.109635446531129, 18.214336609407891 ], [ 75.102063217949407, 18.220528047182444 ], [ 75.082005954645936, 18.217915082726059 ], [ 75.059365109485199, 18.1975631924361 ], [ 75.021985073428255, 18.187481697239154 ], [ 75.008547334348762, 18.212053106909153 ], [ 75.04477904586328, 18.253418699014812 ], [ 75.044722723375457, 18.262119621239254 ], [ 74.993180425918609, 18.240983624321263 ], [ 74.951108367141373, 18.263427713963104 ], [ 74.895179229533525, 18.258978260480163 ], [ 74.876673952880097, 18.247314013702088 ], [ 74.842016448946708, 18.24325623090914 ], [ 74.79656557711489, 18.279275637216909 ], [ 74.797769584521632, 18.29720294322393 ], [ 74.842346088252498, 18.295729290447905 ], [ 74.833877262240037, 18.339198908440945 ], [ 74.861688530749376, 18.333744320151247 ], [ 74.871173915906198, 18.352880458428569 ], [ 74.907370925770877, 18.356197313152403 ], [ 74.915828309436975, 18.377119527362709 ], [ 74.965331035688948, 18.385080891302835 ], [ 74.983654817292319, 18.399673202786616 ], [ 75.004149792654317, 18.402906220467873 ], [ 75.016229580232022, 18.436639280306739 ], [ 75.050297861788422, 18.42968868365762 ], [ 75.058986860828711, 18.419987611537127 ], [ 75.078632097124796, 18.420552379419142 ], [ 75.09266229361171, 18.433817963375098 ], [ 75.092715823254551, 18.456321809834765 ], [ 75.105645759351134, 18.48924243590886 ], [ 75.125690353625103, 18.493861599701152 ], [ 75.13490334045099, 18.526243082151925 ], [ 75.159434809160672, 18.51988750445571 ], [ 75.197356337121661, 18.528501098949398 ], [ 75.21537067683154, 18.554429269319556 ], [ 75.227717068251664, 18.543313582983942 ], [ 75.239976733604678, 18.5434820804068 ], [ 75.261312512931923, 18.508841671056363 ], [ 75.314401196431035, 18.518539708575265 ] ] ] } },
{ "type": "Feature", "properties": { "district_id": "assam__sonitpur", "state": "Assam", "district": "Sonitpur", "area_km2": 5198.4, "point_lat": 26.7654, "point_lon": 93.0014 }, "geometry": { "type": "Polygon", "coordinates": [ [ [ 92.3635034658667, 26.585612515843771 ], [ 92.408735439305048, 26.641990185829311 ], [ 92.390378446179668, 26.661677541751207 ], [ 92.386920488909283, 26.695375554186636 ], [ 92.367665970040392, 26.706014122130032 ], [ 92.358223006910265, 26.747778048778375 ], [ 92.333269376735927, 26.801578110663904 ], [ 92.334557661347134, 26.821426119256643 ], [ 92.341030263137029, 26.824335793172626 ], [ 92.335048077117222, 26.835323728443182 ], [ 92.348656605340636, 26.861445450783595 ], [ 92.344799060283464, 26.885204787568025 ], [ 92.362246603351082, 26.924615962283351 ], [ 92.367613223500555, 26.931247926271752 ], [ 92.402891006690865, 26.924783609518581 ], [ 92.415034351159662, 26.942690723010827 ], [ 92.428905452176465, 26.941960964315946 ], [ 92.462702513837613, 26.961783068747543 ], [ 92.588222940180373, 26.960193355780174 ], [ 92.648440673545963, 26.985741531753046 ], [ 92.642128252400056, 27.016855206891346 ], [ 92.661966338859102, 27.036833547996444 ], [ 92.716640151352678, 27.024336428370326 ], [ 92.772014836047134, 27.031223646585051 ], [ 92.875205160674085, 27.00575436929249 ], [ 92.919357308035543, 26.982628061990425 ], [ 92.920417975877129, 26.962194657963487 ], [ 93.021834631935022, 26.91463184173924 ], [ 93.07127028117317, 26.921955911459026 ], [ 93.094255929338189, 26.913241844430381 ], [ 93.11134888949573, 26.924969915535357 ], [ 93.224698330780356, 26.946697526285185 ], [ 93.350106597621973, 26.960648122805303 ], [ 93.449929271927502, 26.951404100422703 ], [ 93.4701304376363, 26.936116996208838 ], [ 93.491376198855136, 26.935716382014135 ], [ 93.677628257904175, 26.968010616570766 ], [ 93.700146425134093, 26.991725324929135 ], [ 93.744885658479632, 26.958284998909559 ], [ 93.752529145831517, 26.918902769233085 ], [ 93.746452585833197, 26.900435201460898 ], [ 93.78098325638399, 26.884468802479542 ], [ 93.790413492160752, 26.857454369141717 ], [ 93.774537896671774, 26.849276665039628 ], [ 93.746765531715425, 26.800664006310644 ], [ 93.712727791985785, 26.817483388012231 ], [ 93.69736197576421, 26.79769724597789 ], [ 93.672365910486704, 26.800201465251146 ], [ 93.651553520697362, 26.789062311048625 ], [ 93.673606947030152, 26.712668508366445 ], [ 93.651493293620035, 26.704913813891192 ], [ 93.567480794203277, 26.723813160857212 ], [ 93.564202133334405, 26.73613411980498 ], [ 93.511110463410105, 26.76034791720107 ], [ 93.462576496444328, 26.75691528482114 ], [ 93.433574236339751, 26.744490641584182 ], [ 93.405176041910735, 26.752934587978377 ], [ 93.349301883790375, 26.731535974412107 ], [ 93.337707678579449, 26.707448290097574 ], [ 93.298489770267736, 26.698346261100141 ], [ 93.275809845961845, 26.682567249114367 ], [ 93.246885901600947, 26.683689901082726 ], [ 93.218166793460369, 26.625466242089246 ], [ 93.173709755903275, 26.609670881844472 ], [ 93.11548066686602, 26.574465114805317 ], [ 93.074368974729083, 26.594539688523028 ], [ 93.009060586312756, 26.598230319315956 ], [ 92.990730247542871, 26.613187457741372 ], [ 92.953637266803369, 26.618426664258237 ], [ 92.9194134111072, 26.595891149699209 ], [ 92.896650176513475, 26.595448627921048 ], [ 92.871192961345429, 26.582222340458905 ], [ 92.842611076876054, 26.583160866092964 ], [ 92.802114893791511, 26.558508041179813 ], [ 92.773673983183954, 26.556209366183374 ], [ 92.755632628591513, 26.51170995226602 ], [ 92.730101156423046, 26.520751073071615 ], [ 92.727008564984871, 26.535149985023399 ], [ 92.687742552477189, 26.508591738756422 ], [ 92.666148584505478, 26.520183240435202 ], [ 92.58097072294666, 26.500003108025521 ], [ 92.528967117592785, 26.509187824192018 ], [ 92.475367542024742, 26.495395077619587 ], [ 92.459981129918305, 26.502537016565057 ], [ 92.448186767804756, 26.519962519953303 ], [ 92.38575680346824, 26.516993989328324 ], [ 92.346452529560707, 26.502144092248368 ], [ 92.328132926617471, 26.509268761208411 ], [ 92.355832357872274, 26.530137598208249 ], [ 92.385851335706718, 26.534509398951492 ], [ 92.369767926799682, 26.566295256413159 ], [ 92.358163949279415, 26.571727545855602 ], [ 92.366951190031145, 26.580578135555459 ], [ 92.3635034658667, 26.585612515843771 ] ] ] } },
{ "type": "Feature", "properties": { "district_id": "maharashtra__thane", "state": "Maharashtra", "district": "Thane", "area_km2": 9521.9, "point_lat": 19.6061, "point_lon": 73.1522 }, "geometry": { "type": "MultiPolygon", "coordinates": [ [ [ [ 72.863451818957941, 20.226402927104782 ], [ 72.9597382833918, 20.212790248030469 ], [ 72.965488090890375, 20.180482125864231 ], [ 72.97602210474605, 20.171760643539585 ], [ 72.962453383489887, 20.131283125397506 ], [ 72.978522590840072, 20.113677066732585 ], [ 72.99366404177087, 20.118361008306174 ], [ 72.999906499461062, 20.140642182197844 ], [ 73.006886037130613, 20.135380675566083 ], [ 72.99955615647248, 20.110833188899342 ], [ 73.042293680682491, 20.068065142617765 ], [ 73.048728307186551, 20.068324044072458 ], [ 73.050212599178082, 20.099433273607254 ], [ 73.088175382905987, 20.093990342290247 ], [ 73.107325249024498, 20.079110186949286 ], [ 73.129424627516926, 20.084543562412883 ], [ 73.175917670361216, 20.05312008327439 ], [ 73.189010240611893, 20.062468473146158 ], [ 73.188165687836474, 20.078009864232332 ], [ 73.209347149987678, 20.097655781996224 ], [ 73.206566150224944, 20.122156061340462 ], [ 73.217011737171916, 20.122726106789329 ], [ 73.225830638558506, 20.141121473193962 ], [ 73.228464800452144, 20.128244019793094 ], [ 73.246562865218621, 20.127992951907689 ], [ 73.253960134449855, 20.112936125757848 ], [ 73.271957823492102, 20.104947148176077 ], [ 73.273661412526977, 20.083448615911781 ], [ 73.263159650355178, 20.073854630933248 ], [ 73.278575059724261, 20.046596706330828 ], [ 73.291212021185757, 20.049747427693234 ], [ 73.292692015892342, 20.06003761043532 ], [ 73.302676958253059, 20.050898176481809 ], [ 73.311193831923063, 20.057324206238111 ], [ 73.333532790545803, 20.039675320493618 ], [ 73.363376388967907, 20.035118592345114 ], [ 73.364439267075639, 20.020981643602898 ], [ 73.373109246594481, 20.014724074889429 ], [ 73.377401206396101, 20.025462220862284 ], [ 73.386434051515351, 20.01341386588717 ], [ 73.390760992182535, 20.01954774870088 ], [ 73.405886993688114, 20.016914747315596 ], [ 73.426123000491728, 19.98458136922001 ], [ 73.452500486099993, 19.981991644296563 ], [ 73.448518287575823, 19.966055478969206 ], [ 73.454866768662029, 19.959107499197955 ], [ 73.441935447653591, 19.954239531820708 ], [ 73.440240520112326, 19.934576880887917 ], [ 73.423700844057805, 19.915660315694524 ], [ 73.435280111351204, 19.872933318595724 ], [ 73.416761367222094, 19.859750732472953 ], [ 73.420940811999202, 19.836754735260303 ], [ 73.442789226533279, 19.825447193004607 ], [ 73.446703624370286, 19.773141363356924 ], [ 73.461923515674215, 19.759479663009319 ], [ 73.500936601986396, 19.758706021589823 ], [ 73.507086515165867, 19.729795331403889 ], [ 73.491291909700607, 19.714558031573826 ], [ 73.52025256671925, 19.701798521984365 ], [ 73.551628694006666, 19.650266043125161 ], [ 73.563702564764512, 19.642337313986594 ], [ 73.565976389896306, 19.616530528150708 ], [ 73.586463483041257, 19.608644849839198 ], [ 73.577593522142678, 19.601424093847562 ], [ 73.620210778547772, 19.587028617091665 ], [ 73.628683796987886, 19.572561148769051 ], [ 73.626207580696544, 19.542742958975477 ], [ 73.637171025873442, 19.530743786259578 ], [ 73.639669863779403, 19.536416450240395 ], [ 73.65648719720717, 19.534777038204762 ], [ 73.668375933092648, 19.514288949647881 ], [ 73.686525532898145, 19.516142112233478 ], [ 73.709246719508627, 19.496313972053166 ], [ 73.707316150442509, 19.48301221725594 ], [ 73.675785528464189, 19.462593302207708 ], [ 73.690914542453768, 19.439280779517063 ], [ 73.729029976554315, 19.430258266530593 ], [ 73.729920757366145, 19.414482116023816 ], [ 73.752934297690899, 19.409442120212891 ], [ 73.755294667447131, 19.396987377619457 ], [ 73.781648558751414, 19.385974666561541 ], [ 73.798028846450308, 19.336153015899018 ], [ 73.794368179416395, 19.330256730244997 ], [ 73.774838402237421, 19.339587353267277 ], [ 73.774490489865343, 19.32995467804356 ], [ 73.748375713101879, 19.327380856005533 ], [ 73.75276639731743, 19.334138803663045 ], [ 73.716050704614503, 19.326527436200855 ], [ 73.673906715733381, 19.302638425755749 ], [ 73.671669005052905, 19.288188474653623 ], [ 73.696118009305621, 19.256766872957076 ], [ 73.69044482657381, 19.244276988317196 ], [ 73.662523148027105, 19.239103517818279 ], [ 73.633154388960207, 19.202161969476851 ], [ 73.626786323842438, 19.209859824001011 ], [ 73.614219476645118, 19.206260365854614 ], [ 73.609016171673829, 19.189353032314148 ], [ 73.544465026913286, 19.182949719865341 ], [ 73.540649074065584, 19.159845713352016 ], [ 73.533021863765313, 19.155546911354122 ], [ 73.54505166542134, 19.142573969906724 ], [ 73.539610154330305, 19.121817493246898 ], [ 73.514660049680373, 19.130672129796661 ], [ 73.486574706203754, 19.124736316904972 ], [ 73.472610444122736, 19.134898490588217 ], [ 73.432155086702267, 19.127466903579545 ], [ 73.402299941155306, 19.134649283893353 ], [ 73.350147092565294, 19.128695857029669 ], [ 73.310942651544465, 19.107359362669072 ], [ 73.316806579795056, 19.082010008559333 ], [ 73.300323112725721, 19.074953162587768 ], [ 73.299913116243118, 19.082177303469226 ], [ 73.279412756897926, 19.084522792170734 ], [ 73.26290086356552, 19.066054031570534 ], [ 73.246550898836205, 19.063863923714734 ], [ 73.198013275804357, 19.124743350159928 ], [ 73.176759530158037, 19.109017139272233 ], [ 73.154129676113129, 19.113010140073314 ], [ 73.144073015519268, 19.126016167027156 ], [ 73.130357626703187, 19.110117018723482 ], [ 73.064046863858991, 19.110609228434516 ], [ 73.046905657437463, 19.097899137724013 ], [ 73.043075891644321, 19.013182775768787 ], [ 73.008961709051746, 18.986727210698344 ], [ 72.958587450463284, 18.987335326771678 ], [ 72.979183754704025, 19.041035913021283 ], [ 72.967761978884511, 19.093550814528168 ], [ 72.983350635884719, 19.151310766460888 ], [ 72.971138309988234, 19.176744303669846 ], [ 72.937335087681262, 19.189713381874064 ], [ 72.937263711754738, 19.205038433631465 ], [ 72.907613880559097, 19.246755004776208 ], [ 72.856477654602784, 19.269217351404912 ], [ 72.838083841415965, 19.263856475144319 ], [ 72.835255789671166, 19.249281529731213 ], [ 72.824787745273298, 19.244676611484881 ], [ 72.800334502729882, 19.260956659618238 ], [ 72.781523272590377, 19.263248622228772 ], [ 72.7843513270074, 19.299921792230897 ], [ 72.793939888674018, 19.30414448526377 ], [ 72.800084436738459, 19.330324379835588 ], [ 72.755247151485179, 19.378439933593654 ], [ 72.748652071375588, 19.485927765378221 ], [ 72.730279707051068, 19.500127657254527 ], [ 72.728025039761945, 19.520147509794683 ], [ 72.709592882230794, 19.553075877218173 ], [ 72.721185372066216, 19.616527040102657 ], [ 72.704961596439759, 19.630427546529287 ], [ 72.694884420592672, 19.656857938445704 ], [ 72.697792989015042, 19.679959651433343 ], [ 72.71239883769401, 19.685035118142981 ], [ 72.713944686770176, 19.693409523223952 ], [ 72.695512909714921, 19.716925163582349 ], [ 72.676071196576004, 19.71404795998502 ], [ 72.677670523307782, 19.745954576391753 ], [ 72.669815270922399, 19.759348413111727 ], [ 72.686804268656715, 19.773609422706645 ], [ 72.685722031703264, 19.792706477927371 ], [ 72.713476777303867, 19.801689872202342 ], [ 72.722745594401033, 19.819067519857956 ], [ 72.682452985651139, 19.804657148987754 ], [ 72.665067037245507, 19.821691193904691 ], [ 72.660514752699413, 19.809718330345383 ], [ 72.655005174150261, 19.812126368786419 ], [ 72.644415771543237, 19.838997156690489 ], [ 72.644397374317151, 19.869048399800587 ], [ 72.655860961639547, 19.860495152837071 ], [ 72.672767576390385, 19.873326147848363 ], [ 72.650448038933945, 19.942412394532056 ], [ 72.668866446243356, 19.942600424400375 ], [ 72.684335965005616, 19.96036181767931 ], [ 72.707967027733034, 19.968361276815134 ], [ 72.711171367073732, 19.95442136740926 ], [ 72.723909059517126, 19.951542718173894 ], [ 72.720069870152571, 19.942635255671728 ], [ 72.728284686630488, 19.924541549312256 ], [ 72.738055793223737, 19.921309899340201 ], [ 72.734794431276683, 19.909659069638899 ], [ 72.75148726476597, 19.909370988224204 ], [ 72.75372978437079, 19.882425475992061 ], [ 72.772582137997006, 19.897262829695812 ], [ 72.76227620659887, 19.929713545869884 ], [ 72.769284463082457, 19.946478564504496 ], [ 72.753264654292295, 19.953986792285463 ], [ 72.768820192220588, 19.958921226397067 ], [ 72.761922108902937, 19.978600233054017 ], [ 72.752497289746046, 19.981441114099155 ], [ 72.744210516289556, 19.971972503079293 ], [ 72.727917481202752, 19.983505307568713 ], [ 72.719540641609257, 19.979002820700245 ], [ 72.714850687309749, 20.016438500180126 ], [ 72.724945098018864, 20.036319460424536 ], [ 72.721482817643491, 20.041658805634171 ], [ 72.711779256835328, 20.036688311433444 ], [ 72.704233654787004, 20.081041499750945 ], [ 72.720803915983893, 20.102791806135865 ], [ 72.729275337005134, 20.136806669491197 ], [ 72.79032555802651, 20.125744353670914 ], [ 72.790561686725212, 20.149202078287601 ], [ 72.804433955402857, 20.153984504476831 ], [ 72.823990165521053, 20.145315290376971 ], [ 72.817467571377549, 20.157257050283324 ], [ 72.824217125314235, 20.188330624615766 ], [ 72.83843356966274, 20.189897784289411 ], [ 72.832878647480982, 20.198435393659683 ], [ 72.839060476729102, 20.208572523378891 ], [ 72.860872155493254, 20.208842786706889 ], [ 72.863451818957941, 20.226402927104782 ] ] ], [ [ [ 72.729576354013417, 19.464292842513888 ], [ 72.734305838159514, 19.462029583961669 ], [ 72.735353845527499, 19.452660264632296 ], [ 72.730648317864762, 19.455154530067606 ], [ 72.729576354013417, 19.464292842513888 ] ] ] ] } },
{ "type": "Feature", "properties": { "district_id": "kerala__thiruvananthapuram", "state": "Kerala", "district": "Thiruvananthapuram", "area_km2": 2179.3, "point_lat": 8.5769, "point_lon": 77.0527 }, "geometry": { "type": "Polygon", "coordinates": [ [ [ 77.201014670902254, 8.769455023283562 ], [ 77.194586578508464, 8.743328333061683 ], [ 77.173333182051351, 8.74580230780373 ], [ 77.179813243718058, 8.723407967926873 ], [ 77.197467609447145, 8.70790047563203 ], [ 77.208692195707513, 8.663169777870472 ], [ 77.246875116791543, 8.621245492444867 ], [ 77.247073176032416, 8.606144603317391 ], [ 77.27035207392818, 8.57937924734876 ], [ 77.284119975370999, 8.545841638659612 ], [ 77.266554643930164, 8.50967847822271 ], [ 77.241546537412518, 8.496539855284928 ], [ 77.225289571237553, 8.51262150016664 ], [ 77.205349136620555, 8.501487451851542 ], [ 77.22863517343032, 8.445848151232632 ], [ 77.207740573967911, 8.442811642670899 ], [ 77.198898819610406, 8.417093475321202 ], [ 77.172836161117701, 8.385348564302488 ], [ 77.153913065211398, 8.38638397702055 ], [ 77.162402728423046, 8.370135311207825 ], [ 77.154960072225876, 8.353487740256138 ], [ 77.166708442383779, 8.362442872869403 ], [ 77.173841578295338, 8.359284634614143 ], [ 77.170355157446906, 8.338787635247028 ], [ 77.179022324817609, 8.320358967936183 ], [ 77.169083117317882, 8.329774683999183 ], [ 77.141181397527291, 8.33069695001017 ], [ 77.12005001795599, 8.319330665611806 ], [ 77.123891273199391, 8.309283445355854 ], [ 77.108584643002999, 8.304977394229832 ], [ 77.10005572678736, 8.291355916213941 ], [ 77.023142327378636, 8.355110408873459 ], [ 77.006454566418526, 8.360372524367165 ], [ 76.998389658039528, 8.378495813777677 ], [ 76.98276136558232, 8.380341253561658 ], [ 76.970992337286589, 8.412842799142064 ], [ 76.891970842075764, 8.500362694630059 ], [ 76.672251195153763, 8.780694840006502 ], [ 76.679544623606262, 8.78785531563614 ], [ 76.683411845927495, 8.775266870558816 ], [ 76.690331685524228, 8.777198311010993 ], [ 76.694128387563936, 8.790340585721912 ], [ 76.707323660892001, 8.788809259507811 ], [ 76.72247151266896, 8.800824031290622 ], [ 76.760307657624864, 8.794221325528111 ], [ 76.773846234444349, 8.807734119762598 ], [ 76.792579330042329, 8.807963463861775 ], [ 76.785599101608568, 8.818896578719768 ], [ 76.794566786845067, 8.826391078595707 ], [ 76.778378987555925, 8.842751574743428 ], [ 76.784964480293354, 8.859547693413035 ], [ 76.805553531236072, 8.849863188081336 ], [ 76.823093571552164, 8.853626234368498 ], [ 76.827654038050895, 8.842593089509908 ], [ 76.848131667469801, 8.834525769572798 ], [ 76.854979664104476, 8.817115148032295 ], [ 76.886905084578103, 8.80481029363672 ], [ 76.902256128454113, 8.810215355041702 ], [ 76.91997986354265, 8.791331666228785 ], [ 76.915764302521254, 8.778244690344277 ], [ 76.934991620080382, 8.760506634176858 ], [ 76.974067019873132, 8.772460251691525 ], [ 76.981168179646929, 8.785169769566833 ], [ 77.006446994125554, 8.77018451911243 ], [ 77.029611326458578, 8.773752063202902 ], [ 77.013447293198951, 8.808257404671348 ], [ 77.024401932430266, 8.815150081638096 ], [ 77.034530571867464, 8.841110051749048 ], [ 77.044791814158728, 8.844385152129341 ], [ 77.107875880277405, 8.82883304993306 ], [ 77.201014670902254, 8.769455023283562 ] ] ] } },
{ "type": "Feature", "properties": { "district_id": "kerala__thrissur", "state": "Kerala", "district": "Thrissur", "area_km2": 3026.7, "point_lat": 10.4784, "point_lon": 76.2731 }, "geometry": { "type": "Polygon", "coordinates": [ [ [ 76.83918109900587, 10.338336591597468 ], [ 76.832165305412047, 10.303299410531487 ], [ 76.851160179986522, 10.285702657012772 ], [ 76.876910562717242, 10.29819946052722 ], [ 76.87499987813888, 10.275212479216826 ], [ 76.897438871795671, 10.263293444814027 ], [ 76.904681211917705, 10.251301774725274 ], [ 76.841297785439153, 10.284290880304368 ], [ 76.833832494258942, 10.276450520941269 ], [ 76.806632180403909, 10.28559366129323 ], [ 76.771185962516228, 10.270391179753995 ], [ 76.750348162570219, 10.277983339726726 ], [ 76.699437809084188, 10.265535283613589 ], [ 76.658682868674333, 10.28057163895962 ], [ 76.625893315686071, 10.273805142506406 ], [ 76.579213517762327, 10.301792929441694 ], [ 76.567466303408864, 10.293168617933128 ], [ 76.573338028701258, 10.283165891232269 ], [ 76.557045865342602, 10.282415868298637 ], [ 76.417640735356088, 10.295644608992369 ], [ 76.413002678292287, 10.278618682817275 ], [ 76.402846389040363, 10.276294361327341 ], [ 76.375534190234433, 10.241600381032848 ], [ 76.34401779530252, 10.232505596014898 ], [ 76.335311248552813, 10.211528773774504 ], [ 76.313322613413291, 10.205332447316025 ], [ 76.314689731602598, 10.180483058411456 ], [ 76.30670400492734, 10.184634279044591 ], [ 76.276472794924217, 10.17398122654793 ], [ 76.263293798330679, 10.188300382288723 ], [ 76.264836560317619, 10.198394483270647 ], [ 76.221559112886197, 10.206645984113692 ], [ 76.213465127457397, 10.194271297542709 ], [ 76.168916168036162, 10.183869759570849 ], [ 76.139885578027602, 10.232854435253556 ], [ 76.139544298845067, 10.257789840155786 ], [ 76.094894620716431, 10.392201134742411 ], [ 76.043021978505578, 10.494421444543869 ], [ 76.058469974657143, 10.479572058311739 ], [ 76.04022070648395, 10.521885020049615 ], [ 76.054978534675101, 10.526731159680962 ], [ 76.06867982972993, 10.509459532690776 ], [ 76.065746805129379, 10.535251012730599 ], [ 76.053123249130067, 10.541049026236129 ], [ 76.047680879882279, 10.567249799859642 ], [ 76.041447719557041, 10.565603584327812 ], [ 76.037560366606328, 10.557766600009943 ], [ 76.048299330191099, 10.533034415068668 ], [ 76.03547272607166, 10.528481552337897 ], [ 76.038592097521402, 10.50542627682429 ], [ 76.032909071891723, 10.506709286579609 ], [ 76.010635983008271, 10.572030240205834 ], [ 75.954761455955477, 10.686193486965587 ], [ 75.972541408281216, 10.693798863085126 ], [ 75.983395618242611, 10.68583570216216 ], [ 75.995073148532995, 10.695806925342012 ], [ 76.010377640810134, 10.686841211573789 ], [ 76.039619240049632, 10.704576562410066 ], [ 76.053315505842662, 10.703633460977425 ], [ 76.070101504456986, 10.7272393256342 ], [ 76.104400174170607, 10.722355411515789 ], [ 76.125210150993453, 10.709694137014955 ], [ 76.132148417068308, 10.720004248191632 ], [ 76.154666662726868, 10.715140856125258 ], [ 76.163404365859549, 10.704506999244325 ], [ 76.191044180782654, 10.747821379724552 ], [ 76.203138780717978, 10.753301154330345 ], [ 76.20411277987894, 10.76792877526278 ], [ 76.192016967903839, 10.783390533612852 ], [ 76.242393652555691, 10.772372738673761 ], [ 76.251952830095888, 10.747050627461844 ], [ 76.288159119149995, 10.756943886208697 ], [ 76.325519935021759, 10.744455351502209 ], [ 76.356582605775756, 10.74402858763372 ], [ 76.365243059860489, 10.763510890899417 ], [ 76.38349588065887, 10.768451566925803 ], [ 76.403268554007909, 10.745390208290505 ], [ 76.470882490637436, 10.751442431638599 ], [ 76.479984391455972, 10.732252838334597 ], [ 76.459480200871823, 10.698409634079717 ], [ 76.444844028102821, 10.696387192639241 ], [ 76.452717208383575, 10.659185135407537 ], [ 76.443209993255124, 10.663058444092183 ], [ 76.43748158045959, 10.650397720343914 ], [ 76.425565027366829, 10.647105150353349 ], [ 76.419979202140993, 10.628186472808636 ], [ 76.430156682333532, 10.615191723829449 ], [ 76.41586370601604, 10.595324554225813 ], [ 76.40413210733476, 10.594038485291218 ], [ 76.412417767606399, 10.572499995007302 ], [ 76.423220928080198, 10.576025382693816 ], [ 76.440496623957301, 10.55417360063983 ], [ 76.434962342955544, 10.531983569691169 ], [ 76.45469528333247, 10.518211916329985 ], [ 76.477212061884856, 10.486760733432028 ], [ 76.525003345895286, 10.466354558613254 ], [ 76.539195034492096, 10.447892887858311 ], [ 76.558152459419006, 10.443413053180144 ], [ 76.560947708450485, 10.43175497986349 ], [ 76.586427409092707, 10.435400184973286 ], [ 76.630674700515385, 10.375803517778035 ], [ 76.646238744524751, 10.381943976179494 ], [ 76.657124691792518, 10.377086973560379 ], [ 76.659478876132425, 10.385053241079952 ], [ 76.689484440405749, 10.362278094977155 ], [ 76.7210307786181, 10.373577610976936 ], [ 76.766042580378709, 10.36256034790005 ], [ 76.755191414730362, 10.33643913576172 ], [ 76.805947115202315, 10.338072156100056 ], [ 76.818577476384846, 10.348005537326635 ], [ 76.83918109900587, 10.338336591597468 ] ] ] } },
{ "type": "Feature", "properties": { "district_id": "assam__tinsukia", "state": "Assam", "district": "Tinsukia", "area_km2": 3794.7, "point_lat": 27.5979, "point_lon": 95.5703 }, "geometry": { "type": "Polygon", "coordinates": [ [ [ 95.881986313434368, 27.546840765384328 ], [ 95.879043612037691, 27.513373491743714 ], [ 95.890165673309127, 27.499662459392258 ], [ 95.879575264248828, 27.492688065920213 ], [ 95.876721028900675, 27.464558671840532 ], [ 95.861647691064476, 27.459764387316728 ], [ 95.86424463797168, 27.445457596838477 ], [ 95.853360836360565, 27.438205825560356 ], [ 95.849767526243042, 27.423741609912785 ], [ 95.867700695836163, 27.410504103026351 ], [ 95.865307176826349, 27.422400935466335 ], [ 95.889069935457087, 27.437435789290003 ], [ 95.893381653263575, 27.399319573572917 ], [ 95.917212732515864, 27.436452790334535 ], [ 95.950237426152114, 27.438238187382947 ], [ 95.961349747553555, 27.421871605573401 ], [ 95.967338441418391, 27.42982623545522 ], [ 95.968293717732507, 27.417245625258218 ], [ 95.978084667745151, 27.428637634088535 ], [ 95.979783917562202, 27.414954582082295 ], [ 95.989731545048201, 27.414789090956283 ], [ 96.021044992937419, 27.364149356095055 ], [ 95.997086344422442, 27.356412890320261 ], [ 95.993786606278633, 27.344360768789556 ], [ 95.970138264962671, 27.329916023546978 ], [ 95.984295676440496, 27.327245967772555 ], [ 95.968809301213483, 27.324770318848234 ], [ 95.963286150248607, 27.309988597620983 ], [ 95.906519476310521, 27.284886934818626 ], [ 95.894015184991034, 27.255989604564014 ], [ 95.872448365884509, 27.259956434667089 ], [ 95.860956637533761, 27.272890471014282 ], [ 95.860610725573466, 27.287334096392954 ], [ 95.81036398711602, 27.27414132989427 ], [ 95.80647439559749, 27.284991914772569 ], [ 95.721307174357534, 27.250990348069475 ], [ 95.6846710052166, 27.250886401352041 ], [ 95.599457922785177, 27.223235823348254 ], [ 95.535241073957636, 27.264461508070443 ], [ 95.511347098850067, 27.260166687898735 ], [ 95.506692049207345, 27.248500683277236 ], [ 95.491439813777802, 27.242609751482384 ], [ 95.473815528933187, 27.262849341691357 ], [ 95.459466805707436, 27.247436487237959 ], [ 95.458020641460465, 27.232150123809841 ], [ 95.447116773555507, 27.252285538547209 ], [ 95.465855655564823, 27.271347635533438 ], [ 95.451676674811097, 27.294878987542994 ], [ 95.470457554975695, 27.306110612706092 ], [ 95.453066825495299, 27.330012908613554 ], [ 95.47668900915447, 27.342388665136099 ], [ 95.474202036934074, 27.364320663632757 ], [ 95.450790634510852, 27.368915286072287 ], [ 95.441224708587995, 27.362924592439043 ], [ 95.397385622812052, 27.391313534356463 ], [ 95.378579066758164, 27.391645104978441 ], [ 95.376584105811901, 27.380494903584204 ], [ 95.35126366136079, 27.391520087881137 ], [ 95.315349921542122, 27.391222207840173 ], [ 95.296384959518207, 27.411612333939619 ], [ 95.270697613792905, 27.405469782481717 ], [ 95.258983224019474, 27.410362902376807 ], [ 95.252327226812909, 27.432605375946416 ], [ 95.239300610345055, 27.434525259287355 ], [ 95.221820263780202, 27.45781348162151 ], [ 95.230920430643479, 27.472049468489409 ], [ 95.232053791909365, 27.496069702664361 ], [ 95.264199368853042, 27.510137374232265 ], [ 95.272355048828715, 27.525190201979566 ], [ 95.266585932341428, 27.536171372875536 ], [ 95.285246599652979, 27.55506303010732 ], [ 95.278896357788156, 27.572930611520171 ], [ 95.291694225097288, 27.568379164091414 ], [ 95.303076156034933, 27.58325756127196 ], [ 95.322831220742998, 27.587321955463398 ], [ 95.29212672292914, 27.669755699652882 ], [ 95.277586718827749, 27.682396651643515 ], [ 95.290321010792752, 27.693921542298057 ], [ 95.344097796637328, 27.702002180808545 ], [ 95.42135259502092, 27.73824344386928 ], [ 95.459734760207567, 27.774382940071586 ], [ 95.487819976127938, 27.844285892841221 ], [ 95.492962725581549, 27.85221622472946 ], [ 95.516911914607533, 27.857431004437558 ], [ 95.517658237623735, 27.87687909614619 ], [ 95.527962695519292, 27.892999238088237 ], [ 95.545247047942482, 27.897391754058027 ], [ 95.545547788324839, 27.908559302537967 ], [ 95.566790072473722, 27.917595216544946 ], [ 95.572993448012753, 27.937483804099827 ], [ 95.590403155503807, 27.936700011336004 ], [ 95.608512098095645, 27.95283466365256 ], [ 95.827471272434053, 27.972031838716571 ], [ 95.978867215695956, 27.962801791196075 ], [ 95.953694903593586, 27.936144046793448 ], [ 95.958921706906949, 27.927151176158336 ], [ 95.939663427607542, 27.897513686676906 ], [ 95.926339932047867, 27.895207587156857 ], [ 95.929869333112194, 27.884773808557586 ], [ 95.896335535699151, 27.861482491688001 ], [ 95.874981907330863, 27.834044287135825 ], [ 95.85335070326451, 27.828390820672467 ], [ 95.824359502433197, 27.803543173068348 ], [ 95.781706701191169, 27.752493863785539 ], [ 95.785935015921709, 27.734011464680712 ], [ 95.759364483917608, 27.72537516307009 ], [ 95.775593978049969, 27.690853383476412 ], [ 95.794161063219249, 27.686382910370018 ], [ 95.795524331198791, 27.678278802732667 ], [ 95.781449020163251, 27.673297330043301 ], [ 95.778825563202176, 27.660337780861163 ], [ 95.80237376012272, 27.643003738964751 ], [ 95.788002555082727, 27.617374718148586 ], [ 95.798867570467493, 27.601730907141079 ], [ 95.824987516023512, 27.596866813034847 ], [ 95.821991120541469, 27.575531519226033 ], [ 95.840615591621898, 27.560355834587746 ], [ 95.852786926702123, 27.559357212719046 ], [ 95.863012115011941, 27.546248605985763 ], [ 95.881986313434368, 27.546840765384328 ] ] ] } },
{ "type": "Feature", "properties": { "district_id": "karnataka__tumkur", "state": "Karnataka", "district": "Tumkur", "area_km2": 10615.1, "point_lat": 13.4178, "point_lon": 76.876 }, "geometry": { "type": "MultiPolygon", "coordinates": [ [ [ [ 77.165557554345753, 14.342589588484811 ], [ 77.202284426659375, 14.320736051415025 ], [ 77.238012973288008, 14.317570343997053 ], [ 77.287301082767669, 14.337669861743304 ], [ 77.285820210733178, 14.282700454376798 ], [ 77.365702832515467, 14.276089875637123 ], [ 77.361897802382558, 14.236835639012147 ], [ 77.388221097234947, 14.217044917224047 ], [ 77.390412077504337, 14.198709448933148 ], [ 77.421571712486084, 14.210149503649829 ], [ 77.422372440331998, 14.21887654859389 ], [ 77.407593688393362, 14.267242596921562 ], [ 77.39086716994484, 14.272412203603135 ], [ 77.381461987192552, 14.301942737919475 ], [ 77.392106852865098, 14.331608831672341 ], [ 77.40134973451795, 14.335905843258729 ], [ 77.432422748301263, 14.327622998508017 ], [ 77.43411942230442, 14.311686590300317 ], [ 77.448966907832144, 14.316602554461756 ], [ 77.450284380685758, 14.284437549803986 ], [ 77.461400534702264, 14.279110143401887 ], [ 77.486110750657915, 14.291718290000849 ], [ 77.503080306418795, 14.278741020511315 ], [ 77.505662200982187, 14.256559963442601 ], [ 77.496944949202884, 14.234662067640173 ], [ 77.517335459476428, 14.17914908368425 ], [ 77.507439433122116, 14.158092852335297 ], [ 77.470196652914581, 14.171284785895114 ], [ 77.416442299996888, 14.176679311979322 ], [ 77.396388566917253, 14.172188189930312 ], [ 77.383366186568765, 14.136539659995524 ], [ 77.354357161953516, 14.131237522089799 ], [ 77.351205278977346, 14.102935683618746 ], [ 77.396489481728821, 14.125551151612754 ], [ 77.402229781258129, 14.110442107808844 ], [ 77.365306221931078, 14.065920191836765 ], [ 77.344658823826208, 14.06079202526084 ], [ 77.332903527955594, 14.029908740338849 ], [ 77.390257154635634, 14.014449914473742 ], [ 77.382586774989718, 13.976227088815392 ], [ 77.427515200643143, 13.98405481085778 ], [ 77.437703295996656, 13.975990202314872 ], [ 77.435790867528056, 13.950579341697505 ], [ 77.414754626891323, 13.943305333095601 ], [ 77.417257223762007, 13.921833296125296 ], [ 77.43455934854866, 13.916495176199666 ], [ 77.432770695824544, 13.909324778016487 ], [ 77.404172332379332, 13.887784049766553 ], [ 77.398948544535784, 13.887126826358196 ], [ 77.397480394816355, 13.904911925755144 ], [ 77.35527660750563, 13.903678735802918 ], [ 77.34951933994482, 13.919355612944203 ], [ 77.36952014722975, 13.949420179035048 ], [ 77.350586773279204, 13.957970774012132 ], [ 77.360608538351173, 13.98938002879863 ], [ 77.337097737094751, 13.997373756423457 ], [ 77.320162077592414, 14.031769143676602 ], [ 77.310190749206953, 14.033655092193984 ], [ 77.285092292744864, 14.013804083361167 ], [ 77.279180285589391, 14.014910115676523 ], [ 77.278055016586677, 14.034978672449791 ], [ 77.249064363743088, 14.013148940207753 ], [ 77.1776727076751, 14.015315623454473 ], [ 77.167943741175151, 14.012953643780643 ], [ 77.160685162949846, 13.997314498398534 ], [ 77.140530282225626, 14.004799783509243 ], [ 77.127187756925849, 14.048776451978656 ], [ 77.082448627105478, 14.044576116501306 ], [ 77.074960255376709, 14.053683317918619 ], [ 77.029488456826357, 14.05968739474995 ], [ 77.029741853502841, 14.08975872682251 ], [ 77.013989899648791, 14.104477990413653 ], [ 77.025942137733225, 14.128655552155285 ], [ 77.019459429361191, 14.133734018240061 ], [ 77.025627110638553, 14.184218970539058 ], [ 77.004003757813052, 14.198258921299912 ], [ 77.008271180407718, 14.219350587791054 ], [ 77.002184107741655, 14.231380964673178 ], [ 77.046225899987192, 14.247022732488903 ], [ 77.055230541101579, 14.245811080963453 ], [ 77.081065336517455, 14.215692715241113 ], [ 77.110888779242146, 14.219669534363728 ], [ 77.121295461506875, 14.263184601957645 ], [ 77.112678585935171, 14.268103900654005 ], [ 77.117650456575973, 14.293849482437809 ], [ 77.131526081543242, 14.307862117904767 ], [ 77.137644441251098, 14.336903855774553 ], [ 77.165557554345753, 14.342589588484811 ] ] ], [ [ [ 76.977151028956811, 14.058730108478089 ], [ 76.943496465992553, 14.053889167750024 ], [ 76.936645427070317, 14.029034176037902 ], [ 77.000165644323346, 13.987940860206718 ], [ 76.994822521287375, 13.963154319931629 ], [ 77.041845396334736, 13.93217489035297 ], [ 77.047334513481161, 13.904012734965228 ], [ 77.023259360632039, 13.899941655760294 ], [ 77.012011617410892, 13.85668652006138 ], [ 76.992228393561916, 13.845800196766705 ], [ 76.974365074167437, 13.820958711942291 ], [ 76.989748069786643, 13.810793150824601 ], [ 76.987265201693219, 13.792413775883105 ], [ 77.000062730526707, 13.748189446573535 ], [ 77.017624660433384, 13.739434905111581 ], [ 77.026047305101145, 13.776554125261139 ], [ 77.032559616837702, 13.778150086268399 ], [ 77.066371451620086, 13.745653087347709 ], [ 77.087003112672235, 13.744224165125182 ], [ 77.086757279304535, 13.760235611311385 ], [ 77.101672200736587, 13.767719791042023 ], [ 77.130031073783954, 13.757781098835332 ], [ 77.173222369092699, 13.761632806909924 ], [ 77.177967963580286, 13.779002543205923 ], [ 77.160630040081983, 13.807459340881175 ], [ 77.168788710436147, 13.827634275597589 ], [ 77.130276908859372, 13.85618965460397 ], [ 77.145789156455237, 13.865851117919219 ], [ 77.168959467917631, 13.863840080395491 ], [ 77.162340296849052, 13.906609815889786 ], [ 77.183453472397147, 13.924225946606558 ], [ 77.185324925880224, 13.866723601018416 ], [ 77.203458680440647, 13.866445272861052 ], [ 77.211502642450355, 13.888062856082525 ], [ 77.218129721974591, 13.868359158547236 ], [ 77.232080660310416, 13.902400037887558 ], [ 77.240470821483854, 13.901868301644885 ], [ 77.248204207776681, 13.895817607750649 ], [ 77.24742454869731, 13.872862598956083 ], [ 77.259774425592113, 13.863140357074123 ], [ 77.257194346741812, 13.846502881190249 ], [ 77.289766190101034, 13.848069972317351 ], [ 77.313812313605567, 13.864352339763055 ], [ 77.326977917527685, 13.832921679085032 ], [ 77.366529528106042, 13.852884043668334 ], [ 77.379972210027617, 13.838545794405681 ], [ 77.431770662254721, 13.842476484113732 ], [ 77.415915941623012, 13.806602518803212 ], [ 77.426542706308936, 13.807085473276548 ], [ 77.424165653932931, 13.798317882483794 ], [ 77.436000093243308, 13.795405634009054 ], [ 77.447907434242467, 13.809705616945527 ], [ 77.462978740548124, 13.807247796591893 ], [ 77.458171779189811, 13.792972480175452 ], [ 77.470107904184857, 13.751092862168427 ], [ 77.464362031120771, 13.720174089758535 ], [ 77.452334562667417, 13.703287936634792 ], [ 77.457300505121836, 13.683351114775157 ], [ 77.440232771747532, 13.681694313333532 ], [ 77.435746336405487, 13.672754192927671 ], [ 77.402255806838795, 13.672460566506791 ], [ 77.383854694819306, 13.660469944209559 ], [ 77.364200148291289, 13.621273108125413 ], [ 77.365046301483332, 13.592798272093631 ], [ 77.382335991446709, 13.575926200783885 ], [ 77.393481759642285, 13.525594451583673 ], [ 77.374246765149593, 13.47060526289394 ], [ 77.35051253679751, 13.452653741311922 ], [ 77.365245996405861, 13.425566060020538 ], [ 77.36047175527365, 13.416504777862862 ], [ 77.349508194777769, 13.417282757396462 ], [ 77.346881159282148, 13.346044314769124 ], [ 77.339795310349217, 13.329579750654219 ], [ 77.313109995477959, 13.322263625624888 ], [ 77.308617744807989, 13.310497906411241 ], [ 77.282667456511064, 13.309722236982173 ], [ 77.283624670199671, 13.297428898807917 ], [ 77.271540419099395, 13.310155312865049 ], [ 77.246501080514278, 13.302246413846708 ], [ 77.231059714630661, 13.310678278629599 ], [ 77.21949869023193, 13.262927391630058 ], [ 77.189123703473754, 13.271626260160813 ], [ 77.192030363677048, 13.24135497497263 ], [ 77.182790978911868, 13.227081998457995 ], [ 77.193723076613324, 13.220683738941622 ], [ 77.208217693349923, 13.187901172694318 ], [ 77.198285687013851, 13.180281185465432 ], [ 77.169714907488938, 13.182886697871673 ], [ 77.16681640049832, 13.194547788678658 ], [ 77.156904572516893, 13.191195983576476 ], [ 77.149535613287725, 13.173348514266234 ], [ 77.121114982241949, 13.161010388438225 ], [ 77.11695680305229, 13.12896902350756 ], [ 77.09731244133431, 13.143013021672205 ], [ 77.073085458249722, 13.12406381604144 ], [ 77.083799041394229, 13.086623728804815 ], [ 77.071539501738684, 13.066843892171903 ], [ 77.078359430892107, 13.057361725477973 ], [ 77.07578008616413, 13.036901837550115 ], [ 77.118415481671235, 13.013473556512656 ], [ 77.100853022514514, 13.000534580451264 ], [ 77.107128915870888, 12.992412056826796 ], [ 77.130549464020717, 12.993805578754014 ], [ 77.126719037896763, 13.005770932102129 ], [ 77.136596008954868, 13.003443321610058 ], [ 77.147006751830361, 12.988001623844251 ], [ 77.13440035246937, 12.98415958444156 ], [ 77.13359294437609, 12.973775627538773 ], [ 77.160472963237396, 12.956001885981127 ], [ 77.15971759760879, 12.941200815239446 ], [ 77.168748915736913, 12.929647628876278 ], [ 77.160207862792745, 12.911622258509537 ], [ 77.143790356536698, 12.915298982650416 ], [ 77.138264558037548, 12.898842850808334 ], [ 77.111752925285998, 12.890769700745485 ], [ 77.133277318410947, 12.887079031031405 ], [ 77.133366588283749, 12.858081455725275 ], [ 77.150546592577825, 12.846980154656727 ], [ 77.157131996851192, 12.825013027824607 ], [ 77.141239381560865, 12.808485044860282 ], [ 77.151996575552374, 12.791950949635382 ], [ 77.149516314449656, 12.782965844834195 ], [ 77.120917333632207, 12.771656007654885 ], [ 77.100328239159538, 12.774241917376751 ], [ 77.094305558713657, 12.752332902384936 ], [ 77.082175607703078, 12.755946823194755 ], [ 77.07739377120707, 12.745733525802725 ], [ 77.069271853457508, 12.754925931057505 ], [ 77.051750848996136, 12.747530436569045 ], [ 77.045438611161089, 12.776161495805166 ], [ 77.018090899018304, 12.761895105290062 ], [ 77.008639697167013, 12.768683413443426 ], [ 77.011046615903993, 12.780945798440278 ], [ 76.997097930640791, 12.775823566811326 ], [ 76.971133077247231, 12.802525558173871 ], [ 76.925220418582526, 12.804360125794082 ], [ 76.89169399902012, 12.853306606874236 ], [ 76.887866732361388, 12.897881417013524 ], [ 76.871943938318509, 12.896960517189934 ], [ 76.864528434830092, 12.906668717578375 ], [ 76.875291951892876, 12.919737011920299 ], [ 76.893374074971064, 12.917534866597647 ], [ 76.890065826368001, 12.931316115533662 ], [ 76.864213129543714, 12.927783697940932 ], [ 76.839230413458381, 12.944290844645037 ], [ 76.839583140246987, 12.971459559885206 ], [ 76.852097627615308, 12.977327128055856 ], [ 76.810180597904392, 13.012099059096583 ], [ 76.787476115098514, 13.011749416476555 ], [ 76.783285912835183, 13.027048334698994 ], [ 76.762373289367133, 13.034697623877449 ], [ 76.694530362925065, 13.035197993126506 ], [ 76.673951735329808, 13.053940312475536 ], [ 76.65293324314851, 13.006522096017356 ], [ 76.613010493219193, 13.005937439539844 ], [ 76.603539460561933, 13.042549668302206 ], [ 76.607639162897527, 13.052836279134475 ], [ 76.620141839266736, 13.057028889934456 ], [ 76.605104660292412, 13.072762806848395 ], [ 76.533378757639866, 13.077340662859408 ], [ 76.517463268740826, 13.068493417104749 ], [ 76.49970668686791, 13.095262263710973 ], [ 76.469737873616197, 13.09049480672882 ], [ 76.475378424449772, 13.146929719426016 ], [ 76.457441574793194, 13.145686768060822 ], [ 76.45299799094883, 13.163231626288237 ], [ 76.442029862242805, 13.17179496740409 ], [ 76.430134318630422, 13.169845995139198 ], [ 76.427413531948488, 13.184284584912488 ], [ 76.372348773682205, 13.198570554941066 ], [ 76.380271100900003, 13.231085777171172 ], [ 76.365861896157838, 13.233677587877045 ], [ 76.362559710781852, 13.249683019184973 ], [ 76.356452336646086, 13.250260450342578 ], [ 76.348175384521397, 13.301518341944604 ], [ 76.346445097392802, 13.359776866801854 ], [ 76.382015402190021, 13.363557335903165 ], [ 76.387632012542383, 13.370144185755647 ], [ 76.400718959526174, 13.420080913090485 ], [ 76.418425994015394, 13.447322069603702 ], [ 76.4075945819894, 13.458763061698789 ], [ 76.414676463336647, 13.47737095467583 ], [ 76.397815742331602, 13.491048062037777 ], [ 76.398409400656789, 13.50248059237642 ], [ 76.416305504840949, 13.507867245427304 ], [ 76.426975185482192, 13.523440725985617 ], [ 76.401742899621311, 13.524048562194189 ], [ 76.39691220847098, 13.533774551711177 ], [ 76.364120601755971, 13.546111554249695 ], [ 76.35411198040677, 13.577702445440959 ], [ 76.37642834615346, 13.591267731834805 ], [ 76.383635862559672, 13.577004002785918 ], [ 76.401158843191098, 13.592768153960293 ], [ 76.416125505061387, 13.577559884205575 ], [ 76.435064678250143, 13.593055589716755 ], [ 76.455316700778923, 13.589426386843764 ], [ 76.461179516041128, 13.616725955791081 ], [ 76.501102916736173, 13.621079720033643 ], [ 76.499546112049231, 13.62610616839936 ], [ 76.518128297295718, 13.632759946904603 ], [ 76.532604288051488, 13.652180428986549 ], [ 76.529932584779019, 13.663085163091635 ], [ 76.53975629062208, 13.661494744526275 ], [ 76.554818465008012, 13.677949088182542 ], [ 76.57927757188537, 13.687688543195698 ], [ 76.573399725473521, 13.713104792201815 ], [ 76.613412929196429, 13.722609162633058 ], [ 76.621190475139144, 13.733481467765111 ], [ 76.630827520296663, 13.714150354280044 ], [ 76.674832916216957, 13.717989008082187 ], [ 76.686766878585303, 13.688498518955566 ], [ 76.698498818229311, 13.769289610581485 ], [ 76.725527429122252, 13.796096462374122 ], [ 76.736270094077057, 13.783271955471536 ], [ 76.763932451076585, 13.779294607487548 ], [ 76.769846906803338, 13.799529871475819 ], [ 76.767296216933588, 13.83554722226917 ], [ 76.730961808481993, 13.879977044729078 ], [ 76.726545582687706, 13.899333757661831 ], [ 76.755119563780369, 13.907182197419688 ], [ 76.754435961490131, 13.918525115447729 ], [ 76.768157724513159, 13.922957041814572 ], [ 76.814909005625907, 13.916042522823989 ], [ 76.814032282870613, 13.934830071772256 ], [ 76.823596279005429, 13.948187391368345 ], [ 76.849541137005303, 13.962348330108947 ], [ 76.849069644927908, 13.97816304980981 ], [ 76.825169865666155, 13.993966788756413 ], [ 76.837865137120076, 14.014835184496523 ], [ 76.875841218071614, 14.011998724428464 ], [ 76.895665181310449, 14.051232628787719 ], [ 76.910719726858858, 14.06092845589861 ], [ 76.927192276102076, 14.058399660997967 ], [ 76.930901772642684, 14.076020678881374 ], [ 76.951810105101828, 14.091516691942189 ], [ 76.977444175907976, 14.082028005792511 ], [ 76.977151028956811, 14.058730108478089 ] ] ] ] } },
{ "type": "Feature", "properties": { "district_id": "assam__udalguri", "state": "Assam", "district": "Udalguri", "area_km2": 2040.5, "point_lat": 26.7091, "point_lon": 92.0523 }, "geometry": { "type": "Polygon", "coordinates": [ [ [ 92.352698257400547, 26.905674717976773 ], [ 92.333269376735927, 26.801578110663904 ], [ 92.358223006910265, 26.747778048778375 ], [ 92.367665970040392, 26.706014122130032 ], [ 92.386920488909283, 26.695375554186636 ], [ 92.390378446179668, 26.661677541751207 ], [ 92.408735439305048, 26.641990185829311 ], [ 92.3635034658667, 26.585612515843771 ], [ 92.343824082100028, 26.581483025005571 ], [ 92.328080764152247, 26.591661489402874 ], [ 92.342750656105338, 26.597192079637555 ], [ 92.325090133988709, 26.613950844387794 ], [ 92.335455530721887, 26.62791252347256 ], [ 92.332919607902681, 26.640809823147059 ], [ 92.345378473016083, 26.636955950768552 ], [ 92.333598792156792, 26.650393375173987 ], [ 92.335803033830203, 26.6687295112167 ], [ 92.305564609947623, 26.67506632871482 ], [ 92.293187156756119, 26.630373666331355 ], [ 92.275678329836495, 26.62357723553896 ], [ 92.270231197156434, 26.592278149613783 ], [ 92.249162895487416, 26.579028425807497 ], [ 92.23902629951462, 26.598569993257911 ], [ 92.237853070061746, 26.62510007304768 ], [ 92.217670386402176, 26.640377663999178 ], [ 92.207269768704407, 26.662819884722339 ], [ 92.189388536110741, 26.668780530966757 ], [ 92.076342536037032, 26.628692528448649 ], [ 92.048295570334076, 26.592504923169127 ], [ 92.046745365561264, 26.567286053753598 ], [ 92.060886726825373, 26.545463472985595 ], [ 92.086219700012578, 26.560399270239984 ], [ 92.098978401596995, 26.550965510171956 ], [ 92.080782317291948, 26.51244354198813 ], [ 92.09450196217557, 26.49525599200053 ], [ 92.09009314767151, 26.484846538759346 ], [ 92.069835707338612, 26.487181213763495 ], [ 92.072138008691056, 26.50236128708875 ], [ 92.063498519991697, 26.519154296141473 ], [ 92.015164170615449, 26.567413439809982 ], [ 91.992608368511057, 26.569502582734859 ], [ 91.965185709471669, 26.553587760067309 ], [ 91.947979239373964, 26.57025999906957 ], [ 91.930464651983186, 26.574668881532546 ], [ 91.901612940832564, 26.558441713633403 ], [ 91.895235648580055, 26.545107191400923 ], [ 91.863230632136577, 26.540630006667435 ], [ 91.827835202538751, 26.50924953022065 ], [ 91.789100945235731, 26.499418039506981 ], [ 91.780138903086851, 26.522864193360494 ], [ 91.78724912257573, 26.528755954426384 ], [ 91.779966351391579, 26.528336105900582 ], [ 91.786737370960694, 26.53658370882939 ], [ 91.781740380533108, 26.547924229764273 ], [ 91.763950521643054, 26.573931910654807 ], [ 91.751509028607103, 26.578766537364135 ], [ 91.745870895506869, 26.589941055317755 ], [ 91.752213950579474, 26.604007937464083 ], [ 91.742662427748982, 26.601144984828959 ], [ 91.749166480464126, 26.625387343154799 ], [ 91.739203573081284, 26.62971581429759 ], [ 91.750801985123886, 26.636347074187686 ], [ 91.741627456716941, 26.637511228309691 ], [ 91.74815286975327, 26.646285873021316 ], [ 91.735931719593722, 26.657662609732029 ], [ 91.746679766221803, 26.683172604226872 ], [ 91.707878330966437, 26.810919790398245 ], [ 91.730589008418491, 26.811601260627214 ], [ 91.80560510166616, 26.851064429470021 ], [ 91.835491077434739, 26.87537698418128 ], [ 91.861446884976914, 26.9130177023176 ], [ 91.900910510323868, 26.915083269957716 ], [ 91.957509972881624, 26.8866360139648 ], [ 91.989044891696309, 26.857109315787433 ], [ 92.048900456890067, 26.846336251989889 ], [ 92.092288708956602, 26.859746813214503 ], [ 92.111273694386853, 26.892588914613039 ], [ 92.198143577164075, 26.889677766120382 ], [ 92.257814692195907, 26.910866167547319 ], [ 92.27960085368386, 26.901081952695279 ], [ 92.306959778294896, 26.908132464432082 ], [ 92.30609271964444, 26.922808958957333 ], [ 92.367613223500555, 26.931247926271752 ], [ 92.352698257400547, 26.905674717976773 ] ] ] } },
{ "type": "Feature", "properties": { "district_id": "karnataka__udupi", "state": "Karnataka", "district": "Udupi", "area_km2": 3866.6, "point_lat": 13.4828, "point_lon": 74.895 }, "geometry": { "type": "Polygon", "coordinates": [ [ [ 75.140233645188829, 13.46326450460759 ], [ 75.15465402975299, 13.449008207316094 ], [ 75.150816797609991, 13.421117310391386 ], [ 75.140447117161017, 13.40790476479847 ], [ 75.146955620090921, 13.397702640299649 ], [ 75.141552422394597, 13.388704554110756 ], [ 75.128161147722537, 13.387612118815591 ], [ 75.127058630120345, 13.369186532276778 ], [ 75.11272384332301, 13.35810725760108 ], [ 75.091287071023189, 13.36221681789702 ], [ 75.080067653032131, 13.344541770366307 ], [ 75.115081836829148, 13.284556243440123 ], [ 75.138485701000462, 13.2899496626806 ], [ 75.166739107758445, 13.229149339962877 ], [ 75.168746220300932, 13.199851031775509 ], [ 75.17608411304262, 13.201786107337714 ], [ 75.199169685556214, 13.172692686734488 ], [ 75.161969906650384, 13.133280608072836 ], [ 75.147761310504876, 13.127000189418791 ], [ 75.127223231083875, 13.132378593917096 ], [ 75.117880657229705, 13.108856486968069 ], [ 75.083183469876388, 13.067793612901308 ], [ 75.0768672080454, 13.045282941432561 ], [ 75.068067225525525, 13.045796692060215 ], [ 75.047435188164073, 13.020528480634235 ], [ 75.030316808507592, 13.01595014542723 ], [ 75.029685813125795, 12.997533599530598 ], [ 75.013998586953264, 12.98412324956514 ], [ 75.002987448063692, 12.984556008806344 ], [ 74.989610323179463, 12.98907349336247 ], [ 74.986440937190082, 13.00001753952407 ], [ 74.996280794809152, 13.003894541623389 ], [ 74.998910324917048, 13.015494383722785 ], [ 74.977694335205925, 13.027078373725612 ], [ 74.964695439908809, 13.013483423263132 ], [ 74.946860914648866, 13.015938175716823 ], [ 74.940807551981294, 13.004579203422784 ], [ 74.928085924549904, 13.008751913841706 ], [ 74.935346261096896, 13.014898291272491 ], [ 74.932318015041957, 13.034456401609134 ], [ 74.905128370051713, 13.03983839313287 ], [ 74.909381707969615, 13.024764303869581 ], [ 74.89614215392686, 13.030366233368584 ], [ 74.883846890662184, 13.047872931214963 ], [ 74.891425477789113, 13.062915578112646 ], [ 74.890311824578376, 13.095505685895189 ], [ 74.873696269210186, 13.097179837956265 ], [ 74.862818384749957, 13.126070705052028 ], [ 74.826841494575632, 13.128406155774147 ], [ 74.811285542549754, 13.11406621858478 ], [ 74.794930232620601, 13.116103529389335 ], [ 74.797090817742273, 13.100499657088314 ], [ 74.777831958260293, 13.102744646427206 ], [ 74.770069031517792, 13.086300269965717 ], [ 74.702991244117896, 13.344304695768338 ], [ 74.725024608241071, 13.285716357681864 ], [ 74.724725502080403, 13.320898929664576 ], [ 74.694630200325221, 13.357597573058309 ], [ 74.685919234740709, 13.441725431273039 ], [ 74.688233696918601, 13.453902771891853 ], [ 74.699674723050151, 13.415530155765913 ], [ 74.710872571860435, 13.402842427462664 ], [ 74.732917123150784, 13.402505739479917 ], [ 74.743026545952418, 13.387020426380365 ], [ 74.739036925136091, 13.413309184297178 ], [ 74.714230697240524, 13.419690616304953 ], [ 74.705167028070065, 13.433387969983379 ], [ 74.716763067441462, 13.440749203056935 ], [ 74.722361850478336, 13.45857520094378 ], [ 74.750710160688826, 13.458507280557058 ], [ 74.731899683360083, 13.475466213483489 ], [ 74.716141278994584, 13.467249428851543 ], [ 74.705049057711193, 13.44243294347374 ], [ 74.695408408955103, 13.481299806995903 ], [ 74.695847910022493, 13.464640226794007 ], [ 74.689364998756886, 13.462985413121645 ], [ 74.663749495428178, 13.630955776111762 ], [ 74.673252002873525, 13.630111380821223 ], [ 74.681055535829813, 13.607388404382652 ], [ 74.685548106737926, 13.63836965429838 ], [ 74.69615524967395, 13.638263586720687 ], [ 74.695473700375928, 13.6192578260081 ], [ 74.708797380358376, 13.614793074577396 ], [ 74.723623919591958, 13.621474639101121 ], [ 74.704376465380804, 13.638452676392927 ], [ 74.755798968977388, 13.633145736448254 ], [ 74.760245462681539, 13.638530602987849 ], [ 74.701855288631023, 13.653607440438433 ], [ 74.7072822545924, 13.672344650547613 ], [ 74.695559597608209, 13.666807788835737 ], [ 74.679512090031352, 13.677632574900777 ], [ 74.71333208437791, 13.696731271057661 ], [ 74.684548955131632, 13.699324948813201 ], [ 74.668199280258037, 13.713814398878073 ], [ 74.677806902375011, 13.690993622383779 ], [ 74.665703574104398, 13.638932111219349 ], [ 74.649627938621336, 13.66298848824105 ], [ 74.606538164851031, 13.858550923422174 ], [ 74.623935068825929, 13.847852809188494 ], [ 74.626696904895709, 13.857793312852852 ], [ 74.598403080149993, 13.878453855078989 ], [ 74.582384277796663, 13.925932306104809 ], [ 74.597857633546795, 13.944107028236969 ], [ 74.602089095570136, 13.935220627706085 ], [ 74.607530427840274, 13.941383679780541 ], [ 74.62519256567748, 13.938805537640045 ], [ 74.63190024336491, 13.948434289582792 ], [ 74.649722189502612, 13.943250743287049 ], [ 74.646907264316695, 13.9596299721672 ], [ 74.667691969270251, 13.984444152600512 ], [ 74.696945714443714, 13.956782391934 ], [ 74.701367648322588, 13.939773229978398 ], [ 74.693031576829156, 13.936185990745935 ], [ 74.711145866619802, 13.929038520674405 ], [ 74.717089159316458, 13.906988329268364 ], [ 74.77627297628834, 13.916221223788488 ], [ 74.791798613275816, 13.914290786156803 ], [ 74.79486524343082, 13.906941310987206 ], [ 74.821900309398089, 13.908800768322157 ], [ 74.855845625460745, 13.885219439817909 ], [ 74.867823302779783, 13.859713796284733 ], [ 74.888876323643757, 13.867916309421037 ], [ 74.914490965032499, 13.857315783736503 ], [ 74.935940243392082, 13.790768642002938 ], [ 74.933346289659227, 13.77191877061834 ], [ 74.997112131348473, 13.741498338843428 ], [ 74.991683112335195, 13.713048252958506 ], [ 75.019448196742928, 13.699422482409808 ], [ 75.012182729548627, 13.682179367494001 ], [ 75.026945913856039, 13.67139201085997 ], [ 75.014439871088015, 13.662608601385108 ], [ 75.017275216674818, 13.636728527757009 ], [ 75.036096838866641, 13.61505641649299 ], [ 75.059393268795816, 13.607798426622221 ], [ 75.060024828761769, 13.592712241979278 ], [ 75.034796235273873, 13.573374089363861 ], [ 75.049157167716373, 13.540681869513953 ], [ 75.062584109191391, 13.529015039235464 ], [ 75.059471332824288, 13.522627795408575 ], [ 75.070631255129797, 13.524026859047085 ], [ 75.079881296118316, 13.496177925888636 ], [ 75.102092757789521, 13.492003231692976 ], [ 75.112187349403342, 13.462323722657368 ], [ 75.140233645188829, 13.46326450460759 ] ] ] } },
{ "type": "Feature", "properties": { "district_id": "karnataka__uttara_kannada", "state": "Karnataka", "district": "Uttara Kannada", "area_km2": 10191.1, "point_lat": 14.7248, "point_lon": 74.6437 }, "geometry": { "type": "MultiPolygon", "coordinates": [ [ [ [ 74.285194720481869, 15.525093104105746 ], [ 74.340299665012736, 15.518812970204429 ], [ 74.375477164941941, 15.48199748030294 ], [ 74.386244640928552, 15.485457587030558 ], [ 74.411563487519004, 15.475560826273272 ], [ 74.420614385950728, 15.461962876696724 ], [ 74.426493280379972, 15.397057719037008 ], [ 74.449547097182432, 15.408695797437996 ], [ 74.454781233664391, 15.402385911522542 ], [ 74.467593534847111, 15.413768808904356 ], [ 74.479846293744188, 15.395871151105403 ], [ 74.544319996338061, 15.417256320419593 ], [ 74.614339295581757, 15.358731770065996 ], [ 74.638094419254628, 15.373915515579998 ], [ 74.651666382479092, 15.394842560953149 ], [ 74.691797268296412, 15.399123178722853 ], [ 74.699172342024809, 15.40992097779624 ], [ 74.75418181517442, 15.409893665604434 ], [ 74.767068851842652, 15.416222785835064 ], [ 74.765387608381175, 15.399104060512435 ], [ 74.7825075673545, 15.393886246931329 ], [ 74.7904751890988, 15.379639956543819 ], [ 74.821192775884228, 15.383838482627677 ], [ 74.829197754708673, 15.374878287279332 ], [ 74.82199442017901, 15.366780898995886 ], [ 74.82629965099521, 15.34339990743795 ], [ 74.834724225570014, 15.33340187897967 ], [ 74.855129970718366, 15.340477495069505 ], [ 74.877428963863963, 15.314906100952292 ], [ 74.87615098589329, 15.300486748501713 ], [ 74.889760698416936, 15.307269037984431 ], [ 74.897402677927985, 15.301183197457268 ], [ 74.909028899698214, 15.25073896270745 ], [ 74.873226601113572, 15.213043285008059 ], [ 74.877052185167116, 15.193213887057217 ], [ 74.850052332537274, 15.169066339664758 ], [ 74.828762013149955, 15.133309892395497 ], [ 74.853453485131681, 15.120910055272937 ], [ 74.858629385009976, 15.103615540956074 ], [ 74.891938410293506, 15.098111041824438 ], [ 74.880208372034673, 15.072369556563858 ], [ 74.8903079697631, 15.047992380660025 ], [ 74.907214550351455, 15.04939640099108 ], [ 74.911434874526151, 15.037684319712358 ], [ 74.93984145276869, 15.051901844162948 ], [ 74.940472343530033, 15.066234191839213 ], [ 75.022662212932346, 15.068783571876553 ], [ 75.056173493675601, 15.080790918937639 ], [ 75.06276260899881, 15.071538212960704 ], [ 75.081334176307109, 15.072600246318641 ], [ 75.06958060696536, 15.015752124938075 ], [ 75.086587940303502, 14.956410741180438 ], [ 75.100995759480298, 14.955064802159672 ], [ 75.106017509668732, 14.93224783458184 ], [ 75.070706276737553, 14.918107817651126 ], [ 75.076345888611399, 14.868894809083132 ], [ 75.070204446985926, 14.83600715001573 ], [ 75.094615244085759, 14.80884447986455 ], [ 75.058046348520449, 14.811670056647525 ], [ 75.071294481042273, 14.779814387000778 ], [ 75.042449736367431, 14.76883576004137 ], [ 75.046448747904265, 14.737834541573356 ], [ 75.018079159388961, 14.715364200308553 ], [ 75.032297438446733, 14.706764793209555 ], [ 75.034354081711612, 14.664650637707975 ], [ 75.051247426713829, 14.648617328792925 ], [ 75.026987667257103, 14.608395281490518 ], [ 75.024322148237601, 14.564099913070899 ], [ 75.042998002554626, 14.545826178914332 ], [ 75.062494255628522, 14.54180782463362 ], [ 75.039213490072783, 14.526436317718785 ], [ 75.042776598257291, 14.500817034549243 ], [ 75.015057389863301, 14.494990218581954 ], [ 74.991940650445073, 14.475802755297954 ], [ 74.987508224892522, 14.486997893344233 ], [ 74.993465210704116, 14.503971072436897 ], [ 74.976708307868336, 14.521417886630237 ], [ 74.983550382087586, 14.525248414684622 ], [ 74.979026777619282, 14.552468863221121 ], [ 74.957597963761117, 14.550717362051 ], [ 74.938700679464901, 14.520895553860351 ], [ 74.930945817478289, 14.528786145439851 ], [ 74.905834086453453, 14.529441822625021 ], [ 74.892589889594859, 14.479393293402357 ], [ 74.921597886348735, 14.461365174451227 ], [ 74.893230678724706, 14.463933118886111 ], [ 74.87780563405714, 14.449106319861956 ], [ 74.885989987942736, 14.431286963795749 ], [ 74.921551091060692, 14.432725266163924 ], [ 74.93466343864587, 14.408191439674788 ], [ 74.94888916169576, 14.402931957887212 ], [ 74.953004602775749, 14.379744366117487 ], [ 74.941523266807422, 14.361831077808629 ], [ 74.973209009816586, 14.339963152141081 ], [ 74.97735756694307, 14.320748734125711 ], [ 74.935020935097143, 14.323243531163744 ], [ 74.917855616193336, 14.313027395280987 ], [ 74.910406079222597, 14.289170924284788 ], [ 74.914899139989259, 14.278422992417779 ], [ 74.929438562845675, 14.280810253955808 ], [ 74.940618164371827, 14.26123494980898 ], [ 74.937864597814198, 14.249469166589668 ], [ 74.923573368159396, 14.234017545150277 ], [ 74.900317519555486, 14.232847861894218 ], [ 74.896458846205348, 14.222138939241848 ], [ 74.882377888176833, 14.217320601991629 ], [ 74.874049562171336, 14.243502478016438 ], [ 74.86874382619537, 14.222091058627585 ], [ 74.856816956897916, 14.213738524418305 ], [ 74.834040859050745, 14.230773725394993 ], [ 74.767097804768241, 14.238381294378605 ], [ 74.730776222693038, 14.267019434735873 ], [ 74.717070367883352, 14.234037823788078 ], [ 74.728957389210876, 14.178570199680392 ], [ 74.749418820424708, 14.158280246937286 ], [ 74.746569629895475, 14.150410981547784 ], [ 74.725706164299325, 14.154910467747966 ], [ 74.70370405245589, 14.174465255129951 ], [ 74.690813233554138, 14.170608806225228 ], [ 74.666574762989157, 14.187541745804067 ], [ 74.651229632480195, 14.172912247188629 ], [ 74.626617829127269, 14.164868549816296 ], [ 74.629090791735791, 14.146430251532871 ], [ 74.64391194726764, 14.144121198378778 ], [ 74.646770097313109, 14.117880734640188 ], [ 74.655581439243747, 14.11507272841096 ], [ 74.64006091243651, 14.097476454313501 ], [ 74.658098501931235, 14.069374980683778 ], [ 74.655953197563761, 14.043940968562044 ], [ 74.677519002137089, 14.03813404099883 ], [ 74.667691969270251, 13.984444152600512 ], [ 74.646907264316695, 13.9596299721672 ], [ 74.649722189502612, 13.943250743287049 ], [ 74.63190024336491, 13.948434289582792 ], [ 74.62519256567748, 13.938805537640045 ], [ 74.607530427840274, 13.941383679780541 ], [ 74.602089095570136, 13.935220627706085 ], [ 74.597857633546795, 13.944107028236969 ], [ 74.582384277796663, 13.925932306104809 ], [ 74.566843962778776, 13.948540149828217 ], [ 74.537625835642203, 13.960135198759481 ], [ 74.540297287053193, 13.97167012533334 ], [ 74.515802713141696, 13.989453236552931 ], [ 74.505965284552602, 14.025518358750602 ], [ 74.524442008591123, 14.024793694592065 ], [ 74.523602327210185, 14.033893279163312 ], [ 74.51319871524133, 14.035527413373083 ], [ 74.509596756208111, 14.047783513523584 ], [ 74.505119631011297, 14.051454019161712 ], [ 74.507871581944343, 14.03088388739584 ], [ 74.501051961562268, 14.041098890842393 ], [ 74.483383618869624, 14.099713418335719 ], [ 74.474592041722062, 14.169339067572578 ], [ 74.464968359232088, 14.198195981268501 ], [ 74.44884456545509, 14.215546825031197 ], [ 74.432693133601248, 14.266209120573102 ], [ 74.45827531031793, 14.248734017923073 ], [ 74.470167413378974, 14.25566203870247 ], [ 74.527114211645141, 14.239762198613162 ], [ 74.491029613928475, 14.263620718459231 ], [ 74.488329788455786, 14.2778451714548 ], [ 74.468765246662585, 14.291927805603095 ], [ 74.443588210461812, 14.281072520220594 ], [ 74.426027527530621, 14.30495906252375 ], [ 74.431393123845936, 14.273022613083304 ], [ 74.425550437164688, 14.28097320042172 ], [ 74.403474719921476, 14.367488609770724 ], [ 74.397401174540207, 14.408291817601175 ], [ 74.403020496920576, 14.419041296160682 ], [ 74.385300626015919, 14.423791586308983 ], [ 74.356703299201143, 14.510557839462765 ], [ 74.370032844227282, 14.522920907076378 ], [ 74.378137960650761, 14.514704303995998 ], [ 74.37506196745089, 14.482096793683555 ], [ 74.387175660655956, 14.450956539273548 ], [ 74.408190444498402, 14.448519693577104 ], [ 74.411887350022141, 14.470927818603736 ], [ 74.422074962437421, 14.472638894555255 ], [ 74.44147471790987, 14.456632162301 ], [ 74.436199391112325, 14.471610915845849 ], [ 74.401005245152305, 14.495913601583553 ], [ 74.377600523082364, 14.540528238043185 ], [ 74.369062664198893, 14.542856556015229 ], [ 74.367566089455551, 14.559158346120929 ], [ 74.351719618125813, 14.523965813140588 ], [ 74.341031781076694, 14.516576878772652 ], [ 74.308657921807495, 14.520242245328348 ], [ 74.314252115324834, 14.551222077654689 ], [ 74.29460498811801, 14.591922708054406 ], [ 74.32930947339112, 14.603426628031642 ], [ 74.384142075181643, 14.59232046406161 ], [ 74.429562888494559, 14.624582498375105 ], [ 74.391441121645343, 14.603775833376092 ], [ 74.363713862321092, 14.598249882929943 ], [ 74.31693264413326, 14.615743312414777 ], [ 74.305462363508695, 14.601337701540384 ], [ 74.284686776184856, 14.608521900646341 ], [ 74.271772632147844, 14.626985581798884 ], [ 74.284719874850126, 14.636390122458637 ], [ 74.280124941205614, 14.657131057583651 ], [ 74.285581593115964, 14.662954331485757 ], [ 74.274997017999837, 14.665231525602442 ], [ 74.275918468901139, 14.688758317519747 ], [ 74.255556815446397, 14.707255592801889 ], [ 74.26524177756589, 14.717171633611683 ], [ 74.24647263024697, 14.739517113832596 ], [ 74.228011064472113, 14.746914089185973 ], [ 74.224166200929787, 14.735139754456378 ], [ 74.203878618164254, 14.732798210824884 ], [ 74.206691390247428, 14.720563851396472 ], [ 74.200196109450758, 14.720176077819586 ], [ 74.166882144403502, 14.752103433768021 ], [ 74.177160396359895, 14.766660134735035 ], [ 74.162581603902368, 14.765043400298559 ], [ 74.157206134004966, 14.747019397354366 ], [ 74.143668572755786, 14.774482500690599 ], [ 74.122121491571335, 14.773939221847829 ], [ 74.119393430862047, 14.783234760106124 ], [ 74.094955794054499, 14.797691393292839 ], [ 74.095232011437645, 14.803123608463864 ], [ 74.120485720170763, 14.802021954148762 ], [ 74.12630255683905, 14.834377458449348 ], [ 74.161979354403186, 14.838128128448627 ], [ 74.156754463394037, 14.812827079194927 ], [ 74.169920328887912, 14.824489431538272 ], [ 74.176184739468411, 14.855099187321603 ], [ 74.215807751657621, 14.868378324264118 ], [ 74.231276307716456, 14.859653338332443 ], [ 74.250145492842805, 14.871297338493491 ], [ 74.208692116847701, 14.875791491229149 ], [ 74.210058429918419, 14.888851987707978 ], [ 74.179077815536374, 14.88109890645956 ], [ 74.17482042341021, 14.87027069799114 ], [ 74.166721776209499, 14.873042825088548 ], [ 74.162226434781644, 14.86244180353814 ], [ 74.142497325627261, 14.857132125213536 ], [ 74.137537135383198, 14.845846642411892 ], [ 74.124215750585805, 14.847320313633714 ], [ 74.121026172875062, 14.83842071300057 ], [ 74.09652526670196, 14.880096369686854 ], [ 74.097797034431849, 14.892332181415426 ], [ 74.088019708444264, 14.895984126098003 ], [ 74.106108288348025, 14.913749785020428 ], [ 74.132567118579317, 14.923053776687063 ], [ 74.168746426189315, 14.911535121658064 ], [ 74.15938504611438, 14.942037392731264 ], [ 74.173718450564678, 14.955645694584055 ], [ 74.197645717449277, 14.940465048714596 ], [ 74.196578526021625, 14.93003711885077 ], [ 74.205362094674712, 14.924045744767103 ], [ 74.218290480281794, 14.943956436828982 ], [ 74.235335283874946, 14.949085729263166 ], [ 74.237543428575563, 14.960101442186534 ], [ 74.255834283294178, 14.960178530320094 ], [ 74.263924191806552, 14.969267117216992 ], [ 74.267725761676672, 14.97784173355212 ], [ 74.255447071730643, 14.993367787538908 ], [ 74.296243752476215, 15.04245547225276 ], [ 74.272091321733768, 15.098452905048186 ], [ 74.286914511073533, 15.122506779428866 ], [ 74.283344553385405, 15.145658507165585 ], [ 74.295270045871661, 15.152406315815162 ], [ 74.315851718634832, 15.186585521570169 ], [ 74.30051130291605, 15.225688781939262 ], [ 74.257125108570463, 15.244343601151218 ], [ 74.251091930009622, 15.260075507261989 ], [ 74.261569229288327, 15.2608437818112 ], [ 74.276635831098105, 15.283736276362418 ], [ 74.328061621692783, 15.285324892002237 ], [ 74.335601893030741, 15.295391063267237 ], [ 74.317188029197155, 15.332015032559045 ], [ 74.322211752110363, 15.369657260214053 ], [ 74.276251298528081, 15.391001373546276 ], [ 74.2691926245449, 15.426262706915406 ], [ 74.276116450290459, 15.445458984653689 ], [ 74.249776731954782, 15.491824717846333 ], [ 74.254286417273562, 15.503144390645835 ], [ 74.285194720481869, 15.525093104105746 ] ] ], [ [ [ 74.487737282037173, 14.029845436691769 ], [ 74.484874796411873, 14.023556737539081 ], [ 74.484090950007356, 14.029053798901611 ], [ 74.487737282037173, 14.029845436691769 ] ] ], [ [ [ 74.483249164982439, 14.015456386559192 ], [ 74.476735456377838, 14.011423314806551 ], [ 74.476081954797266, 14.014827573929511 ], [ 74.483249164982439, 14.015456386559192 ] ] ], [ [ [ 74.458513379659067, 14.272075988639443 ], [ 74.478911131570101, 14.275970702877794 ], [ 74.482023723402207, 14.26530996928302 ], [ 74.458513379659067, 14.272075988639443 ] ] ], [ [ [ 74.474890827414185, 14.089018680742221 ], [ 74.468974451384497, 14.085223336331568 ], [ 74.469020069751977, 14.090166665810271 ], [ 74.474890827414185, 14.089018680742221 ] ] ], [ [ [ 74.39905324610254, 14.461281335318459 ], [ 74.392363253871537, 14.462924181342824 ], [ 74.391797884587945, 14.476985391591427 ], [ 74.401927492601004, 14.471652828732706 ], [ 74.39905324610254, 14.461281335318459 ] ] ], [ [ [ 74.40161959430921, 14.311241029300165 ], [ 74.394028549127171, 14.312907163009005 ], [ 74.395312641552181, 14.317738128503192 ], [ 74.400446886028433, 14.318089658205121 ], [ 74.40161959430921, 14.311241029300165 ] ] ], [ [ [ 74.331566714147897, 14.017656476045241 ], [ 74.325089664275836, 14.016838182880281 ], [ 74.326123793587001, 14.022351491362858 ], [ 74.331566714147897, 14.017656476045241 ] ] ], [ [ [ 74.198138185728894, 14.876701688969737 ], [ 74.1894335225508, 14.870185815829519 ], [ 74.186568899931515, 14.872556237502122 ], [ 74.198138185728894, 14.876701688969737 ] ] ], [ [ [ 74.100384443891272, 14.838426094249082 ], [ 74.091598316075746, 14.840744354012593 ], [ 74.091622761880146, 14.844358263073786 ], [ 74.098108835092049, 14.845203677525008 ], [ 74.100384443891272, 14.838426094249082 ] ] ], [ [ [ 74.094043173819529, 14.876486753196593 ], [ 74.09544510141582, 14.868584071328522 ], [ 74.08959463043702, 14.87149376569691 ], [ 74.094043173819529, 14.876486753196593 ] ] ], [ [ [ 74.091151710351113, 14.835951571439058 ], [ 74.092556041759238, 14.828040756626864 ], [ 74.086707280883402, 14.830949990642738 ], [ 74.091151710351113, 14.835951571439058 ] ] ], [ [ [ 74.087482667808388, 14.789662658425582 ], [ 74.079782629335156, 14.790425247998103 ], [ 74.082759038029593, 14.796150090171068 ], [ 74.086421486650522, 14.795047016385722 ], [ 74.087482667808388, 14.789662658425582 ] ] ], [ [ [ 74.055405154166777, 14.820034730704679 ], [ 74.056811462106069, 14.812124594698307 ], [ 74.050962285015899, 14.815039116776422 ], [ 74.055405154166777, 14.820034730704679 ] ] ] ] } },
{ "type": "Feature", "properties": { "district_id": "maharashtra__wardha", "state": "Maharashtra", "district": "Wardha", "area_km2": 6309.4, "point_lat": 20.8248, "point_lon": 78.6157 }, "geometry": { "type": "Polygon", "coordinates": [ [ [ 78.157979699934756, 21.329776171720969 ], [ 78.263887690797887, 21.326609707769677 ], [ 78.294997565581184, 21.29461890737775 ], [ 78.311282377243117, 21.293951490975353 ], [ 78.30749507755138, 21.273792622854195 ], [ 78.326226940506231, 21.271177289250389 ], [ 78.332957096403518, 21.250574856006605 ], [ 78.407042096225496, 21.237517836534966 ], [ 78.419393694372317, 21.227763155258135 ], [ 78.446552370022317, 21.234105770700076 ], [ 78.478170288371928, 21.219543022617827 ], [ 78.518482270036515, 21.175051305035478 ], [ 78.525729456089479, 21.152892132758417 ], [ 78.554948556733578, 21.117864357039039 ], [ 78.596471980944244, 21.108569587850674 ], [ 78.598633502054625, 21.09012822480879 ], [ 78.610668047783733, 21.088524097590838 ], [ 78.606917847475216, 21.069223036905981 ], [ 78.643216671792374, 21.059510734379469 ], [ 78.652061077393228, 21.03590148196194 ], [ 78.688579680143576, 21.029442099880939 ], [ 78.730942134320713, 21.004613781030162 ], [ 78.726648121596796, 20.971797799642676 ], [ 78.735089010573986, 20.946988332243741 ], [ 78.749423199338082, 20.943233175198706 ], [ 78.745962000095901, 20.935400687979225 ], [ 78.765895502054576, 20.920934140833527 ], [ 78.778470657575269, 20.891198916163283 ], [ 78.809707467602195, 20.87611511372863 ], [ 78.83213225558093, 20.893079981012733 ], [ 78.842472080388603, 20.890609674502326 ], [ 78.841109883228768, 20.880431761568111 ], [ 78.864705247505057, 20.871321200706056 ], [ 78.864025380392334, 20.84217835392759 ], [ 78.875038539109141, 20.826720052457507 ], [ 78.888446744856964, 20.841784185468601 ], [ 78.915918569959643, 20.835120836807626 ], [ 78.915500538701636, 20.806406488831353 ], [ 78.946739483041398, 20.793926179601083 ], [ 78.945159063568013, 20.766975472145891 ], [ 78.973701150344695, 20.754222709581207 ], [ 78.997525962960111, 20.753885036422602 ], [ 78.999957100866993, 20.74241519913851 ], [ 79.01973894201771, 20.736111998380959 ], [ 79.052825801334009, 20.73427376676257 ], [ 79.053569539812045, 20.726313087313979 ], [ 79.0741570985724, 20.723615744025018 ], [ 79.092180682867522, 20.707949596841935 ], [ 79.104112814662486, 20.712174241246569 ], [ 79.106921102087583, 20.685678897837128 ], [ 79.142875247259326, 20.675854590480547 ], [ 79.149417996162029, 20.651565001960858 ], [ 79.170370589637614, 20.643011978243894 ], [ 79.170735484601366, 20.624493346219548 ], [ 79.186245441465388, 20.618807434968549 ], [ 79.192569935232854, 20.596111724407709 ], [ 79.209384391354604, 20.597392479171468 ], [ 79.224721190051042, 20.582068269478174 ], [ 79.214382068228758, 20.546417116409241 ], [ 79.191840338380956, 20.532695747446876 ], [ 79.17941212030523, 20.510607953787552 ], [ 79.171738587924949, 20.512368093177674 ], [ 79.156588640692334, 20.476697595010094 ], [ 79.139344519750935, 20.477516604789535 ], [ 79.130695810113792, 20.454035998078776 ], [ 79.12103334791928, 20.450062192520324 ], [ 79.051897135894365, 20.463980300958386 ], [ 79.046728157620464, 20.473462687699719 ], [ 79.023961099678942, 20.478483833800798 ], [ 79.001864489967886, 20.447645044010251 ], [ 78.989723895285891, 20.462825923842917 ], [ 78.983935766298629, 20.456361232381141 ], [ 78.968553403524282, 20.458552506707772 ], [ 78.963711065223279, 20.436068033854777 ], [ 78.950820482760435, 20.428437816033366 ], [ 78.899222826315508, 20.437190962072009 ], [ 78.871484134634301, 20.421694351818477 ], [ 78.84634624277426, 20.433445055195872 ], [ 78.842468146620647, 20.424513856378372 ], [ 78.855708041862755, 20.408965271824766 ], [ 78.82649163259245, 20.401899751229838 ], [ 78.819391213832859, 20.392837107177389 ], [ 78.828024999552767, 20.362145407566619 ], [ 78.823767459746222, 20.349372494720694 ], [ 78.833602074676435, 20.333570342060085 ], [ 78.830031693757135, 20.318900066715241 ], [ 78.811963522605666, 20.312528191681174 ], [ 78.8018182596457, 20.297798182667279 ], [ 78.740541645084491, 20.292639320594159 ], [ 78.734152356036546, 20.30478624695531 ], [ 78.708184774296953, 20.309384100832666 ], [ 78.711295628183635, 20.349173297180648 ], [ 78.692401221169973, 20.356813261528327 ], [ 78.682227834947739, 20.381051643018342 ], [ 78.647051565202048, 20.419438157286564 ], [ 78.647770853487486, 20.431909265161885 ], [ 78.619628836091408, 20.431826715251979 ], [ 78.611234934662377, 20.44223206829464 ], [ 78.603896106690684, 20.428498933238505 ], [ 78.570912262952135, 20.432391909760401 ], [ 78.537363137861647, 20.463066509577168 ], [ 78.535654230994851, 20.479547452091349 ], [ 78.509232741785652, 20.519579939254943 ], [ 78.480982532055279, 20.528374910571806 ], [ 78.45406407727684, 20.511786812986131 ], [ 78.434559519698539, 20.51783757184505 ], [ 78.41257575211597, 20.511451060756201 ], [ 78.386822818463187, 20.519799484087148 ], [ 78.378408349662777, 20.530130561321172 ], [ 78.359927583351492, 20.526701005419405 ], [ 78.340589815515486, 20.543090080742672 ], [ 78.279884945728597, 20.562384623049027 ], [ 78.263990688611614, 20.579420245839984 ], [ 78.249919285286737, 20.643081861267969 ], [ 78.266942879061844, 20.661282226982841 ], [ 78.279534160604356, 20.696391219582871 ], [ 78.296606210348969, 20.696834765100096 ], [ 78.308219639130016, 20.723250213383825 ], [ 78.310304672418454, 20.758338154676828 ], [ 78.294279521286413, 20.777947451371396 ], [ 78.295541779581015, 20.802435288246361 ], [ 78.317856785169482, 20.823090816935601 ], [ 78.309230925435628, 20.834444337831325 ], [ 78.293866903355593, 20.827651444698972 ], [ 78.292246203011274, 20.839702267758337 ], [ 78.279981176293319, 20.843899477766549 ], [ 78.25567668389489, 20.886441953478823 ], [ 78.215991903586058, 20.908265829754459 ], [ 78.204687264806878, 20.899478534714813 ], [ 78.184401369929574, 20.904641435873064 ], [ 78.169550086751869, 20.940998387008129 ], [ 78.146123136816385, 20.952224594993055 ], [ 78.149562836124048, 20.985894134304957 ], [ 78.137574700180764, 21.004093883715829 ], [ 78.147214913620417, 21.022729431655783 ], [ 78.14030096463361, 21.034947615557027 ], [ 78.151231347236518, 21.044396198779001 ], [ 78.153941980279896, 21.074900695242949 ], [ 78.14762340181224, 21.099580827861963 ], [ 78.132206313065254, 21.112980081985896 ], [ 78.145311160039753, 21.13719269173221 ], [ 78.0945622908703, 21.176904333249141 ], [ 78.098761761473739, 21.199216839543666 ], [ 78.073842225179547, 21.219562576376035 ], [ 78.071745026464413, 21.235321950311878 ], [ 78.055492798931908, 21.249164388137537 ], [ 78.061196508160251, 21.274222540800615 ], [ 78.081697166189031, 21.27778696392215 ], [ 78.068006501599541, 21.298821145610702 ], [ 78.079763687660559, 21.328033873288309 ], [ 78.075120157547445, 21.353291634506299 ], [ 78.105247428480354, 21.354757786488562 ], [ 78.150245118156576, 21.341297404057951 ], [ 78.157979699934756, 21.329776171720969 ] ] ] } },
{ "type": "Feature", "properties": { "district_id": "maharashtra__washim", "state": "Maharashtra", "district": "Washim", "area_km2": 5196.1, "point_lat": 20.3028, "point_lon": 77.2439 }, "geometry": { "type": "Polygon", "coordinates": [ [ [ 77.653073058945196, 20.564183483332648 ], [ 77.644882286005739, 20.529203262104968 ], [ 77.670406342387352, 20.537176978642378 ], [ 77.69042935709966, 20.532058792520917 ], [ 77.691084075932508, 20.523329197561363 ], [ 77.668602633030147, 20.514932909022132 ], [ 77.662894938186454, 20.49685429559139 ], [ 77.654020850734227, 20.49470117582651 ], [ 77.647571305715445, 20.448974401171778 ], [ 77.616687747725436, 20.460785773232526 ], [ 77.601351754007538, 20.444853237427097 ], [ 77.607137397769748, 20.436089663628689 ], [ 77.593379193905136, 20.424561645708842 ], [ 77.596362314849458, 20.410536821805881 ], [ 77.584965903096631, 20.411608381567177 ], [ 77.575473541939914, 20.392533323635437 ], [ 77.57815112137672, 20.370993479510041 ], [ 77.567799332831086, 20.337690268469714 ], [ 77.56847181759187, 20.330112474894324 ], [ 77.584391659036626, 20.325322404645163 ], [ 77.595949211539534, 20.280582554236688 ], [ 77.609337754978966, 20.278114832867882 ], [ 77.611649090894886, 20.263917842431717 ], [ 77.668581973765114, 20.247570460186818 ], [ 77.654608757373609, 20.210520190688968 ], [ 77.659835070216275, 20.202044522092184 ], [ 77.646635560443613, 20.190054431168736 ], [ 77.653721459161488, 20.173584268504172 ], [ 77.681373730031893, 20.168851759413485 ], [ 77.676861389973467, 20.147890650156654 ], [ 77.684240446732048, 20.144433561023867 ], [ 77.671737121312404, 20.104267383768615 ], [ 77.659229323538568, 20.096464033596764 ], [ 77.656225996657923, 20.080769886602283 ], [ 77.625927875765242, 20.041270660170859 ], [ 77.580904246063611, 20.029742985158265 ], [ 77.55693838355478, 20.048314841232099 ], [ 77.553382751330389, 20.064183586261127 ], [ 77.526101489686539, 20.093963447680892 ], [ 77.455849947332482, 20.07032881891325 ], [ 77.390363108087158, 20.086269390070417 ], [ 77.369455299684205, 20.101009543326029 ], [ 77.355177718025814, 20.068181758120232 ], [ 77.373766137751417, 20.04618210566348 ], [ 77.354467822525521, 20.014064975320231 ], [ 77.340963185768331, 20.006249761666709 ], [ 77.340096586704007, 19.969052238573362 ], [ 77.332397782551908, 19.970900215871804 ], [ 77.325033638962196, 19.956193575986816 ], [ 77.307598811069511, 19.962468187766785 ], [ 77.305534654703038, 19.946514286963048 ], [ 77.287378591807723, 19.935466643472214 ], [ 77.285844138721302, 19.910470689385136 ], [ 77.275487150398462, 19.914344463837843 ], [ 77.269077653439425, 19.897139306726082 ], [ 77.237567317103867, 19.895838946492191 ], [ 77.24875503110998, 19.90572280893409 ], [ 77.239316476120976, 19.938058473493221 ], [ 77.21049077553171, 19.942954166105856 ], [ 77.218001521900689, 19.977819460894136 ], [ 77.203963229656395, 19.991336748462686 ], [ 77.17831598043783, 19.977459384070059 ], [ 77.171739334731754, 19.964333904245326 ], [ 77.157446882954858, 19.966592227273182 ], [ 77.133958932675171, 19.942827588070674 ], [ 77.10202327875119, 19.932686389856812 ], [ 77.061076304779789, 19.99604989675235 ], [ 77.036328253260677, 20.010319528280345 ], [ 77.015203904224634, 20.002541047016404 ], [ 76.993205002409979, 20.017768920236438 ], [ 76.98912570398727, 19.996102918788456 ], [ 76.900860779647672, 19.962556466272915 ], [ 76.896154591374724, 19.945977923601475 ], [ 76.837128118497048, 19.96076443064652 ], [ 76.82345374256758, 19.926666618105745 ], [ 76.773328420559267, 19.93268606887602 ], [ 76.767251295216099, 19.903698318769937 ], [ 76.746444127075151, 19.906616624799504 ], [ 76.73938300453824, 19.871962792943151 ], [ 76.691393337148412, 19.872356627481491 ], [ 76.678608343099299, 19.846131383820005 ], [ 76.646947340062013, 19.865605685226313 ], [ 76.656581629560904, 19.897063192637734 ], [ 76.611763744871737, 19.890435841420619 ], [ 76.614922931687317, 19.907050103732971 ], [ 76.606736550424287, 19.920979606183153 ], [ 76.633450476790841, 19.926497134924031 ], [ 76.634532584406415, 19.953025491391244 ], [ 76.645686612243949, 19.962992115155032 ], [ 76.659405826740496, 19.962932595101112 ], [ 76.660336383984017, 19.971969899279902 ], [ 76.645496305027251, 19.981747100771067 ], [ 76.658855698995154, 20.000659845376813 ], [ 76.662584802680087, 20.047942938228676 ], [ 76.624880512149772, 20.049705241206141 ], [ 76.630389936182922, 20.082290847296232 ], [ 76.636820665955739, 20.069386691956112 ], [ 76.64770589914275, 20.068399735807393 ], [ 76.649151909144535, 20.083729636463758 ], [ 76.660877158538412, 20.097497295578517 ], [ 76.658790512603488, 20.112858670553745 ], [ 76.67091100854519, 20.126345111001001 ], [ 76.706267570626139, 20.122436084043215 ], [ 76.758656748354156, 20.130762689309446 ], [ 76.762027954183651, 20.161659823608815 ], [ 76.7495141133153, 20.166261204552651 ], [ 76.750223956003779, 20.208952578600996 ], [ 76.786837206238914, 20.203014257053653 ], [ 76.796660081008113, 20.219228041562317 ], [ 76.811498546368284, 20.219587188142775 ], [ 76.826967601535998, 20.245883305730047 ], [ 76.823165243760556, 20.263405741764334 ], [ 76.829773204527385, 20.266955633621119 ], [ 76.821720441594422, 20.280403242900761 ], [ 76.839887304387176, 20.301366078236818 ], [ 76.863563736698751, 20.297726900906891 ], [ 76.872987929246463, 20.278336694382304 ], [ 76.883032990663807, 20.282225242159562 ], [ 76.884816488849026, 20.297620036489327 ], [ 76.908706868758671, 20.314026129104771 ], [ 76.892235495727135, 20.318006564266877 ], [ 76.900387091311259, 20.340523494762937 ], [ 76.920803112646681, 20.359982834439439 ], [ 76.930572011083228, 20.359264208070183 ], [ 76.934606446811031, 20.370383154617851 ], [ 76.951809716438277, 20.364481410324903 ], [ 76.979629994309022, 20.371943983300447 ], [ 76.976755174901953, 20.382554187523553 ], [ 76.997840504404223, 20.394751397194192 ], [ 76.993920793149115, 20.408468082402646 ], [ 77.017629534396647, 20.41271395595021 ], [ 77.015597817870699, 20.429320309763195 ], [ 77.024690075807811, 20.450287455393681 ], [ 77.055079606416072, 20.448497987396447 ], [ 77.059300857597293, 20.43855601333059 ], [ 77.078255310270464, 20.437456170285522 ], [ 77.085637096185067, 20.421229433299171 ], [ 77.123643947438495, 20.40973384886675 ], [ 77.141008511480905, 20.382568668865165 ], [ 77.15222237385295, 20.400900401942984 ], [ 77.192674062235213, 20.407000001966296 ], [ 77.197071543420606, 20.420509907462275 ], [ 77.184781626313168, 20.429567835295668 ], [ 77.18671727330613, 20.448734287212798 ], [ 77.225083656928746, 20.447979868086787 ], [ 77.241298697127405, 20.428414458058004 ], [ 77.248364817779347, 20.426429445310706 ], [ 77.250576516016977, 20.437414537693872 ], [ 77.29552811642148, 20.419749005410132 ], [ 77.301209286714226, 20.447442396753576 ], [ 77.333243124609709, 20.450960342701666 ], [ 77.348675032676425, 20.46493847992112 ], [ 77.342532441511054, 20.469519961032717 ], [ 77.346440889578545, 20.479062463951944 ], [ 77.327088069509401, 20.485247795573127 ], [ 77.329064147576048, 20.49861929529041 ], [ 77.371347473475055, 20.497897052953665 ], [ 77.367413001732572, 20.479709131981082 ], [ 77.381011241234404, 20.483075016596555 ], [ 77.397937044520447, 20.525862505541305 ], [ 77.371053845978494, 20.527507822858446 ], [ 77.366812970242506, 20.519799202935978 ], [ 77.336214181384065, 20.526615409120978 ], [ 77.344102130336879, 20.547174617530153 ], [ 77.337697766081718, 20.550004106754024 ], [ 77.340484323483309, 20.576635763065539 ], [ 77.362446819053574, 20.56755059355562 ], [ 77.365591970595801, 20.581311081800251 ], [ 77.403932236792556, 20.578762032639244 ], [ 77.417713192699466, 20.608434513988641 ], [ 77.466823827821415, 20.610101778896873 ], [ 77.469618786515042, 20.617231689129326 ], [ 77.434444923102291, 20.647539441912141 ], [ 77.433982647132552, 20.661329454246598 ], [ 77.456702550248608, 20.653898378451171 ], [ 77.471296732347696, 20.688088774036324 ], [ 77.496278919889349, 20.680045828395347 ], [ 77.504392514446238, 20.664451533475397 ], [ 77.517524170072804, 20.673040664877604 ], [ 77.512839546210856, 20.68308148556736 ], [ 77.543576708533749, 20.675494127273488 ], [ 77.539423976768219, 20.688580027099043 ], [ 77.523466855546872, 20.695032092170635 ], [ 77.524826404186868, 20.700757812400489 ], [ 77.515589778989337, 20.698029204848112 ], [ 77.508031560055201, 20.710046177100615 ], [ 77.518733911112477, 20.7285298908442 ], [ 77.565809024959023, 20.721023372553589 ], [ 77.571992759985619, 20.741085743351714 ], [ 77.597885751305441, 20.758521741201939 ], [ 77.636484752246204, 20.755129536755238 ], [ 77.632723317261821, 20.738067877994503 ], [ 77.614170536979984, 20.719012135754877 ], [ 77.633530281570145, 20.71149798189559 ], [ 77.64048808719842, 20.690554197514036 ], [ 77.637011858974262, 20.657428399250431 ], [ 77.652933378088605, 20.662623047007671 ], [ 77.649566990446118, 20.608558396765378 ], [ 77.63076155150442, 20.566791111421452 ], [ 77.653073058945196, 20.564183483332648 ] ] ] } },
{ "type": "Feature", "properties": { "district_id": "kerala__wayanad", "state": "Kerala", "district": "Wayanad", "area_km2": 2129.8, "point_lat": 11.713, "point_lon": 76.1266 }, "geometry": { "type": "Polygon", "coordinates": [ [ [ 76.415342901054359, 11.760266632986118 ], [ 76.413276405772365, 11.740306198154205 ], [ 76.419685384652411, 11.741251658492338 ], [ 76.426666580471633, 11.724062484045755 ], [ 76.404109191002192, 11.708021280703475 ], [ 76.41068270129044, 11.706436703678399 ], [ 76.415221891758037, 11.676504182383495 ], [ 76.431375344570782, 11.666327780712658 ], [ 76.442219180330241, 11.640559709105258 ], [ 76.432792495696503, 11.630313520421232 ], [ 76.387888003664131, 11.629359109366224 ], [ 76.378563078169165, 11.600396512668157 ], [ 76.343325685602608, 11.585204503404574 ], [ 76.336267017354515, 11.595398546558453 ], [ 76.305542943118255, 11.571112816843948 ], [ 76.298207389848571, 11.587326607689654 ], [ 76.283503712199447, 11.596686589919907 ], [ 76.267132905205045, 11.593649674738614 ], [ 76.23310065122152, 11.571091808771516 ], [ 76.250471224622402, 11.530881384268778 ], [ 76.20189367091929, 11.506545550070173 ], [ 76.182825129810183, 11.482143949503969 ], [ 76.184294908341769, 11.471050701780397 ], [ 76.142598320308949, 11.449203275341828 ], [ 76.121312149661406, 11.47160713592443 ], [ 76.095377757074473, 11.481692881823973 ], [ 76.090384734008666, 11.50536432314431 ], [ 76.077511136717945, 11.520107052890335 ], [ 76.041936538413282, 11.501150156570528 ], [ 75.968304112572426, 11.550512731415184 ], [ 75.958649543523251, 11.561107873316095 ], [ 75.957279540974454, 11.579353129405419 ], [ 75.908126350628734, 11.602550872932182 ], [ 75.897826964412843, 11.619289057595102 ], [ 75.902127393757141, 11.676832598524419 ], [ 75.91617440813512, 11.687879922018855 ], [ 75.896437883112341, 11.69857139702739 ], [ 75.850841055356383, 11.6994152822824 ], [ 75.818164749739012, 11.734827857187392 ], [ 75.795575130811955, 11.742198832731635 ], [ 75.798752620352332, 11.747779715571953 ], [ 75.785438338161214, 11.758899821714399 ], [ 75.792646540155488, 11.789049241047641 ], [ 75.777239495782965, 11.797685965223344 ], [ 75.796750822280103, 11.814262048208871 ], [ 75.790839193126317, 11.84071215262111 ], [ 75.807612253921775, 11.854534718896097 ], [ 75.926850278849017, 11.839820479214547 ], [ 75.930596201974254, 11.860638970809935 ], [ 75.91345058264406, 11.872803565502977 ], [ 75.935746729943958, 11.887749193330363 ], [ 75.934533360101597, 11.909605770798057 ], [ 75.924866655644109, 11.920702201936161 ], [ 75.930602397202762, 11.93884787142953 ], [ 76.003905094601549, 11.929745216820216 ], [ 76.009700754070153, 11.938054075395655 ], [ 76.035410665638267, 11.938947194722241 ], [ 76.078759558807562, 11.967520939381165 ], [ 76.113967851377737, 11.97694108608639 ], [ 76.114377928293749, 11.857515108642717 ], [ 76.122881126237857, 11.849395932632678 ], [ 76.155871840686814, 11.867424324084084 ], [ 76.190619830134409, 11.870240249956934 ], [ 76.207550584974157, 11.860643423760957 ], [ 76.212263758061013, 11.826118147576491 ], [ 76.225367409467566, 11.806606829910004 ], [ 76.251348180746291, 11.801921782920694 ], [ 76.279053846968878, 11.810201989307696 ], [ 76.290754322468558, 11.791551795967186 ], [ 76.307162906267848, 11.782879953703571 ], [ 76.317810540834088, 11.7506231898907 ], [ 76.342410601544415, 11.737437237756843 ], [ 76.363537331630567, 11.746764533560722 ], [ 76.379897213189835, 11.743086605959727 ], [ 76.415342901054359, 11.760266632986118 ] ] ] } },
{ "type": "Feature", "properties": { "district_id": "karnataka__yadgir", "state": "Karnataka", "district": "Yadgir", "area_km2": 5283.8, "point_lat": 16.5736, "point_lon": 76.9259 }, "geometry": { "type": "Polygon", "coordinates": [ [ [ 77.456523105338277, 16.885110603796381 ], [ 77.464391355182201, 16.858200455997864 ], [ 77.460724822291851, 16.82745783721905 ], [ 77.47590990519177, 16.800045964032783 ], [ 77.475305054210466, 16.782917452428368 ], [ 77.441610829367519, 16.786948678597696 ], [ 77.427507232306553, 16.718336897962331 ], [ 77.441509195992396, 16.711382971258537 ], [ 77.471020123736494, 16.71580372000588 ], [ 77.469264543926968, 16.682192958270189 ], [ 77.420687255700258, 16.66668279568103 ], [ 77.420977728806093, 16.658634061299292 ], [ 77.442543050072729, 16.640135022103262 ], [ 77.473649797685269, 16.650871616416985 ], [ 77.458074091389904, 16.617777679660595 ], [ 77.467898018726345, 16.608818610948688 ], [ 77.463060339128432, 16.59606455932553 ], [ 77.468471051827464, 16.588247453384103 ], [ 77.440953066870435, 16.585205772463876 ], [ 77.421474365087761, 16.56791269281721 ], [ 77.395561806980595, 16.569164950197461 ], [ 77.405741729403459, 16.550782433058306 ], [ 77.41985162345523, 16.54802685773334 ], [ 77.419547090739428, 16.521889319077541 ], [ 77.383223396523491, 16.514754740809334 ], [ 77.373221488791913, 16.506135297922899 ], [ 77.370421084194007, 16.488149784226049 ], [ 77.328446838094322, 16.484919785819475 ], [ 77.300588870731147, 16.49541113360916 ], [ 77.295954355618392, 16.47760305858926 ], [ 77.255362682180404, 16.471818152798356 ], [ 77.242677947223996, 16.476800949885245 ], [ 77.238991066239336, 16.471971134742926 ], [ 77.262098202796992, 16.451261540168503 ], [ 77.288648051606231, 16.407044059624312 ], [ 77.267827629191629, 16.402081483638323 ], [ 77.243787485726926, 16.416714525093113 ], [ 77.171182844513211, 16.435022387012957 ], [ 77.164255384891845, 16.461429823493148 ], [ 77.151921410459352, 16.47566217324216 ], [ 77.115005840282862, 16.482195557287746 ], [ 77.058824841144016, 16.517662011333108 ], [ 77.014256513776772, 16.501102069844379 ], [ 77.006661222396616, 16.515841059318124 ], [ 77.01106411237339, 16.54543362414006 ], [ 77.000022155778282, 16.558674521660205 ], [ 76.982824689104035, 16.560820929783155 ], [ 76.972383177155933, 16.553107707045925 ], [ 76.977467236685214, 16.517932096202973 ], [ 76.970175181530536, 16.505142139750426 ], [ 76.912433275366112, 16.485781662048343 ], [ 76.882556761959222, 16.493042997659714 ], [ 76.869574345990486, 16.486377460639567 ], [ 76.863248939567029, 16.455096973317275 ], [ 76.848043883494043, 16.433464321058739 ], [ 76.785543857700929, 16.4163475790848 ], [ 76.759537756877293, 16.426361895490636 ], [ 76.747214358981111, 16.412057032986198 ], [ 76.64838898970558, 16.358776345073831 ], [ 76.605124959624106, 16.339444839277128 ], [ 76.580406941625725, 16.340421262794571 ], [ 76.515044919022174, 16.299357863382117 ], [ 76.478790025935936, 16.290118579369185 ], [ 76.4070116781607, 16.235162272724416 ], [ 76.329301152366611, 16.191058986783826 ], [ 76.354374334201125, 16.225874214396139 ], [ 76.346088335787556, 16.24606639958315 ], [ 76.348249953109075, 16.273998414510313 ], [ 76.32206003293291, 16.28503982009433 ], [ 76.302210863460147, 16.2833704789129 ], [ 76.305228424363904, 16.315545053029052 ], [ 76.294114476170165, 16.324500699642357 ], [ 76.295423267229282, 16.333961342774234 ], [ 76.316005179971071, 16.344757808196299 ], [ 76.306243290124186, 16.376373435192423 ], [ 76.310475186225176, 16.394718255443095 ], [ 76.333977952568759, 16.389597618134893 ], [ 76.333807673851652, 16.423922269176849 ], [ 76.383986418811702, 16.422269395063033 ], [ 76.391510013050549, 16.434912927435771 ], [ 76.437302385061358, 16.434929391327092 ], [ 76.435922778411793, 16.511220844508074 ], [ 76.405067812340036, 16.647725873717899 ], [ 76.438332569349768, 16.70670688249659 ], [ 76.500976725374272, 16.717321836900833 ], [ 76.509366712844425, 16.741065080412607 ], [ 76.527043025621552, 16.75387735524788 ], [ 76.547671669782659, 16.751887624751479 ], [ 76.605202511578455, 16.765626189326312 ], [ 76.614200862231115, 16.765834830614544 ], [ 76.634220280107712, 16.736558224823639 ], [ 76.651080801135279, 16.730750080554252 ], [ 76.659528350163924, 16.753246928570974 ], [ 76.694734815534645, 16.786264997955055 ], [ 76.738686774068555, 16.777338419298726 ], [ 76.745450018315893, 16.817143816268118 ], [ 76.755412176752799, 16.830997181577729 ], [ 76.787330902547126, 16.841616121201348 ], [ 76.832826012526155, 16.877310012789756 ], [ 76.895472277680895, 16.896004385763629 ], [ 76.922831934552207, 16.881709452848341 ], [ 76.904210937506136, 16.851572199879975 ], [ 76.905892841042771, 16.834257683729394 ], [ 76.916463911711844, 16.822088367139589 ], [ 76.934329100755846, 16.828660121202915 ], [ 76.992453169912167, 16.818713703695966 ], [ 76.998636874449133, 16.82999378181243 ], [ 76.982734588833551, 16.850734231517219 ], [ 76.992778356534487, 16.862094833154735 ], [ 77.010789002881239, 16.862463937841216 ], [ 77.04131337265855, 16.879195817734058 ], [ 77.021360875101792, 16.908536522769445 ], [ 77.071955256050984, 16.95046039018974 ], [ 77.086461974429568, 16.934636279291595 ], [ 77.090988003667064, 16.903740106077574 ], [ 77.103936245400661, 16.900278725453784 ], [ 77.179191546409768, 16.933973908924553 ], [ 77.239538580544007, 16.942561370003119 ], [ 77.273381762614605, 16.924603954427599 ], [ 77.335066476333935, 16.930697877902837 ], [ 77.375640827667269, 16.896728230180489 ], [ 77.410339155177908, 16.899825090245741 ], [ 77.408120491158243, 16.881195975186877 ], [ 77.456523105338277, 16.885110603796381 ] ] ] } },
{ "type": "Feature", "properties": { "district_id": "maharashtra__yavatmal", "state": "Maharashtra", "district": "Yavatmal", "area_km2": 13530.7, "point_lat": 20.0627, "point_lon": 78.3557 }, "geometry": { "type": "Polygon", "coordinates": [ [ [ 78.279534160604356, 20.696391219582871 ], [ 78.266942879061844, 20.661282226982841 ], [ 78.249919285286737, 20.643081861267969 ], [ 78.263990688611614, 20.579420245839984 ], [ 78.279884945728597, 20.562384623049027 ], [ 78.340589815515486, 20.543090080742672 ], [ 78.359927583351492, 20.526701005419405 ], [ 78.378408349662777, 20.530130561321172 ], [ 78.386822818463187, 20.519799484087148 ], [ 78.41257575211597, 20.511451060756201 ], [ 78.434559519698539, 20.51783757184505 ], [ 78.45406407727684, 20.511786812986131 ], [ 78.480982532055279, 20.528374910571806 ], [ 78.509232741785652, 20.519579939254943 ], [ 78.535654230994851, 20.479547452091349 ], [ 78.537363137861647, 20.463066509577168 ], [ 78.570912262952135, 20.432391909760401 ], [ 78.603896106690684, 20.428498933238505 ], [ 78.611234934662377, 20.44223206829464 ], [ 78.619628836091408, 20.431826715251979 ], [ 78.647770853487486, 20.431909265161885 ], [ 78.647051565202048, 20.419438157286564 ], [ 78.682227834947739, 20.381051643018342 ], [ 78.692401221169973, 20.356813261528327 ], [ 78.711295628183635, 20.349173297180648 ], [ 78.708184774296953, 20.309384100832666 ], [ 78.734152356036546, 20.30478624695531 ], [ 78.738226947354548, 20.292909423401849 ], [ 78.8018182596457, 20.297798182667279 ], [ 78.818280833850181, 20.27510472240677 ], [ 78.811377807800255, 20.259773979696842 ], [ 78.820143811240385, 20.246903117135581 ], [ 78.921297233734478, 20.252352526351398 ], [ 78.921678481609092, 20.237178622885683 ], [ 78.962707912124401, 20.202625927034106 ], [ 78.955115994008878, 20.168302973191423 ], [ 78.981417975011752, 20.148646491575935 ], [ 78.970412881458103, 20.137626908878069 ], [ 78.97051738789601, 20.123176749543454 ], [ 79.016679567895096, 20.112769685784929 ], [ 79.048328845746383, 20.084134036143599 ], [ 79.044098383395252, 20.071306930645935 ], [ 79.07070415086838, 20.063760700818282 ], [ 79.083258219584749, 20.02852809400693 ], [ 79.108607742985996, 20.00798942895117 ], [ 79.115206856401841, 19.988435143096837 ], [ 79.093718151645419, 19.977131856918284 ], [ 79.110453282104473, 19.96463400911113 ], [ 79.093599491612409, 19.945636011679767 ], [ 79.09488640812117, 19.914664434591696 ], [ 79.151663156772671, 19.893038255624518 ], [ 79.149455871858436, 19.886845234596603 ], [ 79.135860952300774, 19.865554012461249 ], [ 79.065625102312069, 19.814754101335744 ], [ 79.042885733599547, 19.81714595664619 ], [ 79.020455942530461, 19.799087603208434 ], [ 78.958617138262724, 19.803205087434815 ], [ 78.940444677767331, 19.778281913540024 ], [ 78.948900977609824, 19.748613211680034 ], [ 78.902903931473389, 19.737075479951251 ], [ 78.883029077184275, 19.74599695622123 ], [ 78.875045719059727, 19.767650295716798 ], [ 78.81295833529289, 19.759054133794898 ], [ 78.790188529140536, 19.779757678477409 ], [ 78.748326948456921, 19.780624463069525 ], [ 78.721677879479358, 19.76776056076357 ], [ 78.701092309204427, 19.79060606253098 ], [ 78.608696004406795, 19.818272673934494 ], [ 78.590001010037383, 19.812449717382655 ], [ 78.531194523289471, 19.822350563539665 ], [ 78.517292351373399, 19.814975773138265 ], [ 78.508559234866425, 19.793125146350505 ], [ 78.498807962450073, 19.79385190259655 ], [ 78.481036113717835, 19.817011154302332 ], [ 78.433447008402766, 19.823699909495293 ], [ 78.402384176323196, 19.836943492723169 ], [ 78.390644546780848, 19.853214612699734 ], [ 78.388847987718606, 19.879702623394866 ], [ 78.340879857525181, 19.883615051090221 ], [ 78.329853638090341, 19.890881105593326 ], [ 78.339203578892693, 19.904691391200526 ], [ 78.332978110186517, 19.916462020088968 ], [ 78.286946545127876, 19.910687181173678 ], [ 78.280784025999935, 19.885187514933378 ], [ 78.254722707170657, 19.872987132874751 ], [ 78.242331615014223, 19.88749590481504 ], [ 78.259650457688622, 19.911696567921503 ], [ 78.252798613229146, 19.929350466675576 ], [ 78.200534294607181, 19.902651112383658 ], [ 78.149469485680868, 19.91594984497172 ], [ 78.131132159253795, 19.902005617090659 ], [ 78.103032520260115, 19.896675767447714 ], [ 78.078394419185798, 19.900596999826181 ], [ 78.053269978753264, 19.930716555898663 ], [ 78.03345359267631, 19.928459500970913 ], [ 78.011909721993661, 19.914186733868114 ], [ 77.953904868808166, 19.911225254027595 ], [ 77.94052241941796, 19.8928676387332 ], [ 77.89810707606172, 19.877996886466562 ], [ 77.876206653708039, 19.849553074557704 ], [ 77.870314771253348, 19.823896242684523 ], [ 77.849069082327091, 19.800773571277446 ], [ 77.86552205033037, 19.771418525548413 ], [ 77.860528463445803, 19.74365588139278 ], [ 77.876737306573347, 19.744437146728227 ], [ 77.895949518437689, 19.725582191052059 ], [ 77.89945939802486, 19.734878594862288 ], [ 77.914410161933333, 19.729784326531078 ], [ 77.933556002564345, 19.739318987594693 ], [ 77.953178486299095, 19.729355504643355 ], [ 77.964900349436093, 19.706407775375062 ], [ 77.985387785035272, 19.699406600551576 ], [ 77.988460465180395, 19.680785589422801 ], [ 78.047102093954805, 19.698890293422185 ], [ 78.056679927115908, 19.670992289261864 ], [ 78.089856234811137, 19.645214323324971 ], [ 78.13105260512765, 19.667119130267302 ], [ 78.178993502285152, 19.655040714753589 ], [ 78.195700561475789, 19.618273653761403 ], [ 78.185620126265022, 19.58408518540584 ], [ 78.189026720682648, 19.567355024176642 ], [ 78.14741174792745, 19.552900453113271 ], [ 78.119905558119299, 19.553618501683758 ], [ 78.136261408095507, 19.531180521194734 ], [ 78.12107456941547, 19.501359404365985 ], [ 78.067864675860307, 19.46699920974476 ], [ 78.025890043603908, 19.497401324377751 ], [ 78.01641725330677, 19.490734241979801 ], [ 78.013170303532178, 19.465439466605321 ], [ 77.99143689241518, 19.455198370375452 ], [ 77.987198757086418, 19.478570931942741 ], [ 77.974161012151356, 19.493866304279532 ], [ 77.975739029485226, 19.506085545930805 ], [ 77.958825893151953, 19.510939115404842 ], [ 77.938154805560416, 19.500385074131145 ], [ 77.916582700209332, 19.515205853249469 ], [ 77.907599105454494, 19.533237978546204 ], [ 77.889945909800772, 19.519377556073383 ], [ 77.88546308107712, 19.500333536197303 ], [ 77.861578359370554, 19.519573807647813 ], [ 77.842874456469346, 19.50983390929019 ], [ 77.846955274125762, 19.486735175352212 ], [ 77.827532131886045, 19.475403094290453 ], [ 77.847540690551853, 19.455810140544703 ], [ 77.834694185043006, 19.439315378216008 ], [ 77.819675977120724, 19.445296405939349 ], [ 77.804858955072788, 19.464296179986817 ], [ 77.798103164845088, 19.450478480271251 ], [ 77.756180306058013, 19.43227530904613 ], [ 77.698910536320383, 19.438649292261395 ], [ 77.699082049986302, 19.459764789857303 ], [ 77.713980799227045, 19.476478079067391 ], [ 77.740292208085933, 19.483088624588444 ], [ 77.736444218265447, 19.494936259252846 ], [ 77.752771086775795, 19.50962843006128 ], [ 77.74966190223256, 19.521791152984193 ], [ 77.733707529986503, 19.532049810291277 ], [ 77.713924681428082, 19.525616508933783 ], [ 77.70040663572982, 19.537854567964828 ], [ 77.634140779066314, 19.555708784859061 ], [ 77.649319901626953, 19.555547678507594 ], [ 77.640570328908737, 19.587477255741675 ], [ 77.644766347391638, 19.607785407674594 ], [ 77.629463842374207, 19.608006208774611 ], [ 77.629216541113806, 19.624387519098054 ], [ 77.616017487477563, 19.629303720028133 ], [ 77.60746295141908, 19.646937269723967 ], [ 77.580299516197414, 19.657659967295565 ], [ 77.555223023789139, 19.65245323551985 ], [ 77.55503358053592, 19.663718127765108 ], [ 77.446053937320471, 19.687657859601103 ], [ 77.451395334775853, 19.699835947729685 ], [ 77.440734424162315, 19.722059661226101 ], [ 77.413325932538427, 19.743538181532738 ], [ 77.396774364015116, 19.72572648881847 ], [ 77.385470687989709, 19.726314014178708 ], [ 77.379068302283329, 19.746035796993954 ], [ 77.38710742785949, 19.766007380304224 ], [ 77.404545690523051, 19.764145924480729 ], [ 77.409928610611018, 19.772531689447714 ], [ 77.383525791846623, 19.788116415074938 ], [ 77.395242822035172, 19.811124010776769 ], [ 77.390015228569908, 19.820937908503613 ], [ 77.370667233042155, 19.822231131381212 ], [ 77.362231264269681, 19.815027866163376 ], [ 77.346827290964313, 19.825201939149736 ], [ 77.346214622904057, 19.833780040633734 ], [ 77.363587240130514, 19.833017944803352 ], [ 77.356624944537955, 19.845405913136243 ], [ 77.366480128635118, 19.85153416252944 ], [ 77.365318959087446, 19.85806240723203 ], [ 77.349083405866281, 19.860230659487904 ], [ 77.347912641866543, 19.873417901450193 ], [ 77.32363580421908, 19.884960211703049 ], [ 77.298593439892031, 19.879526210041952 ], [ 77.298198914052705, 19.892635576326324 ], [ 77.315018523883623, 19.889819180149416 ], [ 77.317767501100349, 19.906163451972894 ], [ 77.310764787173525, 19.910401051821662 ], [ 77.289084463480933, 19.900724232611516 ], [ 77.287378591807723, 19.935466643472214 ], [ 77.305534654703038, 19.946514286963048 ], [ 77.307598811069511, 19.962468187766785 ], [ 77.325033638962196, 19.956193575986816 ], [ 77.332397782551908, 19.970900215871804 ], [ 77.340096586704007, 19.969052238573362 ], [ 77.340963185768331, 20.006249761666709 ], [ 77.354467822525521, 20.014064975320231 ], [ 77.373766137751417, 20.04618210566348 ], [ 77.355177718025814, 20.068181758120232 ], [ 77.369455299684205, 20.101009543326029 ], [ 77.390363108087158, 20.086269390070417 ], [ 77.455849947332482, 20.07032881891325 ], [ 77.526101489686539, 20.093963447680892 ], [ 77.553382751330389, 20.064183586261127 ], [ 77.55693838355478, 20.048314841232099 ], [ 77.580904246063611, 20.029742985158265 ], [ 77.625927875765242, 20.041270660170859 ], [ 77.656225996657923, 20.080769886602283 ], [ 77.659229323538568, 20.096464033596764 ], [ 77.671737121312404, 20.104267383768615 ], [ 77.684240446732048, 20.144433561023867 ], [ 77.676861389973467, 20.147890650156654 ], [ 77.681373730031893, 20.168851759413485 ], [ 77.653721459161488, 20.173584268504172 ], [ 77.646635560443613, 20.190054431168736 ], [ 77.659835070216275, 20.202044522092184 ], [ 77.654608757373609, 20.210520190688968 ], [ 77.668581973765114, 20.247570460186818 ], [ 77.611649090894886, 20.263917842431717 ], [ 77.609337754978966, 20.278114832867882 ], [ 77.595949211539534, 20.280582554236688 ], [ 77.584391659036626, 20.325322404645163 ], [ 77.567642795438388, 20.333326643830059 ], [ 77.57815112137672, 20.370993479510041 ], [ 77.575473541939914, 20.392533323635437 ], [ 77.584965903096631, 20.411608381567177 ], [ 77.596362314849458, 20.410536821805881 ], [ 77.593379193905136, 20.424561645708842 ], [ 77.607137397769748, 20.436089663628689 ], [ 77.601351754007538, 20.444853237427097 ], [ 77.616687747725436, 20.460785773232526 ], [ 77.647571305715445, 20.448974401171778 ], [ 77.654020850734227, 20.49470117582651 ], [ 77.662894938186454, 20.49685429559139 ], [ 77.668602633030147, 20.514932909022132 ], [ 77.691084075932508, 20.523329197561363 ], [ 77.69042935709966, 20.532058792520917 ], [ 77.670406342387352, 20.537176978642378 ], [ 77.644882286005739, 20.529203262104968 ], [ 77.653073058945196, 20.564183483332648 ], [ 77.666826360216021, 20.580434768481766 ], [ 77.741911183446845, 20.561375175255964 ], [ 77.750509021385099, 20.547910920468127 ], [ 77.77160842130553, 20.539935436481422 ], [ 77.806968097577567, 20.566801548951965 ], [ 77.811510208217825, 20.587187750720496 ], [ 77.837603379863808, 20.565568966049046 ], [ 77.846803052450284, 20.570387767481403 ], [ 77.846681550570281, 20.58765437094911 ], [ 77.865793430840128, 20.594872397280568 ], [ 77.866136022456999, 20.609253291683189 ], [ 77.877371467611354, 20.609369384880452 ], [ 77.89308879351583, 20.623464032915443 ], [ 77.919082246339201, 20.604523957548903 ], [ 77.912373347152311, 20.565421625354617 ], [ 77.924327257035699, 20.55854507673309 ], [ 77.934105009158458, 20.577054430980986 ], [ 77.951060245869428, 20.575335518652 ], [ 77.973803965321395, 20.590098966406401 ], [ 77.996080743573614, 20.622843548508921 ], [ 78.026645098137266, 20.632831473678607 ], [ 78.021259884140093, 20.642254839729251 ], [ 78.038659740628177, 20.666446878576895 ], [ 78.063630323381403, 20.672681699755206 ], [ 78.077061624473885, 20.663785616520837 ], [ 78.089017077914761, 20.672067385763942 ], [ 78.100322288303659, 20.665977316819475 ], [ 78.093298193333013, 20.640961729877123 ], [ 78.11190232320547, 20.64016740962013 ], [ 78.112270579422614, 20.648962816185495 ], [ 78.131369038745817, 20.648004489876627 ], [ 78.125031526651497, 20.660813776415811 ], [ 78.132240899671274, 20.664330123147561 ], [ 78.159023289758409, 20.659131619830834 ], [ 78.158915727819732, 20.667224484548253 ], [ 78.181129201105648, 20.670545125125305 ], [ 78.182862855880799, 20.677223274486543 ], [ 78.209045453311973, 20.676490207046253 ], [ 78.213380451647751, 20.689350284318976 ], [ 78.254015860815173, 20.683915260612505 ], [ 78.259647729300156, 20.695694597171187 ], [ 78.279534160604356, 20.696391219582871 ] ] ] } }
]
}
