{
"type": "FeatureCollection",
"name": "states",
"crs": { "type": "name", "properties": { "name": "urn:ogc:def:crs:OGC:1.3:CRS84" } },
"features": [
{ "type": "Feature", "properties": { "ST_NM": "Andaman & Nicobar Island", "state_id": "andaman_and_nicobar_island" }, "geometry": { "type": "MultiPolygon", "coordinates": [ [ [ [ 92.521741193232799, 10.896669401563532 ], [ 92.55823425547608, 10.862971738411456 ], [ 92.563112525067297, 10.804151267180192 ], [ 92.587093347263561, 10.787627391535862 ], [ 92.597046475407623, 10.680324576172525 ], [ 92.578069285019453, 10.674165409768879 ], [ 92.581807050069301, 10.657647225816909 ], [ 92.539927921694172, 10.61465412500924 ], [ 92.568246303712797, 10.576215297431732 ], [ 92.51323135068175, 10.511843500841019 ], [ 92.43307501374241, 10.548385228368753 ], [ 92.386237142558784, 10.531685013259699 ], [ 92.420856444663428, 10.615634888549391 ], [ 92.382584825630474, 10.667866531194315 ], [ 92.377019696602034, 10.782972074528596 ], [ 92.408523081983276, 10.784215353229897 ], [ 92.427083654765454, 10.823228754787246 ], [ 92.457512610436282, 10.838863999941159 ], [ 92.457109492086232, 10.861522740416076 ], [ 92.521741193232799, 10.896669401563532 ] ] ], [ [ [ 92.610245564489546, 10.938385177247289 ], [ 92.613819832806811, 10.928387391682683 ], [ 92.606387730763132, 10.937596782461055 ], [ 92.610245564489546, 10.938385177247289 ] ] ], [ [ [ 92.220371191999021, 10.982701709424886 ], [ 92.22312517485021, 10.974042031050399 ], [ 92.215089413269752, 10.977884780204706 ], [ 92.220371191999021, 10.982701709424886 ] ] ], [ [ [ 92.661011534884068, 10.992050703294927 ], [ 92.668411255773037, 10.985676649333406 ], [ 92.660420140982836, 10.983463537443745 ], [ 92.661011534884068, 10.992050703294927 ] ] ], [ [ [ 92.676254853117882, 11.184667353972587 ], [ 92.676783028116233, 11.178260288651051 ], [ 92.675091468337385, 11.189765788990996 ], [ 92.676254853117882, 11.184667353972587 ] ] ], [ [ [ 92.707058606593449, 11.285952494640902 ], [ 92.705857432735456, 11.263811364802383 ], [ 92.68823434821293, 11.242428261587852 ], [ 92.693248073124309, 11.280925561221688 ], [ 92.707058606593449, 11.285952494640902 ] ] ], [ [ [ 92.723277433015653, 11.328095667003385 ], [ 92.710299237117226, 11.30189371366386 ], [ 92.698150210416998, 11.309466619737739 ], [ 92.711428371073296, 11.309268694139543 ], [ 92.723277433015653, 11.328095667003385 ] ] ], [ [ [ 92.55927849338083, 11.397421814543467 ], [ 92.55725855918827, 11.391011549241492 ], [ 92.555818993450657, 11.391592431011849 ], [ 92.55927849338083, 11.397421814543467 ] ] ], [ [ [ 92.548740562009669, 11.397522729536973 ], [ 92.548537865752053, 11.393933121244014 ], [ 92.546187764694693, 11.394949986432952 ], [ 92.548740562009669, 11.397522729536973 ] ] ], [ [ [ 92.632128793502503, 11.51477172325381 ], [ 92.669106563052139, 11.489878558897379 ], [ 92.685714696827233, 11.436206618474399 ], [ 92.648642981286699, 11.407138112412653 ], [ 92.693513802642599, 11.387732424926639 ], [ 92.690848632652788, 11.370816555942319 ], [ 92.638211414079251, 11.347187639995548 ], [ 92.598229210485243, 11.347769341245211 ], [ 92.581504500151738, 11.367777188716548 ], [ 92.587169014120789, 11.400906424730548 ], [ 92.623271273039165, 11.406055897779465 ], [ 92.61531558485126, 11.481679284600348 ], [ 92.632128793502503, 11.51477172325381 ] ] ], [ [ [ 92.615740112077461, 11.511536575806502 ], [ 92.611268277604623, 11.505159479839861 ], [ 92.609729446588901, 11.504251979827862 ], [ 92.615740112077461, 11.511536575806502 ] ] ], [ [ [ 92.552228023320865, 11.538080230928777 ], [ 92.568924946896516, 11.527706542348339 ], [ 92.56671209876076, 11.517826647676538 ], [ 92.552228023320865, 11.538080230928777 ] ] ], [ [ [ 92.602708323602641, 11.538092814221146 ], [ 92.606755124063923, 11.527359956386942 ], [ 92.606226933274897, 11.521779680023677 ], [ 92.602708323602641, 11.538092814221146 ] ] ], [ [ [ 92.629389564424088, 11.543927824131453 ], [ 92.627336351374254, 11.548602822792802 ], [ 92.628692872257687, 11.549424747262945 ], [ 92.629389564424088, 11.543927824131453 ] ] ], [ [ [ 92.601758137915951, 11.554747944878562 ], [ 92.620403366834395, 11.55523693485952 ], [ 92.610472698725246, 11.531394865785764 ], [ 92.601758137915951, 11.554747944878562 ] ] ], [ [ [ 92.596425496772881, 11.537652177234275 ], [ 92.583646949105088, 11.535177071583755 ], [ 92.592586409708943, 11.577860582319126 ], [ 92.597409872770072, 11.561866741830199 ], [ 92.596425496772881, 11.537652177234275 ] ] ], [ [ [ 92.218166514085553, 11.592777503412467 ], [ 92.270301931009385, 11.584842677356908 ], [ 92.269892145772744, 11.52309683193012 ], [ 92.214596560904667, 11.529747734564422 ], [ 92.218166514085553, 11.592777503412467 ] ] ], [ [ [ 92.575687225986698, 11.564872926604339 ], [ 92.572823404727529, 11.565483289030412 ], [ 92.576692615440379, 11.570897112527676 ], [ 92.575687225986698, 11.564872926604339 ] ] ], [ [ [ 92.566042806832144, 11.570803604394444 ], [ 92.566120134488713, 11.567592902737781 ], [ 92.564902007047067, 11.568138503513566 ], [ 92.566042806832144, 11.570803604394444 ] ] ], [ [ [ 92.613329637294967, 11.586445296892188 ], [ 92.619219030833534, 11.577143916103678 ], [ 92.614930050805285, 11.562259916040638 ], [ 92.600341041866614, 11.570553971800855 ], [ 92.613329637294967, 11.586445296892188 ] ] ], [ [ [ 92.533921749259804, 11.601672148955004 ], [ 92.569530348633705, 11.588405923882728 ], [ 92.530346794041378, 11.55467645058572 ], [ 92.533921749259804, 11.601672148955004 ] ] ], [ [ [ 92.578665052150072, 11.585027150997355 ], [ 92.577663231855652, 11.582328135798448 ], [ 92.577043267639326, 11.584726291140027 ], [ 92.578665052150072, 11.585027150997355 ] ] ], [ [ [ 92.593541625488527, 11.590394412959279 ], [ 92.593471853236892, 11.589242213260537 ], [ 92.593097268480477, 11.590146752407202 ], [ 92.593541625488527, 11.590394412959279 ] ] ], [ [ [ 92.697911873634581, 11.664506347833216 ], [ 92.700383613579788, 11.660074165855164 ], [ 92.692907602470697, 11.661148080901462 ], [ 92.697911873634581, 11.664506347833216 ] ] ], [ [ [ 92.699537054760981, 12.239268834228358 ], [ 92.712893196373741, 12.190715161594927 ], [ 92.70388403344252, 12.164295741704782 ], [ 92.720591928400566, 12.182456337596813 ], [ 92.757907498067368, 12.177314164456844 ], [ 92.735679301336148, 12.104365817286499 ], [ 92.735109584741792, 12.074183970861 ], [ 92.783462628360681, 12.046494446578942 ], [ 92.778880209256101, 12.02487222235354 ], [ 92.762308979744603, 12.021269441480909 ], [ 92.738373897072265, 12.041605945337031 ], [ 92.736255183151343, 12.015964186758016 ], [ 92.752970909042091, 12.002576579771555 ], [ 92.766774568977084, 12.011714413145361 ], [ 92.768925885729871, 11.999217245987392 ], [ 92.743195613930567, 11.994755382638759 ], [ 92.757557905688984, 11.988960991136052 ], [ 92.748795960182122, 11.978110126147604 ], [ 92.734161004097757, 11.977559598094444 ], [ 92.738875344229442, 11.997535889040748 ], [ 92.728424890629242, 11.995158678202893 ], [ 92.733055739830419, 11.96904276747185 ], [ 92.718164532824815, 11.963737645931165 ], [ 92.714480136812782, 11.933245834449909 ], [ 92.725666810502489, 11.927016468565538 ], [ 92.724685793303337, 11.850906486604659 ], [ 92.707176105217002, 11.816482223343884 ], [ 92.678183556464461, 11.820192474060883 ], [ 92.693469857763944, 11.812405891994262 ], [ 92.683010770619973, 11.805158877062429 ], [ 92.680589468808364, 11.79935212393451 ], [ 92.709943008907956, 11.814782513629094 ], [ 92.719262502555907, 11.826706502969806 ], [ 92.746295697434661, 11.932245894295027 ], [ 92.783821530387442, 11.936875528159337 ], [ 92.788236317723914, 11.919035414115974 ], [ 92.755421911209993, 11.702170166028573 ], [ 92.742900774603214, 11.713340824067977 ], [ 92.739342656692813, 11.690674428900326 ], [ 92.701836066637895, 11.707875178607379 ], [ 92.709302985415576, 11.670567298856179 ], [ 92.6652563828128, 11.653577803518344 ], [ 92.67450169488589, 11.62469573155095 ], [ 92.687711852429587, 11.641045903737131 ], [ 92.69559868780162, 11.621627828444764 ], [ 92.694717241166401, 11.653489496362671 ], [ 92.711586345853462, 11.643914861079924 ], [ 92.730081648405914, 11.659348928585466 ], [ 92.716381385051136, 11.665153851680845 ], [ 92.722361589314687, 11.68954828199486 ], [ 92.756854027530736, 11.664906499509069 ], [ 92.711722335665186, 11.477636376850258 ], [ 92.699631180485298, 11.507201684219314 ], [ 92.666692953128035, 11.504210784950015 ], [ 92.645991176573247, 11.523618665848632 ], [ 92.647051391088539, 11.572468232237632 ], [ 92.633068271808355, 11.580328216156195 ], [ 92.617634820312645, 11.56264350401141 ], [ 92.620257823707163, 11.574189497107302 ], [ 92.619185016007563, 11.583449017397879 ], [ 92.60717418649115, 11.594184833220149 ], [ 92.60861602433198, 11.620973219082424 ], [ 92.635759923350392, 11.6157715502787 ], [ 92.644545707500654, 11.636740457404354 ], [ 92.63164028930143, 11.651958030768741 ], [ 92.631898212990976, 11.628766943776164 ], [ 92.607947127883705, 11.634086449233827 ], [ 92.58897949118294, 11.724660446817817 ], [ 92.562157258398486, 11.6940151674637 ], [ 92.546687224761584, 11.835476551962033 ], [ 92.521506494220176, 11.826809026993045 ], [ 92.513600636846249, 11.848695163453524 ], [ 92.562506032431727, 11.94686706999904 ], [ 92.587281832544761, 11.887158474031409 ], [ 92.602129655571119, 11.896825019030867 ], [ 92.600396349874117, 11.866311992507809 ], [ 92.602540163655334, 11.861053110089726 ], [ 92.604250321132909, 11.858894201619679 ], [ 92.60628360362216, 11.85793562067348 ], [ 92.622584141177114, 12.096106632552447 ], [ 92.661572254575617, 12.215752381167016 ], [ 92.654793953403512, 12.181630748771356 ], [ 92.674095755530473, 12.218223910052238 ], [ 92.68387721142949, 12.207152479172283 ], [ 92.699537054760981, 12.239268834228358 ] ] ], [ [ [ 92.600510752573229, 11.919090994310046 ], [ 92.598686502390862, 11.906271876594698 ], [ 92.595627955902842, 11.905595095300791 ], [ 92.600510752573229, 11.919090994310046 ] ] ], [ [ [ 92.56778717668567, 11.950334626081331 ], [ 92.567308800655809, 11.944705159104183 ], [ 92.563538188426193, 11.949744154315111 ], [ 92.56778717668567, 11.950334626081331 ] ] ], [ [ [ 92.58891077255484, 11.976483669563637 ], [ 92.609313029087843, 11.940376856284486 ], [ 92.59873681048073, 11.927864753894337 ], [ 92.58891077255484, 11.976483669563637 ] ] ], [ [ [ 92.584891730255464, 11.977227166165976 ], [ 92.581980326195293, 11.980203745161104 ], [ 92.584205734056184, 11.982363788956139 ], [ 92.584891730255464, 11.977227166165976 ] ] ], [ [ [ 92.683671646552469, 12.217454993189442 ], [ 92.679696418477178, 12.21945186358777 ], [ 92.682597913411243, 12.224405460002693 ], [ 92.683671646552469, 12.217454993189442 ] ] ], [ [ [ 92.699649006897857, 12.24901610650122 ], [ 92.695841662743192, 12.246508609211121 ], [ 92.69686570723907, 12.250598953925042 ], [ 92.699649006897857, 12.24901610650122 ] ] ], [ [ [ 92.704281674574446, 12.299491710453987 ], [ 92.723853911322706, 12.291130696556017 ], [ 92.710756360736724, 12.230149395724554 ], [ 92.699927609218562, 12.275689566909524 ], [ 92.704281674574446, 12.299491710453987 ] ] ], [ [ [ 92.66859312102234, 12.533328292416945 ], [ 92.684595433942107, 12.539629691938565 ], [ 92.678683825350788, 12.522374471662555 ], [ 92.66859312102234, 12.533328292416945 ] ] ], [ [ [ 92.70329537305507, 12.638971743818622 ], [ 92.701687007864265, 12.640997674260955 ], [ 92.703072027054731, 12.640984864107548 ], [ 92.70329537305507, 12.638971743818622 ] ] ], [ [ [ 92.713266668244032, 12.829490526573013 ], [ 92.712162873490357, 12.777253156085278 ], [ 92.725435388698642, 12.749009262997653 ], [ 92.718355330760744, 12.719241526386478 ], [ 92.694601403419014, 12.796047281366054 ], [ 92.713266668244032, 12.829490526573013 ] ] ], [ [ [ 92.71578791397107, 12.797693118546785 ], [ 92.716473962475803, 12.795936623673837 ], [ 92.715282672842619, 12.794594868214988 ], [ 92.71578791397107, 12.797693118546785 ] ] ], [ [ [ 92.702143864636085, 12.989535337862684 ], [ 92.720315328529892, 12.978889611063813 ], [ 92.719616087029863, 12.874334060333018 ], [ 92.70010205065698, 12.840084440555163 ], [ 92.676222795835841, 12.835914610926304 ], [ 92.689284128005369, 12.817283966166189 ], [ 92.668216544579437, 12.782699589476184 ], [ 92.648061675026213, 12.861692269741727 ], [ 92.67968387279231, 12.942605260874489 ], [ 92.669493272106024, 12.963045882608329 ], [ 92.702143864636085, 12.989535337862684 ] ] ], [ [ [ 92.718502173774837, 13.09812355020347 ], [ 92.706439482434831, 13.071558741293877 ], [ 92.700869631796991, 13.071541842909856 ], [ 92.696095023995397, 13.095356806807187 ], [ 92.718502173774837, 13.09812355020347 ] ] ], [ [ [ 92.724185501315191, 11.141378677957002 ], [ 92.724013309496314, 11.144216518173724 ], [ 92.72581882846282, 11.143719937181295 ], [ 92.724185501315191, 11.141378677957002 ] ] ], [ [ [ 92.731924614261416, 11.149312535616009 ], [ 92.73073351218855, 11.142545132639059 ], [ 92.727753114335698, 11.145972136462358 ], [ 92.731924614261416, 11.149312535616009 ] ] ], [ [ [ 92.766427237834847, 11.678861502871172 ], [ 92.759805417186001, 11.677008522369725 ], [ 92.766592758851189, 11.681373265713271 ], [ 92.766427237834847, 11.678861502871172 ] ] ], [ [ [ 92.733609003331765, 11.959682194020369 ], [ 92.725994543065411, 11.941708468535674 ], [ 92.722916664680866, 11.952744840437646 ], [ 92.733609003331765, 11.959682194020369 ] ] ], [ [ [ 92.763540059892676, 11.966241406366642 ], [ 92.761343998663946, 11.949600069557308 ], [ 92.736427963539882, 11.952318209923231 ], [ 92.749902659000284, 11.96835857191798 ], [ 92.763540059892676, 11.966241406366642 ] ] ], [ [ [ 92.74303151046341, 11.967398760847246 ], [ 92.74422544551193, 11.965475488228863 ], [ 92.741759883519606, 11.965387319829086 ], [ 92.74303151046341, 11.967398760847246 ] ] ], [ [ [ 92.738382398413492, 12.107035793767338 ], [ 92.741308537208496, 12.11398724190475 ], [ 92.74340931696824, 12.114962268435168 ], [ 92.738382398413492, 12.107035793767338 ] ] ], [ [ [ 92.75641817626564, 12.18073322693151 ], [ 92.763771070705516, 12.178008573822385 ], [ 92.75918130419025, 12.166528698499432 ], [ 92.759362819932619, 12.177754689350548 ], [ 92.75641817626564, 12.18073322693151 ] ] ], [ [ [ 92.730788511309157, 12.185341060299386 ], [ 92.725407834936576, 12.18642206898326 ], [ 92.73098946878163, 12.189623833686287 ], [ 92.730788511309157, 12.185341060299386 ] ] ], [ [ [ 92.733254917595858, 12.24113069681273 ], [ 92.732863324585182, 12.210550911418407 ], [ 92.739920756840007, 12.236404817976471 ], [ 92.745552337565329, 12.227124140413855 ], [ 92.762595728806517, 12.22971125080244 ], [ 92.763539244489266, 12.18169137707844 ], [ 92.746836230566814, 12.180526777024712 ], [ 92.730963573408374, 12.192502733635685 ], [ 92.720809952225451, 12.19058015258126 ], [ 92.733254917595858, 12.24113069681273 ] ] ], [ [ [ 92.750408031241065, 12.287295056114111 ], [ 92.74293030666523, 12.255485968473529 ], [ 92.734489291812963, 12.247900657803187 ], [ 92.739548474987245, 12.271079724458914 ], [ 92.739614066500366, 12.28253983290403 ], [ 92.750408031241065, 12.287295056114111 ] ] ], [ [ [ 92.737681839540343, 12.275963152286733 ], [ 92.736661064103458, 12.269238155295829 ], [ 92.734976956531298, 12.269267792144847 ], [ 92.737681839540343, 12.275963152286733 ] ] ], [ [ [ 92.762699518310725, 12.29428713792703 ], [ 92.76648231725477, 12.269424778310315 ], [ 92.763546263538402, 12.265592997956004 ], [ 92.753790258864811, 12.281582599080005 ], [ 92.762699518310725, 12.29428713792703 ] ] ], [ [ [ 92.738011404371008, 12.290301145437098 ], [ 92.735618672324861, 12.281314978557656 ], [ 92.73790864905807, 12.292804988910337 ], [ 92.738011404371008, 12.290301145437098 ] ] ], [ [ [ 92.769161261722786, 12.288588939377828 ], [ 92.769284416182629, 12.294230008037871 ], [ 92.771372812052306, 12.295108219345559 ], [ 92.769161261722786, 12.288588939377828 ] ] ], [ [ [ 92.752945872850489, 12.292451718534043 ], [ 92.753208201300666, 12.294835339932671 ], [ 92.755076741815657, 12.294357724362277 ], [ 92.752945872850489, 12.292451718534043 ] ] ], [ [ [ 92.765580730604654, 12.296964612180394 ], [ 92.763651466689012, 12.29846161927918 ], [ 92.765628224169774, 12.299602041886498 ], [ 92.765580730604654, 12.296964612180394 ] ] ], [ [ [ 92.726158630016613, 12.736789146232436 ], [ 92.726860556065461, 12.727163962096958 ], [ 92.722747845945563, 12.736698665867031 ], [ 92.726158630016613, 12.736789146232436 ] ] ], [ [ [ 92.725621654353574, 12.75249057125583 ], [ 92.726764130508244, 12.753616543082789 ], [ 92.726733076596815, 12.751845789034888 ], [ 92.725621654353574, 12.75249057125583 ] ] ], [ [ [ 92.716780895328966, 12.77363559627401 ], [ 92.717805927694741, 12.774327001365368 ], [ 92.717699486859146, 12.773557911386144 ], [ 92.716780895328966, 12.77363559627401 ] ] ], [ [ [ 92.720510237859656, 12.783910109858793 ], [ 92.724733702961672, 12.76176861796659 ], [ 92.7167896896934, 12.787818555816857 ], [ 92.720510237859656, 12.783910109858793 ] ] ], [ [ [ 92.717422587850436, 12.776791931883722 ], [ 92.71661598418271, 12.774987423771805 ], [ 92.715612950956498, 12.776682223035841 ], [ 92.717422587850436, 12.776791931883722 ] ] ], [ [ [ 92.715789003417427, 12.782886605285498 ], [ 92.716624696154213, 12.783710196529217 ], [ 92.716626532416697, 12.782835273673101 ], [ 92.715789003417427, 12.782886605285498 ] ] ], [ [ [ 92.715525686178992, 12.80070610242551 ], [ 92.717064164040281, 12.799202460129255 ], [ 92.71680915976134, 12.798783399657474 ], [ 92.715525686178992, 12.80070610242551 ] ] ], [ [ [ 92.71620029974487, 12.80439065481286 ], [ 92.717227022119928, 12.802885975137221 ], [ 92.716289293963044, 12.802632951510081 ], [ 92.71620029974487, 12.80439065481286 ] ] ], [ [ [ 92.726709473375507, 12.833198044314988 ], [ 92.726365808822109, 12.837981412343719 ], [ 92.727843192997796, 12.838346957539288 ], [ 92.726709473375507, 12.833198044314988 ] ] ], [ [ [ 92.730060335237511, 12.861483688169017 ], [ 92.717139419894394, 12.833405148910416 ], [ 92.709587427547788, 12.833714547981726 ], [ 92.720148374381765, 12.865253375071978 ], [ 92.730060335237511, 12.861483688169017 ] ] ], [ [ [ 92.765029614714607, 12.854113526614883 ], [ 92.76404607346646, 12.853097967492564 ], [ 92.7641390440767, 12.854345818894464 ], [ 92.765029614714607, 12.854113526614883 ] ] ], [ [ [ 92.730617488610335, 12.854820594904668 ], [ 92.729701703699277, 12.85666982090418 ], [ 92.731794270872285, 12.856489734741487 ], [ 92.730617488610335, 12.854820594904668 ] ] ], [ [ [ 92.761029202704563, 12.867877352796359 ], [ 92.7669405340352, 12.860589387631459 ], [ 92.766124935990689, 12.85486415524181 ], [ 92.761029202704563, 12.867877352796359 ] ] ], [ [ [ 92.757290297599567, 12.878896646268158 ], [ 92.75867346742352, 12.876091971990695 ], [ 92.756892748161121, 12.876254984311755 ], [ 92.757290297599567, 12.878896646268158 ] ] ], [ [ [ 92.754168244856743, 12.913818520134985 ], [ 92.754355079345245, 12.889745996778082 ], [ 92.749123153038141, 12.891582539111972 ], [ 92.754168244856743, 12.913818520134985 ] ] ], [ [ [ 92.757887714380715, 12.912201500398037 ], [ 92.757766479327046, 12.914034948094999 ], [ 92.758341692921832, 12.91401038458106 ], [ 92.757887714380715, 12.912201500398037 ] ] ], [ [ [ 92.766693662937598, 12.917929222710336 ], [ 92.768288407292985, 12.916582068185335 ], [ 92.767504444947008, 12.916392551979051 ], [ 92.766693662937598, 12.917929222710336 ] ] ], [ [ [ 92.766772483787577, 12.925418530617321 ], [ 92.764277263993719, 12.917805641645547 ], [ 92.762143533031605, 12.921580150011778 ], [ 92.766772483787577, 12.925418530617321 ] ] ], [ [ [ 92.769626913791839, 12.928915745967348 ], [ 92.775931423959847, 12.925553417627714 ], [ 92.772715989464317, 12.917682832897487 ], [ 92.769626913791839, 12.928915745967348 ] ] ], [ [ [ 92.761626814848455, 12.934410377676773 ], [ 92.766592848339769, 12.928190795298139 ], [ 92.762157362286786, 12.926427232734923 ], [ 92.761626814848455, 12.934410377676773 ] ] ], [ [ [ 92.72943981560077, 13.091110827429146 ], [ 92.729463611966139, 13.094801235988511 ], [ 92.73117080755118, 13.095145663424415 ], [ 92.72943981560077, 13.091110827429146 ] ] ], [ [ [ 92.77579981095198, 9.256857087316774 ], [ 92.825035992415124, 9.195122966892598 ], [ 92.829687248934036, 9.137950690291241 ], [ 92.798895849258528, 9.119016046353448 ], [ 92.730142836500349, 9.124545082703127 ], [ 92.723352054674621, 9.217347853866025 ], [ 92.766332685563597, 9.215398671557425 ], [ 92.77579981095198, 9.256857087316774 ] ] ], [ [ [ 92.77454678747543, 12.013275594572084 ], [ 92.771393057068281, 12.017372209736711 ], [ 92.776069162338558, 12.01804989120852 ], [ 92.77454678747543, 12.013275594572084 ] ] ], [ [ [ 92.843944746830502, 12.148841134358344 ], [ 92.846664275907358, 12.150937965287145 ], [ 92.845817852715541, 12.148006733933526 ], [ 92.843944746830502, 12.148841134358344 ] ] ], [ [ [ 92.833947566031782, 12.300738157899572 ], [ 92.86656898991734, 12.306116465233657 ], [ 92.868976094982287, 12.290321552635934 ], [ 92.887066035964239, 12.286756548878559 ], [ 92.888183720567127, 12.259120964614111 ], [ 92.86548611960346, 12.252225926994928 ], [ 92.859167693335237, 12.245134174277437 ], [ 92.882090401269821, 12.198083941663239 ], [ 92.845783082224145, 12.199885443873823 ], [ 92.850792559114453, 12.157461457367578 ], [ 92.822619385462517, 12.165721626695039 ], [ 92.802590065529984, 12.130244571678318 ], [ 92.812716709624297, 12.107958382577642 ], [ 92.787753043614813, 12.102657256480303 ], [ 92.792646322077161, 12.080612043977505 ], [ 92.764883879049449, 12.063718931508262 ], [ 92.741896193275593, 12.077879249509682 ], [ 92.73946318296835, 12.099248145469058 ], [ 92.765174377499648, 12.175659173062661 ], [ 92.770759898490553, 12.231218464779099 ], [ 92.747876752558483, 12.234983069959416 ], [ 92.743379985779129, 12.251013844414508 ], [ 92.750773690624101, 12.274754218794902 ], [ 92.76478221837209, 12.264238187249822 ], [ 92.781827360450393, 12.285108392496575 ], [ 92.771436785997111, 12.313145224659985 ], [ 92.796167629574867, 12.304070666107531 ], [ 92.809948329707368, 12.313565365707003 ], [ 92.833947566031782, 12.300738157899572 ] ] ], [ [ [ 92.905497172613025, 12.252311891546702 ], [ 92.914204535233324, 12.232231270188015 ], [ 92.912344841303891, 12.222183278280955 ], [ 92.891307218865663, 12.234044061012629 ], [ 92.878148525523414, 12.21000064711291 ], [ 92.871289368567034, 12.245737152943613 ], [ 92.881429429201489, 12.237546981366888 ], [ 92.905497172613025, 12.252311891546702 ] ] ], [ [ [ 92.869922858600432, 12.249000104153287 ], [ 92.861623576363797, 12.245866780973236 ], [ 92.865419707373135, 12.251024168633716 ], [ 92.869922858600432, 12.249000104153287 ] ] ], [ [ [ 92.879455618642794, 12.249180561314999 ], [ 92.881839218894811, 12.248932626014442 ], [ 92.880737712938554, 12.24533144952167 ], [ 92.879455618642794, 12.249180561314999 ] ] ], [ [ [ 92.899904715663439, 12.262363358425532 ], [ 92.901944279114517, 12.259750460467835 ], [ 92.900263146662013, 12.258399709829492 ], [ 92.899904715663439, 12.262363358425532 ] ] ], [ [ [ 92.878941177545755, 12.298026628847095 ], [ 92.877700535474617, 12.293665810053989 ], [ 92.876480100978853, 12.29464495103821 ], [ 92.878941177545755, 12.298026628847095 ] ] ], [ [ [ 92.905882155419818, 12.341021548467687 ], [ 92.904898734087794, 12.338328466327679 ], [ 92.904274414202575, 12.340691962839474 ], [ 92.905882155419818, 12.341021548467687 ] ] ], [ [ [ 92.888156620112412, 12.408178692593061 ], [ 92.882754328284435, 12.374081925680875 ], [ 92.843296041760468, 12.401530189180654 ], [ 92.888156620112412, 12.408178692593061 ] ] ], [ [ [ 92.897339502275244, 12.392610452541998 ], [ 92.895545905199896, 12.395127117273779 ], [ 92.896645103916001, 12.395405461425518 ], [ 92.897339502275244, 12.392610452541998 ] ] ], [ [ [ 92.897042059849113, 12.410488811172932 ], [ 92.899242884211631, 12.407823790897121 ], [ 92.89864031918323, 12.407378365075164 ], [ 92.897042059849113, 12.410488811172932 ] ] ], [ [ [ 92.888874521275582, 12.412828327764263 ], [ 92.889260087924029, 12.41441685969408 ], [ 92.889821490016985, 12.413464795328998 ], [ 92.888874521275582, 12.412828327764263 ] ] ], [ [ [ 92.86477593813899, 12.420841654680697 ], [ 92.86773131365355, 12.413082023954999 ], [ 92.858917291905314, 12.415356195595365 ], [ 92.86477593813899, 12.420841654680697 ] ] ], [ [ [ 92.84688578859938, 12.416754579127819 ], [ 92.836266451831392, 12.415948257009108 ], [ 92.829248918957802, 12.42548718688513 ], [ 92.836250944012463, 12.425761411573962 ], [ 92.84688578859938, 12.416754579127819 ] ] ], [ [ [ 92.904655893806051, 12.423502056502334 ], [ 92.898979933630343, 12.42151009802528 ], [ 92.900992883561173, 12.426514959644939 ], [ 92.904655893806051, 12.423502056502334 ] ] ], [ [ [ 92.897892721242542, 12.927446314632908 ], [ 92.92214512976706, 12.91304261903745 ], [ 92.904457673758429, 12.886248403676532 ], [ 92.928157508444187, 12.883973552823065 ], [ 92.948177203699544, 12.836262083473162 ], [ 92.953324997752205, 12.803371343582398 ], [ 92.933908954501305, 12.77366277015776 ], [ 92.949740178906964, 12.770347122844168 ], [ 92.980099401688832, 12.710143064365081 ], [ 92.964684686709475, 12.704594718129892 ], [ 92.948774546195395, 12.628805441111156 ], [ 92.975523178016431, 12.542940072752186 ], [ 92.968232087144372, 12.497027671171926 ], [ 92.959194521846157, 12.486941382143437 ], [ 92.946578991807073, 12.499539794160368 ], [ 92.930314889025283, 12.480059192402679 ], [ 92.922759892398702, 12.46516564133896 ], [ 92.958673781982441, 12.473110059765473 ], [ 92.915113491773141, 12.443817423058627 ], [ 92.914792954997466, 12.406309313779047 ], [ 92.906952886132842, 12.406694679310137 ], [ 92.909925551928438, 12.420498043500695 ], [ 92.892305184229855, 12.436444777027916 ], [ 92.856188417427134, 12.45677840135561 ], [ 92.899301342693335, 12.416399356714054 ], [ 92.80760036330048, 12.43734042769548 ], [ 92.830869071391163, 12.427663085051524 ], [ 92.828693753814193, 12.426111995716385 ], [ 92.828269759433738, 12.418932576051603 ], [ 92.834581921971306, 12.410446347716393 ], [ 92.829321012515024, 12.411063911086016 ], [ 92.826543060923953, 12.409347222337768 ], [ 92.840583569331741, 12.407458827442563 ], [ 92.858706662473537, 12.363622417366589 ], [ 92.883873181085221, 12.356149290640214 ], [ 92.896125587678767, 12.3365059664604 ], [ 92.881611170800014, 12.344916953196543 ], [ 92.867830814486126, 12.33156115145904 ], [ 92.887524031905826, 12.331950259351858 ], [ 92.895176201079323, 12.320204106297641 ], [ 92.832114009683551, 12.302535557007545 ], [ 92.80976744688283, 12.314926193306723 ], [ 92.794877300836276, 12.306052367022373 ], [ 92.771455556213141, 12.319635498975199 ], [ 92.754837222446852, 12.296007558817353 ], [ 92.719558122936903, 12.300385334429762 ], [ 92.69890102281596, 12.327820182862917 ], [ 92.708771029192221, 12.493391253777254 ], [ 92.694194637906762, 12.515401901980869 ], [ 92.707518309644115, 12.595187807374549 ], [ 92.68455465427931, 12.608880211304349 ], [ 92.70393146541798, 12.606800770320108 ], [ 92.714906929575136, 12.643292704591147 ], [ 92.724096898596997, 12.625893364617385 ], [ 92.752198720470091, 12.671177043840681 ], [ 92.774853386649085, 12.669753930977947 ], [ 92.781351855198707, 12.635279777080035 ], [ 92.789081047376172, 12.675052716683568 ], [ 92.785676459599657, 12.698162964740741 ], [ 92.7676257160511, 12.671526597785883 ], [ 92.732801584428699, 12.674355587982982 ], [ 92.746023379799567, 12.722768875045517 ], [ 92.720878667310416, 12.788099203331592 ], [ 92.723504469312402, 12.82685520278368 ], [ 92.73175415836586, 12.835325702519222 ], [ 92.738354498574409, 12.810607816698228 ], [ 92.740111730629607, 12.836597680354128 ], [ 92.743378213717847, 12.824215080122269 ], [ 92.760114942703268, 12.859404571435809 ], [ 92.763222391267803, 12.852436459989612 ], [ 92.770141025955496, 12.845877212907503 ], [ 92.770493342494362, 12.863636146581884 ], [ 92.793778072571214, 12.862945249379145 ], [ 92.80295446574911, 12.897238016303541 ], [ 92.831013769399661, 12.884687605772722 ], [ 92.841749221602129, 12.891520255550182 ], [ 92.84014382538696, 12.877429947992306 ], [ 92.841806078109755, 12.875561266542309 ], [ 92.858755301509575, 12.877820124060854 ], [ 92.874390392552471, 12.881596924987901 ], [ 92.87313108442423, 12.893252022974366 ], [ 92.886221271982819, 12.893599835985095 ], [ 92.896049042896436, 12.898618544418815 ], [ 92.897892721242542, 12.927446314632908 ] ] ], [ [ [ 92.778154868562339, 12.866694189915302 ], [ 92.776082901635363, 12.86539208639751 ], [ 92.776164070948539, 12.866608721296462 ], [ 92.778154868562339, 12.866694189915302 ] ] ], [ [ [ 92.782582273972523, 12.892720789794041 ], [ 92.78938957817698, 12.883118119779487 ], [ 92.78266905882235, 12.883356730371906 ], [ 92.782582273972523, 12.892720789794041 ] ] ], [ [ [ 92.891872091323563, 12.898085993912449 ], [ 92.893481231372334, 12.89953707497085 ], [ 92.89371824808272, 12.898088514257767 ], [ 92.891872091323563, 12.898085993912449 ] ] ], [ [ [ 92.791840718398447, 12.91681170290849 ], [ 92.792641488604318, 12.892046544374889 ], [ 92.774077452667129, 12.911536007149433 ], [ 92.791840718398447, 12.91681170290849 ] ] ], [ [ [ 92.863215355344636, 12.913820754901904 ], [ 92.86526378542689, 12.913572649545658 ], [ 92.864753441832136, 12.912483672696842 ], [ 92.863215355344636, 12.913820754901904 ] ] ], [ [ [ 92.880658665567637, 12.930061001539476 ], [ 92.872309487416146, 12.915999338575695 ], [ 92.858774143548331, 12.927746046228572 ], [ 92.862121819445449, 12.933809971009349 ], [ 92.880658665567637, 12.930061001539476 ] ] ], [ [ [ 92.888196436679252, 12.929259131046614 ], [ 92.88684970258943, 12.928110408946658 ], [ 92.886445617518831, 12.928966002395837 ], [ 92.888196436679252, 12.929259131046614 ] ] ], [ [ [ 92.892449505019684, 12.932662349718855 ], [ 92.891074360067748, 12.931771377800498 ], [ 92.891676946550419, 12.932957652088396 ], [ 92.892449505019684, 12.932662349718855 ] ] ], [ [ [ 92.890360352422235, 12.938065332710975 ], [ 92.89094348994503, 12.936139498110499 ], [ 92.889382671649443, 12.9352041626921 ], [ 92.890360352422235, 12.938065332710975 ] ] ], [ [ [ 92.901662853988768, 12.941833916852463 ], [ 92.902109228167845, 12.938997789954296 ], [ 92.899889342274946, 12.941958436643825 ], [ 92.901662853988768, 12.941833916852463 ] ] ], [ [ [ 92.911942374249804, 13.002448871777244 ], [ 92.911392830235528, 13.004991774154934 ], [ 92.912670078246549, 13.002762192922493 ], [ 92.911942374249804, 13.002448871777244 ] ] ], [ [ [ 92.910189940706587, 13.00690488787686 ], [ 92.909395012884715, 13.007907905776596 ], [ 92.910163042976379, 13.00785870918634 ], [ 92.910189940706587, 13.00690488787686 ] ] ], [ [ [ 92.797186034753878, 13.168117003574357 ], [ 92.794458319083432, 13.171154513234027 ], [ 92.79707825488336, 13.170277532662052 ], [ 92.797186034753878, 13.168117003574357 ] ] ], [ [ [ 92.812233260997303, 13.419516236328768 ], [ 92.817848337250041, 13.411713229411783 ], [ 92.814498465796532, 13.403493096764038 ], [ 92.812233260997303, 13.419516236328768 ] ] ], [ [ [ 92.864960416966468, 13.412021271928468 ], [ 92.866113287670586, 13.41350487862748 ], [ 92.867071872216613, 13.411907497092862 ], [ 92.864960416966468, 13.412021271928468 ] ] ], [ [ [ 92.84434381430448, 13.436731031394121 ], [ 92.834906525360964, 13.420112836709029 ], [ 92.821882052538456, 13.421804900421762 ], [ 92.825574824837844, 13.439278300503974 ], [ 92.84434381430448, 13.436731031394121 ] ] ], [ [ [ 92.872327581717315, 13.512184514315219 ], [ 92.866831538105998, 13.507241743840911 ], [ 92.870187405504495, 13.513185748952777 ], [ 92.872327581717315, 13.512184514315219 ] ] ], [ [ [ 92.906851626352946, 13.537094848223562 ], [ 92.91172042914215, 13.533293542947343 ], [ 92.905676008137917, 13.530776468291778 ], [ 92.906851626352946, 13.537094848223562 ] ] ], [ [ [ 92.875627439542299, 13.535459664727108 ], [ 92.875192083171811, 13.540313940376921 ], [ 92.877762072269704, 13.538141431261581 ], [ 92.875627439542299, 13.535459664727108 ] ] ], [ [ [ 92.903685360848158, 13.596688941571392 ], [ 92.89257467434409, 13.587381947426938 ], [ 92.885005511897603, 13.57461928871453 ], [ 92.888471775193509, 13.59515226537598 ], [ 92.903685360848158, 13.596688941571392 ] ] ], [ [ [ 93.04907819741122, 8.46757004026915 ], [ 93.057309807424232, 8.458314942904462 ], [ 93.057472973023238, 8.440527872104823 ], [ 93.035553338409798, 8.452639058706318 ], [ 93.04907819741122, 8.46757004026915 ] ] ], [ [ [ 93.035905125844778, 11.836282109233723 ], [ 93.05953025512953, 11.844932049079732 ], [ 93.071509073593859, 11.83909897682704 ], [ 93.048851051522234, 11.813298502172564 ], [ 93.015288705487777, 11.828601452772885 ], [ 93.013066310512386, 11.850002765403442 ], [ 93.035905125844778, 11.836282109233723 ] ] ], [ [ [ 92.963082072967012, 12.042845304309658 ], [ 93.005794349203867, 12.024677711324545 ], [ 93.046436531186671, 11.924250294771847 ], [ 93.045021081757938, 11.884483664108849 ], [ 93.025721515875489, 11.889408307795183 ], [ 93.002206774804918, 11.948618251091849 ], [ 92.973808590994409, 11.94942894324983 ], [ 92.960000488964369, 11.981813206582173 ], [ 92.925373149908353, 11.99793239713857 ], [ 92.963082072967012, 12.042845304309658 ] ] ], [ [ [ 92.969614416167971, 12.063892305232796 ], [ 92.9713571800213, 12.065065601145506 ], [ 92.97144121104435, 12.064112100629185 ], [ 92.969614416167971, 12.063892305232796 ] ] ], [ [ [ 92.959629777310198, 12.107256440238139 ], [ 93.005761955513634, 12.100380565535943 ], [ 92.994488574157117, 12.044346902611549 ], [ 92.975950800466705, 12.066677630414969 ], [ 92.961744107554352, 12.071921618278003 ], [ 92.971540433583016, 12.088173101366104 ], [ 92.959629777310198, 12.107256440238139 ] ] ], [ [ [ 92.957623170212614, 12.102187069755972 ], [ 92.951745704512433, 12.08444421329963 ], [ 92.948055610055249, 12.116317055535298 ], [ 92.957623170212614, 12.102187069755972 ] ] ], [ [ [ 93.02910540936351, 12.163156349694797 ], [ 93.034133739023403, 12.10033037814984 ], [ 93.054079918676081, 12.075983344161687 ], [ 93.045299497535311, 12.045734615169422 ], [ 93.00777809010377, 12.075626788753304 ], [ 93.008638434378426, 12.104098868400902 ], [ 93.000233526544321, 12.107953420681234 ], [ 93.000447505105896, 12.11049436826422 ], [ 93.003149885149298, 12.111341280039222 ], [ 93.005222991313758, 12.115102959267162 ], [ 93.007242945764105, 12.147063367104309 ], [ 93.02910540936351, 12.163156349694797 ] ] ], [ [ [ 93.002530856432799, 12.117866217605822 ], [ 93.001493541858025, 12.111198722618562 ], [ 92.998064826293145, 12.113800955846052 ], [ 93.002530856432799, 12.117866217605822 ] ] ], [ [ [ 92.95600634904217, 12.146589693533429 ], [ 92.992154322063513, 12.144082852477451 ], [ 92.997831032183214, 12.11444530788887 ], [ 92.963081892542732, 12.122877348728066 ], [ 92.95600634904217, 12.146589693533429 ] ] ], [ [ [ 92.939780447275339, 12.22207034988222 ], [ 92.934230568576282, 12.211242663715174 ], [ 92.93568840099303, 12.201868297434691 ], [ 92.932801819578884, 12.196088682360907 ], [ 92.925288480562671, 12.216255133160381 ], [ 92.939780447275339, 12.22207034988222 ] ] ], [ [ [ 92.934928056123141, 12.304174097285474 ], [ 92.942303530171117, 12.275684475763137 ], [ 92.923187760085355, 12.230681197876594 ], [ 92.920899938396502, 12.266341901747884 ], [ 92.90061400329823, 12.271929213931534 ], [ 92.90186627278959, 12.288740775007293 ], [ 92.927918845528751, 12.280871693180377 ], [ 92.934928056123141, 12.304174097285474 ] ] ], [ [ [ 93.028432155355404, 12.280052985810125 ], [ 93.026553478378176, 12.273839609207981 ], [ 93.022092411663053, 12.274680529477232 ], [ 93.028432155355404, 12.280052985810125 ] ] ], [ [ [ 92.912941997309645, 12.332027269831476 ], [ 92.910948641916562, 12.334155008716634 ], [ 92.911848700803446, 12.335540220757622 ], [ 92.912941997309645, 12.332027269831476 ] ] ], [ [ [ 92.909912882332492, 12.350513310367431 ], [ 92.918143053196061, 12.34935186404104 ], [ 92.91067304050064, 12.337890948289559 ], [ 92.909912882332492, 12.350513310367431 ] ] ], [ [ [ 92.929036673549689, 12.412697970638012 ], [ 92.960624429715679, 12.419207969530577 ], [ 92.930926420114673, 12.35850490577454 ], [ 92.917320587877228, 12.368990788749564 ], [ 92.929036673549689, 12.412697970638012 ] ] ], [ [ [ 92.934300086411724, 12.913748869817063 ], [ 92.932757387767282, 12.919020741454418 ], [ 92.936687091458779, 12.915677076679177 ], [ 92.934300086411724, 12.913748869817063 ] ] ], [ [ [ 93.003345548113657, 12.991883086681463 ], [ 92.980239384288637, 12.96666339774103 ], [ 92.981190056505355, 12.932929001488349 ], [ 92.952083724303549, 12.940932632143813 ], [ 92.973756011127293, 12.946490188219672 ], [ 92.9538741758398, 12.962728321236579 ], [ 92.959447397947613, 12.988924844281009 ], [ 92.972339027265406, 12.969798436400882 ], [ 92.985929839873194, 12.993456465607515 ], [ 93.003345548113657, 12.991883086681463 ] ] ], [ [ [ 92.989096152373094, 13.001060785701512 ], [ 92.987032269827182, 12.99827646356057 ], [ 92.986639054044446, 13.000050942425382 ], [ 92.989096152373094, 13.001060785701512 ] ] ], [ [ [ 92.920862275683305, 13.000524697583698 ], [ 92.939964236418675, 13.025108554560436 ], [ 92.941914208717435, 12.995519054385044 ], [ 92.920862275683305, 13.000524697583698 ] ] ], [ [ [ 92.949061339713765, 13.024820050272059 ], [ 92.948349301863516, 13.020869913733245 ], [ 92.945087265726272, 13.025305130145885 ], [ 92.949061339713765, 13.024820050272059 ] ] ], [ [ [ 92.919082313242015, 13.040368736229322 ], [ 92.915285056466132, 13.046421666912247 ], [ 92.917631254488796, 13.047587284226996 ], [ 92.919082313242015, 13.040368736229322 ] ] ], [ [ [ 92.933680085144715, 13.05022674997522 ], [ 92.931989564959338, 13.053080905165684 ], [ 92.933611635885484, 13.053250312014065 ], [ 92.933680085144715, 13.05022674997522 ] ] ], [ [ [ 92.917120121641503, 13.061836960434517 ], [ 92.913269109986615, 13.06148073401323 ], [ 92.913888612860191, 13.067013578738639 ], [ 92.917120121641503, 13.061836960434517 ] ] ], [ [ [ 93.059423089970906, 13.221705323585367 ], [ 93.058870837112366, 13.226754536773838 ], [ 93.061178456627971, 13.220739675443763 ], [ 93.059423089970906, 13.221705323585367 ] ] ], [ [ [ 93.027356937739512, 13.579251808919727 ], [ 93.040929863392961, 13.491644376742538 ], [ 93.033222513202162, 13.465705236706775 ], [ 93.016002849313168, 13.464395768137329 ], [ 93.035434839692869, 13.442270254776052 ], [ 93.016240984307771, 13.432504047910566 ], [ 93.04096572276066, 13.427812972185205 ], [ 93.046961867312618, 13.405146082227589 ], [ 93.061708449270881, 13.421157381954645 ], [ 93.059930843029264, 13.398052723367703 ], [ 93.070402135383503, 13.406264729120124 ], [ 93.051984210617647, 13.391601120796745 ], [ 93.048492421722415, 13.374875347150416 ], [ 93.044719356650532, 13.377836065172758 ], [ 93.02549908469129, 13.372984145742338 ], [ 93.048971241729291, 13.373835814729512 ], [ 93.055510042863787, 13.382132721400835 ], [ 93.090047326411664, 13.336012140311428 ], [ 93.065221514391581, 13.304277753341044 ], [ 93.060604099724571, 13.328772831114135 ], [ 93.040073997544724, 13.322113904384123 ], [ 93.046122911197429, 13.345975651366917 ], [ 93.041700961050935, 13.367694445459801 ], [ 93.03220863207504, 13.345303937106308 ], [ 93.003029813429762, 13.354056986661631 ], [ 92.98709451957987, 13.329145773606085 ], [ 92.970542314051841, 13.360422887953941 ], [ 92.950125451691903, 13.343536453252408 ], [ 92.959382276580783, 13.325810585242996 ], [ 92.998337305997282, 13.314762110643082 ], [ 92.985945864150935, 13.298939952744576 ], [ 92.991898723750438, 13.292498584886618 ], [ 93.009033882366765, 13.320948910315929 ], [ 93.00639640153419, 13.308641309156027 ], [ 93.022407652411232, 13.294118972170061 ], [ 93.010767247542248, 13.296675194331787 ], [ 93.011812221414928, 13.276837314674449 ], [ 93.046334588358164, 13.281806059263838 ], [ 93.045015401679052, 13.258785151019612 ], [ 93.065656531666463, 13.272278001907276 ], [ 93.031812115216724, 13.17866485563326 ], [ 93.034629536652574, 13.082568837300084 ], [ 93.002916497382287, 13.028631376430205 ], [ 92.96525686787642, 13.036545158063786 ], [ 92.971600924035656, 13.013197038962369 ], [ 92.934700024973694, 13.04271632839699 ], [ 92.944145898941713, 13.054937165871189 ], [ 92.936166477762299, 13.087150128040404 ], [ 92.923531261371977, 13.056576518924011 ], [ 92.91333868574965, 13.07623292177146 ], [ 92.904241726584289, 13.079908924936344 ], [ 92.911030176448278, 13.061258283076072 ], [ 92.897329085349455, 13.059132521225136 ], [ 92.890039820139364, 13.051834248748358 ], [ 92.887721151281198, 13.04493792672158 ], [ 92.916144644480127, 13.054547456502647 ], [ 92.901545883842871, 13.022082332520799 ], [ 92.908382303375419, 13.000007098628563 ], [ 92.938507836551437, 12.971722119998031 ], [ 92.912528457111435, 12.946799209587356 ], [ 92.907333937819359, 12.985912121974906 ], [ 92.896971188050415, 12.99564522308289 ], [ 92.881259891560475, 12.982178207253773 ], [ 92.877078955317913, 12.94433612450141 ], [ 92.854502955869265, 12.939769648690815 ], [ 92.858367539694228, 12.903349835218153 ], [ 92.875767362216976, 12.908649026232601 ], [ 92.869562390562393, 12.890118596595814 ], [ 92.873465909717424, 12.883472558393962 ], [ 92.842034639382618, 12.876520081617118 ], [ 92.842210828720084, 12.892220800800292 ], [ 92.829628171730363, 12.886465375628894 ], [ 92.794418621465127, 12.9140339277292 ], [ 92.794857385778954, 12.9873037405097 ], [ 92.818471180925727, 12.9861522039975 ], [ 92.80848492254556, 12.997883216470925 ], [ 92.825438818151667, 13.013473042695518 ], [ 92.787818174227837, 13.019640164695142 ], [ 92.796927924801693, 13.089801955381414 ], [ 92.809986992413158, 13.074179816967879 ], [ 92.807470775676663, 13.099524857488303 ], [ 92.82231084195017, 13.095736147354547 ], [ 92.825473082236712, 13.115395783316462 ], [ 92.809750009191006, 13.126667580766727 ], [ 92.84244205115634, 13.12723218873357 ], [ 92.847754110740127, 13.140550523485622 ], [ 92.809668407431388, 13.152954929079003 ], [ 92.815293575406443, 13.174791269581245 ], [ 92.835351915786987, 13.17358317271219 ], [ 92.818960326202486, 13.184331759520958 ], [ 92.827731058659992, 13.237125461826819 ], [ 92.853870720340367, 13.236316063846685 ], [ 92.851267094183356, 13.262623003795049 ], [ 92.822032916984341, 13.279143673982276 ], [ 92.841823631816368, 13.300906869151202 ], [ 92.821679185101772, 13.310554540312715 ], [ 92.839711528800649, 13.375441406969326 ], [ 92.866766350426815, 13.381576589167288 ], [ 92.842195637667729, 13.399545789186124 ], [ 92.84914158475911, 13.411617681102223 ], [ 92.868082531155224, 13.402549968261786 ], [ 92.883895506973232, 13.429558706612941 ], [ 92.872050089674872, 13.47201432754526 ], [ 92.929737643401722, 13.501861058392864 ], [ 92.914948279163625, 13.533857387241222 ], [ 92.954154346108609, 13.543616814924869 ], [ 92.990019992687053, 13.527234026790193 ], [ 92.988200026196822, 13.573330753644488 ], [ 93.009557551070642, 13.542467343989561 ], [ 93.017950895909351, 13.572546725559871 ], [ 93.027356937739512, 13.579251808919727 ] ] ], [ [ [ 93.016594202456858, 13.284642112459169 ], [ 93.014805791240533, 13.284820432071053 ], [ 93.016494110834088, 13.285081328806793 ], [ 93.016594202456858, 13.284642112459169 ] ] ], [ [ [ 93.017672036036359, 13.32929328656026 ], [ 93.024062535571503, 13.305183806585442 ], [ 93.021544929493587, 13.301254576423393 ], [ 93.017672036036359, 13.32929328656026 ] ] ], [ [ [ 92.968008328353505, 13.335745725116613 ], [ 92.965422926934849, 13.335989874227323 ], [ 92.969958977012411, 13.33874564185132 ], [ 92.968008328353505, 13.335745725116613 ] ] ], [ [ [ 93.007277451002693, 13.335578732901681 ], [ 93.008632991368842, 13.33730000928162 ], [ 93.009538369796999, 13.336753601779204 ], [ 93.007277451002693, 13.335578732901681 ] ] ], [ [ [ 93.014406270028758, 13.339077542168965 ], [ 93.014860355384144, 13.337357979996941 ], [ 93.013449567377137, 13.337669392087587 ], [ 93.014406270028758, 13.339077542168965 ] ] ], [ [ [ 93.020227975014407, 13.338252369721511 ], [ 93.016461252527463, 13.34394106929091 ], [ 93.018852923191474, 13.345952250866098 ], [ 93.020227975014407, 13.338252369721511 ] ] ], [ [ [ 93.037422083439836, 13.340699307314928 ], [ 93.036854196926342, 13.343270471008601 ], [ 93.038631873451948, 13.343895974658228 ], [ 93.037422083439836, 13.340699307314928 ] ] ], [ [ [ 93.064138670031198, 13.385681430940023 ], [ 93.060625139798205, 13.385574581957409 ], [ 93.063463431571876, 13.386862335379321 ], [ 93.064138670031198, 13.385681430940023 ] ] ], [ [ [ 92.915773076846165, 13.514528868024437 ], [ 92.921938867678449, 13.512799763863168 ], [ 92.914534094273833, 13.506845108855586 ], [ 92.915773076846165, 13.514528868024437 ] ] ], [ [ [ 93.006076597994166, 13.555566664346394 ], [ 93.00563256234544, 13.561025681134987 ], [ 93.00727250469545, 13.555450840587218 ], [ 93.006076597994166, 13.555566664346394 ] ] ], [ [ [ 93.052366148641468, 13.565047371213195 ], [ 93.056403454464075, 13.562820075499516 ], [ 93.05357834891889, 13.560386668561826 ], [ 93.052366148641468, 13.565047371213195 ] ] ], [ [ [ 93.064570849112116, 13.653495807156462 ], [ 93.054956809959364, 13.64351488704092 ], [ 93.046684317486793, 13.621147242435116 ], [ 93.043103315247663, 13.637567810287804 ], [ 93.064570849112116, 13.653495807156462 ] ] ], [ [ [ 93.018094204113268, 13.675002038867092 ], [ 93.03183511917706, 13.633674939452595 ], [ 93.025692998865381, 13.627179438132369 ], [ 92.976919891153642, 13.654955297133318 ], [ 93.018094204113268, 13.675002038867092 ] ] ], [ [ [ 93.848703370261688, 7.244782333968542 ], [ 93.849754904721564, 7.215557243305231 ], [ 93.882606719251967, 7.203706274106624 ], [ 93.887224301160273, 7.087056626283643 ], [ 93.914421446976235, 7.055199212254989 ], [ 93.916642440273847, 7.025721266642784 ], [ 93.947953294964648, 7.002313710184773 ], [ 93.924849647796236, 7.011805329703252 ], [ 93.913742185948024, 7.000189448676719 ], [ 93.945622367499212, 6.956179236864555 ], [ 93.923493349768009, 6.952024466400707 ], [ 93.916484496787263, 6.913934704713396 ], [ 93.896946285423311, 6.90324344392059 ], [ 93.902774912421989, 6.814726519560869 ], [ 93.882139892018756, 6.794657191959818 ], [ 93.869266556911924, 6.81619416228327 ], [ 93.851846183899085, 6.815177268679004 ], [ 93.828395544741227, 6.755953894630332 ], [ 93.805120246690379, 6.766280724704608 ], [ 93.815985849889969, 6.817180653365052 ], [ 93.787432962037215, 6.830778808083667 ], [ 93.795248025171716, 6.851536979182407 ], [ 93.772067487615089, 6.876767839255565 ], [ 93.781552291962072, 6.891830195730223 ], [ 93.742790376604731, 6.923943458066216 ], [ 93.746768602848945, 6.961872622557222 ], [ 93.694106701734526, 7.015517588441311 ], [ 93.66350585298062, 7.005496894503843 ], [ 93.674249929775144, 7.023323634976841 ], [ 93.657804408193272, 7.098786666129848 ], [ 93.674751430757013, 7.113593131683596 ], [ 93.656130617990925, 7.125986258440256 ], [ 93.676453218801086, 7.140806460292938 ], [ 93.68645488641387, 7.189431967416505 ], [ 93.728896327725536, 7.184465943709602 ], [ 93.760371136490605, 7.214409810443526 ], [ 93.80471322193938, 7.203053724586759 ], [ 93.80609075027435, 7.232527201818763 ], [ 93.848703370261688, 7.244782333968542 ] ] ], [ [ [ 93.7211913864314, 7.213346463377986 ], [ 93.707370241516244, 7.227260924987576 ], [ 93.709218109889392, 7.230357351749685 ], [ 93.7211913864314, 7.213346463377986 ] ] ], [ [ [ 93.840725061271726, 7.285952379537354 ], [ 93.839889519189242, 7.288298063761636 ], [ 93.843078340101982, 7.289884866256917 ], [ 93.840725061271726, 7.285952379537354 ] ] ], [ [ [ 93.705097413309048, 7.442500398646953 ], [ 93.723010716130219, 7.399868218562286 ], [ 93.756476572896929, 7.374499617292288 ], [ 93.757049087996279, 7.357915197750808 ], [ 93.724203760626821, 7.308199534891772 ], [ 93.699723863438876, 7.30280346152626 ], [ 93.647172904995969, 7.243869732706527 ], [ 93.621213732720989, 7.309262105403069 ], [ 93.636543672463006, 7.321110330306843 ], [ 93.632877304478214, 7.371026646159515 ], [ 93.674328907696946, 7.373189708072298 ], [ 93.708757668121393, 7.394408834211891 ], [ 93.705097413309048, 7.442500398646953 ] ] ], [ [ [ 93.771836517000949, 7.395536981700855 ], [ 93.762864479913148, 7.398478156297317 ], [ 93.767651474528051, 7.403329314035622 ], [ 93.771836517000949, 7.395536981700855 ] ] ], [ [ [ 93.687906515762222, 7.396088990235628 ], [ 93.690861584509747, 7.409197277766343 ], [ 93.696263147762039, 7.399384724878565 ], [ 93.687906515762222, 7.396088990235628 ] ] ], [ [ [ 93.646398174559366, 7.47666788526455 ], [ 93.652128001771501, 7.470079220622714 ], [ 93.644456995785262, 7.470730176978472 ], [ 93.646398174559366, 7.47666788526455 ] ] ], [ [ [ 93.633993702013157, 7.475891699521259 ], [ 93.631344349873203, 7.479901341559656 ], [ 93.636362256047661, 7.478752018573929 ], [ 93.633993702013157, 7.475891699521259 ] ] ], [ [ [ 93.549866408525546, 7.51650885505043 ], [ 93.540528022068415, 7.520566541548615 ], [ 93.543171467134982, 7.52457685346291 ], [ 93.549866408525546, 7.51650885505043 ] ] ], [ [ [ 93.396874775940475, 8.018102383046971 ], [ 93.409051415270028, 8.006374727390645 ], [ 93.396836535428491, 7.968688145178098 ], [ 93.432858876638747, 7.965959809995316 ], [ 93.464129667455012, 7.931724723424542 ], [ 93.47491876021715, 7.893132860039889 ], [ 93.461574816713011, 7.873040349747739 ], [ 93.424785083965418, 7.907316919341479 ], [ 93.379219755518605, 7.883487783666759 ], [ 93.357814077854243, 7.889472574848019 ], [ 93.342830121417791, 7.918950271745511 ], [ 93.35733671398269, 7.941856489003325 ], [ 93.331258729889925, 7.924465967160309 ], [ 93.319542763146373, 7.932334835682587 ], [ 93.311025328064304, 7.962072461977675 ], [ 93.330349723327373, 8.006177468863498 ], [ 93.396874775940475, 8.018102383046971 ] ] ], [ [ [ 93.550212599483402, 8.027257659648727 ], [ 93.582420856155622, 7.992166678361327 ], [ 93.577354932862221, 7.929402479641313 ], [ 93.508124228932772, 7.984910161169394 ], [ 93.531794009303624, 8.024993397150766 ], [ 93.551293721105139, 7.996007079207944 ], [ 93.550212599483402, 8.027257659648727 ] ] ], [ [ [ 93.579761599411782, 8.124665877289834 ], [ 93.600695528277811, 8.049968568119738 ], [ 93.59247862635246, 8.038528952221704 ], [ 93.562812070059209, 8.12032642851794 ], [ 93.579761599411782, 8.124665877289834 ] ] ], [ [ [ 93.532271617621461, 8.230775949411923 ], [ 93.5438901071891, 8.195786575099094 ], [ 93.503160885870528, 8.147934028222405 ], [ 93.547801209560689, 8.088904366684755 ], [ 93.549799063895307, 8.036133956509897 ], [ 93.530513523434877, 8.049426216572899 ], [ 93.526082629022184, 8.033223975233264 ], [ 93.508298936851745, 8.034179523224781 ], [ 93.501469128165368, 7.997940778189041 ], [ 93.4857872490754, 8.044465528770917 ], [ 93.508774544627229, 8.037430767360714 ], [ 93.503945853473923, 8.056628666049473 ], [ 93.512014528605036, 8.06806318186811 ], [ 93.513885766070743, 8.048860355766976 ], [ 93.525622328315237, 8.052838398113749 ], [ 93.530849748892024, 8.079161780468823 ], [ 93.514329773385541, 8.084364756125385 ], [ 93.485539585576461, 8.052043795148673 ], [ 93.489916588772999, 8.090882891047654 ], [ 93.466140148330112, 8.108779649229488 ], [ 93.453803193754595, 8.168572367951871 ], [ 93.490928778025662, 8.199546334089023 ], [ 93.494259137110362, 8.222724513391963 ], [ 93.532271617621461, 8.230775949411923 ] ] ], [ [ [ 93.237848028674023, 8.263035885647637 ], [ 93.251214959718752, 8.230582749688132 ], [ 93.239507831036619, 8.221876395866982 ], [ 93.220114186054531, 8.247580060637143 ], [ 93.237848028674023, 8.263035885647637 ] ] ], [ [ [ 93.128686017571027, 8.352444988439617 ], [ 93.142998949906172, 8.34312606165776 ], [ 93.126194019344439, 8.275984856893558 ], [ 93.203241484141572, 8.216814906679682 ], [ 93.199684718452119, 8.195694675231747 ], [ 93.120778497932761, 8.224059660780565 ], [ 93.08718569359759, 8.27102644563 ], [ 93.095518176729655, 8.339466891480855 ], [ 93.128686017571027, 8.352444988439617 ] ] ], [ [ [ 93.652665579669531, 8.394347304926661 ], [ 93.647867618782925, 8.39066548246115 ], [ 93.64456917345548, 8.394832907796525 ], [ 93.652665579669531, 8.394347304926661 ] ] ], [ [ [ 93.64115915437084, 8.394040616980174 ], [ 93.643076678960426, 8.393879571034915 ], [ 93.643129734276002, 8.39366733388986 ], [ 93.64115915437084, 8.394040616980174 ] ] ], [ [ [ 93.635302491199496, 8.39701696433745 ], [ 93.63458223056945, 8.395877178038514 ], [ 93.633732031574255, 8.398026371703223 ], [ 93.635302491199496, 8.39701696433745 ] ] ], [ [ [ 93.616137677718569, 8.572823292254188 ], [ 93.64239061300502, 8.468268479840967 ], [ 93.62693682632316, 8.467733420268464 ], [ 93.622538909706819, 8.423209629847554 ], [ 93.616137677718569, 8.572823292254188 ] ] ], [ [ [ 93.608892807853877, 8.58181048449439 ], [ 93.607321482225544, 8.580513308711485 ], [ 93.607145741112888, 8.58176808448496 ], [ 93.608892807853877, 8.58181048449439 ] ] ], [ [ [ 93.081819935430232, 11.789236627085694 ], [ 93.082899070252338, 11.78013401025985 ], [ 93.078360876229041, 11.779826802105477 ], [ 93.081819935430232, 11.789236627085694 ] ] ], [ [ [ 93.096465339544878, 12.136911885888207 ], [ 93.097944100170096, 12.133702387332782 ], [ 93.096547691869375, 12.133780883639565 ], [ 93.096465339544878, 12.136911885888207 ] ] ], [ [ [ 93.110051229362099, 12.142893389152068 ], [ 93.12367442514082, 12.14031120244516 ], [ 93.115258556749467, 12.130173314433748 ], [ 93.110051229362099, 12.142893389152068 ] ] ], [ [ [ 93.07682919334529, 12.208811295055153 ], [ 93.09504538975618, 12.142433763558966 ], [ 93.090424840747701, 12.098370380741473 ], [ 93.07407799501145, 12.083798832208858 ], [ 93.036777542914521, 12.133313590549688 ], [ 93.0567861286506, 12.192830449196736 ], [ 93.07682919334529, 12.208811295055153 ] ] ], [ [ [ 93.105709466298109, 12.260253741697882 ], [ 93.103481034136237, 12.214181665252108 ], [ 93.099344652844195, 12.204485780061932 ], [ 93.092734652341875, 12.225230462858933 ], [ 93.063055006541987, 12.23355096603002 ], [ 93.07331480585411, 12.26023479159789 ], [ 93.088489370419481, 12.237304411540912 ], [ 93.105709466298109, 12.260253741697882 ] ] ], [ [ [ 93.872024759523882, 12.29051510056992 ], [ 93.872293380792598, 12.268193415545948 ], [ 93.847026697082242, 12.271397990230533 ], [ 93.849763871728641, 12.28961951746377 ], [ 93.872024759523882, 12.29051510056992 ] ] ], [ [ [ 93.067889300861609, 12.318764250370821 ], [ 93.072567076262402, 12.315906609108357 ], [ 93.062571176853851, 12.316002102355368 ], [ 93.067889300861609, 12.318764250370821 ] ] ], [ [ [ 93.070862116694371, 13.300122184683056 ], [ 93.078725059645734, 13.300546145114534 ], [ 93.072145569228468, 13.298197790812909 ], [ 93.070862116694371, 13.300122184683056 ] ] ], [ [ [ 93.075833965722339, 13.366461545986699 ], [ 93.077273781256238, 13.362892257628554 ], [ 93.073758830789217, 13.365183150249694 ], [ 93.075833965722339, 13.366461545986699 ] ] ], [ [ [ 93.081955292040092, 13.367039012704861 ], [ 93.08192685271959, 13.369671093592741 ], [ 93.083258432481955, 13.368577438133739 ], [ 93.081955292040092, 13.367039012704861 ] ] ], [ [ [ 93.090388956495616, 13.419282254954746 ], [ 93.091010102394719, 13.410071493546013 ], [ 93.087414919395258, 13.412075847338556 ], [ 93.090388956495616, 13.419282254954746 ] ] ], [ [ [ 93.071618477672004, 13.413685256406653 ], [ 93.067351470180085, 13.423724096581019 ], [ 93.072492991625523, 13.431198378328473 ], [ 93.071618477672004, 13.413685256406653 ] ] ], [ [ [ 93.097970479917649, 13.437541894300107 ], [ 93.098352916589377, 13.431519304718584 ], [ 93.096673120197963, 13.436918116150142 ], [ 93.097970479917649, 13.437541894300107 ] ] ], [ [ [ 94.274628749768638, 13.468590475548323 ], [ 94.271111534978814, 13.443110469043798 ], [ 94.251988684413107, 13.435796678954226 ], [ 94.252953960835924, 13.461582138189899 ], [ 94.274628749768638, 13.468590475548323 ] ] ] ] } },
{ "type": "Feature", "properties": { "ST_NM": "Andhra Pradesh", "state_id": "andhra_pradesh" }, "geometry": { "type": "MultiPolygon", "coordinates": [ [ [ [ 79.991207282651473, 13.484559814751222 ], [ 79.974397142684595, 13.464213977165006 ], [ 79.975820751410254, 13.430895613121214 ], [ 79.945050892602495, 13.417310874527059 ], [ 79.966229238608634, 13.387133731315291 ], [ 79.938198969153092, 13.348961321348339 ], [ 79.923332408148624, 13.356682533578638 ], [ 79.86382921223192, 13.316337437553027 ], [ 79.812892507882069, 13.317120946479362 ], [ 79.792418348437224, 13.294862823916015 ], [ 79.766612998876539, 13.315494227291197 ], [ 79.758734032302371, 13.292718799699944 ], [ 79.733851315768703, 13.28491408635254 ], [ 79.797629096821979, 13.236358846549731 ], [ 79.757106699213807, 13.207746624997146 ], [ 79.73547476786041, 13.234597293927726 ], [ 79.701381729813903, 13.220099234267567 ], [ 79.708637956894194, 13.246562183617547 ], [ 79.685905024151268, 13.242119019891437 ], [ 79.696868399068535, 13.269297079508775 ], [ 79.681019512057247, 13.294477708265438 ], [ 79.633225744748174, 13.271428320934124 ], [ 79.61356555403232, 13.280166085034836 ], [ 79.592696762355331, 13.257783522415323 ], [ 79.561093041635672, 13.27943096465769 ], [ 79.548058622117111, 13.323295039157916 ], [ 79.440989834315744, 13.335537298530213 ], [ 79.38667823034595, 13.314924657907474 ], [ 79.437227307576364, 13.293368022838958 ], [ 79.423124857324197, 13.224245409869246 ], [ 79.44838839388332, 13.241943434220188 ], [ 79.45781585827558, 13.228940873425749 ], [ 79.433934726906259, 13.220650000649179 ], [ 79.436129695958883, 13.199608466877548 ], [ 79.390651279390582, 13.194486852503523 ], [ 79.373513743394639, 13.168091496329142 ], [ 79.36004400266944, 13.175040526041609 ], [ 79.36693034492373, 13.141847295424219 ], [ 79.329038304946636, 13.131372444008615 ], [ 79.320265221832656, 13.108928062655323 ], [ 79.279607796339008, 13.153071457469355 ], [ 79.259388085540863, 13.159899729046469 ], [ 79.248891983244562, 13.138567969198997 ], [ 79.230444116178447, 13.147319581965963 ], [ 79.230467583613304, 13.115742893921015 ], [ 79.20110103153624, 13.096391713874032 ], [ 79.181633346502636, 13.064782853951483 ], [ 79.185377793069435, 13.031093559454842 ], [ 79.164975606869163, 13.019080774837304 ], [ 79.116539679526568, 13.035880895370743 ], [ 79.081180176649269, 13.02574438345248 ], [ 79.065320763972309, 13.049527334709765 ], [ 78.991447648155884, 13.087833673268291 ], [ 78.926157272827396, 13.078959238576132 ], [ 78.905252695844311, 13.046277771527713 ], [ 78.92923220602836, 13.043793384908119 ], [ 78.936517266182534, 13.029917930600552 ], [ 78.893732501202635, 13.030955703413726 ], [ 78.88771160971713, 13.097250083193195 ], [ 78.870037428770218, 13.082143214348539 ], [ 78.819664860112155, 13.088883157369716 ], [ 78.757548129881101, 13.056273922983435 ], [ 78.713869476353736, 13.066906137771557 ], [ 78.705250628559071, 13.015180362395114 ], [ 78.66250047231631, 13.028613716172512 ], [ 78.625047777553604, 12.989540125428139 ], [ 78.658275779219395, 12.929807013786899 ], [ 78.637223497072938, 12.92992342333336 ], [ 78.593642461641153, 12.781586482121702 ], [ 78.557225725719718, 12.754667512255315 ], [ 78.559468903484685, 12.696426902145161 ], [ 78.536131619985369, 12.690472915381344 ], [ 78.538127308443293, 12.711994490953845 ], [ 78.495925602770683, 12.745416965630911 ], [ 78.521504258032067, 12.709512512879941 ], [ 78.505051379403497, 12.714153187326836 ], [ 78.500276427012551, 12.67405578674823 ], [ 78.469330138009056, 12.672908026033957 ], [ 78.466539573282148, 12.622720937190312 ], [ 78.379908962754399, 12.622343222354871 ], [ 78.301777661372583, 12.663211176907565 ], [ 78.275627328954243, 12.702045916974866 ], [ 78.243781135614256, 12.70387643105424 ], [ 78.239244163352737, 12.683993332623057 ], [ 78.200909002801055, 12.69136189195526 ], [ 78.239956658047362, 12.730295277342915 ], [ 78.230283107776259, 12.757078680161165 ], [ 78.251974382694357, 12.857411662584507 ], [ 78.314105719073993, 12.857328527492497 ], [ 78.315051501181145, 12.875869906095152 ], [ 78.332600004934264, 12.87300361366885 ], [ 78.338488633675325, 12.884193157959071 ], [ 78.321897260583711, 12.883941403521883 ], [ 78.324440255958919, 12.898729924177799 ], [ 78.338158606465811, 12.899362372273426 ], [ 78.356383468144443, 12.938195959520808 ], [ 78.389420141877793, 12.905432705170536 ], [ 78.447013908221606, 12.911017002773058 ], [ 78.465536179642271, 12.863606880112775 ], [ 78.467367417211037, 12.903159915905619 ], [ 78.428099632249925, 12.93049662530948 ], [ 78.418737080005897, 12.918383758476216 ], [ 78.412142941486707, 12.943006309047892 ], [ 78.438419002697529, 12.960813079960298 ], [ 78.43367637852883, 12.978856183087611 ], [ 78.46903096232279, 12.973570822063303 ], [ 78.462556227011149, 13.041777514493559 ], [ 78.515633460077566, 13.063097827747345 ], [ 78.512918088552595, 13.091952160323039 ], [ 78.538979884357502, 13.10769663285256 ], [ 78.519708876114223, 13.12985824753245 ], [ 78.546429832618628, 13.141050371396988 ], [ 78.549728986714825, 13.161865947499814 ], [ 78.580071192639423, 13.166832793768915 ], [ 78.551851694742979, 13.197509078610866 ], [ 78.579591793079373, 13.2145502252288 ], [ 78.569744529675944, 13.237376161387399 ], [ 78.588295223725623, 13.272301167398552 ], [ 78.566401791050211, 13.309588036324907 ], [ 78.561374098411548, 13.286203633134027 ], [ 78.539467746249187, 13.285994249370715 ], [ 78.531534494077292, 13.265730501249955 ], [ 78.483140552306921, 13.301122174395429 ], [ 78.482305859295352, 13.317892431918695 ], [ 78.446478493476349, 13.308261479252241 ], [ 78.434897545986402, 13.328967629529899 ], [ 78.401658200781597, 13.313513147176252 ], [ 78.377325047950166, 13.329787092661098 ], [ 78.407729128554806, 13.342120655765347 ], [ 78.365391728744228, 13.364744175894934 ], [ 78.381483626800687, 13.40066574997071 ], [ 78.372661582044145, 13.461652516747556 ], [ 78.4007040945814, 13.587593179471785 ], [ 78.259328715263351, 13.583509048480002 ], [ 78.237277431252409, 13.596366809093118 ], [ 78.192805503067646, 13.565477241299636 ], [ 78.203405998319056, 13.625209730629653 ], [ 78.169926057687462, 13.632410346234694 ], [ 78.165092322997296, 13.65764339573837 ], [ 78.089922436086226, 13.644139095951116 ], [ 78.067432156343514, 13.675698365346793 ], [ 78.073122194765688, 13.69689543093202 ], [ 78.114546369604525, 13.693198273535348 ], [ 78.11851962364554, 13.718998689234581 ], [ 78.093955009243913, 13.742193415185376 ], [ 78.127278875254007, 13.785616731532921 ], [ 78.122469127218665, 13.849519681615829 ], [ 78.049849709202149, 13.895154234434614 ], [ 78.04658126521241, 13.861318887292136 ], [ 77.993783021515583, 13.870026151095177 ], [ 77.974421921869038, 13.82853284228128 ], [ 77.953181955356555, 13.828300975886597 ], [ 77.950964445592334, 13.888486739811441 ], [ 77.98657714757168, 13.901654161963842 ], [ 77.987069152603851, 13.955894003189059 ], [ 77.974871169291461, 13.95877053276452 ], [ 77.92000883445229, 13.905418190239441 ], [ 77.895283944408973, 13.939266417184882 ], [ 77.826404914104685, 13.942840682455595 ], [ 77.814476260733485, 13.91661056996333 ], [ 77.835971352310963, 13.868679627095135 ], [ 77.784206134285881, 13.843903524268841 ], [ 77.786685145668656, 13.820924730116189 ], [ 77.720929564112708, 13.798444128216401 ], [ 77.71690750940293, 13.740714592129509 ], [ 77.703603537843421, 13.769349745676365 ], [ 77.671708416432551, 13.760132328690636 ], [ 77.678209326897601, 13.785354140876386 ], [ 77.657021545914887, 13.783663199715042 ], [ 77.618337705298302, 13.763213746548317 ], [ 77.644711009246748, 13.743081664065093 ], [ 77.62918716910302, 13.735220347426969 ], [ 77.603442525178252, 13.751335904985233 ], [ 77.563858932881104, 13.724170977512562 ], [ 77.547190259009795, 13.751378997051161 ], [ 77.527305129728575, 13.751463655032586 ], [ 77.52926027915403, 13.695553359916198 ], [ 77.494952382954537, 13.714387035411812 ], [ 77.484114002015957, 13.685210447891366 ], [ 77.457300505121836, 13.683351114775157 ], [ 77.452334562667417, 13.703287936634792 ], [ 77.470107904184857, 13.751092862168427 ], [ 77.464845900366356, 13.804491045472828 ], [ 77.447907434242467, 13.809705616945527 ], [ 77.436000093243308, 13.795405634009054 ], [ 77.415915941623012, 13.806602518803212 ], [ 77.431770662254721, 13.842476484113732 ], [ 77.379972210027617, 13.838545794405681 ], [ 77.366529528106042, 13.852884043668334 ], [ 77.326977917527685, 13.832921679085032 ], [ 77.313812313605567, 13.864352339763055 ], [ 77.257194346741812, 13.846502881190249 ], [ 77.240470821483854, 13.901868301644885 ], [ 77.218129721974591, 13.868359158547236 ], [ 77.211502642450355, 13.888062856082525 ], [ 77.203458680440647, 13.866445272861052 ], [ 77.185324925880224, 13.866723601018416 ], [ 77.183453472397147, 13.924225946606558 ], [ 77.162340296849052, 13.906609815889786 ], [ 77.168959467917631, 13.863840080395491 ], [ 77.130276908859372, 13.85618965460397 ], [ 77.168788710436147, 13.827634275597589 ], [ 77.173222369092699, 13.761632806909924 ], [ 77.101672200736587, 13.767719791042023 ], [ 77.087003112672235, 13.744224165125182 ], [ 77.066371451620086, 13.745653087347709 ], [ 77.032559616837702, 13.778150086268399 ], [ 77.017624660433384, 13.739434905111581 ], [ 77.000062730526707, 13.748189446573535 ], [ 76.989748069786643, 13.810793150824601 ], [ 76.974365074167437, 13.820958711942291 ], [ 77.012011617410892, 13.85668652006138 ], [ 77.023259360632039, 13.899941655760294 ], [ 77.047334513481161, 13.904012734965228 ], [ 77.041845396334736, 13.93217489035297 ], [ 76.994822521287375, 13.963154319931629 ], [ 77.000165644323346, 13.987940860206718 ], [ 76.936645427070317, 14.029034176037902 ], [ 76.943496465992553, 14.053889167750024 ], [ 76.977151028956811, 14.058730108478089 ], [ 76.980629028432901, 14.071603767071402 ], [ 76.951810105101828, 14.091516691942189 ], [ 76.932363623779452, 14.13339324893489 ], [ 76.888935101431244, 14.137144490216844 ], [ 76.896672664658325, 14.165096121795743 ], [ 76.942354226107611, 14.172051600352136 ], [ 76.947002567538263, 14.195456069956187 ], [ 77.025442051866847, 14.178993173239917 ], [ 77.013989899648791, 14.104477990413653 ], [ 77.029741853502841, 14.08975872682251 ], [ 77.029488456826357, 14.05968739474995 ], [ 77.127187756925849, 14.048776451978656 ], [ 77.153577084784004, 13.99831227648505 ], [ 77.1776727076751, 14.015315623454473 ], [ 77.249064363743088, 14.013148940207753 ], [ 77.278055016586677, 14.034978672449791 ], [ 77.285092292744864, 14.013804083361167 ], [ 77.320162077592414, 14.031769143676602 ], [ 77.337097737094751, 13.997373756423457 ], [ 77.360608538351173, 13.98938002879863 ], [ 77.350586773279204, 13.957970774012132 ], [ 77.36952014722975, 13.949420179035048 ], [ 77.34951933994482, 13.919355612944203 ], [ 77.35527660750563, 13.903678735802918 ], [ 77.397480394816355, 13.904911925755144 ], [ 77.404172332379332, 13.887784049766553 ], [ 77.432770695824544, 13.909324778016487 ], [ 77.414754626891323, 13.943305333095601 ], [ 77.435790867528056, 13.950579341697505 ], [ 77.437703295996656, 13.975990202314872 ], [ 77.382586774989718, 13.976227088815392 ], [ 77.390257154635634, 14.014449914473742 ], [ 77.332903527955594, 14.029908740338849 ], [ 77.344658823826208, 14.06079202526084 ], [ 77.402229781258129, 14.110442107808844 ], [ 77.396489481728821, 14.125551151612754 ], [ 77.351205278977346, 14.102935683618746 ], [ 77.354357161953516, 14.131237522089799 ], [ 77.383366186568765, 14.136539659995524 ], [ 77.396388566917253, 14.172188189930312 ], [ 77.416442299996888, 14.176679311979322 ], [ 77.507439433122116, 14.158092852335297 ], [ 77.517335459476428, 14.17914908368425 ], [ 77.496944949202884, 14.234662067640173 ], [ 77.506208893473442, 14.267526370211879 ], [ 77.486110750657915, 14.291718290000849 ], [ 77.450284380685758, 14.284437549803986 ], [ 77.448966907832144, 14.316602554461756 ], [ 77.43411942230442, 14.311686590300317 ], [ 77.432422748301263, 14.327622998508017 ], [ 77.392106852865098, 14.331608831672341 ], [ 77.381461987192552, 14.301942737919475 ], [ 77.422372440331998, 14.21887654859389 ], [ 77.390412077504337, 14.198709448933148 ], [ 77.361897802382558, 14.236835639012147 ], [ 77.365702832515467, 14.276089875637123 ], [ 77.285820210733178, 14.282700454376798 ], [ 77.287301082767669, 14.337669861743304 ], [ 77.238012973288008, 14.317570343997053 ], [ 77.157920108992144, 14.34408094211663 ], [ 77.137644441251098, 14.336903855774553 ], [ 77.117650456575973, 14.293849482437809 ], [ 77.110888779242146, 14.219669534363728 ], [ 77.081065336517455, 14.215692715241113 ], [ 77.055230541101579, 14.245811080963453 ], [ 76.948753017821033, 14.24241683191992 ], [ 76.930040450777469, 14.278216771553577 ], [ 76.955353796297587, 14.3000879156371 ], [ 76.904018309016593, 14.325185000121621 ], [ 76.884048400204563, 14.352280314829459 ], [ 76.888042975471819, 14.396141266618969 ], [ 76.918071951734177, 14.419418783139362 ], [ 76.946652228552651, 14.405463354704942 ], [ 76.948825319169643, 14.450982063517232 ], [ 76.969434832570002, 14.457653544749931 ], [ 76.978476059795767, 14.484176175614014 ], [ 76.911378021933857, 14.489940834181414 ], [ 76.874973228516438, 14.474191205655728 ], [ 76.832147777538026, 14.528679092116629 ], [ 76.804209326881903, 14.533312061220672 ], [ 76.780619014295056, 14.595803115227085 ], [ 76.765190298201276, 14.601729112141109 ], [ 76.775497319741859, 14.679223317067782 ], [ 76.802288567329413, 14.739947944076276 ], [ 76.784466670664145, 14.78453761675472 ], [ 76.838045505848967, 14.79026550472547 ], [ 76.853045687770546, 14.809383014493985 ], [ 76.847966117184683, 14.891675860225444 ], [ 76.864538629456433, 14.896463987166015 ], [ 76.869679154154895, 14.942834463884664 ], [ 76.868626120245992, 14.969222729292566 ], [ 76.831965286434468, 14.956174296124672 ], [ 76.767620215129867, 14.974923217030176 ], [ 76.76080956709913, 14.988002748080714 ], [ 76.788433101592744, 15.021698552429262 ], [ 76.777983545784323, 15.076349752483063 ], [ 76.800767604840843, 15.095711467004183 ], [ 76.864618371784516, 15.061807454617623 ], [ 76.880833367668714, 15.033833525934144 ], [ 76.986242278718734, 15.015681292166065 ], [ 77.005184953602367, 15.034927565329216 ], [ 77.051508784568725, 15.034604011826023 ], [ 77.045652462476269, 15.010898657553968 ], [ 77.083569881384207, 15.005492377593127 ], [ 77.086822091975023, 15.027747314592544 ], [ 77.114383053449671, 15.034065348592192 ], [ 77.132403499260448, 15.09908625195426 ], [ 77.158869209359281, 15.125968425853301 ], [ 77.136835176013008, 15.148068422716673 ], [ 77.168022978290892, 15.166751946616872 ], [ 77.154688365363768, 15.213242780869079 ], [ 77.125537355778988, 15.226517770527698 ], [ 77.144915153028919, 15.256820479249612 ], [ 77.168883917822114, 15.264377307886749 ], [ 77.149812690196669, 15.271319306714288 ], [ 77.152555270637393, 15.290917712013108 ], [ 77.119963882278824, 15.295042437772809 ], [ 77.114173392717859, 15.332422217407343 ], [ 77.065938327779051, 15.326942357201114 ], [ 77.0422906065657, 15.363778217065301 ], [ 77.031544014437131, 15.440077027250927 ], [ 76.974319482651808, 15.49567036812075 ], [ 76.975806164870519, 15.51105220563281 ], [ 77.030685055023213, 15.504809601637255 ], [ 77.033240165381045, 15.638504951851159 ], [ 77.085532168909268, 15.657553154091671 ], [ 77.120409829263238, 15.629902012743361 ], [ 77.129182983225107, 15.663814002911177 ], [ 77.079961251519819, 15.695539588405664 ], [ 77.080293251794004, 15.72603231705091 ], [ 77.051018837351961, 15.729584905078649 ], [ 77.071162670323886, 15.800564084966883 ], [ 77.067778207039908, 15.827641802749765 ], [ 77.026036204686463, 15.836192202028039 ], [ 77.036948670808428, 15.857478693591965 ], [ 77.080627297045211, 15.914131942526637 ], [ 77.184708729935863, 15.954539775002905 ], [ 77.253173523833524, 15.962304868198757 ], [ 77.380830078157828, 15.938005634059813 ], [ 77.431151358686122, 15.947112217259189 ], [ 77.514409428044246, 15.925835427279996 ], [ 77.514982416432034, 16.007114784518322 ], [ 77.495543894732222, 16.035436638063217 ], [ 77.507752226290791, 16.077992315380325 ], [ 77.497671259713471, 16.088507245754805 ], [ 77.514201866079304, 16.108257412624564 ], [ 77.491407747675169, 16.120445875414543 ], [ 77.488299896662724, 16.163176153633177 ], [ 77.499983505121762, 16.2175703896167 ], [ 77.515448945785494, 16.227909042634359 ], [ 77.493404075496898, 16.22889301763265 ], [ 77.492174091313942, 16.254334029930789 ], [ 77.50586662962057, 16.272314127790732 ], [ 77.53850304254459, 16.267183330285349 ], [ 77.569758961362652, 16.3022652213367 ], [ 77.59513481692197, 16.291444898471983 ], [ 77.596402711817319, 16.342048307212426 ], [ 77.499015627997878, 16.380140809254712 ], [ 77.416082499242648, 16.366943590920616 ], [ 77.347083053369673, 16.38386674485248 ], [ 77.288648051606231, 16.407044059624312 ], [ 77.238991066239336, 16.471971134742926 ], [ 77.295954355618392, 16.47760305858926 ], [ 77.300588870731147, 16.49541113360916 ], [ 77.370421084194007, 16.488149784226049 ], [ 77.383223396523491, 16.514754740809334 ], [ 77.419547090739428, 16.521889319077541 ], [ 77.41985162345523, 16.54802685773334 ], [ 77.395561806980595, 16.569164950197461 ], [ 77.468471051827464, 16.588247453384103 ], [ 77.458074091389904, 16.617777679660595 ], [ 77.473649797685269, 16.650871616416985 ], [ 77.437114103759583, 16.64156696910959 ], [ 77.420687255700258, 16.66668279568103 ], [ 77.469264543926968, 16.682192958270189 ], [ 77.471020123736494, 16.71580372000588 ], [ 77.427507232306553, 16.718336897962331 ], [ 77.441610829367519, 16.786948678597696 ], [ 77.475305054210466, 16.782917452428368 ], [ 77.457416927500489, 16.912618079006084 ], [ 77.471798190543652, 16.92071706534994 ], [ 77.482399342997866, 16.993763941860745 ], [ 77.503468352261635, 17.010835912575882 ], [ 77.466564447582172, 17.107405945917829 ], [ 77.38003584128964, 17.141081442994572 ], [ 77.363635073124186, 17.16476466339164 ], [ 77.402517322522399, 17.211894880113988 ], [ 77.384018839235665, 17.222860335431573 ], [ 77.418670110238949, 17.233006855667519 ], [ 77.458308292749621, 17.278987471136645 ], [ 77.437766100806513, 17.291317372019375 ], [ 77.458870480169097, 17.340921793584556 ], [ 77.455343350838319, 17.373459030988275 ], [ 77.502988139240799, 17.357110661013614 ], [ 77.531932947909127, 17.375170306665343 ], [ 77.539417540889218, 17.407122321394898 ], [ 77.514537794338139, 17.415524263758989 ], [ 77.51399334837248, 17.430220320829282 ], [ 77.537364281530145, 17.443923352885456 ], [ 77.576546036891799, 17.432539464131217 ], [ 77.577170473410547, 17.45719449207462 ], [ 77.614683190037738, 17.447272270657347 ], [ 77.615005372447939, 17.472959996760437 ], [ 77.644546505978781, 17.479053492305191 ], [ 77.656885271878409, 17.506272062596 ], [ 77.652218332313055, 17.484227445405114 ], [ 77.688220464220919, 17.475953755558102 ], [ 77.691174693362484, 17.494649764827862 ], [ 77.660746455367473, 17.524345405865773 ], [ 77.595703793881384, 17.535593935808674 ], [ 77.593779780933872, 17.565627676775076 ], [ 77.552258067879421, 17.552298307276526 ], [ 77.531241135434968, 17.576017395572617 ], [ 77.505384242400652, 17.543677813648941 ], [ 77.493734941130043, 17.569024878862628 ], [ 77.443525484602034, 17.58414471018855 ], [ 77.453918817856149, 17.693838119692987 ], [ 77.565841614816478, 17.749698584649046 ], [ 77.569760481730384, 17.766681304978849 ], [ 77.508124636302327, 17.785060769411672 ], [ 77.514533507338825, 17.803902751300736 ], [ 77.529685284158134, 17.829263798503582 ], [ 77.553491301608048, 17.820506349909095 ], [ 77.576517598204063, 17.87523707609585 ], [ 77.600523009069093, 17.872903862213484 ], [ 77.588946297002593, 17.910625299115466 ], [ 77.62044021325535, 17.905303917115901 ], [ 77.627568685342695, 17.960117557473037 ], [ 77.647863734348647, 17.948781297721617 ], [ 77.657281646667258, 17.971735367587389 ], [ 77.650034437558844, 17.995547585345648 ], [ 77.610442348934569, 18.020278413865238 ], [ 77.595985791596235, 18.012436461434671 ], [ 77.54937461990869, 18.055916102763049 ], [ 77.601189021360724, 18.086455819132176 ], [ 77.601462146424623, 18.153914093605771 ], [ 77.567899703641032, 18.202526007885414 ], [ 77.588592595905652, 18.218714590990427 ], [ 77.576137775660499, 18.242477801615777 ], [ 77.606676220113627, 18.279913138664931 ], [ 77.553502331087998, 18.293192239048594 ], [ 77.570481097377893, 18.319777507591517 ], [ 77.522953344690677, 18.350989005686795 ], [ 77.558695243245921, 18.419533116031364 ], [ 77.529376245847459, 18.428989364942257 ], [ 77.531911023086238, 18.442097349724364 ], [ 77.588768118928101, 18.447119294466681 ], [ 77.549673585910753, 18.464988562064594 ], [ 77.574150713856042, 18.468486744769024 ], [ 77.580038043344388, 18.485392755433903 ], [ 77.604646050817266, 18.475858332225307 ], [ 77.58980833846779, 18.504518427291675 ], [ 77.605020222127223, 18.523530465688943 ], [ 77.600827258626836, 18.54908584101932 ], [ 77.652472497222632, 18.554202778882264 ], [ 77.66125019445002, 18.528835475587073 ], [ 77.740340769497706, 18.556479074262711 ], [ 77.751940856866668, 18.606928460602884 ], [ 77.731904370551803, 18.665721867052351 ], [ 77.761488201511568, 18.708563277257404 ], [ 77.790330690671112, 18.68566456395726 ], [ 77.841409451920825, 18.808883278756621 ], [ 77.911669763034027, 18.830983941122117 ], [ 77.946717500282176, 18.823805741227542 ], [ 77.948284539338886, 18.843772752166888 ], [ 77.903276353833874, 18.869334162121721 ], [ 77.885596197991063, 18.909862392744998 ], [ 77.844434725513636, 18.91259643014234 ], [ 77.857692489046897, 18.95353683009154 ], [ 77.81656730258463, 18.950663990393114 ], [ 77.821016505869025, 18.983538445129778 ], [ 77.771143923061032, 18.982543806722454 ], [ 77.761131337761242, 19.029601889067376 ], [ 77.765441671808389, 19.063055783588926 ], [ 77.800997544050631, 19.052367727490203 ], [ 77.806464953348538, 19.102956311194717 ], [ 77.852052809724469, 19.091131690508533 ], [ 77.83494800296603, 19.136633840253204 ], [ 77.862318456320679, 19.181712718100428 ], [ 77.850436090302068, 19.197889405707908 ], [ 77.871305638166135, 19.256116676259619 ], [ 77.909692654222013, 19.268085241844958 ], [ 77.865810398443273, 19.284903748062572 ], [ 77.864751464441994, 19.30291769762918 ], [ 77.952962275278949, 19.34209155595617 ], [ 78.049975678191686, 19.271850556153328 ], [ 78.05538144856294, 19.242790207351842 ], [ 78.086560666374439, 19.255825667255948 ], [ 78.154158414950615, 19.231199830723774 ], [ 78.174511998122597, 19.237496743008567 ], [ 78.190901564442413, 19.250513260018035 ], [ 78.201643953154488, 19.332789428411534 ], [ 78.184052671570896, 19.354019438574333 ], [ 78.186607667765429, 19.412703178786526 ], [ 78.313556473215726, 19.457404437282317 ], [ 78.283693108495555, 19.559017718398589 ], [ 78.315787321846855, 19.572600684352793 ], [ 78.315611844089759, 19.604954734343622 ], [ 78.274272757961157, 19.66380082669728 ], [ 78.290379251981079, 19.690314129665044 ], [ 78.320661657215851, 19.691221853360496 ], [ 78.349940924866956, 19.714241055834371 ], [ 78.372421288606816, 19.781670742447815 ], [ 78.365156107398107, 19.806292946140186 ], [ 78.34059912466023, 19.819158170896792 ], [ 78.343631455422241, 19.83967655282304 ], [ 78.298683238252593, 19.849991286863183 ], [ 78.314776976890855, 19.913107002959059 ], [ 78.339733725205164, 19.910494449212873 ], [ 78.327572287021951, 19.895368151222353 ], [ 78.340879857525181, 19.883615051090221 ], [ 78.388847987718606, 19.879702623394866 ], [ 78.402384176323196, 19.836943492723169 ], [ 78.481036113717835, 19.817011154302332 ], [ 78.498807962450073, 19.79385190259655 ], [ 78.531194523289471, 19.822350563539665 ], [ 78.608696004406795, 19.818272673934494 ], [ 78.701092309204427, 19.79060606253098 ], [ 78.721677879479358, 19.76776056076357 ], [ 78.790188529140536, 19.779757678477409 ], [ 78.81295833529289, 19.759054133794898 ], [ 78.851016211387162, 19.759449286980971 ], [ 78.864227969163224, 19.65756824835481 ], [ 78.921412781183264, 19.669037827582155 ], [ 78.974529835163665, 19.650617441665531 ], [ 78.968442995991765, 19.618754144053121 ], [ 78.986123421398929, 19.586582658201717 ], [ 78.96013864875853, 19.553351089103671 ], [ 78.998478558315242, 19.563586550040696 ], [ 79.024018320102044, 19.541568395503191 ], [ 79.108637637503932, 19.529668425106319 ], [ 79.110536149327245, 19.514481097748071 ], [ 79.146096713530426, 19.502910821251163 ], [ 79.18368897615369, 19.462589772568972 ], [ 79.228882618884867, 19.469741119158801 ], [ 79.212780972904085, 19.493558098255068 ], [ 79.242575168447047, 19.528668338381419 ], [ 79.249804769417864, 19.614291278096125 ], [ 79.310842698900785, 19.5919956062734 ], [ 79.320286207348474, 19.567420636403746 ], [ 79.375117482649728, 19.573177895593751 ], [ 79.419760676399974, 19.53553560919713 ], [ 79.447446955944741, 19.535599771441465 ], [ 79.476657641487705, 19.499624795833082 ], [ 79.519679837869006, 19.520266351026827 ], [ 79.521253606165672, 19.544116693307952 ], [ 79.548958346970437, 19.550705022371773 ], [ 79.558811085904139, 19.522282355452784 ], [ 79.604423642275933, 19.506084881532104 ], [ 79.627762625695283, 19.567353413283563 ], [ 79.719383163637673, 19.585657033450609 ], [ 79.746804842679296, 19.605471913999203 ], [ 79.817656514683122, 19.576299444375618 ], [ 79.834800103218498, 19.539543631646616 ], [ 79.946912223749536, 19.467298643773255 ], [ 79.979804470558818, 19.403952475909716 ], [ 79.96857780922852, 19.300578432685864 ], [ 79.926948448776614, 19.22956916734055 ], [ 79.950038800551994, 19.17388092321357 ], [ 79.864814336006191, 19.107389617656466 ], [ 79.866373394338908, 19.038034973671373 ], [ 79.922954710765396, 19.050810715884246 ], [ 79.941355901409239, 19.025212927586313 ], [ 79.945943888642958, 18.86268903874787 ], [ 79.932454452485558, 18.841360800361887 ], [ 79.900918232965353, 18.83463875919573 ], [ 79.916052487011626, 18.810538698051676 ], [ 79.938958862691393, 18.788345540520506 ], [ 80.019406602553929, 18.770812754877731 ], [ 80.053475821877313, 18.725084452452247 ], [ 80.118010231397108, 18.680522957801262 ], [ 80.165325801442592, 18.700306555193226 ], [ 80.196214433153131, 18.680020081168674 ], [ 80.209171857027428, 18.701861381706003 ], [ 80.274847759170669, 18.722436819594147 ], [ 80.349287880244475, 18.591234930425497 ], [ 80.369967088727094, 18.608540624306755 ], [ 80.389027525816033, 18.598436276102209 ], [ 80.490999322363351, 18.633029094203671 ], [ 80.64035842595851, 18.524154243027983 ], [ 80.658499405542557, 18.477698966255797 ], [ 80.706659452665576, 18.441555996032871 ], [ 80.698792818154615, 18.42492961707072 ], [ 80.734353638557678, 18.414626326166516 ], [ 80.724075740013561, 18.388608309718077 ], [ 80.752495242410404, 18.308032965962358 ], [ 80.796055057911943, 18.260050439615849 ], [ 80.741203570550113, 18.224783534042274 ], [ 80.742515701609037, 18.177792769644014 ], [ 80.805942375762115, 18.172469630672211 ], [ 80.837566572947125, 18.240217944123405 ], [ 80.8670969975107, 18.232149953143324 ], [ 80.875506577086156, 18.213461299219663 ], [ 80.856207575047605, 18.203850740043414 ], [ 80.870076782865553, 18.139007267162228 ], [ 80.981787429705079, 18.174568724974453 ], [ 80.952114965916635, 18.087566410181907 ], [ 80.974150993504324, 18.050119215246944 ], [ 81.012671353361739, 17.84543803827631 ], [ 81.053633473744256, 17.791231700946362 ], [ 81.0820055059541, 17.793575265602062 ], [ 81.167961464531544, 17.859916090360031 ], [ 81.27184814865592, 17.817976353442344 ], [ 81.41779276911852, 17.812568936028221 ], [ 81.427951890812082, 17.828314305125637 ], [ 81.475389753355287, 17.832696069080612 ], [ 81.494409075225775, 17.810452019812807 ], [ 81.577316247448209, 17.835791972706296 ], [ 81.619727928160401, 17.82335413108876 ], [ 81.671622260375074, 17.884874614035439 ], [ 81.696845919770524, 17.892765430965206 ], [ 81.711752720255731, 17.869170251689795 ], [ 81.809588199107523, 17.944102024571073 ], [ 81.960311947159184, 18.00021954369727 ], [ 82.033162778894393, 18.065971631545438 ], [ 82.068241946894261, 18.053281051928252 ], [ 82.080716303225628, 18.073780991997609 ], [ 82.13560967264263, 18.059238995927068 ], [ 82.140906007551806, 18.043897926774463 ], [ 82.168866413418328, 18.051907041691809 ], [ 82.185967299201153, 18.018960737674547 ], [ 82.269646195110738, 17.99095909396166 ], [ 82.275474228015625, 18.05670690756796 ], [ 82.306418664343482, 18.070403906246113 ], [ 82.314081114664191, 18.046316467740429 ], [ 82.330353277246843, 18.058684029302125 ], [ 82.338302734575578, 18.048938649187104 ], [ 82.352127378203008, 18.08348397810698 ], [ 82.341849180475279, 18.150715635604922 ], [ 82.366053557588799, 18.133505716869202 ], [ 82.372775531295048, 18.143252236720208 ], [ 82.357185781304864, 18.170144314735275 ], [ 82.318744503873475, 18.182839830150648 ], [ 82.314534062198348, 18.203845633723652 ], [ 82.34124747595213, 18.223974437290291 ], [ 82.329730941276168, 18.230612898487699 ], [ 82.345281962563647, 18.274324660169249 ], [ 82.380280925771004, 18.282217576239695 ], [ 82.401384306031829, 18.314514924060774 ], [ 82.392728243649628, 18.326744175760243 ], [ 82.357126050438708, 18.314178578023 ], [ 82.342801008658199, 18.325108091266834 ], [ 82.392758635494076, 18.377056507627188 ], [ 82.369595042883603, 18.417738798701453 ], [ 82.482238792761777, 18.544550206469047 ], [ 82.507396536659826, 18.509579117327586 ], [ 82.531375845576321, 18.511777965700581 ], [ 82.524401407228254, 18.463818546272428 ], [ 82.538435679332864, 18.442303429339642 ], [ 82.562046048354205, 18.445666015440541 ], [ 82.543473940250408, 18.397654001369702 ], [ 82.608820364884025, 18.376928683921971 ], [ 82.619610340295608, 18.354734181505687 ], [ 82.604842418034536, 18.349136624119588 ], [ 82.610489957485328, 18.325580615629722 ], [ 82.584794069810854, 18.315120544581458 ], [ 82.59929752342515, 18.30030747420329 ], [ 82.589116795481104, 18.278495098965951 ], [ 82.635278101205913, 18.237277954525592 ], [ 82.653687780458881, 18.248980218026972 ], [ 82.66718526356722, 18.29506440211048 ], [ 82.775376602033504, 18.339581022777221 ], [ 82.801569408410828, 18.403375974991331 ], [ 82.784478591914194, 18.428021381347111 ], [ 82.8074203728047, 18.447719364881142 ], [ 82.853174067693118, 18.418202902923628 ], [ 82.892867031999955, 18.421232842253538 ], [ 82.89317691166012, 18.387166955516182 ], [ 82.911035541551129, 18.364522175378518 ], [ 82.984706360635087, 18.36361902698475 ], [ 83.025421258822803, 18.393195537773373 ], [ 83.061629616486726, 18.384050185387022 ], [ 83.074715683736471, 18.400997326105998 ], [ 83.068028019730548, 18.437275975473938 ], [ 83.04565544328733, 18.427594766233085 ], [ 83.045514628436536, 18.443446449271278 ], [ 83.023618446660748, 18.45299313308027 ], [ 83.097462779126431, 18.546379047764333 ], [ 83.040615647140555, 18.556268278339246 ], [ 83.0349871574536, 18.576289584161884 ], [ 83.062069364120021, 18.594794931184254 ], [ 83.049207568233385, 18.605015348518236 ], [ 83.057764401718316, 18.622148436126622 ], [ 83.083868739838977, 18.611784307027506 ], [ 83.092135907464638, 18.663995484472991 ], [ 83.147035732843904, 18.669047792700951 ], [ 83.154943767831639, 18.700892109158076 ], [ 83.173192401727704, 18.700921469930961 ], [ 83.171851933620189, 18.721847148023301 ], [ 83.192021678454125, 18.733668875818751 ], [ 83.213070117017992, 18.724091662700005 ], [ 83.227376106739541, 18.7739615945884 ], [ 83.274073175871081, 18.765224600849933 ], [ 83.287446656398856, 18.797769903584481 ], [ 83.330957404557068, 18.806472043891688 ], [ 83.366786430954051, 18.840166931111469 ], [ 83.380733011765869, 18.829410849903695 ], [ 83.404196038435884, 18.838909259211846 ], [ 83.41860493452441, 18.864948417749702 ], [ 83.381763143605781, 18.893980466374728 ], [ 83.391762547304779, 18.907746133192745 ], [ 83.358035387534869, 18.923912315877317 ], [ 83.356881330818055, 18.94178523775156 ], [ 83.388088559850985, 18.931288959368374 ], [ 83.36891815229626, 18.9613193535954 ], [ 83.35286304986704, 18.964192740515784 ], [ 83.34693171065669, 18.924170662744075 ], [ 83.327776328657478, 18.933751875869348 ], [ 83.340308040692889, 18.951272956765024 ], [ 83.313126049732034, 18.997461165187246 ], [ 83.337020818791075, 18.995990390294764 ], [ 83.354167789973928, 19.017675536696345 ], [ 83.370153344217101, 19.002572299007966 ], [ 83.416652101144621, 19.004073407880355 ], [ 83.416594471531369, 18.987805662163623 ], [ 83.463286711466253, 18.953632872903597 ], [ 83.456300333194804, 19.00755196053035 ], [ 83.482371691990579, 19.008258960766341 ], [ 83.485737669383354, 19.029091507199666 ], [ 83.467160503488344, 19.077459736657772 ], [ 83.480995654065168, 19.085547593695026 ], [ 83.501387749090725, 19.060948717823294 ], [ 83.513143984340729, 19.072618193177505 ], [ 83.521430549567299, 19.032714859257169 ], [ 83.501315316700357, 19.034718369882285 ], [ 83.503174597520285, 19.019038036598772 ], [ 83.539147376566007, 19.013416899136416 ], [ 83.56002950241691, 19.055127025357422 ], [ 83.554157517252634, 19.081705391063053 ], [ 83.565375646367329, 19.059312408387768 ], [ 83.586495595891734, 19.057748822580265 ], [ 83.592140570071365, 19.087626800367616 ], [ 83.612119948824557, 19.096088626618666 ], [ 83.601988175525662, 19.128161005766913 ], [ 83.630929097297951, 19.161424424938332 ], [ 83.704717339408546, 19.024623511957088 ], [ 83.730913700648614, 19.020076840503179 ], [ 83.713422896570648, 18.993462891429317 ], [ 83.733977804199412, 18.983815944208857 ], [ 83.753534258816558, 18.926566569896579 ], [ 83.787766258573754, 18.916188784953842 ], [ 83.747249960005618, 18.986706157196053 ], [ 83.795963896308436, 19.016070693441641 ], [ 83.82244460877024, 18.961574501794832 ], [ 83.824609768287459, 18.917888107478309 ], [ 83.845394971838402, 18.91710628137762 ], [ 83.844794908199589, 18.873310339936555 ], [ 83.877885370291352, 18.827157373140185 ], [ 83.947457486563749, 18.805440268860742 ], [ 84.034691320142798, 18.811115369202316 ], [ 84.089402774755285, 18.753733524361717 ], [ 84.224231932526436, 18.796399107175048 ], [ 84.259705382904656, 18.781671714450791 ], [ 84.291404376244216, 18.79999946266437 ], [ 84.319955262347676, 18.788421356226468 ], [ 84.351538066607986, 18.821130265788085 ], [ 84.343443050478129, 18.875775375385118 ], [ 84.369830354802474, 18.860189280760313 ], [ 84.378980403643041, 18.876318841443322 ], [ 84.358853893324138, 18.892246005417419 ], [ 84.395018341891557, 18.886763970308404 ], [ 84.372714153416453, 18.905287855850187 ], [ 84.405198845628064, 18.895198785689317 ], [ 84.436729000004291, 18.922729472040505 ], [ 84.422939455008844, 18.94702628477291 ], [ 84.44795506930403, 18.975883374220114 ], [ 84.42244394751998, 19.022686541243864 ], [ 84.478935134143669, 18.990167783677546 ], [ 84.496656112597023, 19.029827302216368 ], [ 84.573321422586844, 19.073893182098384 ], [ 84.597314646263371, 19.022357955308173 ], [ 84.619878166959992, 19.063738334340655 ], [ 84.661652851588258, 19.061258417632615 ], [ 84.671713736231425, 19.075218389460609 ], [ 84.655851945670506, 19.093088323792593 ], [ 84.626973329452824, 19.085383532306754 ], [ 84.598998476740235, 19.132589293630915 ], [ 84.66827942147556, 19.130661920706817 ], [ 84.672104150746392, 19.165471647298755 ], [ 84.712291170159972, 19.157789255830139 ], [ 84.704635394731866, 19.117670746374955 ], [ 84.768581905266771, 19.080022728193761 ], [ 84.75544750263073, 19.054767966461355 ], [ 84.727972525430957, 19.051337113635924 ], [ 84.725017786313103, 19.030017642625126 ], [ 84.74269569104969, 19.049862894244711 ], [ 84.743396273747294, 19.035003449459619 ], [ 84.597832635196752, 18.874694074161848 ], [ 84.557490451335426, 18.874057339013021 ], [ 84.583054821565653, 18.85710795946148 ], [ 84.553593105000544, 18.783314891123645 ], [ 84.445544898856269, 18.673576409462353 ], [ 84.411139328595553, 18.666147971142195 ], [ 84.441362833639431, 18.654896928264669 ], [ 84.357237590230994, 18.563861852668818 ], [ 84.348143880369221, 18.583081278156182 ], [ 84.274167966679855, 18.511627669046913 ], [ 84.34906552312026, 18.548375658554718 ], [ 84.136589832791287, 18.350645685046711 ], [ 84.061076734952366, 18.335889866901937 ], [ 83.992668138051371, 18.358265141065026 ], [ 84.058597179149999, 18.325194066094333 ], [ 84.11944321386747, 18.339042206396236 ], [ 84.118364997657565, 18.301004972086282 ], [ 83.95427429764554, 18.213618331308503 ], [ 83.927033431056316, 18.224963998705963 ], [ 83.932690632851305, 18.208153366855875 ], [ 83.86944324752433, 18.170898408522667 ], [ 83.660758238028052, 18.084115409656476 ], [ 83.667931154854614, 18.072511010313349 ], [ 83.582685508614418, 18.011968232395759 ], [ 83.556042716948014, 18.019392293668886 ], [ 83.566046582899276, 18.002116813456837 ], [ 83.554256327337043, 17.962562680831581 ], [ 83.490597258117816, 17.919446128490165 ], [ 83.486636784975133, 17.927946559342502 ], [ 83.480135042949826, 17.933749963249625 ], [ 83.474576654664531, 17.936040260444372 ], [ 83.4682080226371, 17.936811602529872 ], [ 83.490597258117717, 17.919446128490037 ], [ 83.474719305698812, 17.910542328719558 ], [ 83.445998995638064, 17.920414707436066 ], [ 83.453424207406698, 17.880153325311419 ], [ 83.403674542502301, 17.843595479090411 ], [ 83.416261757273119, 17.807350948883219 ], [ 83.355789313277754, 17.752981218122606 ], [ 83.340275899256056, 17.714166736488512 ], [ 83.304430404409445, 17.695708040071921 ], [ 83.289915986470348, 17.661912062425884 ], [ 83.241347139111369, 17.625321767531137 ], [ 83.215528072485398, 17.646598458068219 ], [ 83.198156822533932, 17.638064755997473 ], [ 83.201573951756075, 17.622776312230762 ], [ 83.23105691761387, 17.615781499813465 ], [ 83.218877068414088, 17.591032334717667 ], [ 83.146962818854504, 17.549047287774268 ], [ 83.105917500133486, 17.538893793780304 ], [ 83.103109170421234, 17.54904600658876 ], [ 83.014062701905331, 17.500523482347319 ], [ 82.991029186544878, 17.469764864254657 ], [ 82.623044814788216, 17.295014822129978 ], [ 82.445541743717115, 17.164112001852228 ], [ 82.305859854247316, 17.02959647646243 ], [ 82.269685995766253, 16.933421615716718 ], [ 82.252850500806659, 16.931348734306436 ], [ 82.249489040999336, 16.890876595365651 ], [ 82.315859159295073, 16.839910077790503 ], [ 82.352109069423889, 16.849304815969443 ], [ 82.362986451986686, 16.818499766718134 ], [ 82.366026558714765, 16.928035115412879 ], [ 82.336816971720296, 16.983479361780134 ], [ 82.367874055589112, 16.939665842807976 ], [ 82.375460570846315, 16.879474665663832 ], [ 82.350458936072357, 16.721457761806622 ], [ 82.320222767857686, 16.724599695694533 ], [ 82.342522884875009, 16.709808501765615 ], [ 82.339927852462409, 16.68863875025988 ], [ 82.367872798595911, 16.701766405467115 ], [ 82.32376662349148, 16.650806355032117 ], [ 82.332317472705526, 16.579799117900784 ], [ 82.313174719874382, 16.585874658823556 ], [ 82.328003217462808, 16.583922663594695 ], [ 82.322460863420915, 16.623819256792384 ], [ 82.308418841189138, 16.604230867509319 ], [ 82.289782946149245, 16.620387337409387 ], [ 82.298218328906387, 16.570484042781132 ], [ 82.263471968586984, 16.558165823508599 ], [ 82.31323293559015, 16.554776275081377 ], [ 82.248836534442802, 16.542167363795414 ], [ 82.149337087145781, 16.487171264611121 ], [ 82.200018190280275, 16.558495287543444 ], [ 82.180191156409336, 16.561080307488055 ], [ 82.143229011692299, 16.51739372196143 ], [ 82.140709613301865, 16.484391310767364 ], [ 81.96752822404747, 16.396223423237075 ], [ 81.964941586326731, 16.437372211333116 ], [ 81.945138576865816, 16.394343995831353 ], [ 81.854568932305469, 16.370513885055185 ], [ 81.725793477963535, 16.307442917204231 ], [ 81.734993731936427, 16.348920940495606 ], [ 81.724806490162138, 16.355718937177326 ], [ 81.708753897897807, 16.302760006680145 ], [ 81.660783387366394, 16.336012260016332 ], [ 81.572819554853695, 16.348033768182251 ], [ 81.565091184122096, 16.355968147510929 ], [ 81.580484627232707, 16.360181375114017 ], [ 81.549531963271392, 16.390286626917941 ], [ 81.554467606397523, 16.360147851396857 ], [ 81.528634242041619, 16.350757948588953 ], [ 81.403214641801426, 16.336948459457371 ], [ 81.390820610319579, 16.353180410937671 ], [ 81.409300894135967, 16.356043559214044 ], [ 81.408557726009036, 16.381386984646859 ], [ 81.36808491763, 16.35598803154123 ], [ 81.312756348859409, 16.360215108257439 ], [ 81.302818969887142, 16.343475741006301 ], [ 81.321231359020544, 16.342364495808702 ], [ 81.246077208780306, 16.304391526765013 ], [ 81.26644747974359, 16.290032375247318 ], [ 81.241380551683434, 16.260652936197445 ], [ 81.267118988363151, 16.270715836276981 ], [ 81.211545964398582, 16.204866597308179 ], [ 81.184898294225746, 16.084368456050193 ], [ 81.147582552412743, 16.019179210733274 ], [ 81.152852441663512, 15.974766278082479 ], [ 81.108824065874941, 16.005124406962786 ], [ 81.08375419374093, 16.001891590743664 ], [ 81.140605189833295, 15.962168381335937 ], [ 81.04529579383059, 15.897165590601638 ], [ 81.009979172174084, 15.849202446764275 ], [ 80.996038082770738, 15.82432847580718 ], [ 81.007141989772734, 15.762524543172898 ], [ 80.956792377233626, 15.806923827500386 ], [ 80.939994379267347, 15.807177021326371 ], [ 80.989355757619521, 15.76055926663927 ], [ 80.936855848337302, 15.729698730867478 ], [ 80.862923607862882, 15.82205289140111 ], [ 80.916761717993822, 15.730818991695593 ], [ 80.838744884106646, 15.706641528049097 ], [ 80.804016273331001, 15.716214554989282 ], [ 80.804830798881881, 15.750108652180696 ], [ 80.819732185575816, 15.744263334398054 ], [ 80.807741291717875, 15.835502235192392 ], [ 80.755872843873618, 15.880164578025367 ], [ 80.640696357868279, 15.878396403101323 ], [ 80.534199531245974, 15.850108417241193 ], [ 80.555792559813227, 15.865301146103851 ], [ 80.498234669990808, 15.857117422355419 ], [ 80.521232894796043, 15.84594344802009 ], [ 80.359707819354398, 15.763774860874751 ], [ 80.277453313720002, 15.682073124603079 ], [ 80.222315190559343, 15.545013094218094 ], [ 80.175488481314915, 15.573256469479286 ], [ 80.167581393670844, 15.559448357958273 ], [ 80.135656154737333, 15.558503514474596 ], [ 80.185550313672309, 15.5597001301365 ], [ 80.213492517315785, 15.531207495066496 ], [ 80.183963706262602, 15.490694723059482 ], [ 80.210146874489467, 15.495086425118673 ], [ 80.102707107519478, 15.334151340663215 ], [ 80.080522688930529, 15.267034732899392 ], [ 80.083762462462758, 15.19529816590037 ], [ 80.030256530278251, 15.209117485806015 ], [ 80.073655885412691, 15.181858930820122 ], [ 80.045667060603805, 15.049600531569778 ], [ 80.093155383972402, 14.83322085552699 ], [ 80.07455064421336, 14.813720716898619 ], [ 80.132266467431663, 14.709175512282636 ], [ 80.121373423509837, 14.683196648648556 ], [ 80.145368656456881, 14.691232745809 ], [ 80.183878345180503, 14.58983036736563 ], [ 80.093459223620215, 14.534388302036175 ], [ 80.115571755404005, 14.529858242866529 ], [ 80.143214489647036, 14.555542853979968 ], [ 80.194646122800251, 14.563918059696395 ], [ 80.172991177982439, 14.346551381964607 ], [ 80.145875919772379, 14.254254924106597 ], [ 80.123686862573948, 14.242452740800879 ], [ 80.137485250803806, 14.237295841003052 ], [ 80.128873710807099, 14.149051433925212 ], [ 80.153691786756539, 14.024283545796337 ], [ 80.144068925014551, 14.017501331415978 ], [ 80.169395002023776, 13.992372849485195 ], [ 80.247136219317056, 13.799733363297083 ], [ 80.236756742807188, 13.655791516791203 ], [ 80.269692968384902, 13.563152697504124 ], [ 80.241806697448183, 13.467971637098627 ], [ 80.215624341935865, 13.48747756049297 ], [ 80.126246682619737, 13.507257654312371 ], [ 80.080465887127374, 13.491108165528631 ], [ 80.081944771778552, 13.550623341942362 ], [ 80.057925708242621, 13.534987965770631 ], [ 80.002125457540018, 13.539641475078758 ], [ 80.002644341261174, 13.522992705903521 ], [ 80.045268704924069, 13.514852016710346 ], [ 80.048599671022146, 13.497518646984604 ], [ 79.991207282651473, 13.484559814751222 ] ], [ [ 79.845055000586541, 13.330697349430663 ], [ 79.841370879888075, 13.326371665587896 ], [ 79.846072719421443, 13.322952567816754 ], [ 79.845055000586541, 13.330697349430663 ] ], [ [ 83.101471194587418, 18.414953162757747 ], [ 83.080976606844629, 18.387480135977842 ], [ 83.097054678316226, 18.404520927062947 ], [ 83.101471194587532, 18.414953162757797 ], [ 83.089667183885808, 18.414278746564321 ], [ 83.07726379512232, 18.404435391069498 ], [ 83.101471194587418, 18.414953162757747 ] ], [ [ 83.07497714222022, 18.381121436586071 ], [ 83.073692963579219, 18.334813719809588 ], [ 83.076701856695777, 18.323154131915302 ], [ 83.07930123905885, 18.317963117344643 ], [ 83.081948002822216, 18.317155693833712 ], [ 83.07497714222022, 18.381121436586071 ] ], [ [ 83.087037306829657, 18.320876587820656 ], [ 83.087037306829586, 18.320876587820635 ], [ 83.084494430679115, 18.318675590959455 ], [ 83.087037306829657, 18.320876587820656 ] ], [ [ 83.093183740704546, 18.334130711944521 ], [ 83.098094469182598, 18.355295315018573 ], [ 83.095907894333948, 18.349911371588121 ], [ 83.093183740704546, 18.334130711944521 ] ], [ [ 83.098622088145333, 18.35659445675617 ], [ 83.121949860769448, 18.349192903482322 ], [ 83.123989591507851, 18.348498423291591 ], [ 83.129636729805966, 18.351831362912421 ], [ 83.12398959150778, 18.34849842329163 ], [ 83.121949860769519, 18.349192903482333 ], [ 83.120503983379649, 18.354367392601091 ], [ 83.11762823919571, 18.356095462895439 ], [ 83.102192951218512, 18.35896184665404 ], [ 83.098622088145333, 18.35659445675617 ] ], [ [ 83.138485741479528, 18.349094285180488 ], [ 83.147573447179212, 18.344636478600972 ], [ 83.145082108353279, 18.346272921535785 ], [ 83.138485741479599, 18.349094285180513 ], [ 83.135979710806851, 18.351213875610995 ], [ 83.131431410523831, 18.352890583026291 ], [ 83.135979710806723, 18.351213875611009 ], [ 83.138485741479528, 18.349094285180488 ] ], [ [ 83.157994844560164, 18.338147102842299 ], [ 83.155790350213366, 18.340501671262746 ], [ 83.158468001657525, 18.337644296526921 ], [ 83.157994844560164, 18.338147102842299 ] ], [ [ 83.159569691190839, 18.33531160639102 ], [ 83.172894348559367, 18.309453087346117 ], [ 83.182517219660056, 18.314510975087298 ], [ 83.212928243859849, 18.333348959765747 ], [ 83.227089029716581, 18.334223190510897 ], [ 83.212928243859949, 18.333348959765829 ], [ 83.172894348559453, 18.309453087346185 ], [ 83.159569691190839, 18.33531160639102 ] ], [ [ 83.225619663112013, 18.325825214625524 ], [ 83.226827656380536, 18.328205848358888 ], [ 83.224088525131179, 18.324010399331307 ], [ 83.225619663112013, 18.325825214625524 ] ], [ [ 83.219290248410616, 18.312800250861827 ], [ 83.219425944548092, 18.304654081516265 ], [ 83.222999871446788, 18.322720048375821 ], [ 83.219290248410616, 18.312800250861827 ] ], [ [ 83.221431949702591, 18.300818797096479 ], [ 83.26846443875769, 18.275025747085021 ], [ 83.27030244554804, 18.268817327737871 ], [ 83.268464438757746, 18.275025747085124 ], [ 83.221431949702591, 18.300818797096479 ] ], [ [ 83.269893057388856, 18.238589845712973 ], [ 83.271861559248663, 18.217025247539176 ], [ 83.274036598421731, 18.22503602207496 ], [ 83.271978449482617, 18.231777053167207 ], [ 83.26989305738897, 18.238589845712966 ], [ 83.27173741345365, 18.260167438501753 ], [ 83.27154431797851, 18.261932564861976 ], [ 83.269893057388856, 18.238589845712973 ] ], [ [ 83.259484693562285, 18.226381099167497 ], [ 83.259903913932888, 18.225877726144692 ], [ 83.256927369509086, 18.226633685684106 ], [ 83.259484693562285, 18.226381099167497 ] ], [ [ 83.250488288129588, 18.211556698489858 ], [ 83.249411505934461, 18.22479897394485 ], [ 83.249411505934347, 18.224798973944797 ], [ 83.250488288129588, 18.211556698489858 ] ], [ [ 83.249289323657536, 18.20661685709257 ], [ 83.250255380132458, 18.21059709660609 ], [ 83.248216622178617, 18.204476343915154 ], [ 83.249289323657536, 18.20661685709257 ] ], [ [ 83.244771567274213, 18.200036342153098 ], [ 83.243503700989763, 18.199100000848119 ], [ 83.243503700989834, 18.199100000848091 ], [ 83.244771567274213, 18.200036342153098 ] ], [ [ 83.220088535293854, 18.205109258111452 ], [ 83.220088535293883, 18.205109258111463 ], [ 83.224686387948651, 18.211229445824863 ], [ 83.220088535293854, 18.205109258111452 ] ], [ [ 83.219109940336779, 18.193128112233929 ], [ 83.21843996501282, 18.190342955213339 ], [ 83.218439965012863, 18.190342955213339 ], [ 83.219109940336779, 18.193128112233929 ] ], [ [ 83.213960725554799, 18.190201686407789 ], [ 83.212423730708622, 18.190153211788825 ], [ 83.212423730708679, 18.190153211788811 ], [ 83.213960725554799, 18.190201686407789 ] ], [ [ 83.191321518019606, 18.208105637286621 ], [ 83.192467590826041, 18.206270424675459 ], [ 83.189172064020553, 18.215248285330887 ], [ 83.191321518019606, 18.208105637286621 ] ], [ [ 83.137845131839981, 18.260481804129917 ], [ 83.155572508158372, 18.22588360676307 ], [ 83.152939504748147, 18.21544697798506 ], [ 83.155572508158457, 18.225883606763091 ], [ 83.137845131839981, 18.260481804129917 ] ], [ [ 83.151592526622991, 18.206137959228872 ], [ 83.16318679156241, 18.184984009893011 ], [ 83.162623035647243, 18.188740286516349 ], [ 83.151592526623006, 18.206137959228954 ], [ 83.151228595254622, 18.21170580754416 ], [ 83.151592526622991, 18.206137959228872 ] ], [ [ 83.159773218092482, 18.179951433154827 ], [ 83.163357307233525, 18.183847872759777 ], [ 83.153713288083608, 18.177281209319474 ], [ 83.159773218092482, 18.179951433154827 ] ], [ [ 83.131378197037179, 18.178539919179968 ], [ 83.135477266505831, 18.177778268764797 ], [ 83.130326255586027, 18.180349790488481 ], [ 83.131378197037179, 18.178539919179968 ] ], [ [ 83.129131748853979, 18.203670232593481 ], [ 83.12882096298938, 18.20232346482214 ], [ 83.129037629963904, 18.204460034840675 ], [ 83.129131748853979, 18.203670232593481 ] ], [ [ 83.108123458973239, 18.222718602976631 ], [ 83.108123458973239, 18.222718602976556 ], [ 83.112640188039123, 18.222345880187397 ], [ 83.108123458973239, 18.222718602976631 ] ], [ [ 83.101201041121755, 18.210763885973257 ], [ 83.11386929354704, 18.178599068111403 ], [ 83.113430471948277, 18.183480332568934 ], [ 83.112138460736674, 18.187359376144741 ], [ 83.101201041121755, 18.210763885973257 ] ], [ [ 83.113229981430038, 18.174396357607577 ], [ 83.113782732815338, 18.178030035104349 ], [ 83.10821897871098, 18.160976071959578 ], [ 83.113229981430038, 18.174396357607577 ] ], [ [ 83.108359944312753, 18.153574289472488 ], [ 83.108359944312838, 18.153574289472601 ], [ 83.107414616174779, 18.156258230859194 ], [ 83.108359944312753, 18.153574289472488 ] ], [ [ 83.133547267819154, 18.166200526043042 ], [ 83.132366883677051, 18.165684138810615 ], [ 83.138761814943621, 18.166734399723993 ], [ 83.133547267819154, 18.166200526043042 ] ], [ [ 83.141717206156528, 18.166944721940816 ], [ 83.154927904335864, 18.163165114339904 ], [ 83.152547719043469, 18.165171680152071 ], [ 83.141717206156528, 18.166944721940816 ] ], [ [ 83.14005242780388, 18.147299281744267 ], [ 83.143369254752358, 18.148670149285596 ], [ 83.135582551819326, 18.146675394723498 ], [ 83.14005242780388, 18.147299281744267 ] ], [ [ 83.122997520555487, 18.143597008661288 ], [ 83.125230653150538, 18.144607091050659 ], [ 83.120894806377464, 18.141104549899204 ], [ 83.122997520555487, 18.143597008661288 ] ], [ [ 83.114576635438993, 18.136381758858874 ], [ 83.117057971822277, 18.137680708509777 ], [ 83.108022818587727, 18.134751332321695 ], [ 83.114576635438993, 18.136381758858874 ] ], [ [ 83.102910376989186, 18.107536414152023 ], [ 83.098064690717422, 18.116372567219287 ], [ 83.100985681335544, 18.131476760593408 ], [ 83.098064690717351, 18.116372567219187 ], [ 83.102910376989186, 18.107536414152023 ] ], [ [ 83.101728651143702, 18.103198322714668 ], [ 83.101001973079704, 18.101701162103883 ], [ 83.101001973079804, 18.10170116210395 ], [ 83.101728651143702, 18.103198322714668 ] ], [ [ 83.057840970065371, 18.086900729978531 ], [ 83.054901945216827, 18.079064711513006 ], [ 83.054901945216841, 18.079064711513013 ], [ 83.057840970065371, 18.086900729978531 ] ], [ [ 83.045951346017475, 18.073308484303933 ], [ 83.045951346017603, 18.073308484303993 ], [ 83.052051633123995, 18.076400550796961 ], [ 83.053080294128989, 18.077362030856118 ], [ 83.045951346017475, 18.073308484303933 ] ], [ [ 83.034781952083904, 18.05307174122413 ], [ 83.035854823163973, 18.055298132786465 ], [ 83.034053248103177, 18.052228985220463 ], [ 83.034781952083904, 18.05307174122413 ] ], [ [ 83.01006864817559, 18.02489065469431 ], [ 83.002941871614652, 17.990420041355623 ], [ 83.024505289051532, 18.041880296299315 ], [ 83.01006864817559, 18.02489065469431 ] ], [ [ 83.00928318787237, 17.968471700371971 ], [ 83.04644447726119, 17.957411282637022 ], [ 83.00928318787237, 17.968471700372106 ], [ 83.002820526384923, 17.989322457046306 ], [ 83.00928318787237, 17.968471700371971 ] ], [ [ 83.053939362307986, 17.953619034236834 ], [ 83.086381387506449, 17.935065044668828 ], [ 83.105097642141629, 17.931625655512146 ], [ 83.112082192838415, 17.916086132712973 ], [ 83.105097642141686, 17.931625655512278 ], [ 83.053939362307986, 17.953619034236834 ] ], [ [ 83.119442557843172, 17.908375475881655 ], [ 83.114968976284615, 17.912905937894806 ], [ 83.120915145795706, 17.90594201988133 ], [ 83.119442557843172, 17.908375475881655 ] ], [ [ 83.125419058827617, 17.89253037735574 ], [ 83.12498205138462, 17.894744761652689 ], [ 83.12504526160842, 17.888801484221691 ], [ 83.125419058827617, 17.89253037735574 ] ], [ [ 83.133179778713298, 17.87092549656272 ], [ 83.126012119672325, 17.875255383259585 ], [ 83.124146136829509, 17.870024542918209 ], [ 83.133179778713298, 17.87092549656272 ] ], [ [ 83.149095054670056, 17.836981284408175 ], [ 83.13875045164076, 17.869663272307662 ], [ 83.138750451640632, 17.86966327230769 ], [ 83.144294759041529, 17.843862144459536 ], [ 83.149095054670056, 17.836981284408175 ] ], [ [ 83.15595467935492, 17.83006115939008 ], [ 83.149161430998461, 17.836886138970947 ], [ 83.155954679354963, 17.830061159389956 ], [ 83.15595467935492, 17.83006115939008 ] ], [ [ 83.155581115644907, 17.831274452620107 ], [ 83.15567449799272, 17.830971157178563 ], [ 83.1560125893308, 17.83281005616973 ], [ 83.155581115644907, 17.831274452620107 ] ], [ [ 83.160567035072631, 17.840463541761835 ], [ 83.160187095337818, 17.839994426361717 ], [ 83.162431930574741, 17.841599170261027 ], [ 83.160567035072631, 17.840463541761835 ] ], [ [ 83.167865102258105, 17.844294405768586 ], [ 83.200212810253149, 17.844661260730625 ], [ 83.203881405963401, 17.854858572622756 ], [ 83.204123089919051, 17.856678970174404 ], [ 83.200212810253106, 17.844661260730675 ], [ 83.192730521625492, 17.845969547402944 ], [ 83.185726872585064, 17.846272650914841 ], [ 83.172218378962725, 17.845510526640226 ], [ 83.167865102258105, 17.844294405768586 ] ], [ [ 83.211838313160115, 17.872261008673263 ], [ 83.210830175147308, 17.87188646914527 ], [ 83.216571906440393, 17.870262409050188 ], [ 83.211838313160115, 17.872261008673263 ] ], [ [ 83.222504240815724, 17.869152635215325 ], [ 83.23087092218833, 17.868922540647045 ], [ 83.230870922188302, 17.868922540647134 ], [ 83.222504240815724, 17.869152635215325 ] ], [ [ 83.229216189227159, 17.875178178064921 ], [ 83.22940819340478, 17.876448090364111 ], [ 83.229216189227145, 17.875178178064971 ], [ 83.229216189227159, 17.875178178064921 ] ], [ [ 83.240280506122915, 17.902377136688798 ], [ 83.24719343693414, 17.906689853477946 ], [ 83.240280506122929, 17.902377136688813 ], [ 83.240280506122915, 17.902377136688798 ] ], [ [ 83.229705382638841, 17.939389893283732 ], [ 83.230473989478625, 17.940636240350134 ], [ 83.229705382638826, 17.93938989328376 ], [ 83.229705382638841, 17.939389893283732 ] ], [ [ 83.239074156356878, 17.947477102970641 ], [ 83.297031435521802, 17.977416793255209 ], [ 83.281728220520279, 17.970703840180022 ], [ 83.239074156356878, 17.947477102970641 ] ], [ [ 83.323865247871709, 18.031268986406758 ], [ 83.319456741800252, 18.026744724621405 ], [ 83.329404992472632, 18.03514755857514 ], [ 83.323865247871709, 18.031268986406758 ] ], [ [ 83.349331885484801, 18.047123017548294 ], [ 83.336994587869981, 18.044177653035547 ], [ 83.336994587869938, 18.044177653035494 ], [ 83.344806643127896, 18.045141957115412 ], [ 83.349331885484801, 18.047123017548294 ] ], [ [ 83.357366927175704, 18.055027557523072 ], [ 83.365069474232712, 18.056231269256784 ], [ 83.359131839479062, 18.056275102861605 ], [ 83.357366927175704, 18.055027557523072 ] ], [ [ 83.397419528210904, 18.051894154476262 ], [ 83.408906573843979, 18.038748314032997 ], [ 83.385863197133446, 18.052122948648773 ], [ 83.397419528210904, 18.051894154476262 ] ], [ [ 83.406157428024144, 18.024978237569524 ], [ 83.417669652651057, 18.006335019022615 ], [ 83.417298353321996, 18.00114046974964 ], [ 83.417810339030709, 17.99298698546551 ], [ 83.416899008911997, 17.987969141222145 ], [ 83.417810339030837, 17.99298698546562 ], [ 83.417669652651114, 18.006335019022629 ], [ 83.406157428024187, 18.024978237569542 ], [ 83.408810292103695, 18.038266052627957 ], [ 83.406157428024144, 18.024978237569524 ] ], [ [ 83.399227533162232, 17.968534790241527 ], [ 83.399513159648166, 17.959156277906345 ], [ 83.399227533162332, 17.96853479024162 ], [ 83.401130328574325, 17.970838497801324 ], [ 83.399227533162232, 17.968534790241527 ] ], [ [ 83.393557447176022, 17.947086863026357 ], [ 83.395899612960903, 17.950667247503578 ], [ 83.38845566184186, 17.944339673442791 ], [ 83.393557447176022, 17.947086863026357 ] ], [ [ 83.387202268572011, 17.943664751095106 ], [ 83.387202268571968, 17.943664751095081 ], [ 83.383685461181472, 17.937269618571108 ], [ 83.387202268572011, 17.943664751095106 ] ], [ [ 83.38421415910372, 17.912961004365396 ], [ 83.405071825282405, 17.904075935511514 ], [ 83.381667390546085, 17.917168289145817 ], [ 83.38421415910372, 17.912961004365396 ] ], [ [ 83.418982499803505, 17.928899047519426 ], [ 83.418982499803519, 17.928899047519565 ], [ 83.405950061531854, 17.922167596318783 ], [ 83.418982499803505, 17.928899047519426 ] ], [ [ 83.428689668294965, 17.941159349122131 ], [ 83.428449154368906, 17.940938595267756 ], [ 83.431328891579341, 17.941385167139497 ], [ 83.428689668294965, 17.941159349122131 ] ], [ [ 83.453425076009111, 17.931603664490918 ], [ 83.462845638276278, 17.934612638392299 ], [ 83.436825583602328, 17.940546534193206 ], [ 83.453425076009111, 17.931603664490918 ] ], [ [ 82.188641436721525, 16.727316900148885 ], [ 82.263019406597067, 16.700903345465864 ], [ 82.294735539284858, 16.708653015344034 ], [ 82.312358596771801, 16.734027504584613 ], [ 82.303241981976811, 16.75417280885771 ], [ 82.290245642295346, 16.733897707201923 ], [ 82.229971137852047, 16.729387928249203 ], [ 82.227200287892543, 16.762687908950571 ], [ 82.188641436721525, 16.727316900148885 ] ], [ [ 83.783604217127788, 18.898973452980215 ], [ 83.78466595995576, 18.897891319794425 ], [ 83.782087372199285, 18.90207833106308 ], [ 83.783604217127788, 18.898973452980215 ] ], [ [ 83.798863025707021, 18.879431387305914 ], [ 83.822728883983828, 18.854134939297939 ], [ 83.821884693399511, 18.858522494786165 ], [ 83.819634032235641, 18.861954795667899 ], [ 83.798863025707021, 18.879431387305914 ] ], [ [ 83.799703303648073, 18.825880937135935 ], [ 83.784181678876891, 18.826752084366632 ], [ 83.806280121363983, 18.826418351580877 ], [ 83.799703303648073, 18.825880937135935 ] ], [ [ 83.770397841819289, 18.82439749165858 ], [ 83.770397841819261, 18.824397491658715 ], [ 83.766981740559871, 18.82141149585205 ], [ 83.770397841819289, 18.82439749165858 ] ], [ [ 83.751745073829923, 18.777849063144846 ], [ 83.756281235139269, 18.794683303335127 ], [ 83.749663036123735, 18.776072871066859 ], [ 83.751745073829923, 18.777849063144846 ] ], [ [ 83.702900831904216, 18.79431029209406 ], [ 83.73787274533592, 18.778627178665815 ], [ 83.748210227404215, 18.774833475963309 ], [ 83.702900831904216, 18.79431029209406 ] ], [ [ 83.684998575358804, 18.804001833579274 ], [ 83.692379146791751, 18.799827414868087 ], [ 83.678328139099762, 18.806035193807865 ], [ 83.684998575358804, 18.804001833579274 ] ], [ [ 83.640453725280608, 18.77551708432193 ], [ 83.648178538169773, 18.780477233076986 ], [ 83.637276429397048, 18.774016360774223 ], [ 83.640453725280608, 18.77551708432193 ] ], [ [ 83.585073293286584, 18.75479481370061 ], [ 83.621144073517328, 18.768136615327283 ], [ 83.584713746869326, 18.754285045438728 ], [ 83.585073293286584, 18.75479481370061 ] ], [ [ 83.557963244535472, 18.733992640529607 ], [ 83.557963244535401, 18.733992640529568 ], [ 83.571982055295834, 18.739956252021297 ], [ 83.557963244535472, 18.733992640529607 ] ], [ [ 83.535385249054627, 18.718151700852438 ], [ 83.551154921752072, 18.73012660554615 ], [ 83.557745361364411, 18.733868917846589 ], [ 83.535385249054627, 18.718151700852438 ] ], [ [ 83.525871997144321, 18.699640130287268 ], [ 83.526330950412529, 18.701502450121748 ], [ 83.525871997144293, 18.699640130287321 ], [ 83.525871997144321, 18.699640130287268 ] ], [ [ 83.542339726215857, 18.630104027365686 ], [ 83.54339541869912, 18.654745599861155 ], [ 83.542518737511614, 18.64732876659906 ], [ 83.542339726215857, 18.630104027365686 ] ], [ [ 83.538124169102502, 18.612470970873972 ], [ 83.536100066677292, 18.609696181474089 ], [ 83.538723889846736, 18.613830577213296 ], [ 83.538124169102502, 18.612470970873972 ] ], [ [ 83.524035867598457, 18.598889980957665 ], [ 83.524035867598457, 18.598889980957658 ], [ 83.533340641402759, 18.605913357094277 ], [ 83.524035867598457, 18.598889980957665 ] ], [ [ 83.521073525949149, 18.593286700760835 ], [ 83.521073525949134, 18.593286700760871 ], [ 83.523072545962464, 18.578495819636547 ], [ 83.521073525949149, 18.593286700760835 ] ], [ [ 83.519838122516774, 18.564876200593602 ], [ 83.521358177286771, 18.569391673925292 ], [ 83.519838122516774, 18.564876200593687 ], [ 83.519838122516774, 18.564876200593602 ] ], [ [ 83.552559113115507, 18.563535376878601 ], [ 83.54129302125655, 18.549019688993599 ], [ 83.538153082383261, 18.548017663646501 ], [ 83.541293021256536, 18.549019688993553 ], [ 83.552559113115507, 18.563535376878601 ] ], [ [ 83.561292711769141, 18.567379006048057 ], [ 83.558907714925724, 18.566329376473814 ], [ 83.56129271176917, 18.56737900604805 ], [ 83.561292711769141, 18.567379006048057 ] ], [ [ 83.609509063589599, 18.560550981759214 ], [ 83.602987564056065, 18.561846889346782 ], [ 83.609510616652017, 18.56052143520099 ], [ 83.609509063589599, 18.560550981759214 ] ], [ [ 83.607928441567537, 18.52982437143055 ], [ 83.608411888071643, 18.526727041671155 ], [ 83.608488849798164, 18.535244259506339 ], [ 83.607928441567537, 18.52982437143055 ] ], [ [ 83.569319348967539, 18.507296268155638 ], [ 83.584528976412741, 18.508820428945768 ], [ 83.593965622976512, 18.511353137940137 ], [ 83.602137211894188, 18.514585954418187 ], [ 83.609492050912749, 18.519806688571975 ], [ 83.569319348967539, 18.507296268155638 ] ], [ [ 83.593425600583032, 18.462022506627974 ], [ 83.593425600583032, 18.462022506627989 ], [ 83.589536883771999, 18.459490129384257 ], [ 83.593425600583032, 18.462022506627974 ] ], [ [ 83.586800648054592, 18.457708261122587 ], [ 83.586800648054606, 18.457708261122594 ], [ 83.585737145197058, 18.45738039396208 ], [ 83.586800648054592, 18.457708261122587 ] ], [ [ 83.568327547502832, 18.44984297568864 ], [ 83.568327547502804, 18.449842975688625 ], [ 83.567257024640838, 18.446276694078303 ], [ 83.568327547502832, 18.44984297568864 ] ], [ [ 83.559729267505986, 18.431222974787488 ], [ 83.55617083246868, 18.430683105113527 ], [ 83.566746521703166, 18.431313159044869 ], [ 83.559729267505986, 18.431222974787488 ] ], [ [ 83.553785324201712, 18.435441235160166 ], [ 83.554568214909409, 18.431092748037724 ], [ 83.553787965135868, 18.429395804431948 ], [ 83.553785324201712, 18.435441235160166 ] ], [ [ 83.550761775737072, 18.437495683594097 ], [ 83.552824771384124, 18.438238561254948 ], [ 83.553142434172656, 18.436316114501889 ], [ 83.550761775737072, 18.437495683594097 ] ], [ [ 83.548891156187338, 18.437087701206956 ], [ 83.548891156187381, 18.43708770120702 ], [ 83.547849584135307, 18.437320022223748 ], [ 83.548891156187338, 18.437087701206956 ] ], [ [ 83.543656019319201, 18.438894845506809 ], [ 83.541598150590318, 18.43967177982924 ], [ 83.545703027565949, 18.438013258816941 ], [ 83.543656019319201, 18.438894845506809 ] ], [ [ 83.538703329920978, 18.441394618213522 ], [ 83.539021307133851, 18.441160381547178 ], [ 83.53870332992102, 18.441394618213508 ], [ 83.538703329920978, 18.441394618213522 ] ], [ [ 83.536652085097202, 18.441994278810579 ], [ 83.536652085097273, 18.441994278810625 ], [ 83.535627299872104, 18.442326211554953 ], [ 83.536652085097202, 18.441994278810579 ] ], [ [ 83.531720580596641, 18.43743991079225 ], [ 83.531490670146951, 18.436351230542904 ], [ 83.532696109525432, 18.439517775967531 ], [ 83.531720580596641, 18.43743991079225 ] ], [ [ 83.529709694673343, 18.432985318188503 ], [ 83.530121129343556, 18.433507409229158 ], [ 83.529709694673315, 18.432985318188511 ], [ 83.529709694673343, 18.432985318188503 ] ], [ [ 83.528136135896389, 18.433286689783664 ], [ 83.517155651824254, 18.435418231493756 ], [ 83.522381662142038, 18.434355427845986 ], [ 83.528136135896389, 18.433286689783664 ] ], [ [ 83.508593591609596, 18.436300038995213 ], [ 83.489468163585457, 18.437442456306599 ], [ 83.486750019556325, 18.438653633116303 ], [ 83.483000954780721, 18.440891385464738 ], [ 83.480274450159357, 18.44234113559213 ], [ 83.508593591609596, 18.436300038995213 ] ], [ [ 83.476481761230431, 18.437965143508464 ], [ 83.456829876257189, 18.442125923556205 ], [ 83.45452851407174, 18.443294612613894 ], [ 83.476481761230431, 18.437965143508464 ] ], [ [ 83.45452851407174, 18.443294612613897 ], [ 83.454509924301831, 18.443595105828596 ], [ 83.45452851407174, 18.443294612613894 ], [ 83.45452851407174, 18.443294612613897 ] ], [ [ 83.447328021569618, 18.444220653650891 ], [ 83.452098608031292, 18.448069810734012 ], [ 83.449405608723282, 18.44803178480106 ], [ 83.448008878035353, 18.446055085618411 ], [ 83.447328021569618, 18.444220653650891 ] ], [ [ 83.434796109014997, 18.442560023322301 ], [ 83.441905924789012, 18.443133026513554 ], [ 83.444046946772914, 18.442730483656046 ], [ 83.441905924789125, 18.443133026513692 ], [ 83.434796109014997, 18.442560023322301 ] ], [ [ 83.43146771299709, 18.435327237156791 ], [ 83.431467712997176, 18.435327237156912 ], [ 83.42747210516886, 18.431697344202103 ], [ 83.43146771299709, 18.435327237156791 ] ], [ [ 83.427394570109513, 18.431606281478711 ], [ 83.42747210516886, 18.431697344202096 ], [ 83.42747210516886, 18.431697344202103 ], [ 83.427394570109513, 18.431606281478711 ] ], [ [ 83.427394570109513, 18.431606281478711 ], [ 83.418609541145599, 18.422656927917615 ], [ 83.418609541145585, 18.42265692791759 ], [ 83.423607360931172, 18.427158311944801 ], [ 83.427394570109513, 18.431606281478711 ] ], [ [ 83.414191814617539, 18.415433190624807 ], [ 83.414273905594641, 18.415591893289875 ], [ 83.414191814617539, 18.41543319062481 ], [ 83.414191814617539, 18.415433190624807 ] ], [ [ 83.433261364804139, 18.398841279762337 ], [ 83.435102630816772, 18.400149810849769 ], [ 83.432700523101616, 18.398862817040467 ], [ 83.433261364804139, 18.398841279762337 ] ], [ [ 83.439603012256271, 18.402163844503377 ], [ 83.440178298340157, 18.40231407083315 ], [ 83.437040912775501, 18.401270104142416 ], [ 83.439603012256271, 18.402163844503377 ] ], [ [ 83.442355162543549, 18.392909158504189 ], [ 83.442355162543535, 18.392909158504207 ], [ 83.442418707577161, 18.392742329978187 ], [ 83.442355162543549, 18.392909158504189 ] ], [ [ 83.442722324801579, 18.383038209828921 ], [ 83.442722324801593, 18.38303820982901 ], [ 83.440903066107879, 18.382577600964396 ], [ 83.442722324801579, 18.383038209828921 ] ], [ [ 83.434393833802417, 18.380716249586055 ], [ 83.434393833802346, 18.380716249586101 ], [ 83.434086741338589, 18.379711558213295 ], [ 83.434393833802417, 18.380716249586055 ] ], [ [ 83.434058317692134, 18.379618566701822 ], [ 83.434058317692163, 18.379618566701925 ], [ 83.433337897678541, 18.378944754297461 ], [ 83.434058317692134, 18.379618566701822 ] ], [ [ 83.431144685465554, 18.378601488808695 ], [ 83.431144685465654, 18.378601488808727 ], [ 83.428926236773322, 18.378841172440413 ], [ 83.431144685465554, 18.378601488808695 ] ], [ [ 83.427993879050405, 18.377511931550089 ], [ 83.427441898913528, 18.376339714868909 ], [ 83.428625312170709, 18.378412151178651 ], [ 83.427993879050405, 18.377511931550089 ] ], [ [ 83.429350214472549, 18.372482841294016 ], [ 83.429766050222327, 18.37231020552732 ], [ 83.42856460116775, 18.372413927370484 ], [ 83.429350214472549, 18.372482841294016 ] ], [ [ 83.432622165208841, 18.370413674107624 ], [ 83.432760592438598, 18.368973035851571 ], [ 83.432621119010577, 18.370415116167937 ], [ 83.432622165208841, 18.370413674107624 ] ], [ [ 83.429811389913482, 18.349117616173999 ], [ 83.430150288822347, 18.346927179279344 ], [ 83.429769565353311, 18.349552874904301 ], [ 83.429811389913482, 18.349117616173999 ] ], [ [ 83.430351613708396, 18.345625937384749 ], [ 83.430351613708396, 18.345625937384753 ], [ 83.430150288822347, 18.346927179279344 ], [ 83.430351613708396, 18.345625937384749 ] ], [ [ 83.43035161370841, 18.345625937384682 ], [ 83.430714932761731, 18.345152775219788 ], [ 83.430351613708396, 18.345625937384749 ], [ 83.43035161370841, 18.345625937384682 ] ], [ [ 83.432930499824423, 18.344079889789857 ], [ 83.431527838747172, 18.344094101438667 ], [ 83.431527838747229, 18.3440941014386 ], [ 83.432930499824423, 18.344079889789857 ] ], [ [ 83.439922458363696, 18.339701661551942 ], [ 83.439674062207189, 18.339126749027528 ], [ 83.439554509679041, 18.341456889127805 ], [ 83.439922458363696, 18.339701661551942 ] ], [ [ 83.43876879383977, 18.331587020829328 ], [ 83.43876879383977, 18.331587020829346 ], [ 83.437690610542759, 18.330854822757157 ], [ 83.43876879383977, 18.331587020829328 ] ], [ [ 83.435018899935542, 18.330321293326463 ], [ 83.435018899935642, 18.330321293326506 ], [ 83.434896826756983, 18.330274534690719 ], [ 83.435018899935542, 18.330321293326463 ] ], [ [ 83.431756520721933, 18.326133885142525 ], [ 83.432143551815003, 18.327114569457372 ], [ 83.431756520721933, 18.326133885142553 ], [ 83.431756520721933, 18.326133885142525 ] ], [ [ 83.456154520289033, 18.315833558405927 ], [ 83.456941693026039, 18.314322139658106 ], [ 83.454426888962502, 18.315868275632745 ], [ 83.456154520289033, 18.315833558405927 ] ], [ [ 83.493743489146169, 18.292587867693669 ], [ 83.491487973392097, 18.289426628916466 ], [ 83.491487973392168, 18.289426628916488 ], [ 83.493743489146169, 18.292587867693669 ] ], [ [ 83.513623668543659, 18.289732273701876 ], [ 83.509913071857525, 18.291321537046453 ], [ 83.509913071857568, 18.291321537046429 ], [ 83.513623668543659, 18.289732273701876 ] ], [ [ 83.525465980354738, 18.287666587134492 ], [ 83.524865019487706, 18.287677637334784 ], [ 83.525465980354738, 18.287666587134485 ], [ 83.525465980354738, 18.287666587134492 ] ], [ [ 83.538977507635309, 18.273973429865119 ], [ 83.538977507635281, 18.273973429865162 ], [ 83.538285702417426, 18.272384229974119 ], [ 83.538977507635309, 18.273973429865119 ] ], [ [ 83.532360327626662, 18.265145087605962 ], [ 83.535494056993812, 18.268082020029524 ], [ 83.532360327626577, 18.265145087606072 ], [ 83.524156698036734, 18.268659613235684 ], [ 83.522049232272053, 18.267013618959144 ], [ 83.532360327626662, 18.265145087605962 ] ], [ [ 83.519378216124153, 18.259786834752731 ], [ 83.51934172568798, 18.257936072644849 ], [ 83.519396353054972, 18.260706676145436 ], [ 83.519378216124153, 18.259786834752731 ] ], [ [ 83.522068442747354, 18.25637462691094 ], [ 83.521737459380205, 18.25492099839256 ], [ 83.521789358706243, 18.256494572239571 ], [ 83.522068442747354, 18.25637462691094 ] ], [ [ 83.520857843491129, 18.241844617452024 ], [ 83.520892849805023, 18.243687076991328 ], [ 83.520857843491115, 18.241844617452045 ], [ 83.520857843491129, 18.241844617452024 ] ], [ [ 83.528129255562533, 18.238348118638555 ], [ 83.528253541454973, 18.238307872639904 ], [ 83.528001332936512, 18.238403200800409 ], [ 83.528129255562533, 18.238348118638555 ] ], [ [ 83.543794227156354, 18.240295269085436 ], [ 83.552694308642415, 18.261401396374584 ], [ 83.55158997739963, 18.261424567130572 ], [ 83.549702709517774, 18.259215859832885 ], [ 83.543794227156241, 18.240295269085426 ], [ 83.541017228795113, 18.239085719320673 ], [ 83.543794227156354, 18.240295269085436 ] ], [ [ 83.560549474906182, 18.250050039498458 ], [ 83.560549474906111, 18.250050039498376 ], [ 83.56047510115593, 18.246694725687586 ], [ 83.560549474906182, 18.250050039498458 ] ], [ [ 83.557671527546574, 18.244503678427691 ], [ 83.556059742713529, 18.24261740527713 ], [ 83.560196450340499, 18.246476954660064 ], [ 83.557671527546574, 18.244503678427691 ] ], [ [ 83.550088778592709, 18.233452667162837 ], [ 83.54996520633749, 18.233610934383684 ], [ 83.550088778592681, 18.233452667162851 ], [ 83.550088778592709, 18.233452667162837 ] ], [ [ 83.560534555839538, 18.225414252202047 ], [ 83.559121107450295, 18.225443083527789 ], [ 83.559121107450324, 18.22544308352775 ], [ 83.560534555839538, 18.225414252202047 ] ], [ [ 83.572126371885787, 18.23191594668744 ], [ 83.563368441212319, 18.225363461448211 ], [ 83.567416015192521, 18.226409743387308 ], [ 83.572126371885787, 18.23191594668744 ] ], [ [ 83.576577104304533, 18.225110054906395 ], [ 83.576044494852567, 18.222241056507208 ], [ 83.576600006404803, 18.226247311183524 ], [ 83.576577104304533, 18.225110054906395 ] ], [ [ 83.574575003997836, 18.217309565577221 ], [ 83.574711280648486, 18.217622637938607 ], [ 83.574575003997836, 18.217309565577239 ], [ 83.574575003997836, 18.217309565577221 ] ], [ [ 83.576132039874636, 18.203841776294858 ], [ 83.575590877997584, 18.205988451623757 ], [ 83.576132039874608, 18.203841776294894 ], [ 83.576132039874636, 18.203841776294858 ] ], [ [ 83.576653167256481, 18.199732529000023 ], [ 83.575166244887612, 18.201624999421174 ], [ 83.575166244887555, 18.201624999421142 ], [ 83.576653167256481, 18.199732529000023 ] ], [ [ 83.603708784635785, 18.167600323177489 ], [ 83.607600835860183, 18.170641530767536 ], [ 83.603708784635785, 18.167600323177567 ], [ 83.603708784635785, 18.167600323177489 ] ], [ [ 83.641470981742373, 18.112164238125047 ], [ 83.640589421620092, 18.112060046573109 ], [ 83.641470981742401, 18.112164238125036 ], [ 83.641470981742373, 18.112164238125047 ] ], [ [ 83.644764722923412, 18.110542152203607 ], [ 83.646932101041486, 18.108038514932723 ], [ 83.643658453325969, 18.111086962569921 ], [ 83.644764722923412, 18.110542152203607 ] ] ], [ [ [ 81.393910733966507, 16.335404446754453 ], [ 81.275362183739986, 16.27830194575634 ], [ 81.271339146537912, 16.279250632063775 ], [ 81.277043883944458, 16.316389312892579 ], [ 81.330453912691496, 16.320151404711677 ], [ 81.311754937705928, 16.307657600672435 ], [ 81.393910733966507, 16.335404446754453 ] ] ] ] } },
{ "type": "Feature", "properties": { "ST_NM": "Arunanchal Pradesh", "state_id": "arunanchal_pradesh" }, "geometry": { "type": "Polygon", "coordinates": [ [ [ 94.264758463132623, 27.524145060924962 ], [ 94.159474199496813, 27.474858691229311 ], [ 94.063075148798177, 27.36036419584838 ], [ 94.002166405463697, 27.331571237597597 ], [ 93.810611643006609, 27.148678427809557 ], [ 93.838621610537871, 27.075013755039464 ], [ 93.830113269434946, 27.065765934717053 ], [ 93.775583996846393, 27.059240298611087 ], [ 93.770359223113431, 27.040169664865019 ], [ 93.720816971999071, 27.016148142002265 ], [ 93.677628257904175, 26.968010616570766 ], [ 93.491376198855136, 26.935716382014135 ], [ 93.350106597621973, 26.960648122805303 ], [ 93.094255929338189, 26.913241844430381 ], [ 93.021834631935022, 26.91463184173924 ], [ 92.920417975877129, 26.962194657963487 ], [ 92.919357308035543, 26.982628061990425 ], [ 92.875205160674085, 27.00575436929249 ], [ 92.772014836047134, 27.031223646585051 ], [ 92.661966338859102, 27.036833547996444 ], [ 92.642128252400056, 27.016855206891346 ], [ 92.648440673545963, 26.985741531753046 ], [ 92.588222940180373, 26.960193355780174 ], [ 92.462702513837613, 26.961783068747543 ], [ 92.402891006690865, 26.924783609518581 ], [ 92.356240397073094, 26.934128673970857 ], [ 92.27960085368386, 26.901081952695279 ], [ 92.257814692195907, 26.910866167547319 ], [ 92.198143577164075, 26.889677766120382 ], [ 92.127569556403401, 26.888514611513752 ], [ 92.111273694386853, 26.892588914613039 ], [ 92.120878863806126, 26.95901090475633 ], [ 92.10687068827086, 27.00657605173496 ], [ 92.037476018598085, 27.063729858915618 ], [ 92.026038633574061, 27.113877610234297 ], [ 92.040341258698717, 27.137393373825851 ], [ 92.029147815232832, 27.170743758741533 ], [ 92.060174650469563, 27.188562217766894 ], [ 92.073607611693291, 27.222624054808009 ], [ 92.043666376528392, 27.265702146983507 ], [ 92.105636885136263, 27.268092989513299 ], [ 92.124652014117927, 27.286551398526278 ], [ 92.062957323805605, 27.326253653586011 ], [ 92.0587728050359, 27.39921870051699 ], [ 92.023597616740858, 27.446779846782071 ], [ 92.023232812164309, 27.478924606136573 ], [ 91.94389484148067, 27.459849698776353 ], [ 91.867670150382651, 27.481347347733788 ], [ 91.833127042672302, 27.468280053213725 ], [ 91.724768244123155, 27.469722271665578 ], [ 91.694933739319225, 27.502149413475593 ], [ 91.652251461902836, 27.484148437227496 ], [ 91.571863263409611, 27.574541886817762 ], [ 91.581255840739189, 27.607827102245253 ], [ 91.562929193827401, 27.633014588861098 ], [ 91.601637534966045, 27.692122665340928 ], [ 91.62901211363679, 27.705527997392668 ], [ 91.644945445728922, 27.764786826245562 ], [ 91.633587611964785, 27.800442871421271 ], [ 91.604328537267349, 27.82049274050873 ], [ 91.570993128372351, 27.814974357281208 ], [ 91.54949905007355, 27.855244968230803 ], [ 91.667458748033184, 27.857884443800213 ], [ 91.714950929462461, 27.812883516672116 ], [ 91.763434964337293, 27.800851150446238 ], [ 91.829475210143542, 27.809880565430593 ], [ 91.865612506031695, 27.736389038711348 ], [ 91.923761035816597, 27.714502214763819 ], [ 91.988897653154325, 27.769398413301648 ], [ 92.060344281784822, 27.758481564149498 ], [ 92.161111316448157, 27.836360034798055 ], [ 92.215381639551168, 27.858322219790519 ], [ 92.268943193922269, 27.857231402201208 ], [ 92.289501458438664, 27.806801388012293 ], [ 92.320695268793784, 27.777430514656462 ], [ 92.384529542828858, 27.794188609527744 ], [ 92.387697606715548, 27.814747796982715 ], [ 92.411503244136625, 27.8212512962487 ], [ 92.459566968986564, 27.802368429880119 ], [ 92.505989434647361, 27.840614097697969 ], [ 92.565255591285009, 27.820088868124891 ], [ 92.609693278991941, 27.876585232728928 ], [ 92.673821299216172, 27.899173333604953 ], [ 92.744197808170213, 27.988488705890873 ], [ 92.700328598424221, 28.047540688272935 ], [ 92.667866326161615, 28.061980319938797 ], [ 92.692049401591277, 28.125063300954466 ], [ 92.804737077894231, 28.201496965373906 ], [ 92.821255802357641, 28.200862955571161 ], [ 92.83296182345866, 28.170703323061449 ], [ 92.969587515212353, 28.261014094687908 ], [ 93.005333715728867, 28.229925413169177 ], [ 93.038782606368329, 28.262283967789553 ], [ 93.026995730246185, 28.299142222462052 ], [ 93.100395072376685, 28.306231095760342 ], [ 93.129828124725719, 28.325961566282857 ], [ 93.198729319343329, 28.317123912760575 ], [ 93.223964848362243, 28.33280870774465 ], [ 93.236634318948504, 28.399875329587061 ], [ 93.187895421092549, 28.43924810243853 ], [ 93.281208349635108, 28.504102734749214 ], [ 93.310678630217055, 28.565595673347733 ], [ 93.305347648833461, 28.598941035699156 ], [ 93.333130499566025, 28.607677827571017 ], [ 93.342452805141249, 28.639573971017022 ], [ 93.417348193422882, 28.652280047589535 ], [ 93.4511931085963, 28.675417528299914 ], [ 93.479646504524084, 28.652975897257637 ], [ 93.496621119886214, 28.683318023523771 ], [ 93.53923390077081, 28.658135162808602 ], [ 93.625405103171758, 28.656941099117166 ], [ 93.736853744696759, 28.688435510844094 ], [ 93.780386593835203, 28.667607236975954 ], [ 93.849245808078379, 28.70647040617105 ], [ 93.931187835225444, 28.670739384175103 ], [ 93.962072388599083, 28.703657769203236 ], [ 93.973711650057268, 28.75041962171851 ], [ 94.00667133158548, 28.774584540146236 ], [ 93.990573935887042, 28.797396967368282 ], [ 94.000326629087766, 28.840534299416564 ], [ 94.035471175089697, 28.852604147960285 ], [ 94.072009674838839, 28.89528873064004 ], [ 94.160670520913158, 28.953984661594955 ], [ 94.220485018202467, 29.083500244516408 ], [ 94.293626641311278, 29.147618942837969 ], [ 94.362781437227511, 29.151999798809058 ], [ 94.378201018677913, 29.189711162260174 ], [ 94.437147368008397, 29.226322804441228 ], [ 94.500356368802528, 29.216076534876656 ], [ 94.563771165704892, 29.22828296720396 ], [ 94.58374700889155, 29.28024063059577 ], [ 94.625032993153127, 29.31230021724803 ], [ 94.634285026088449, 29.348153157155487 ], [ 94.71698857945114, 29.303725784387687 ], [ 94.783079228157078, 29.240276873522941 ], [ 94.803495852423509, 29.209070112155977 ], [ 94.80345798935042, 29.163580028215645 ], [ 94.87726048838293, 29.183226627213308 ], [ 95.027968482945639, 29.129246601209008 ], [ 94.992018172908701, 29.172313619026131 ], [ 95.002816281599706, 29.171771066956737 ], [ 95.103533365266443, 29.142358119259629 ], [ 95.126815331947157, 29.114715213044221 ], [ 95.255654488344248, 29.108161885781644 ], [ 95.254926169464625, 29.066738591563261 ], [ 95.27229607725387, 29.047722150251577 ], [ 95.307494512626448, 29.061018620009968 ], [ 95.451974171210495, 29.033841007902481 ], [ 95.490488869717581, 29.074125136890309 ], [ 95.501087261549728, 29.138326906946467 ], [ 95.551487638644105, 29.126561376762023 ], [ 95.542630001539123, 29.212144086438876 ], [ 95.590684478044892, 29.216074225442341 ], [ 95.60371627717636, 29.260049119157461 ], [ 95.642951109130408, 29.247939171918752 ], [ 95.706912456086741, 29.298559528975286 ], [ 95.732041384837274, 29.300577257042278 ], [ 95.782726008147421, 29.354583798933177 ], [ 95.801504440553856, 29.334436303484047 ], [ 95.885945173233381, 29.389623456072446 ], [ 95.962104022707067, 29.380670089132106 ], [ 96.085721688332669, 29.461386555077638 ], [ 96.180000322523099, 29.362130014201412 ], [ 96.187670176977917, 29.306670604204427 ], [ 96.247885728787878, 29.232223539032514 ], [ 96.297275338080851, 29.232815881654791 ], [ 96.367512367732743, 29.282681259518377 ], [ 96.397055611324944, 29.253410721772394 ], [ 96.350408206022138, 29.167769901170946 ], [ 96.26431008537584, 29.157009878914334 ], [ 96.221585698581038, 29.134966745464105 ], [ 96.189616363734316, 29.091424159023884 ], [ 96.118525176535599, 29.074465494179574 ], [ 96.154310239341399, 29.049881878394753 ], [ 96.188557353031101, 28.984620263426677 ], [ 96.148874379433607, 28.933923521986728 ], [ 96.170048973263363, 28.902245073026471 ], [ 96.251827821774668, 28.939102906312613 ], [ 96.297339345949254, 28.995061539378764 ], [ 96.350385629366613, 29.02859853077231 ], [ 96.439380844236993, 29.033775042269486 ], [ 96.528832672049717, 29.075418368575924 ], [ 96.480842644515633, 28.990017840232472 ], [ 96.490891472864476, 28.961218643856814 ], [ 96.522170766048418, 28.966819681307442 ], [ 96.540550709614024, 28.879654919888655 ], [ 96.618756016781745, 28.773647872337722 ], [ 96.588582410576308, 28.716556764778129 ], [ 96.475390838248984, 28.683318214696424 ], [ 96.496572909823115, 28.633112476482502 ], [ 96.430506950030562, 28.582065671274105 ], [ 96.403401730994759, 28.589299142451477 ], [ 96.409018872967522, 28.558928648017762 ], [ 96.357054831892526, 28.555587115362773 ], [ 96.32809324513903, 28.529002731167168 ], [ 96.37519684028328, 28.481793847534846 ], [ 96.265940521661975, 28.408177684496017 ], [ 96.306761662476632, 28.399405221186722 ], [ 96.321932745374156, 28.380759548708955 ], [ 96.372961572703304, 28.388826097564817 ], [ 96.4012850950173, 28.33882334831846 ], [ 96.424740850744882, 28.345255425622188 ], [ 96.433964228232583, 28.38611096206483 ], [ 96.46025863418491, 28.413608914372659 ], [ 96.512205767977818, 28.412584989025266 ], [ 96.581578322174551, 28.457333381316516 ], [ 96.666490093697405, 28.459830473104262 ], [ 96.752764325930613, 28.41544668629021 ], [ 96.775957621897135, 28.36762028219513 ], [ 96.853710998281059, 28.361707131139156 ], [ 96.900146670026004, 28.379186068712684 ], [ 96.927254218810731, 28.338129960185114 ], [ 96.997724675961493, 28.309066992493968 ], [ 97.09383089912356, 28.362445578681452 ], [ 97.153098553290562, 28.326532472430873 ], [ 97.174905073988469, 28.291398976218947 ], [ 97.225218545062816, 28.292107132366649 ], [ 97.242126158073063, 28.267220325045667 ], [ 97.282930662514232, 28.268246241710472 ], [ 97.401125008625044, 28.19193356931347 ], [ 97.364148709333222, 28.187981637996661 ], [ 97.331334039206908, 28.154468816924645 ], [ 97.339449548703641, 28.110884332288833 ], [ 97.308105962691215, 28.068407926354723 ], [ 97.37379536116822, 28.061338912434213 ], [ 97.377276084455573, 28.030090992788363 ], [ 97.41529266790748, 28.014918627152522 ], [ 97.378144654056655, 27.976980666235928 ], [ 97.388883334612629, 27.886911300971722 ], [ 97.321084731454903, 27.88021725570599 ], [ 97.308728201037852, 27.920820585871471 ], [ 97.256481137062863, 27.900489362042673 ], [ 97.16027522266721, 27.813576800353079 ], [ 97.10238104042871, 27.784478802140278 ], [ 97.096258360574041, 27.740885716127455 ], [ 97.067422899478814, 27.750779181512097 ], [ 97.028469959552794, 27.74026388115341 ], [ 96.990650987158332, 27.662086950099976 ], [ 96.948585291252954, 27.662585846890348 ], [ 96.897337391669737, 27.61197044506487 ], [ 96.937202817795622, 27.520887141182421 ], [ 96.911256035693143, 27.453424434482628 ], [ 96.964769457022527, 27.405793173870411 ], [ 97.002395583993675, 27.320046905562986 ], [ 97.039295233102735, 27.297796257060675 ], [ 97.09285935376181, 27.237504157022389 ], [ 97.099215542327926, 27.20449568873472 ], [ 97.165736403919851, 27.144621206942137 ], [ 97.170231526286855, 27.12589202937145 ], [ 97.144879548453218, 27.091920747359165 ], [ 97.107089925120746, 27.110510743546822 ], [ 97.061213613724803, 27.100531766318916 ], [ 96.983393452844197, 27.156457900140868 ], [ 96.87453754821955, 27.183704330452461 ], [ 96.862337261062407, 27.209481822015434 ], [ 96.888987920629717, 27.227085151929899 ], [ 96.884147784126526, 27.258262837428759 ], [ 96.860788036477572, 27.262894389260719 ], [ 96.848901359409098, 27.29677841665503 ], [ 96.801665756872424, 27.345185991230146 ], [ 96.711998061297137, 27.371812287769167 ], [ 96.698525605633165, 27.356639623229587 ], [ 96.612051073504318, 27.360705939115999 ], [ 96.600274745571824, 27.335941077472569 ], [ 96.521780955044221, 27.285380566233929 ], [ 96.470288564310451, 27.304054749649033 ], [ 96.347339381877873, 27.280257728971517 ], [ 96.310516431508574, 27.294046760305172 ], [ 96.267113993833263, 27.269894380593311 ], [ 96.234060487491888, 27.277039477906911 ], [ 96.036180685068601, 27.188532761981204 ], [ 95.935836609434645, 27.045448540234997 ], [ 95.876729949809445, 27.013049055540534 ], [ 95.807594765533423, 27.013167553759935 ], [ 95.760478716682414, 26.956724282731621 ], [ 95.757655766374086, 26.907553797975993 ], [ 95.730310710735154, 26.880165014751579 ], [ 95.667812416187601, 26.901203588698646 ], [ 95.636357000007507, 26.872181412284093 ], [ 95.611023564307047, 26.814069148747414 ], [ 95.554353527148706, 26.832596514062971 ], [ 95.532384336691919, 26.824275996588042 ], [ 95.428348599566661, 26.693149484267582 ], [ 95.302136863347812, 26.649358841561195 ], [ 95.271616165359603, 26.656263193338546 ], [ 95.25045798774832, 26.685907840663134 ], [ 95.237296401889012, 26.679843368244189 ], [ 95.215927655425858, 26.728993862216925 ], [ 95.244758456168881, 26.781015551586194 ], [ 95.215025193549252, 26.792156148555975 ], [ 95.199023263995997, 26.833806057602345 ], [ 95.208593483919032, 26.844588209717642 ], [ 95.184545929441015, 26.858774297910038 ], [ 95.23388990335819, 26.884726495861194 ], [ 95.215251988343965, 26.964416795263794 ], [ 95.195450530430932, 26.984114973439429 ], [ 95.195870233020216, 27.037159786661839 ], [ 95.214139320827556, 27.027634836929 ], [ 95.231229964213554, 27.039843733497452 ], [ 95.248501280440991, 27.024323002227522 ], [ 95.348924932196937, 27.098732007549248 ], [ 95.37726056458591, 27.096080628958212 ], [ 95.458052795168726, 27.129418970887393 ], [ 95.460114338995368, 27.207341939306072 ], [ 95.516619084936039, 27.26251192736374 ], [ 95.574820416056454, 27.244780679557373 ], [ 95.590372185369318, 27.223163005435758 ], [ 95.80647439559749, 27.284991914772569 ], [ 95.81036398711602, 27.27414132989427 ], [ 95.860610725573466, 27.287334096392954 ], [ 95.872448365884509, 27.259956434667089 ], [ 95.894015184991034, 27.255989604564014 ], [ 95.906519476310521, 27.284886934818626 ], [ 95.963286150248607, 27.309988597620983 ], [ 95.997086344422442, 27.356412890320261 ], [ 96.021044992937419, 27.364149356095055 ], [ 95.978084667745151, 27.428637634088535 ], [ 95.968293717732507, 27.417245625258218 ], [ 95.950237426152114, 27.438238187382947 ], [ 95.917212732515864, 27.436452790334535 ], [ 95.893381653263575, 27.399319573572917 ], [ 95.889069935457087, 27.437435789290003 ], [ 95.867700695836163, 27.410504103026351 ], [ 95.849767526243042, 27.423741609912785 ], [ 95.890165673309127, 27.499662459392258 ], [ 95.881986313434368, 27.546840765384328 ], [ 95.840615591621898, 27.560355834587746 ], [ 95.821991120541469, 27.575531519226033 ], [ 95.824987516023512, 27.596866813034847 ], [ 95.788002555082727, 27.617374718148586 ], [ 95.80237376012272, 27.643003738964751 ], [ 95.778825563202176, 27.660337780861163 ], [ 95.794161063219249, 27.686382910370018 ], [ 95.775593978049969, 27.690853383476412 ], [ 95.759364483917608, 27.72537516307009 ], [ 95.785935015921709, 27.734011464680712 ], [ 95.781706701191169, 27.752493863785539 ], [ 95.824359502433197, 27.803543173068348 ], [ 95.929869333112194, 27.884773808557586 ], [ 95.978867215695956, 27.962801791196075 ], [ 95.827471272434053, 27.972031838716571 ], [ 95.608512098095645, 27.95283466365256 ], [ 95.572993448012753, 27.937483804099827 ], [ 95.517658237623735, 27.87687909614619 ], [ 95.386095384552917, 27.837289044791742 ], [ 95.31843626198561, 27.866583015195214 ], [ 95.033192369495922, 27.770580846275802 ], [ 94.867965631091025, 27.741638988685395 ], [ 94.841405716328438, 27.699568933328244 ], [ 94.744708694392472, 27.659546746064187 ], [ 94.691510309722972, 27.663418268987879 ], [ 94.684575663357151, 27.645801266518891 ], [ 94.461848328981176, 27.554142690516585 ], [ 94.433267897629165, 27.599626105565285 ], [ 94.369726261990095, 27.573357737879398 ], [ 94.300387366608291, 27.601041341884358 ], [ 94.278407245841137, 27.590130452367912 ], [ 94.256529980420353, 27.610549510753749 ], [ 94.269625203043162, 27.624709942885044 ], [ 94.254724443303772, 27.637815921987851 ], [ 94.213586164811062, 27.60775682724103 ], [ 94.228865618039833, 27.572465216170407 ], [ 94.258823308430493, 27.554198595267607 ], [ 94.264758463132623, 27.524145060924962 ] ] ] } },
{ "type": "Feature", "properties": { "ST_NM": "Assam", "state_id": "assam" }, "geometry": { "type": "MultiPolygon", "coordinates": [ [ [ [ 92.416177717456591, 24.251412106269527 ], [ 92.212817494109743, 24.247635403756835 ], [ 92.273119389686087, 24.38665104904964 ], [ 92.22905880450908, 24.470226950015213 ], [ 92.239581419456457, 24.488158208580689 ], [ 92.221541550729938, 24.605274994802606 ], [ 92.240055342506011, 24.643989847738226 ], [ 92.226173750928098, 24.679982981581748 ], [ 92.266069627086296, 24.712444722409284 ], [ 92.265832923926695, 24.774138198155107 ], [ 92.283087301435586, 24.787193822847147 ], [ 92.271755604076247, 24.828706222019761 ], [ 92.247490737474664, 24.833054558837357 ], [ 92.236988432892829, 24.861020254587949 ], [ 92.253434405665161, 24.881481362805207 ], [ 92.243640078897201, 24.903944953513466 ], [ 92.307657990265682, 24.916249589834603 ], [ 92.396053357962927, 24.855064540585044 ], [ 92.457359889968913, 24.875787759628992 ], [ 92.497765439951422, 24.867918935317579 ], [ 92.488701826330967, 24.942328091417778 ], [ 92.455028424699606, 24.94225921517938 ], [ 92.46587489935817, 24.962517546222102 ], [ 92.419866901791039, 24.98021655980887 ], [ 92.425344460070121, 25.029520419103147 ], [ 92.463727633464956, 25.034963383224159 ], [ 92.484840178440749, 25.105868800888416 ], [ 92.543398632570458, 25.097312970710121 ], [ 92.52519101307179, 25.137770378904083 ], [ 92.625067687056855, 25.116274068119885 ], [ 92.667293324099177, 25.174579537126302 ], [ 92.804710684427349, 25.216623375781786 ], [ 92.765013925063684, 25.246720662549244 ], [ 92.792603424754688, 25.282510749333525 ], [ 92.784800489553476, 25.329897154997731 ], [ 92.761030257431813, 25.332669592738824 ], [ 92.73759158392626, 25.378687772927169 ], [ 92.718678395998367, 25.372457682595428 ], [ 92.674448965037001, 25.41470002419809 ], [ 92.660772265018878, 25.407932123196282 ], [ 92.65499383036601, 25.432931582903841 ], [ 92.609848004174495, 25.414202415093104 ], [ 92.598982925923764, 25.46931812818708 ], [ 92.568244924492333, 25.465191207929962 ], [ 92.576473416895254, 25.488146632201115 ], [ 92.645544237676262, 25.535054913495557 ], [ 92.661516724505731, 25.567936142064053 ], [ 92.654375589018571, 25.589800568320587 ], [ 92.603521260480278, 25.555066678642138 ], [ 92.573453042957937, 25.558147564282571 ], [ 92.558678419681343, 25.609754551650703 ], [ 92.502818436904633, 25.6207752305097 ], [ 92.466687598591022, 25.680375864304814 ], [ 92.435614693303577, 25.685485050854837 ], [ 92.434511377218911, 25.72941945211176 ], [ 92.38653843913616, 25.751598692513358 ], [ 92.334980799196146, 25.723326960495729 ], [ 92.230563932667508, 25.714453066349463 ], [ 92.16227557751381, 25.670172194525996 ], [ 92.154860112913468, 25.811100363303147 ], [ 92.181689066662315, 25.868493105613663 ], [ 92.227289439126181, 25.905328209298968 ], [ 92.165582895303999, 25.910147946659428 ], [ 92.158253116676804, 25.943165898200302 ], [ 92.303534663075027, 26.07471883376137 ], [ 92.243179159550223, 26.060842458235388 ], [ 92.182515871941291, 26.066877723261175 ], [ 92.180418125560351, 26.077888185118379 ], [ 92.135214636445127, 26.044310666560477 ], [ 92.055026258091146, 26.031336932903528 ], [ 91.993314089021553, 26.039610463940473 ], [ 91.924366353694523, 25.998169362690437 ], [ 91.91927821391333, 26.020115191795949 ], [ 91.885594570533684, 26.028693776685817 ], [ 91.872559817678251, 26.050897514841289 ], [ 91.878251701020389, 26.096438509230147 ], [ 91.821858192812584, 26.117520053605247 ], [ 91.792899686687576, 26.085819742028093 ], [ 91.733824767758648, 26.058063514529838 ], [ 91.722614287356791, 25.952918693195222 ], [ 91.671744165359499, 25.904284631056534 ], [ 91.613676710872795, 25.938879715652853 ], [ 91.640495883259504, 25.963782213934003 ], [ 91.627305781723209, 25.984830622044463 ], [ 91.634787595069355, 26.021351851294849 ], [ 91.599723041934894, 26.016025940480244 ], [ 91.578541833142168, 26.032106531857057 ], [ 91.553903343468264, 25.973909051728743 ], [ 91.521153627073275, 25.957191782474368 ], [ 91.504263536429647, 25.919806997940807 ], [ 91.538511367551635, 25.933028058363391 ], [ 91.533928571996768, 25.922751215187319 ], [ 91.477354805288854, 25.870309209832353 ], [ 91.510344613808584, 25.866488915016269 ], [ 91.532305266802467, 25.888707914261353 ], [ 91.527946136916952, 25.871923759856998 ], [ 91.446987905913005, 25.840130609428687 ], [ 91.42152473321444, 25.853849229340838 ], [ 91.336286121445227, 25.838046303946715 ], [ 91.278303997282265, 25.746197701590248 ], [ 91.226569731749194, 25.722727772449566 ], [ 91.194723937923655, 25.728914253450839 ], [ 91.182735290247351, 25.775658117969176 ], [ 91.199363910292604, 25.858332739762176 ], [ 91.181913233075591, 25.842092602810663 ], [ 91.15579360971735, 25.849425353283337 ], [ 91.066234493721737, 25.81979884919199 ], [ 91.052902072954481, 25.828339767301713 ], [ 91.081545697337276, 25.852037971868533 ], [ 91.0521375406543, 25.848248103456811 ], [ 91.003832404104742, 25.821720553658281 ], [ 91.032338429186453, 25.887487971653226 ], [ 90.970631625467064, 25.886668064396797 ], [ 90.94605161530373, 25.947074427123873 ], [ 90.919178688908943, 25.942678597211319 ], [ 90.922386997228926, 25.91283327350029 ], [ 90.886333609819758, 25.951297955386277 ], [ 90.840131955224649, 25.937775258276609 ], [ 90.813323073406195, 25.951748878489258 ], [ 90.781471344367972, 25.907897625852563 ], [ 90.743982044764593, 25.914848171829743 ], [ 90.750939576713535, 25.956949631530456 ], [ 90.689602398364514, 25.950472627662755 ], [ 90.630910531660447, 25.916699561793941 ], [ 90.628362707220646, 25.898607896792374 ], [ 90.610094965554637, 25.911998777586831 ], [ 90.632614244536583, 25.937137166607954 ], [ 90.586133795108381, 25.959518198210951 ], [ 90.516224238426787, 25.896018007113913 ], [ 90.538194513214094, 25.957776606713118 ], [ 90.481154608038125, 26.015035990685792 ], [ 90.432493277870563, 25.988846738241264 ], [ 90.40043053995025, 26.013955764197835 ], [ 90.368967315139514, 26.010145905731047 ], [ 90.328303403959296, 25.974250101561406 ], [ 90.212508248214249, 25.961486712179578 ], [ 90.186588346695004, 25.944375887226926 ], [ 90.157529129476103, 25.964638094472981 ], [ 90.122818285432217, 25.961208446126609 ], [ 90.046256438534044, 25.890745655612648 ], [ 90.008939711345235, 25.878696836445247 ], [ 90.026054788747004, 25.865537276475699 ], [ 90.012471177647157, 25.846855830809222 ], [ 89.948760698450698, 25.824531230724297 ], [ 89.95936389757027, 25.77453068679387 ], [ 89.937611163584222, 25.744641071956885 ], [ 89.899562065550057, 25.744220129203992 ], [ 89.950918351604997, 25.658941428122073 ], [ 90.022300280830834, 25.608498024903017 ], [ 90.005988100621693, 25.584311999857416 ], [ 89.983049104692029, 25.590859998554038 ], [ 89.970314564432641, 25.571842396426778 ], [ 89.877754176087535, 25.549468554158796 ], [ 89.879389829024831, 25.491510906535755 ], [ 89.856088025999696, 25.476617584146751 ], [ 89.856209262711843, 25.537507844169159 ], [ 89.874744826503459, 25.557170319721518 ], [ 89.883051691683235, 25.621471747206957 ], [ 89.848002133357681, 25.690496558423046 ], [ 89.856472031919367, 25.714834683680344 ], [ 89.829804971354022, 25.729278425982042 ], [ 89.84337983031439, 25.761028326470136 ], [ 89.818845595095596, 25.81708817477438 ], [ 89.840495695978476, 25.877774445247891 ], [ 89.887040495300766, 25.942023173362703 ], [ 89.83118431545337, 25.947038322552295 ], [ 89.848330039762729, 25.956136726507257 ], [ 89.844732675016402, 25.972205534113677 ], [ 89.871524588348308, 25.97608405195114 ], [ 89.83517300565417, 26.007184794752185 ], [ 89.835202638737925, 25.986264889534883 ], [ 89.818635339648694, 25.988989499418945 ], [ 89.813099229287133, 26.038307664974258 ], [ 89.792251472961325, 26.01704284881264 ], [ 89.803271063027935, 26.039544651716621 ], [ 89.778520676995328, 26.035465816286546 ], [ 89.801189691846304, 26.058623493675483 ], [ 89.797423490927315, 26.088372172217408 ], [ 89.765009582187332, 26.112526509282926 ], [ 89.76990956671861, 26.131935858154367 ], [ 89.753060160919887, 26.152859495183201 ], [ 89.724030994815251, 26.157476424604283 ], [ 89.738992054520921, 26.175003858464923 ], [ 89.71136334344304, 26.173149364703185 ], [ 89.699724528962079, 26.189084276542481 ], [ 89.736895519218194, 26.212287287758617 ], [ 89.702137584107319, 26.217238230522799 ], [ 89.733679576016115, 26.238196235486573 ], [ 89.709771292870627, 26.26989778869153 ], [ 89.730152305540528, 26.258397798785737 ], [ 89.74238676995401, 26.271087430328556 ], [ 89.722028309235057, 26.293034270243897 ], [ 89.722829255614343, 26.305680806160659 ], [ 89.763595698744638, 26.289305111571586 ], [ 89.755520958076374, 26.321431783570901 ], [ 89.785838474040673, 26.330842983148361 ], [ 89.786999768474061, 26.353235641609757 ], [ 89.825468352179414, 26.370555814670233 ], [ 89.825054948515756, 26.350338721413429 ], [ 89.830583389997045, 26.379274568233377 ], [ 89.862241084531803, 26.384396772055421 ], [ 89.851802327454308, 26.402675469824203 ], [ 89.832286390011063, 26.396404496080251 ], [ 89.874529572931536, 26.448336675796238 ], [ 89.857800126567341, 26.487700596455934 ], [ 89.867215228715196, 26.577781728407121 ], [ 89.882753227404407, 26.584134555734746 ], [ 89.882487037391442, 26.612941285540607 ], [ 89.862311271627092, 26.623303398943289 ], [ 89.881664289378861, 26.649392032907773 ], [ 89.862324263480303, 26.703669801859743 ], [ 89.867873495881852, 26.736881365772394 ], [ 89.963151420600298, 26.723029604872959 ], [ 90.133083267868301, 26.748869386842419 ], [ 90.193942744530631, 26.770392550041201 ], [ 90.18931776412964, 26.809544351099433 ], [ 90.220118651983825, 26.853500937870361 ], [ 90.30671714038013, 26.848012666510996 ], [ 90.360278697372735, 26.895866388003423 ], [ 90.414896256331261, 26.90167094747607 ], [ 90.564829022194345, 26.80071508632939 ], [ 90.704580935573887, 26.767657713426871 ], [ 91.000396334296042, 26.787779674868954 ], [ 91.058291096330237, 26.778945129404512 ], [ 91.100933472849746, 26.819262831579945 ], [ 91.266463106668112, 26.804363852859563 ], [ 91.340335992533468, 26.778967216135065 ], [ 91.4123758499384, 26.8348423174719 ], [ 91.49662759128681, 26.788975908503133 ], [ 91.627573813643011, 26.820451940259023 ], [ 91.690924087178118, 26.804168540574736 ], [ 91.80560510166616, 26.851064429470021 ], [ 91.861446884976914, 26.9130177023176 ], [ 91.900910510323868, 26.915083269957716 ], [ 91.989044891696309, 26.857109315787433 ], [ 92.058557486821101, 26.846843683744101 ], [ 92.092288708956602, 26.859746813214503 ], [ 92.111273694386853, 26.892588914613039 ], [ 92.198143577164075, 26.889677766120382 ], [ 92.257814692195907, 26.910866167547319 ], [ 92.27960085368386, 26.901081952695279 ], [ 92.356240397073094, 26.934128673970857 ], [ 92.402891006690865, 26.924783609518581 ], [ 92.462702513837613, 26.961783068747543 ], [ 92.588222940180373, 26.960193355780174 ], [ 92.648440673545963, 26.985741531753046 ], [ 92.642128252400056, 27.016855206891346 ], [ 92.661966338859102, 27.036833547996444 ], [ 92.772014836047134, 27.031223646585051 ], [ 92.875205160674085, 27.00575436929249 ], [ 92.919357308035543, 26.982628061990425 ], [ 92.920417975877129, 26.962194657963487 ], [ 93.021834631935022, 26.91463184173924 ], [ 93.094255929338189, 26.913241844430381 ], [ 93.350106597621973, 26.960648122805303 ], [ 93.491376198855136, 26.935716382014135 ], [ 93.656975395557566, 26.963447675385002 ], [ 93.770359223113431, 27.040169664865019 ], [ 93.775583996846393, 27.059240298611087 ], [ 93.830113269434946, 27.065765934717053 ], [ 93.838621610537871, 27.075013755039464 ], [ 93.810611643006609, 27.148678427809557 ], [ 94.002166405463697, 27.331571237597597 ], [ 94.063075148798177, 27.36036419584838 ], [ 94.159474199496813, 27.474858691229311 ], [ 94.261983487537435, 27.520199459741157 ], [ 94.258823308430493, 27.554198595267607 ], [ 94.228865618039833, 27.572465216170407 ], [ 94.213586164811062, 27.60775682724103 ], [ 94.254724443303772, 27.637815921987851 ], [ 94.269625203043162, 27.624709942885044 ], [ 94.256529980420353, 27.610549510753749 ], [ 94.278407245841137, 27.590130452367912 ], [ 94.300387366608291, 27.601041341884358 ], [ 94.369726261990095, 27.573357737879398 ], [ 94.433267897629165, 27.599626105565285 ], [ 94.461848328981176, 27.554142690516585 ], [ 94.684575663357151, 27.645801266518891 ], [ 94.691510309722972, 27.663418268987879 ], [ 94.744708694392472, 27.659546746064187 ], [ 94.841405716328438, 27.699568933328244 ], [ 94.867965631091025, 27.741638988685395 ], [ 95.033192369495922, 27.770580846275802 ], [ 95.31843626198561, 27.866583015195214 ], [ 95.386095384552917, 27.837289044791742 ], [ 95.517658237623735, 27.87687909614619 ], [ 95.572993448012753, 27.937483804099827 ], [ 95.608512098095645, 27.95283466365256 ], [ 95.827471272434053, 27.972031838716571 ], [ 95.978867215695956, 27.962801791196075 ], [ 95.929869333112194, 27.884773808557586 ], [ 95.824359502433197, 27.803543173068348 ], [ 95.781706701191169, 27.752493863785539 ], [ 95.785935015921709, 27.734011464680712 ], [ 95.759364483917608, 27.72537516307009 ], [ 95.775593978049969, 27.690853383476412 ], [ 95.794161063219249, 27.686382910370018 ], [ 95.778825563202176, 27.660337780861163 ], [ 95.80237376012272, 27.643003738964751 ], [ 95.788002555082727, 27.617374718148586 ], [ 95.824987516023512, 27.596866813034847 ], [ 95.821991120541469, 27.575531519226033 ], [ 95.840615591621898, 27.560355834587746 ], [ 95.881986313434368, 27.546840765384328 ], [ 95.890165673309127, 27.499662459392258 ], [ 95.849767526243042, 27.423741609912785 ], [ 95.867700695836163, 27.410504103026351 ], [ 95.889069935457087, 27.437435789290003 ], [ 95.893381653263575, 27.399319573572917 ], [ 95.917212732515864, 27.436452790334535 ], [ 95.950237426152114, 27.438238187382947 ], [ 95.968293717732507, 27.417245625258218 ], [ 95.978084667745151, 27.428637634088535 ], [ 96.018497010960743, 27.360788606642988 ], [ 95.997086344422442, 27.356412890320261 ], [ 95.963286150248607, 27.309988597620983 ], [ 95.906519476310521, 27.284886934818626 ], [ 95.894015184991034, 27.255989604564014 ], [ 95.872448365884509, 27.259956434667089 ], [ 95.860610725573466, 27.287334096392954 ], [ 95.81036398711602, 27.27414132989427 ], [ 95.80647439559749, 27.284991914772569 ], [ 95.590372185369318, 27.223163005435758 ], [ 95.535241073957636, 27.264461508070443 ], [ 95.511347098850067, 27.260166687898735 ], [ 95.460114338995368, 27.207341939306072 ], [ 95.458052795168726, 27.129418970887393 ], [ 95.37726056458591, 27.096080628958212 ], [ 95.348924932196937, 27.098732007549248 ], [ 95.248501280440991, 27.024323002227522 ], [ 95.231229964213554, 27.039843733497452 ], [ 95.214139320827556, 27.027634836929 ], [ 95.198815405228601, 27.038630912728408 ], [ 95.110366458011413, 26.961181610902127 ], [ 95.021676956890659, 26.919800560832037 ], [ 94.986023382159075, 26.912723248302225 ], [ 94.928639454358759, 26.946748027298078 ], [ 94.894963132500948, 26.932019744291186 ], [ 94.821505993612277, 26.849192574543874 ], [ 94.802567197243633, 26.800757176617605 ], [ 94.759703280563841, 26.768890192152483 ], [ 94.746155719105673, 26.776917022777962 ], [ 94.686949007575365, 26.72743012828969 ], [ 94.653749870685502, 26.718531594211264 ], [ 94.623111555396335, 26.714489951988586 ], [ 94.604580617077559, 26.734299847304278 ], [ 94.593756589308697, 26.721157283806356 ], [ 94.605083622316769, 26.712204589618942 ], [ 94.57509395052098, 26.686044999118792 ], [ 94.54552241440939, 26.706003523491958 ], [ 94.498715570078943, 26.668864020795322 ], [ 94.465002431294408, 26.662730111302736 ], [ 94.462923211935291, 26.630641639661945 ], [ 94.408311735562023, 26.609596175280242 ], [ 94.415228136857976, 26.578488549371446 ], [ 94.399778588407159, 26.527506136305799 ], [ 94.351440305067186, 26.503872748669483 ], [ 94.316799848090085, 26.458200874539987 ], [ 94.294278574472074, 26.476079017274589 ], [ 94.290287375703755, 26.55954998879578 ], [ 94.277240294301293, 26.554300601243426 ], [ 94.186993471570773, 26.456035588457166 ], [ 94.164777760164739, 26.355585960024648 ], [ 94.175778584279072, 26.339650849022206 ], [ 94.108351511649829, 26.321941353651784 ], [ 94.004999809545879, 26.168879917007079 ], [ 93.991171990632182, 26.068184354366679 ], [ 93.954893589785243, 26.002896618466977 ], [ 93.979225932236645, 25.915120471702021 ], [ 93.915769547473886, 25.883205235866733 ], [ 93.882569550389377, 25.841498719062852 ], [ 93.842252462676086, 25.858289444056997 ], [ 93.79567082490793, 25.810085206043777 ], [ 93.779772580596173, 25.842097444437005 ], [ 93.798355327753711, 25.905490744879181 ], [ 93.773164660550378, 25.961904000621143 ], [ 93.751991029000592, 25.932277165511479 ], [ 93.687842855966068, 25.905447539815928 ], [ 93.705526099651962, 25.844561522835829 ], [ 93.641091035409431, 25.813964391033405 ], [ 93.605622205980268, 25.763535046950739 ], [ 93.573327135747036, 25.756934292319713 ], [ 93.499955830987034, 25.652744457466518 ], [ 93.427603689734624, 25.627795806747461 ], [ 93.406886358766926, 25.592831849884227 ], [ 93.331832750000672, 25.543276943338892 ], [ 93.352371957781813, 25.533981798849805 ], [ 93.395812243037781, 25.460430417919049 ], [ 93.461649521742814, 25.430875156468236 ], [ 93.477916282255919, 25.375990663042415 ], [ 93.45156259827985, 25.34034679524849 ], [ 93.473625396876429, 25.305372170499261 ], [ 93.388342653987564, 25.242163175029091 ], [ 93.352663313216397, 25.178081455938244 ], [ 93.335288249952356, 25.092137422229243 ], [ 93.304085755086462, 25.044331149734926 ], [ 93.267704131608212, 25.046087773965464 ], [ 93.248355242618885, 25.015239319988492 ], [ 93.246445877431697, 25.000074335663232 ], [ 93.262802637572875, 25.000656045377088 ], [ 93.250999484060927, 24.977846126105625 ], [ 93.261824316971257, 24.947770187488398 ], [ 93.239425586589974, 24.935282335094488 ], [ 93.2526760148981, 24.915234785630854 ], [ 93.238408996300493, 24.911463400356272 ], [ 93.228486007082211, 24.873745424972594 ], [ 93.196602264603285, 24.852995443004698 ], [ 93.196703201218583, 24.807758234647288 ], [ 93.15232588720346, 24.786365005610023 ], [ 93.12210116906185, 24.816480088845033 ], [ 93.109237695808687, 24.806408495674724 ], [ 93.106624271590292, 24.738566622579601 ], [ 93.075244754259217, 24.707115751200899 ], [ 93.104027389061812, 24.671997987883397 ], [ 93.074692881317858, 24.592946576475661 ], [ 93.106188128424705, 24.580208984764365 ], [ 93.060378461451947, 24.571577415954788 ], [ 93.071915227635202, 24.557800239758397 ], [ 93.034961562129666, 24.493735910740352 ], [ 93.047681275291765, 24.472241725747182 ], [ 93.038267508141161, 24.407904501918182 ], [ 92.934935001331752, 24.392531655322014 ], [ 92.91081274583307, 24.409938587962937 ], [ 92.904438415941399, 24.391495835253984 ], [ 92.862215790784404, 24.396622521979829 ], [ 92.828321436044746, 24.374966567292198 ], [ 92.830708584478245, 24.397693365386999 ], [ 92.800208832961118, 24.41629901085685 ], [ 92.764748167372545, 24.518163757678607 ], [ 92.690156122193173, 24.352262667395113 ], [ 92.648536886208547, 24.326297557917513 ], [ 92.623815533284684, 24.330255237399108 ], [ 92.612563707411795, 24.253455976302597 ], [ 92.55018970543307, 24.243638253307264 ], [ 92.529159824088097, 24.17259428393545 ], [ 92.485420059226385, 24.160070314695666 ], [ 92.465505227927395, 24.132668700171237 ], [ 92.437040373810234, 24.14931906539957 ], [ 92.416177717456591, 24.251412106269527 ] ], [ [ 92.363816436725415, 26.585635810147288 ], [ 92.3635034658667, 26.585612515843771 ], [ 92.354796843496899, 26.584964227515762 ], [ 92.363816436725415, 26.585635810147288 ] ], [ [ 90.429089405164305, 26.359929377461405 ], [ 90.416560404166631, 26.345278629182321 ], [ 90.429089405164305, 26.359929377461402 ], [ 90.429089405164305, 26.359929377461405 ] ], [ [ 91.784938684543846, 26.495876553805605 ], [ 91.783114748202323, 26.493667796975149 ], [ 91.781233200385628, 26.491389166722286 ], [ 91.784938684543846, 26.495876553805605 ] ], [ [ 89.793170431586162, 26.342166938284013 ], [ 89.822601624049767, 26.320048414805139 ], [ 89.827013872947902, 26.325070837557206 ], [ 89.8171162643267, 26.345845042567451 ], [ 89.793170431586162, 26.342166938284013 ] ], [ [ 90.410113341980107, 26.433242597069764 ], [ 90.409812941479444, 26.434010740919714 ], [ 90.40934282265097, 26.435212846588943 ], [ 90.410113341980107, 26.433242597069764 ] ], [ [ 90.854180727531187, 26.523361161862901 ], [ 90.854138557490131, 26.523266996535718 ], [ 90.855078843787297, 26.525366577231939 ], [ 90.854180727531187, 26.523361161862901 ] ], [ [ 90.399510264280082, 26.475509601721999 ], [ 90.39888170394704, 26.475983971259961 ], [ 90.3963197514054, 26.477917394027774 ], [ 90.399510264280082, 26.475509601721999 ] ] ], [ [ [ 89.734590306713287, 26.3054272210255 ], [ 89.738762724329433, 26.31099888494207 ], [ 89.742901478090062, 26.302216310237025 ], [ 89.734590306713287, 26.3054272210255 ] ] ] ] } },
{ "type": "Feature", "properties": { "ST_NM": "Bihar", "state_id": "bihar" }, "geometry": { "type": "MultiPolygon", "coordinates": [ [ [ [ 84.500906931651357, 24.265101459707058 ], [ 84.504909746443147, 24.281890023739326 ], [ 84.507198324702244, 24.263231031829495 ], [ 84.500906931651357, 24.265101459707058 ] ] ], [ [ [ 85.501429072081876, 24.550900406508671 ], [ 85.295136289362063, 24.528576098842191 ], [ 85.289047180036988, 24.497410924806605 ], [ 85.253597192417644, 24.495473815259189 ], [ 85.23103983162089, 24.471386887722105 ], [ 85.160039953939119, 24.464302869110639 ], [ 85.176483665752372, 24.429683581648366 ], [ 85.1221936033334, 24.40922588281456 ], [ 85.096552859188066, 24.37941323545969 ], [ 85.072619249926689, 24.386958522412041 ], [ 85.083342307625031, 24.440006444289196 ], [ 85.060450188387946, 24.415282386605586 ], [ 85.03928339326319, 24.425474516008929 ], [ 84.997603380747833, 24.412338667403546 ], [ 84.975762343839946, 24.376087998525069 ], [ 84.955145230284487, 24.371907310246197 ], [ 84.901651222590857, 24.375128314003902 ], [ 84.887463614356903, 24.462779047866544 ], [ 84.854789571492162, 24.465884049420151 ], [ 84.841697822157627, 24.452476530841619 ], [ 84.839962842695599, 24.511360118938192 ], [ 84.802699030778655, 24.529329549735351 ], [ 84.787255959860502, 24.504698036075773 ], [ 84.68629436100322, 24.456180148870409 ], [ 84.665621377110341, 24.393636988450574 ], [ 84.579906165314824, 24.412156232273269 ], [ 84.573195026936659, 24.383782137032011 ], [ 84.528939951953561, 24.376079348983424 ], [ 84.532894672788757, 24.339341569743915 ], [ 84.500929839329856, 24.286947134743812 ], [ 84.486483069730212, 24.30914663035993 ], [ 84.50823113745767, 24.33238786890027 ], [ 84.485140311766997, 24.31592735722726 ], [ 84.461980928805204, 24.338458813840621 ], [ 84.424881764766582, 24.331156732786159 ], [ 84.43000775199225, 24.358923603708888 ], [ 84.389724745287523, 24.389393271408608 ], [ 84.343385077878054, 24.39548555854082 ], [ 84.322609865304614, 24.423051487794542 ], [ 84.337943102917791, 24.430793579536406 ], [ 84.300771288037708, 24.450379040406808 ], [ 84.301773909417989, 24.480276741014876 ], [ 84.333924308870166, 24.502234774658053 ], [ 84.300597611296041, 24.565403277336515 ], [ 84.276883200472184, 24.563654712563253 ], [ 84.287719548022878, 24.551338819704519 ], [ 84.264765523596381, 24.530185452971867 ], [ 84.242663654209338, 24.552572829321253 ], [ 84.22512720835536, 24.534566857343819 ], [ 84.195963259706048, 24.554662954916139 ], [ 84.180559461605995, 24.546475810182457 ], [ 84.186906154959374, 24.509808638402749 ], [ 84.161297975671943, 24.517001845941678 ], [ 84.172088408042484, 24.533067605247407 ], [ 84.153745471886069, 24.539624821689685 ], [ 84.147618960402866, 24.504163642070456 ], [ 84.117433411603272, 24.480777035234503 ], [ 84.054499941068627, 24.611461195384667 ], [ 84.000000000471474, 24.637124794446969 ], [ 83.940767860472121, 24.55088947313887 ], [ 83.875815601882081, 24.532006124071131 ], [ 83.724504042826453, 24.503985463522703 ], [ 83.501100199007226, 24.534888524584289 ], [ 83.525080520013049, 24.54798692378866 ], [ 83.525359575939206, 24.601981415427996 ], [ 83.549344068255792, 24.624919588242715 ], [ 83.505484716945915, 24.650344465117044 ], [ 83.521675150618918, 24.679816395014594 ], [ 83.488701537177462, 24.704334922415992 ], [ 83.48785151962997, 24.73639558703799 ], [ 83.4611111517072, 24.731872639883598 ], [ 83.394851089544304, 24.782656158048404 ], [ 83.398486581458869, 24.831469507775285 ], [ 83.362110583423032, 24.86892602590137 ], [ 83.372374434954423, 24.876900733327229 ], [ 83.359535731057534, 24.901338520094932 ], [ 83.365195458617677, 24.953575535456661 ], [ 83.346639942660872, 24.961757732502932 ], [ 83.352091383637813, 25.008634315230669 ], [ 83.326397165558845, 25.015458100780339 ], [ 83.34840092080178, 25.110451796006259 ], [ 83.365645897318075, 25.122232506570782 ], [ 83.356463182553526, 25.176591666097579 ], [ 83.343704404158089, 25.179363117528148 ], [ 83.357961703490332, 25.196904097399592 ], [ 83.396554421354082, 25.205003217951255 ], [ 83.417630485280768, 25.247247728926833 ], [ 83.468627519329189, 25.249976819232799 ], [ 83.488632983896068, 25.280394280377962 ], [ 83.519534888812714, 25.285830068995672 ], [ 83.54784361156328, 25.315650405961616 ], [ 83.572540934084529, 25.306179240492035 ], [ 83.630751012038544, 25.327576462375454 ], [ 83.658586362361319, 25.365999168637806 ], [ 83.697337392529974, 25.369363789140866 ], [ 83.683590097676458, 25.376435533685228 ], [ 83.702964871062193, 25.394145097701752 ], [ 83.712367852016456, 25.384220171350439 ], [ 83.740890992824021, 25.408655181473105 ], [ 83.770273913369095, 25.386027339215786 ], [ 83.807730866349274, 25.409104966946611 ], [ 83.802742162045249, 25.429718708859571 ], [ 83.846742047857802, 25.435019267715198 ], [ 83.813950727778746, 25.451780767646206 ], [ 83.818615594880853, 25.463996960174665 ], [ 83.859504162221455, 25.471824414669484 ], [ 83.881364208613292, 25.51846642053383 ], [ 83.925487380081378, 25.556556248577991 ], [ 84.08494250717419, 25.635652471745644 ], [ 84.078121714597117, 25.693672473553054 ], [ 84.1028791203141, 25.718447001282566 ], [ 84.14360477358575, 25.72971754361663 ], [ 84.144203576733375, 25.71498279038078 ], [ 84.156715767841092, 25.729056925767548 ], [ 84.202755149885391, 25.701564594124545 ], [ 84.211326367665777, 25.667822222934479 ], [ 84.293945357040883, 25.659795761316456 ], [ 84.29197043228892, 25.675387245277356 ], [ 84.326950816757432, 25.67022125403221 ], [ 84.339715804453903, 25.742795677578805 ], [ 84.377922031760718, 25.734272016982615 ], [ 84.388421864199998, 25.746948467935553 ], [ 84.410248325652987, 25.697814974968665 ], [ 84.431950226181371, 25.693418262827691 ], [ 84.432527628823479, 25.710041391060834 ], [ 84.457109236362001, 25.712830451573922 ], [ 84.47482587566671, 25.683878109456792 ], [ 84.497648436508641, 25.689487357810673 ], [ 84.496689357152405, 25.676256492131767 ], [ 84.53287604611242, 25.682778529105466 ], [ 84.544181705837275, 25.724894334567171 ], [ 84.539691120486154, 25.691253042823686 ], [ 84.560601700054633, 25.682480866902765 ], [ 84.563931597186709, 25.734816799686516 ], [ 84.638873547703554, 25.726807833521434 ], [ 84.608856290751035, 25.759055713634993 ], [ 84.629069458462254, 25.770802282062199 ], [ 84.628570451760339, 25.792495138237978 ], [ 84.564944178026494, 25.835832743883003 ], [ 84.535386872699107, 25.832627550858088 ], [ 84.528433685000664, 25.859413545049275 ], [ 84.548978486965211, 25.86041189587862 ], [ 84.5370835801521, 25.876004663791843 ], [ 84.431811265334801, 25.890576348472166 ], [ 84.416829091147633, 25.929468387757247 ], [ 84.359977038420254, 25.957383738731416 ], [ 84.304926130773083, 25.945005264284678 ], [ 84.210499573847216, 25.998456936733195 ], [ 84.174927301667935, 25.989376000322373 ], [ 84.176000370782702, 26.023326171369714 ], [ 84.099838835727937, 26.094272731491934 ], [ 84.057880157096236, 26.097399225073158 ], [ 84.051263779622033, 26.129217964326795 ], [ 84.027022816346701, 26.142757827350891 ], [ 84.03674095931828, 26.160582136971456 ], [ 84.011029679967734, 26.187722370283371 ], [ 84.032523608662203, 26.198511428689091 ], [ 84.020477182419839, 26.238228543578959 ], [ 84.088277346133253, 26.218826752747628 ], [ 84.119393711588529, 26.239456510755961 ], [ 84.121902661047059, 26.259535171799275 ], [ 84.154276468028158, 26.259303449475127 ], [ 84.168263869371174, 26.243562098535079 ], [ 84.190720377210809, 26.314668559087597 ], [ 84.176207667942407, 26.335706973688175 ], [ 84.180406430880964, 26.371551865867414 ], [ 84.081074826921494, 26.381955748807112 ], [ 84.039680016303535, 26.410437048775886 ], [ 84.020150236551828, 26.445849408151936 ], [ 83.991104019628978, 26.432000094861898 ], [ 83.911471026166652, 26.44754560309179 ], [ 83.91147700514135, 26.515330479582317 ], [ 83.944243872661573, 26.521716887968626 ], [ 83.971777200452891, 26.505909297301425 ], [ 83.983427389467408, 26.529244508202257 ], [ 84.009925181989118, 26.522339553769598 ], [ 84.056992978178258, 26.540843614079627 ], [ 84.091810218944332, 26.596941886718984 ], [ 84.091093506171134, 26.640167033476253 ], [ 84.161325545173597, 26.635880320339901 ], [ 84.157829319911215, 26.625122010545752 ], [ 84.281436392519751, 26.596847776489859 ], [ 84.3118868763747, 26.614969839921827 ], [ 84.42360226727574, 26.624759562327704 ], [ 84.4114847174571, 26.668760172405253 ], [ 84.334936781695859, 26.681737197694193 ], [ 84.307394350392897, 26.750671993757756 ], [ 84.256740453413386, 26.726665306284261 ], [ 84.243350588836122, 26.736898623027589 ], [ 84.234004774349486, 26.754440383661297 ], [ 84.261734502586634, 26.806006724404178 ], [ 84.250609306308291, 26.859726309116223 ], [ 84.21873224243015, 26.868242943908346 ], [ 84.178424072041736, 26.831770475285278 ], [ 84.141164251089819, 26.852891573417253 ], [ 84.150400376218869, 26.884779431208891 ], [ 84.110206090940054, 26.897995044543318 ], [ 84.099589252187641, 26.874313443173897 ], [ 84.061594101138795, 26.888820500267919 ], [ 84.057281909529223, 26.928925135540698 ], [ 84.034552492419735, 26.93978763661249 ], [ 84.056324721841065, 26.959013734759456 ], [ 84.046117218346993, 26.981081485463509 ], [ 84.059217931395281, 26.987861730327186 ], [ 84.040180021862383, 27.008850177968981 ], [ 84.050577880887943, 27.04169702248667 ], [ 84.000560083692221, 27.065551911898119 ], [ 84.030535410095752, 27.092450985072798 ], [ 83.949265235714876, 27.08989535683671 ], [ 83.960801720147941, 27.137772517818178 ], [ 83.995037577043533, 27.178650269625336 ], [ 83.964466374653497, 27.231873853536424 ], [ 83.908005032379918, 27.256212419143651 ], [ 83.933688095896656, 27.313195305764154 ], [ 83.91814911053649, 27.327132013996412 ], [ 83.864767056315998, 27.307940577021732 ], [ 83.839091604224407, 27.319451695222014 ], [ 83.885914731492335, 27.370884735995311 ], [ 83.837066233652735, 27.421935543866336 ], [ 83.850879231942216, 27.445969763626948 ], [ 84.029947318489064, 27.436197288759242 ], [ 84.063232623459896, 27.453529528394874 ], [ 84.106378045463046, 27.519067467449673 ], [ 84.154249141477763, 27.518615599786315 ], [ 84.155153475880184, 27.486593207018732 ], [ 84.21108502930943, 27.46745971870525 ], [ 84.218490780027167, 27.439576655250146 ], [ 84.255145795892858, 27.449692135202913 ], [ 84.294207367990907, 27.384564516398779 ], [ 84.621802596173112, 27.33899870330476 ], [ 84.691441297413235, 27.223320890157968 ], [ 84.678313896913338, 27.102557161854811 ], [ 84.646169882644884, 27.046669952245097 ], [ 84.763222380236471, 27.000153012968752 ], [ 84.777546600691906, 27.018049069570164 ], [ 84.797302711468049, 26.996642758909299 ], [ 84.828996363042805, 27.020818827291532 ], [ 84.900950501102969, 26.973279315529481 ], [ 84.961649772484648, 26.962806894858335 ], [ 84.981255668489283, 26.940919723301285 ], [ 84.971463280456362, 26.920187788631981 ], [ 85.058790452450737, 26.884582136153547 ], [ 85.032898412384171, 26.87448971870008 ], [ 85.034066987581355, 26.853104856129008 ], [ 85.087170746657634, 26.854075086571271 ], [ 85.110391954918512, 26.871541004659768 ], [ 85.195623475033273, 26.868965138781292 ], [ 85.180107164897578, 26.809309319289323 ], [ 85.213382996537419, 26.758408939771677 ], [ 85.336791616487645, 26.741405104855406 ], [ 85.40943622602947, 26.790894888879983 ], [ 85.458724842661056, 26.782052502578409 ], [ 85.567328340600099, 26.840791727638241 ], [ 85.57632811942797, 26.859587287793563 ], [ 85.588332323347757, 26.848252766241316 ], [ 85.63715671968987, 26.872288541120316 ], [ 85.643234029037373, 26.853074745127699 ], [ 85.726377743143601, 26.816681213469572 ], [ 85.735432019356807, 26.738358681509805 ], [ 85.724062987156174, 26.681032167121504 ], [ 85.737265950431336, 26.650363469212579 ], [ 85.802247163324949, 26.625174076666504 ], [ 85.818224764022773, 26.603169126609266 ], [ 85.852145277094024, 26.608348299047201 ], [ 85.852462307493013, 26.568367924499828 ], [ 85.944493817626054, 26.61560777033111 ], [ 85.960067943871337, 26.651891649827132 ], [ 86.030184302362954, 26.666406787493393 ], [ 86.139356775871263, 26.628586268950166 ], [ 86.141208762688265, 26.604489697168237 ], [ 86.194532440376747, 26.614604834481753 ], [ 86.201108699721487, 26.594466723754746 ], [ 86.221671791399771, 26.58982656746889 ], [ 86.256463518117002, 26.613321878093288 ], [ 86.345615792494854, 26.616533845134352 ], [ 86.343161991640045, 26.605890729192467 ], [ 86.501012881309691, 26.542203071264812 ], [ 86.538325102465535, 26.541334961747236 ], [ 86.572981134543653, 26.49787343818209 ], [ 86.735098075148841, 26.424430751064186 ], [ 86.772834091533298, 26.458339010498015 ], [ 86.842851615526968, 26.439877109608982 ], [ 86.896767919504484, 26.461556212563032 ], [ 86.896383863395286, 26.486738867567002 ], [ 86.931896187848054, 26.48848432004981 ], [ 86.940466969084511, 26.516041380894322 ], [ 87.015968081282793, 26.533733510699044 ], [ 87.045688592314278, 26.587208139875518 ], [ 87.072372403716244, 26.586456395719598 ], [ 87.092456041245782, 26.452109790845391 ], [ 87.157509905045828, 26.405733421155137 ], [ 87.26187580066798, 26.410516862839369 ], [ 87.266758123789913, 26.373735587976796 ], [ 87.313614948291658, 26.371858404458191 ], [ 87.341163694383582, 26.348309603429179 ], [ 87.370157670588611, 26.407415835708406 ], [ 87.462881740384148, 26.439678673878294 ], [ 87.549689564553447, 26.418619089038394 ], [ 87.609366299288496, 26.381041376229135 ], [ 87.652826452631871, 26.392805321806286 ], [ 87.679128967110074, 26.43552653394784 ], [ 87.735612694285237, 26.407590485369383 ], [ 87.740297743391963, 26.418725475638354 ], [ 87.766604195023504, 26.409010613014335 ], [ 87.789211091473859, 26.467824485004815 ], [ 87.850524394018578, 26.435627154874688 ], [ 87.891393599418421, 26.486149592322739 ], [ 87.911370775684134, 26.458454454537922 ], [ 87.900675267904603, 26.448848498107189 ], [ 87.926785033659058, 26.445873522855649 ], [ 87.91774346922773, 26.433098728423857 ], [ 87.929411515684876, 26.418509704492028 ], [ 87.99328966287834, 26.393077352517381 ], [ 87.995531816166732, 26.367240960987015 ], [ 88.020009227713956, 26.352811979985219 ], [ 88.098387695419035, 26.43448123546009 ], [ 88.105288411436518, 26.532989125330378 ], [ 88.152087706492935, 26.510811759854214 ], [ 88.174982300512085, 26.537188950160608 ], [ 88.221229864905041, 26.535438382108936 ], [ 88.222079413551015, 26.557111331603323 ], [ 88.23786905399227, 26.551817707804641 ], [ 88.239984203594688, 26.5322270807896 ], [ 88.185677669615885, 26.490425660750372 ], [ 88.200372417972716, 26.471889417829917 ], [ 88.232811905471252, 26.476118025182579 ], [ 88.221912454923284, 26.465603843716245 ], [ 88.235527732034257, 26.44703731599752 ], [ 88.27440114618463, 26.421656795972915 ], [ 88.235724905375648, 26.389771197596733 ], [ 88.244062635882472, 26.375299292885909 ], [ 88.280404593060865, 26.377210452115275 ], [ 88.298296490396936, 26.353852996195144 ], [ 88.285916987435101, 26.33548315383155 ], [ 88.267517566364972, 26.337798766244223 ], [ 88.220630441677855, 26.281649106145533 ], [ 88.150847491328733, 26.252763631973348 ], [ 88.145175709414559, 26.230788767256279 ], [ 88.118264706466974, 26.226174092728407 ], [ 88.076199318416798, 26.175701534616898 ], [ 88.043828114758739, 26.177673610067195 ], [ 88.019449636613601, 26.140863995612239 ], [ 87.988531861246159, 26.15915198859426 ], [ 87.970506619921423, 26.15194259548619 ], [ 87.977371475910417, 26.137124998330187 ], [ 87.963549946589822, 26.12884280449035 ], [ 87.982017552404486, 26.12162339498839 ], [ 87.960804486107961, 26.102786065897124 ], [ 87.978534958861999, 26.084859936181704 ], [ 87.944253634940821, 26.084477776813511 ], [ 87.937513637464576, 26.068958001794499 ], [ 87.9193453524815, 26.090965382050406 ], [ 87.848534789009562, 26.044475377864604 ], [ 87.836249157948842, 25.935509380950663 ], [ 87.809910726232175, 25.920784550131916 ], [ 87.829094991328077, 25.871572640136151 ], [ 87.917076350191167, 25.851886151183351 ], [ 87.889562924882625, 25.828764392069615 ], [ 87.916640074319389, 25.814964790243607 ], [ 87.901156299292268, 25.804858499999966 ], [ 87.904565274180072, 25.769952660797799 ], [ 87.938458336513634, 25.771515864002197 ], [ 87.966989453137955, 25.72490657022604 ], [ 87.993755835039224, 25.723905191249457 ], [ 88.022076889205437, 25.69198182041572 ], [ 88.054514618899532, 25.690837888103829 ], [ 88.05437215728017, 25.644207621583234 ], [ 88.041386747117883, 25.637132927437506 ], [ 88.060122565793449, 25.633170215420535 ], [ 88.026839787392191, 25.587273871142713 ], [ 88.044010970987586, 25.564240119954547 ], [ 88.032808969070572, 25.553631623424394 ], [ 88.04144815937542, 25.537109324497521 ], [ 88.074541503260548, 25.513449773222419 ], [ 88.076080651011694, 25.480916818953233 ], [ 88.033252643842332, 25.486550177317156 ], [ 88.013229040296949, 25.510780272347631 ], [ 88.009964442041053, 25.494445256896597 ], [ 87.998521240864932, 25.498250862317434 ], [ 87.99341813404817, 25.52432350046638 ], [ 87.961433842809697, 25.538415318989109 ], [ 87.931882259164126, 25.536564353352674 ], [ 87.904821460161997, 25.5046819272128 ], [ 87.885086975636909, 25.516328752036884 ], [ 87.869304121185451, 25.465782793701919 ], [ 87.83968235114861, 25.464958041638624 ], [ 87.81451483812441, 25.43459173099501 ], [ 87.78722293916195, 25.445045010143986 ], [ 87.764963579043581, 25.405461154916566 ], [ 87.77153194562419, 25.378437925179128 ], [ 87.794638769972323, 25.372702507401584 ], [ 87.789754161152871, 25.332914126693368 ], [ 87.860687054158234, 25.290061576159019 ], [ 87.854903027952503, 25.253989848849699 ], [ 87.828426464453912, 25.234912899244989 ], [ 87.84226451497517, 25.199860581324799 ], [ 87.793276831828052, 25.221069602580087 ], [ 87.789015727735546, 25.246738330924018 ], [ 87.713566132146298, 25.256937860216851 ], [ 87.689986178058007, 25.310604005244613 ], [ 87.612789383976576, 25.311844010629045 ], [ 87.587117689691411, 25.32846801212014 ], [ 87.586047435709759, 25.348818360817745 ], [ 87.55343735809447, 25.331374769379238 ], [ 87.529227534711197, 25.341828888695566 ], [ 87.553437358094328, 25.331374769379131 ], [ 87.545687038638619, 25.282093067092763 ], [ 87.496086900750242, 25.305636634277601 ], [ 87.487509458673983, 25.295614768975828 ], [ 87.501691868958588, 25.262951278423806 ], [ 87.478620007189875, 25.241366022788664 ], [ 87.478092017720996, 25.195194773406207 ], [ 87.397816973746956, 25.227991181755293 ], [ 87.375930766683609, 25.205539626499675 ], [ 87.32955220105309, 25.223549447282881 ], [ 87.297124936728594, 25.089835884550791 ], [ 87.256628832528094, 25.106389428858172 ], [ 87.239926888823675, 25.086367647375297 ], [ 87.217419456005018, 25.090141709361504 ], [ 87.152845393084789, 25.024892384767249 ], [ 87.164072081698208, 24.886348059937301 ], [ 87.156912754163613, 24.859169905168301 ], [ 87.120452661730809, 24.85627514241547 ], [ 87.084542145680231, 24.823006631200297 ], [ 87.08328705377285, 24.809128245403912 ], [ 87.102628542825443, 24.802269776430052 ], [ 87.060599699831741, 24.671503986734418 ], [ 87.056319508219332, 24.607732094302044 ], [ 87.030232539694239, 24.622055329200933 ], [ 87.016085547606423, 24.607212738860163 ], [ 86.936075268422243, 24.643710822328551 ], [ 86.940099278275611, 24.627431608446031 ], [ 86.904043558266849, 24.587474108202386 ], [ 86.917111945911358, 24.539664649255005 ], [ 86.882378872368449, 24.568271494812432 ], [ 86.860609148054607, 24.551419132082369 ], [ 86.843064387334977, 24.569208207125786 ], [ 86.806312916283829, 24.565523075177381 ], [ 86.811824636428256, 24.595395573909862 ], [ 86.783204043814408, 24.620617035376384 ], [ 86.756966913038909, 24.618832082225399 ], [ 86.737678229207859, 24.576688730195475 ], [ 86.674543241864342, 24.561519001787222 ], [ 86.609142845828529, 24.605866265996735 ], [ 86.552909720821987, 24.535893026489376 ], [ 86.511967642142338, 24.518554912355505 ], [ 86.490701827209165, 24.459737124255639 ], [ 86.494779839721929, 24.425954876113224 ], [ 86.472040433827644, 24.42283242300595 ], [ 86.471866879578357, 24.385987197508229 ], [ 86.452514372867668, 24.369439075408362 ], [ 86.421817220045355, 24.380181844417887 ], [ 86.357028146211576, 24.444575725040156 ], [ 86.325826083820843, 24.44102539175049 ], [ 86.285521500834903, 24.462814813808439 ], [ 86.318810165659713, 24.509253149047233 ], [ 86.310468468563329, 24.559012026535292 ], [ 86.329271167670001, 24.584791708235347 ], [ 86.270596355406028, 24.5765192723279 ], [ 86.223910416335187, 24.612387840961322 ], [ 86.222230028690987, 24.591808463663842 ], [ 86.201452602465395, 24.585798709299521 ], [ 86.139863365769926, 24.604120931135363 ], [ 86.124856009826701, 24.642428610365926 ], [ 86.140228092685561, 24.67601529901874 ], [ 86.131079105643266, 24.705635632982748 ], [ 86.093271563351152, 24.74673938294967 ], [ 86.045804779270512, 24.741700744730608 ], [ 86.05732676794517, 24.779889183804226 ], [ 85.957093795277729, 24.73246860439389 ], [ 85.917348408117363, 24.753968416250832 ], [ 85.88467216735738, 24.800524238408119 ], [ 85.834142843600233, 24.80982902895806 ], [ 85.817587082467725, 24.794701611703722 ], [ 85.784190618684917, 24.799124985192588 ], [ 85.743741852773795, 24.822778650830372 ], [ 85.711742358556776, 24.768990753390156 ], [ 85.703602116952311, 24.713693283002485 ], [ 85.656498479423604, 24.687259629017877 ], [ 85.67902415699406, 24.619709030279356 ], [ 85.671588735153676, 24.582279927716971 ], [ 85.622366203754595, 24.583250837423211 ], [ 85.583528727352956, 24.603279901407049 ], [ 85.569797490798734, 24.591551435151729 ], [ 85.575235300811244, 24.565497995575814 ], [ 85.54376405879664, 24.565535364138434 ], [ 85.54340405671266, 24.536337472377841 ], [ 85.525257921763483, 24.524872359268404 ], [ 85.501429072081876, 24.550900406508671 ] ], [ [ 87.230682819875312, 25.443599845332699 ], [ 87.231657444711402, 25.451496409274785 ], [ 87.230682819875298, 25.443599845332674 ], [ 87.230682819875312, 25.443599845332699 ] ], [ [ 87.224542790007789, 25.43428278801909 ], [ 87.221294038400998, 25.430948732317212 ], [ 87.226438314341209, 25.437159110974299 ], [ 87.224542790007789, 25.43428278801909 ] ], [ [ 87.205125800018379, 25.415104326460167 ], [ 87.205125800018436, 25.415104326460153 ], [ 87.20787914984075, 25.422446706895705 ], [ 87.205125800018379, 25.415104326460167 ] ], [ [ 87.221184278107685, 25.407712117084159 ], [ 87.223314155429719, 25.400327310140948 ], [ 87.219923337740539, 25.408812025123265 ], [ 87.221184278107685, 25.407712117084159 ] ], [ [ 87.219830400177685, 25.396945936350001 ], [ 87.222061742525028, 25.39019235198003 ], [ 87.229230297680616, 25.385436505005234 ], [ 87.229381048597233, 25.383199987401724 ], [ 87.229230297680715, 25.385436505005373 ], [ 87.22206174252517, 25.39019235198009 ], [ 87.219830400177685, 25.396945936350001 ] ], [ [ 87.235136758440092, 25.379453539384087 ], [ 87.235136758440078, 25.379453539384095 ], [ 87.234616468647204, 25.378519929452168 ], [ 87.235136758440092, 25.379453539384087 ] ], [ [ 87.238236594053319, 25.375426315690419 ], [ 87.245081996664496, 25.377838960456362 ], [ 87.234385857957875, 25.378106120776859 ], [ 87.238236594053319, 25.375426315690419 ] ], [ [ 87.277607317482094, 25.369743504301425 ], [ 87.266595220214867, 25.374124416665722 ], [ 87.247962481781428, 25.378854180120584 ], [ 87.266595220214839, 25.374124416665719 ], [ 87.277607317482094, 25.369743504301425 ] ], [ [ 87.267047990548164, 25.351383952406991 ], [ 87.267047990548235, 25.351383952407048 ], [ 87.266157159992247, 25.353765164297791 ], [ 87.267047990548164, 25.351383952406991 ] ], [ [ 87.280447514667131, 25.362607648984838 ], [ 87.279680431385756, 25.362051760156604 ], [ 87.280447514667131, 25.362607648984824 ], [ 87.280447514667131, 25.362607648984838 ] ], [ [ 87.295630912681602, 25.398566790066699 ], [ 87.286237188758037, 25.373953204014924 ], [ 87.284036009404062, 25.369639731252974 ], [ 87.286237188758065, 25.373953204014953 ], [ 87.295630912681602, 25.398566790066699 ] ], [ [ 87.296787785732008, 25.399009689947661 ], [ 87.310683869375367, 25.403276448512241 ], [ 87.306140222661156, 25.40259019793956 ], [ 87.296787785732008, 25.399009689947661 ] ], [ [ 87.327938222411603, 25.408263956960063 ], [ 87.338919081199293, 25.414803072259506 ], [ 87.320948418966083, 25.407789587040156 ], [ 87.327938222411603, 25.408263956960063 ] ], [ [ 87.343508246583525, 25.415372804303939 ], [ 87.34350824658344, 25.415372804304013 ], [ 87.341137776722377, 25.41538176154949 ], [ 87.343508246583525, 25.415372804303939 ] ], [ [ 87.357420131394136, 25.415067957754612 ], [ 87.353060459618789, 25.414591920300264 ], [ 87.357420131394122, 25.415067957754598 ], [ 87.357420131394136, 25.415067957754612 ] ], [ [ 87.370124991306767, 25.406236049536382 ], [ 87.38102612443636, 25.403279438256479 ], [ 87.410291987856709, 25.390121966988133 ], [ 87.38102612443646, 25.403279438256618 ], [ 87.370124991306739, 25.406236049536517 ], [ 87.367327828596387, 25.408415161505275 ], [ 87.368542916961246, 25.422982142075114 ], [ 87.367327828596331, 25.408415161505228 ], [ 87.370124991306767, 25.406236049536382 ] ], [ [ 87.410477471508074, 25.380103358801222 ], [ 87.427273430994674, 25.375361172244524 ], [ 87.429938645977899, 25.375830207319055 ], [ 87.432372726952678, 25.373893062115819 ], [ 87.410477471508074, 25.380103358801222 ] ], [ [ 87.441982771315153, 25.365117840358497 ], [ 87.455851463960741, 25.359621453861365 ], [ 87.439668316942544, 25.371434148846955 ], [ 87.441982771315153, 25.365117840358497 ] ], [ [ 87.488902453915699, 25.366813117798142 ], [ 87.477840181557099, 25.365439877813571 ], [ 87.462070401434772, 25.36485447066374 ], [ 87.477840181556971, 25.365439877813447 ], [ 87.488902453915699, 25.366813117798142 ] ], [ [ 87.504219633223315, 25.349895674486884 ], [ 87.528168853750316, 25.347625294055526 ], [ 87.489439694605082, 25.366879809375796 ], [ 87.504219633223315, 25.349895674486884 ] ], [ [ 87.530741844988455, 25.355574880597594 ], [ 87.531693512816474, 25.352825712234942 ], [ 87.529442308821174, 25.35349605004216 ], [ 87.530741844988455, 25.355574880597594 ] ], [ [ 87.532133346154126, 25.35155512615313 ], [ 87.532133346154112, 25.351555126153162 ], [ 87.531432504798786, 25.349209292785812 ], [ 87.532133346154126, 25.35155512615313 ] ], [ [ 87.235090803017158, 25.460858795564832 ], [ 87.219384131945191, 25.478689147711776 ], [ 87.231848580680918, 25.45201761580822 ], [ 87.235090803017158, 25.460858795564832 ] ], [ [ 87.214061159674799, 25.483097050051068 ], [ 87.214418242218585, 25.481309138614471 ], [ 87.214418242218699, 25.481309138614414 ], [ 87.214061159674799, 25.483097050051068 ] ], [ [ 87.214964509450681, 25.499703951482729 ], [ 87.214964509450638, 25.499703951482676 ], [ 87.212757532226078, 25.48390691219608 ], [ 87.214964509450681, 25.499703951482729 ] ], [ [ 87.208737790804122, 25.504534511947824 ], [ 87.210374499319585, 25.50303459672271 ], [ 87.209172720765466, 25.505815097484202 ], [ 87.208737790804122, 25.504534511947824 ] ], [ [ 87.215951644103171, 25.506392495093639 ], [ 87.215951644103086, 25.506392495093564 ], [ 87.222376099891008, 25.507477250532702 ], [ 87.215951644103171, 25.506392495093639 ] ], [ [ 87.229504347713146, 25.52388661623587 ], [ 87.226750773761879, 25.534460916769689 ], [ 87.223503407300043, 25.507667593946046 ], [ 87.229504347713146, 25.52388661623587 ] ], [ [ 87.246695327608634, 25.545817626203046 ], [ 87.246673958443836, 25.545797820088666 ], [ 87.246673958443836, 25.545797820088662 ], [ 87.246695327608634, 25.545817626203046 ] ], [ [ 87.262941990132845, 25.557201965908629 ], [ 87.262941990132774, 25.557201965908622 ], [ 87.261867866540754, 25.556475452548778 ], [ 87.262941990132845, 25.557201965908629 ] ], [ [ 87.271175206616505, 25.565294878972463 ], [ 87.268197202280987, 25.557870594905808 ], [ 87.271175206616533, 25.565294878972452 ], [ 87.271175206616505, 25.565294878972463 ] ], [ [ 87.263537483645109, 25.567937988114238 ], [ 87.263537483645024, 25.567937988114171 ], [ 87.271109534397198, 25.565317605489756 ], [ 87.263537483645109, 25.567937988114238 ] ], [ [ 87.259648757947787, 25.594396386440668 ], [ 87.261149910620119, 25.578214473806685 ], [ 87.265648591503648, 25.572528430476758 ], [ 87.261149910620134, 25.578214473806725 ], [ 87.259648757947787, 25.594396386440668 ] ], [ [ 87.258137612751966, 25.620495112818901 ], [ 87.257075010724975, 25.635146333576007 ], [ 87.252661161133219, 25.625188158900528 ], [ 87.252657083863383, 25.620645203614515 ], [ 87.258137612751938, 25.620495112818865 ], [ 87.255745929474173, 25.610520732861151 ], [ 87.254427810770608, 25.597791401115 ], [ 87.258137612751966, 25.620495112818901 ] ], [ [ 87.27420556205702, 25.641399103878431 ], [ 87.274205562057091, 25.641399103878427 ], [ 87.275914154678816, 25.642156068187251 ], [ 87.27420556205702, 25.641399103878431 ] ], [ [ 87.278513255238067, 25.643307557625633 ], [ 87.274580834107866, 25.646658294654419 ], [ 87.278513255238025, 25.643307557625615 ], [ 87.278513255238067, 25.643307557625633 ] ], [ [ 87.258522238778269, 25.66684314855879 ], [ 87.269242306538715, 25.650222786204225 ], [ 87.258522238778284, 25.666843148558801 ], [ 87.258522238778269, 25.66684314855879 ] ], [ [ 87.256154050226741, 25.6768744999574 ], [ 87.26209822841146, 25.669016637298284 ], [ 87.260759214253852, 25.668202783654365 ], [ 87.256154050226741, 25.6768744999574 ] ], [ [ 87.243769943098982, 25.696342100185689 ], [ 87.253170016304054, 25.708367946410377 ], [ 87.252931376921907, 25.680362497613125 ], [ 87.243769943098982, 25.696342100185689 ] ], [ [ 87.261478847199612, 25.716907600330931 ], [ 87.261478847199569, 25.716907600330941 ], [ 87.258366433330139, 25.712551246790269 ], [ 87.261478847199612, 25.716907600330931 ] ], [ [ 87.275139388654452, 25.714656123910288 ], [ 87.275139388654438, 25.714656123910292 ], [ 87.274548258571826, 25.714500439794048 ], [ 87.275139388654452, 25.714656123910288 ] ], [ [ 87.275789553393224, 25.710718596194624 ], [ 87.275897162286711, 25.710184119944365 ], [ 87.275789553393224, 25.710718596194635 ], [ 87.275789553393224, 25.710718596194624 ] ], [ [ 87.353374459779388, 25.682503470755762 ], [ 87.353374459779303, 25.682503470755766 ], [ 87.344170399534676, 25.682855924657026 ], [ 87.339822092888298, 25.681697565960427 ], [ 87.353374459779388, 25.682503470755762 ] ], [ [ 87.366907289248658, 25.68578344033422 ], [ 87.366907289248644, 25.685783440334227 ], [ 87.366526438426703, 25.685859613294188 ], [ 87.366907289248658, 25.68578344033422 ] ], [ [ 87.379816468571079, 25.680733609443706 ], [ 87.379816468571164, 25.680733609443678 ], [ 87.382554881272981, 25.682683548264954 ], [ 87.379816468571079, 25.680733609443706 ] ], [ [ 87.415417390102505, 25.674697797891042 ], [ 87.422235066958208, 25.675408097432751 ], [ 87.415417390102476, 25.674697797891103 ], [ 87.415417390102505, 25.674697797891042 ] ], [ [ 87.431911352615089, 25.676416221081467 ], [ 87.432869068708584, 25.677496397738761 ], [ 87.43191135261506, 25.676416221081464 ], [ 87.431911352615089, 25.676416221081467 ] ], [ [ 87.483507802131186, 25.681933782632257 ], [ 87.483507802131186, 25.681933782632267 ], [ 87.482637497227373, 25.681959288753255 ], [ 87.483507802131186, 25.681933782632257 ] ], [ [ 87.492837085582238, 25.667697270781076 ], [ 87.49283708558221, 25.667697270781048 ], [ 87.496674703769472, 25.667857701598752 ], [ 87.492837085582238, 25.667697270781076 ] ], [ [ 87.532129098616949, 25.67909087085112 ], [ 87.532035316286056, 25.672939194941719 ], [ 87.531223785202044, 25.681175272524847 ], [ 87.532129098616949, 25.67909087085112 ] ], [ [ 87.534029952114224, 25.681827961340787 ], [ 87.534029952114238, 25.681827961340804 ], [ 87.533275080831444, 25.681693545539442 ], [ 87.534029952114224, 25.681827961340787 ] ], [ [ 87.541891677069373, 25.685261853425239 ], [ 87.535518020321277, 25.683342641983259 ], [ 87.541891677069373, 25.685261853425231 ], [ 87.541891677069373, 25.685261853425239 ] ], [ [ 87.540817014490941, 25.674310261651975 ], [ 87.540817014490869, 25.674310261652067 ], [ 87.539264119377307, 25.670806497003639 ], [ 87.540817014490941, 25.674310261651975 ] ], [ [ 87.54052478191619, 25.666615280753717 ], [ 87.540524781916261, 25.666615280753724 ], [ 87.539146681521288, 25.668450293028297 ], [ 87.54052478191619, 25.666615280753717 ] ], [ [ 87.551150058058468, 25.669587351547104 ], [ 87.544094428811192, 25.667500738207995 ], [ 87.551150058058511, 25.669587351547079 ], [ 87.551150058058468, 25.669587351547104 ] ], [ [ 87.554774985078765, 25.667429689419926 ], [ 87.554774985078765, 25.667429689419929 ], [ 87.551829283559329, 25.669183056748672 ], [ 87.554774985078765, 25.667429689419926 ] ], [ [ 87.571331486240283, 25.659462580584005 ], [ 87.566326408796584, 25.659088985217753 ], [ 87.571448057515411, 25.659326176906433 ], [ 87.571331486240283, 25.659462580584005 ] ], [ [ 87.573411390333035, 25.672859201270697 ], [ 87.577125936026178, 25.66182502612735 ], [ 87.574916136466229, 25.65673129913074 ], [ 87.577125936026221, 25.661825026127303 ], [ 87.573411390333035, 25.672859201270697 ] ], [ [ 87.555719769827107, 25.681147781750177 ], [ 87.55571976982705, 25.681147781750159 ], [ 87.555407860878688, 25.679831258848537 ], [ 87.555719769827107, 25.681147781750177 ] ], [ [ 87.560061178737726, 25.686097504741578 ], [ 87.556067437808679, 25.684526952868879 ], [ 87.562569214875921, 25.685768042663661 ], [ 87.560061178737726, 25.686097504741578 ] ], [ [ 87.571221256528361, 25.681678685374607 ], [ 87.571221256528361, 25.681678685374614 ], [ 87.567711001803403, 25.68333779501862 ], [ 87.571221256528361, 25.681678685374607 ] ], [ [ 87.574417842825369, 25.682412181112738 ], [ 87.574334436637969, 25.684775544903029 ], [ 87.574417842825298, 25.682412181112738 ], [ 87.574417842825369, 25.682412181112738 ] ], [ [ 87.584295089698742, 25.684312599697876 ], [ 87.58666316801046, 25.68497861726231 ], [ 87.584295089698685, 25.684312599697883 ], [ 87.584295089698742, 25.684312599697876 ] ], [ [ 87.59875586034498, 25.687365634489499 ], [ 87.598332688099973, 25.687492773174085 ], [ 87.598332688099902, 25.687492773174085 ], [ 87.59875586034498, 25.687365634489499 ] ], [ [ 87.609319446660862, 25.682285017431042 ], [ 87.60646375906758, 25.684233289003714 ], [ 87.606463759067552, 25.684233289003704 ], [ 87.609319446660862, 25.682285017431042 ] ], [ [ 87.611477511487351, 25.680812693790585 ], [ 87.613099823245562, 25.680791272832529 ], [ 87.611477511487337, 25.680812693790593 ], [ 87.611477511487351, 25.680812693790585 ] ], [ [ 87.617783731262932, 25.68072942664503 ], [ 87.620702075016055, 25.681875078354885 ], [ 87.61778373126289, 25.68072942664503 ], [ 87.617783731262932, 25.68072942664503 ] ], [ [ 87.639267157077384, 25.69171537706475 ], [ 87.639267157077313, 25.691715377064792 ], [ 87.633673440006504, 25.688019170247578 ], [ 87.639267157077384, 25.69171537706475 ] ], [ [ 87.654701838451814, 25.683896008374855 ], [ 87.65037393046498, 25.680505642299124 ], [ 87.654701838451842, 25.683896008374859 ], [ 87.654701838451814, 25.683896008374855 ] ], [ [ 87.671536706235031, 25.696848522343259 ], [ 87.671536706234917, 25.696848522343245 ], [ 87.669067581591747, 25.688606633970192 ], [ 87.671536706235031, 25.696848522343259 ] ], [ [ 87.682251675675687, 25.715471856636309 ], [ 87.684362884726639, 25.706108335393754 ], [ 87.685082651248351, 25.698907341742689 ], [ 87.684362884726738, 25.706108335393822 ], [ 87.682251675675687, 25.715471856636309 ] ], [ [ 87.687597192114879, 25.745158440730666 ], [ 87.683660146023541, 25.723400415675993 ], [ 87.685559700550954, 25.719297452033679 ], [ 87.68381593875624, 25.71798215981115 ], [ 87.685559700550982, 25.719297452033686 ], [ 87.687597192114879, 25.745158440730666 ] ], [ [ 87.692283062435422, 25.74801864681924 ], [ 87.689199199333913, 25.746136289132004 ], [ 87.702769654201774, 25.745061578626789 ], [ 87.692283062435422, 25.74801864681924 ] ], [ [ 87.700321087299315, 25.750855409806707 ], [ 87.703535586422063, 25.746407080627637 ], [ 87.70414728362158, 25.747481640208832 ], [ 87.700321087299315, 25.750855409806707 ] ], [ [ 87.709597975374876, 25.754565822025185 ], [ 87.709712343042497, 25.753007269923842 ], [ 87.709597975374948, 25.754565822025256 ], [ 87.709597975374876, 25.754565822025185 ] ], [ [ 87.712371311600592, 25.762386271431541 ], [ 87.711260049201854, 25.756215975120963 ], [ 87.709614023147054, 25.754581754699483 ], [ 87.711260049201996, 25.756215975121052 ], [ 87.712371311600691, 25.762386271431524 ], [ 87.71788337295375, 25.763164756887175 ], [ 87.712371311600592, 25.762386271431541 ] ], [ [ 87.727400862367858, 25.760736674539373 ], [ 87.731539469589819, 25.76345311666271 ], [ 87.727400862367801, 25.760736674539398 ], [ 87.727400862367858, 25.760736674539373 ] ], [ [ 87.75492667721501, 25.750859291326904 ], [ 87.754926677214996, 25.75085929132689 ], [ 87.756858535888568, 25.751267202634018 ], [ 87.75492667721501, 25.750859291326904 ] ], [ [ 87.773407608271242, 25.754014345536316 ], [ 87.77340760827127, 25.754014345536234 ], [ 87.774288090925495, 25.753577278558524 ], [ 87.773407608271242, 25.754014345536316 ] ], [ [ 87.778888474483139, 25.748431541537073 ], [ 87.778888474483125, 25.748431541537137 ], [ 87.778293505485436, 25.749280582901019 ], [ 87.778888474483139, 25.748431541537073 ] ], [ [ 87.791491099423752, 25.747569848117337 ], [ 87.78344086646392, 25.757567384902899 ], [ 87.791491099423709, 25.747569848117358 ], [ 87.788966516311632, 25.746686767533831 ], [ 87.791491099423752, 25.747569848117337 ] ], [ [ 87.789454362875603, 25.76053793773707 ], [ 87.789454362875631, 25.76053793773707 ], [ 87.79068920826812, 25.761310903293854 ], [ 87.789454362875603, 25.76053793773707 ] ], [ [ 87.807290599992598, 25.767334163650844 ], [ 87.807290599992569, 25.767334163650848 ], [ 87.806603715820614, 25.766892013432255 ], [ 87.807290599992598, 25.767334163650844 ] ], [ [ 87.806809654409264, 25.776846499036964 ], [ 87.805145905172225, 25.767692876511589 ], [ 87.806809654409292, 25.776846499036971 ], [ 87.806809654409264, 25.776846499036964 ] ], [ [ 87.809681554939473, 25.777365820034156 ], [ 87.809681554939516, 25.777365820034163 ], [ 87.811953185321656, 25.778471126291223 ], [ 87.809681554939473, 25.777365820034156 ] ], [ [ 87.826994868156177, 25.798047325194602 ], [ 87.828522183456172, 25.786533096872056 ], [ 87.821504820077678, 25.811276882694131 ], [ 87.826994868156177, 25.798047325194602 ] ], [ [ 87.821504820077678, 25.811276882694131 ], [ 87.795257524712056, 25.842518851719252 ], [ 87.795257524711928, 25.842518851719202 ], [ 87.821504820077678, 25.811276882694131 ] ], [ [ 87.821087540894553, 25.856059751103942 ], [ 87.815693738179505, 25.86750494715244 ], [ 87.816634339403706, 25.862001948178218 ], [ 87.821087540894524, 25.856059751103903 ], [ 87.816255922967159, 25.845215954687966 ], [ 87.81670890632958, 25.844050441274689 ], [ 87.821087540894553, 25.856059751103942 ] ], [ [ 87.806666016825318, 25.869996590610967 ], [ 87.802274894507704, 25.872611167462463 ], [ 87.804143743790121, 25.870692735835444 ], [ 87.806666016825318, 25.869996590610967 ] ], [ [ 87.808345576908195, 25.881568352663514 ], [ 87.808345576908152, 25.881568352663518 ], [ 87.804458903205159, 25.877899314751708 ], [ 87.808345576908195, 25.881568352663514 ] ] ] ] } },
{ "type": "Feature", "properties": { "ST_NM": "Chandigarh", "state_id": "chandigarh" }, "geometry": { "type": "Polygon", "coordinates": [ [ [ 76.841472872846978, 30.759959340597813 ], [ 76.849520652424488, 30.710382384423227 ], [ 76.807463970818318, 30.665455551042804 ], [ 76.739386251160738, 30.692155768931755 ], [ 76.729292558526865, 30.724907176317991 ], [ 76.70384626583872, 30.742986202245234 ], [ 76.703812855571442, 30.756422578442983 ], [ 76.772659860779342, 30.795316056739512 ], [ 76.790620372445261, 30.781713802480141 ], [ 76.782565971237702, 30.773240426122022 ], [ 76.809432157934964, 30.781995946151923 ], [ 76.80640066464214, 30.76273040806252 ], [ 76.841472872846978, 30.759959340597813 ] ] ] } },
{ "type": "Feature", "properties": { "ST_NM": "Chhattisgarh", "state_id": "chhattisgarh" }, "geometry": { "type": "Polygon", "coordinates": [ [ [ 81.965287882610241, 18.690184326503061 ], [ 81.955591306925001, 18.635688643452607 ], [ 81.893502764878832, 18.657072112305872 ], [ 81.896526248621399, 18.627796422173983 ], [ 81.962706822447345, 18.59367080621379 ], [ 81.955103350337495, 18.566135999295021 ], [ 81.916783206220984, 18.571184369209778 ], [ 81.90502359863325, 18.53538980062449 ], [ 81.866145763870932, 18.52003051076408 ], [ 81.852533569898384, 18.488562970782372 ], [ 81.77033613182769, 18.418352527042856 ], [ 81.753197903587107, 18.352500844180707 ], [ 81.666358137529258, 18.346330294198751 ], [ 81.666936437309644, 18.318197293253871 ], [ 81.601660516838422, 18.308304931250088 ], [ 81.536236973302124, 18.26610496467022 ], [ 81.513086084210954, 18.190943418115705 ], [ 81.530946013202154, 18.164466797043826 ], [ 81.517020669485035, 18.099724073362331 ], [ 81.482293285094883, 18.035896860232416 ], [ 81.485755849732271, 17.977513112376226 ], [ 81.453703180833216, 17.933716674482771 ], [ 81.44575192616216, 17.883582936150287 ], [ 81.402304315973339, 17.892686808185044 ], [ 81.392648969903803, 17.811184940836672 ], [ 81.262521328159238, 17.819623630908165 ], [ 81.167961464531544, 17.859916090360031 ], [ 81.064373214871381, 17.790091462618626 ], [ 81.040834080242291, 17.796948805473708 ], [ 81.012671353361739, 17.84543803827631 ], [ 80.974150993504324, 18.050119215246944 ], [ 80.952114965916635, 18.087566410181907 ], [ 80.981787429705079, 18.174568724974453 ], [ 80.870076782865553, 18.139007267162228 ], [ 80.856207575047605, 18.203850740043414 ], [ 80.875506577086156, 18.213461299219663 ], [ 80.8670969975107, 18.232149953143324 ], [ 80.837566572947125, 18.240217944123405 ], [ 80.805942375762115, 18.172469630672211 ], [ 80.742515701609037, 18.177792769644014 ], [ 80.741203570550113, 18.224783534042274 ], [ 80.796055057911943, 18.260050439615849 ], [ 80.752495242410404, 18.308032965962358 ], [ 80.724075740013561, 18.388608309718077 ], [ 80.734353638557678, 18.414626326166516 ], [ 80.698792818154615, 18.42492961707072 ], [ 80.706659452665576, 18.441555996032871 ], [ 80.658499405542557, 18.477698966255797 ], [ 80.64035842595851, 18.524154243027983 ], [ 80.490999322363351, 18.633029094203671 ], [ 80.389027525816033, 18.598436276102209 ], [ 80.374393841123862, 18.60945152818903 ], [ 80.349287880244475, 18.591234930425497 ], [ 80.338885817464359, 18.601367195787063 ], [ 80.303668464400218, 18.69020238599952 ], [ 80.246825978285372, 18.756595176471421 ], [ 80.355103585013381, 18.820348614156956 ], [ 80.343032979627367, 18.860442840373441 ], [ 80.274840382459644, 18.93289596712594 ], [ 80.274907087436262, 18.991327213845441 ], [ 80.300589209381286, 19.025573684507588 ], [ 80.296019879338388, 19.050218320925442 ], [ 80.329302529337937, 19.078794120232711 ], [ 80.332009639759022, 19.145345407299718 ], [ 80.393838939937837, 19.192832497882971 ], [ 80.39051025319867, 19.242854204389776 ], [ 80.444229963370617, 19.264815790321194 ], [ 80.482781281679735, 19.338705962216689 ], [ 80.521048969041345, 19.351886660025073 ], [ 80.575046164388169, 19.404585552187378 ], [ 80.617437823473594, 19.31101798438706 ], [ 80.67921069939672, 19.330378642184179 ], [ 80.695969881246882, 19.287518509036989 ], [ 80.756632147053224, 19.290830745592341 ], [ 80.852429878740196, 19.364993522861639 ], [ 80.820118929429597, 19.38674778674536 ], [ 80.795281623356104, 19.430600920339774 ], [ 80.87487701791764, 19.447426398608883 ], [ 80.899465633747369, 19.469639464709584 ], [ 80.892925735252305, 19.513132945835448 ], [ 80.852731558551355, 19.532963356147452 ], [ 80.834939241333942, 19.56639325869736 ], [ 80.773699467351449, 19.571945004204476 ], [ 80.771553300339576, 19.588428225063037 ], [ 80.728238439070623, 19.611896929146919 ], [ 80.664034194546929, 19.61567946591822 ], [ 80.673024619066609, 19.695500576641283 ], [ 80.546750797829219, 19.77759158205502 ], [ 80.549509524605099, 19.822197162979787 ], [ 80.476178275099272, 19.827492480331223 ], [ 80.46656136745392, 19.814170731005568 ], [ 80.487268649529227, 19.798328762560747 ], [ 80.48513152594947, 19.775333346016748 ], [ 80.459460504289865, 19.795763848647244 ], [ 80.40167126487043, 19.797369092488761 ], [ 80.404511152309979, 19.81898597395854 ], [ 80.438655737991454, 19.81310003805466 ], [ 80.504546078883706, 19.871534805353729 ], [ 80.489643036492751, 19.901613067991718 ], [ 80.414643298007036, 19.908517453269994 ], [ 80.413229209852275, 19.935072463177477 ], [ 80.450657156844485, 19.955254603891117 ], [ 80.48747010074689, 19.930468812567007 ], [ 80.527399299789721, 19.933588538171012 ], [ 80.552573600889502, 19.989827978000807 ], [ 80.539556582818363, 20.006532397208865 ], [ 80.553161708774013, 20.068222491080874 ], [ 80.547349847116109, 20.112262640186028 ], [ 80.504970362719362, 20.141262665989384 ], [ 80.458255128056422, 20.147147331813027 ], [ 80.446540441840384, 20.131406135810359 ], [ 80.400721781533264, 20.146230539289881 ], [ 80.392892303167514, 20.164981478492987 ], [ 80.420869479721489, 20.192382879036302 ], [ 80.389815393364884, 20.243758881596211 ], [ 80.472347229463523, 20.273705751527352 ], [ 80.51776728500532, 20.271737081301122 ], [ 80.548961676046645, 20.308967061542276 ], [ 80.624756036872583, 20.335824654267256 ], [ 80.592984252135921, 20.39763213877232 ], [ 80.610400082232488, 20.435232216941788 ], [ 80.601638068599883, 20.448364262245761 ], [ 80.629257523043407, 20.605584352843067 ], [ 80.574209204089939, 20.61405521293576 ], [ 80.518769733456097, 20.586743480494558 ], [ 80.488441853251388, 20.618640851422239 ], [ 80.514458094031369, 20.656105003345939 ], [ 80.587020653179039, 20.685181989343562 ], [ 80.552398910322836, 20.766750320311342 ], [ 80.562753968514158, 20.820986087615164 ], [ 80.548697167694584, 20.935030863235934 ], [ 80.465886403672172, 20.9291750380625 ], [ 80.430532461590673, 21.010459790191717 ], [ 80.454125621972196, 21.03746797040699 ], [ 80.445426536404355, 21.122109509487984 ], [ 80.464079441873068, 21.17348780477759 ], [ 80.610301349060208, 21.228135259951205 ], [ 80.679836426087832, 21.298972232583317 ], [ 80.663424023699079, 21.331383496326403 ], [ 80.737164317944334, 21.472528675036269 ], [ 80.737588231479137, 21.53909051342092 ], [ 80.716157245469645, 21.587026570471487 ], [ 80.729380862281587, 21.622997872078184 ], [ 80.714430601648601, 21.664252295194039 ], [ 80.725458306600643, 21.711952974396635 ], [ 80.749905671306252, 21.758023244336979 ], [ 80.789686210224744, 21.739698949685945 ], [ 80.818167144672799, 21.747637820119987 ], [ 80.84817370462315, 21.856460994614213 ], [ 80.83105762700275, 21.88930333188781 ], [ 80.843553137515144, 21.935545857086069 ], [ 80.825446234794768, 21.956634322341355 ], [ 80.852787119850575, 21.960765275872603 ], [ 80.91314083089155, 22.114141348825424 ], [ 80.957585768851388, 22.112740971625595 ], [ 80.97047173530359, 22.058190897097752 ], [ 80.985917298487422, 22.048178457601974 ], [ 81.011351221874378, 22.069879253467136 ], [ 81.010774988363707, 22.096712035919516 ], [ 80.978840333839671, 22.121238034471553 ], [ 81.022886662679127, 22.132493497395437 ], [ 81.026560272584959, 22.228835504605392 ], [ 81.091805263989897, 22.246428703784659 ], [ 81.120988869880776, 22.294024540653847 ], [ 81.108116832291287, 22.382742610944447 ], [ 81.117173987941797, 22.440544539670224 ], [ 81.187265190042751, 22.489578499507136 ], [ 81.225602861433259, 22.451163059454981 ], [ 81.282714276506525, 22.49893640524785 ], [ 81.31120928267525, 22.481308512554552 ], [ 81.330192648879191, 22.523848890946184 ], [ 81.385993261115857, 22.504896637552172 ], [ 81.40379597597412, 22.441022146096987 ], [ 81.426194168027621, 22.453924854230269 ], [ 81.431702962148847, 22.478915645140944 ], [ 81.455312170102587, 22.467098257254644 ], [ 81.445342973899329, 22.493606197057865 ], [ 81.487132285473578, 22.493015700643419 ], [ 81.526370323186043, 22.539660052734657 ], [ 81.564241884705396, 22.531882443675553 ], [ 81.570375753964655, 22.550711696810243 ], [ 81.623118701648053, 22.538789097120343 ], [ 81.630890269629433, 22.564018825406421 ], [ 81.656019725059025, 22.56870981910291 ], [ 81.648729043960529, 22.607236015893751 ], [ 81.663890148297583, 22.631679883166825 ], [ 81.714389506454424, 22.649334527225033 ], [ 81.730307726141717, 22.675890889365949 ], [ 81.747896283605371, 22.647801403073064 ], [ 81.770119641063474, 22.663322671518884 ], [ 81.753989315283647, 22.726114720649779 ], [ 81.791685072742396, 22.766225601137428 ], [ 81.768260474583798, 22.833826160627364 ], [ 81.776818330554065, 22.872954398143708 ], [ 81.863763865596539, 22.890361693948186 ], [ 81.867448501462377, 22.914462949346014 ], [ 81.947703955064384, 22.95658348279288 ], [ 81.944689708091957, 23.008896788898831 ], [ 81.925897365416077, 23.040325776340193 ], [ 81.945583179566015, 23.077122997529251 ], [ 82.031581021016279, 23.079506575557886 ], [ 82.07464143773052, 23.116206739174491 ], [ 82.123375958794895, 23.103244839571616 ], [ 82.158572985930419, 23.141161752440858 ], [ 82.161272978706577, 23.157431772749831 ], [ 82.144847141001364, 23.164345604427275 ], [ 82.150010138245875, 23.226996653757748 ], [ 82.193949545151028, 23.276933354301089 ], [ 82.19342192186906, 23.324598101856417 ], [ 82.165647444197134, 23.332487250356436 ], [ 82.145395655120723, 23.360944423472439 ], [ 82.118476749057407, 23.35493573099609 ], [ 82.106065258763493, 23.396725027413478 ], [ 82.064356656036963, 23.3925309657706 ], [ 82.053312767694649, 23.376880196326773 ], [ 82.022109492286191, 23.386879714634411 ], [ 82.023560833073105, 23.422436112460428 ], [ 81.98369310710379, 23.41201103412946 ], [ 81.956561606913581, 23.495503258704296 ], [ 81.923961837248058, 23.530781180753266 ], [ 81.834782478866629, 23.509915006365677 ], [ 81.812244967873482, 23.544386679567499 ], [ 81.743645849400792, 23.565918115643633 ], [ 81.700686907169526, 23.521841186913402 ], [ 81.662134915708776, 23.530010712004231 ], [ 81.635810795117735, 23.488860766509752 ], [ 81.614614034030396, 23.505338863463578 ], [ 81.613287223157315, 23.548884353155131 ], [ 81.584661158625707, 23.553247613632255 ], [ 81.577330531854102, 23.586961348696995 ], [ 81.610291654389528, 23.598357708367466 ], [ 81.620865873801094, 23.659245706234287 ], [ 81.650761421018572, 23.658617494790839 ], [ 81.694959538527627, 23.719601515447533 ], [ 81.681764681057629, 23.752164974146062 ], [ 81.647341767348124, 23.769273047156062 ], [ 81.63825022232669, 23.828871201335073 ], [ 81.606165125975906, 23.851693733581428 ], [ 81.622580777969361, 23.870770914088318 ], [ 81.604634544220133, 23.88698895975643 ], [ 81.618252819822658, 23.904926246049378 ], [ 81.669352833702504, 23.923582195571505 ], [ 81.71041521672575, 23.861494654854067 ], [ 81.730743137308991, 23.857094402392804 ], [ 81.726795928854372, 23.838558643643513 ], [ 81.790377700169557, 23.810056949598216 ], [ 81.860673392369065, 23.822586860337111 ], [ 81.92420060708416, 23.87125361959599 ], [ 81.958457816653834, 23.851200453375881 ], [ 82.008490899647782, 23.861482367077709 ], [ 82.053134440548789, 23.819031653344751 ], [ 82.170154381935404, 23.818502603238848 ], [ 82.211649922945341, 23.851530212098648 ], [ 82.207010302063196, 23.830476182857993 ], [ 82.233874494699663, 23.805544204871129 ], [ 82.263036229636427, 23.820508390262692 ], [ 82.335965288690517, 23.802363001211575 ], [ 82.46776270269649, 23.810212822427097 ], [ 82.523928798440821, 23.783130599313381 ], [ 82.552240913131342, 23.793105893435623 ], [ 82.53508160887101, 23.822931052475838 ], [ 82.59371522478024, 23.82176501154515 ], [ 82.659746051370931, 23.855422927036912 ], [ 82.664266135634534, 23.906722918711491 ], [ 82.755857021289472, 23.92120787173922 ], [ 82.806416684327701, 23.961102724626617 ], [ 82.828503957951, 23.96389512840695 ], [ 82.957216517944929, 23.872150996640805 ], [ 83.135089024315846, 23.889318509958535 ], [ 83.197253424578719, 23.920404340169281 ], [ 83.22372867832739, 23.988645892932741 ], [ 83.285630653952495, 24.023713587741579 ], [ 83.293727836379333, 24.065031783710225 ], [ 83.324136600562198, 24.105966357946041 ], [ 83.390957728879272, 24.099121264413327 ], [ 83.41077590790006, 24.080070650376026 ], [ 83.433059395187996, 24.083060190402641 ], [ 83.455256734625607, 24.041852062711339 ], [ 83.517270241752584, 24.024849747484936 ], [ 83.515351433531904, 23.978960048804428 ], [ 83.546533120035846, 23.933090779188458 ], [ 83.550433401856992, 23.897880662552993 ], [ 83.583722018810491, 23.884066279102157 ], [ 83.568775392609268, 23.862652259689945 ], [ 83.657073029736551, 23.847852428962852 ], [ 83.665836102505679, 23.827643620422204 ], [ 83.702876425329421, 23.820531961538837 ], [ 83.736863130000813, 23.75470753823226 ], [ 83.742157099444427, 23.713590752688216 ], [ 83.722166946343577, 23.682604966108411 ], [ 83.758355058530242, 23.653468370297677 ], [ 83.755193411554174, 23.626814363588188 ], [ 83.782281417406537, 23.599728049447418 ], [ 83.807841132839869, 23.583448576132422 ], [ 83.942598809258541, 23.563449033233837 ], [ 83.945225756785945, 23.622765717080153 ], [ 84.014341850942344, 23.632682799238992 ], [ 84.029950874919578, 23.544741751571838 ], [ 84.016024848524623, 23.500138744616837 ], [ 83.976792206340349, 23.455993346705498 ], [ 83.986707554773488, 23.42731367514169 ], [ 83.97307353856479, 23.381891622681895 ], [ 84.013748303478437, 23.353555388204899 ], [ 84.027960603180603, 23.376198741470745 ], [ 84.050606481719171, 23.374772460300484 ], [ 84.077442716902368, 23.330829017613659 ], [ 84.057602977092657, 23.241900416940652 ], [ 84.065501110034944, 23.204613631316228 ], [ 84.038285135137528, 23.162183321527124 ], [ 84.040820532528258, 23.139529256763296 ], [ 84.068602435282642, 23.111055283862058 ], [ 84.13646019400413, 23.082793829239726 ], [ 84.130751117351423, 23.037931540093215 ], [ 84.1550647109609, 22.965301334010359 ], [ 84.174906923949777, 22.972406759209857 ], [ 84.183742766440233, 23.021891266574467 ], [ 84.196979699498144, 23.025099007532877 ], [ 84.224089118083157, 22.977949293042013 ], [ 84.257910658490644, 22.972936723315037 ], [ 84.27840679896768, 22.990351871179612 ], [ 84.285566542233269, 22.962790766590452 ], [ 84.332138367514659, 22.980889906337442 ], [ 84.37749154501897, 22.976668821995542 ], [ 84.396580577118243, 22.925431044241261 ], [ 84.37779573380277, 22.90332787516769 ], [ 84.376811064695218, 22.866265564185625 ], [ 84.327256457108845, 22.85116389542803 ], [ 84.292247090039695, 22.765218734905538 ], [ 84.261194181866557, 22.764801092554858 ], [ 84.232339224713613, 22.737010874194478 ], [ 84.239187848462564, 22.690503579242481 ], [ 84.227556405080705, 22.670849368407641 ], [ 84.156917189213601, 22.636358449024947 ], [ 84.087394390850392, 22.638426597098238 ], [ 84.055151958974022, 22.596064221354109 ], [ 84.012085628395596, 22.571484311713792 ], [ 84.012210412177183, 22.526721190122114 ], [ 83.987130032533329, 22.523983887784134 ], [ 83.983132479643217, 22.504220586945269 ], [ 84.048553127970322, 22.466223425231618 ], [ 84.011220469130009, 22.369901094346844 ], [ 83.868061014163246, 22.345943026731636 ], [ 83.759879842912156, 22.245089886558684 ], [ 83.700106038889274, 22.247679933446996 ], [ 83.626398998612672, 22.198542608012467 ], [ 83.564403703684249, 22.102268389027167 ], [ 83.607436689191772, 22.067890626489543 ], [ 83.550143642422185, 22.061730674013443 ], [ 83.539601534689794, 22.036419383216053 ], [ 83.555694226302961, 22.009134151951766 ], [ 83.542304578044039, 21.965985161182378 ], [ 83.56048675379273, 21.934737651777091 ], [ 83.607590256521704, 21.913474310818948 ], [ 83.578642296826388, 21.874555037763614 ], [ 83.591584442602283, 21.846333962058932 ], [ 83.580646429925537, 21.832409358071871 ], [ 83.538376441361322, 21.834605857862055 ], [ 83.543686922392396, 21.796707196133614 ], [ 83.498065489089413, 21.817243515213899 ], [ 83.47431896429147, 21.785471992322414 ], [ 83.491269846823883, 21.744379999686281 ], [ 83.463486623335498, 21.697183657931266 ], [ 83.435129302657529, 21.695174112253252 ], [ 83.426915723803916, 21.677875121017472 ], [ 83.490215955727365, 21.642588055551588 ], [ 83.491680782114287, 21.628564744698387 ], [ 83.459921257086549, 21.608203238062412 ], [ 83.448387297009475, 21.652200677175276 ], [ 83.387883524120568, 21.615686491142657 ], [ 83.34181409287423, 21.498645380341095 ], [ 83.357481969740419, 21.447179021831392 ], [ 83.400954506778433, 21.402754197738854 ], [ 83.409842028181487, 21.351845333317737 ], [ 83.382013065470474, 21.343361135655933 ], [ 83.277242409169233, 21.378281546445194 ], [ 83.261327261350814, 21.315710032247381 ], [ 83.281779798652735, 21.28906270858792 ], [ 83.274918814478127, 21.272005287508563 ], [ 83.249672420701955, 21.279817572134732 ], [ 83.225586812111757, 21.263506863853781 ], [ 83.197353849522443, 21.139120009548837 ], [ 83.127117706239375, 21.104636647246309 ], [ 83.047877327102711, 21.122396294234356 ], [ 83.00026719613831, 21.157628658020784 ], [ 82.972441368257051, 21.159081555603549 ], [ 82.963370884527279, 21.178766413849633 ], [ 82.886554896161826, 21.152336308553284 ], [ 82.819803564510181, 21.161723517521935 ], [ 82.796177582008596, 21.142444046717486 ], [ 82.759621110211569, 21.162839071079425 ], [ 82.643279724929613, 21.152443946382739 ], [ 82.652377369776119, 21.104965568200424 ], [ 82.616736033054806, 21.074302060619054 ], [ 82.629672026372916, 21.039748967373658 ], [ 82.560303456722067, 20.944750076355515 ], [ 82.493038355941536, 20.906782954366488 ], [ 82.489308381220752, 20.858656065843928 ], [ 82.46644473457593, 20.827215959395314 ], [ 82.422930211812357, 20.829800351923478 ], [ 82.40879618928156, 20.865687134155227 ], [ 82.366425140101754, 20.86974303533859 ], [ 82.354001500690686, 20.887002525557243 ], [ 82.342530946047461, 20.761884804723262 ], [ 82.375663990270553, 20.627696651952252 ], [ 82.331458487964213, 20.55759385476092 ], [ 82.387945657562781, 20.513711829246773 ], [ 82.395562327311026, 20.456476717959994 ], [ 82.417531184349343, 20.47724591168279 ], [ 82.436639281021996, 20.429806924838086 ], [ 82.401276427100186, 20.339696403841764 ], [ 82.436735932835262, 20.2872709729847 ], [ 82.412598005029139, 20.267849656204842 ], [ 82.421131846073564, 20.206717843625821 ], [ 82.38647065213766, 20.149143484914823 ], [ 82.398424909140559, 20.064277069900669 ], [ 82.605957822787673, 19.990697827885672 ], [ 82.639327451320966, 20.005145324675123 ], [ 82.715057665834095, 19.995389627839344 ], [ 82.708125296391501, 19.89863557908636 ], [ 82.725110656101293, 19.876212768339151 ], [ 82.706073932462488, 19.832321814728655 ], [ 82.653368703041949, 19.830779687223764 ], [ 82.630619114103865, 19.794762369526659 ], [ 82.592713964105684, 19.776494974789909 ], [ 82.578898323547293, 19.827715683237589 ], [ 82.598390156488634, 19.871489881446674 ], [ 82.44711364595662, 19.907946004118848 ], [ 82.396435455222019, 19.886777078622085 ], [ 82.347095454116669, 19.835015418338855 ], [ 82.305854300911093, 19.888360953155498 ], [ 82.269295154848237, 19.976254861846083 ], [ 82.238216951711649, 20.002695163487257 ], [ 82.186058644213304, 19.982669657322642 ], [ 82.173414182693094, 20.002693594743 ], [ 82.123670416698019, 20.014857346472937 ], [ 82.065458803192001, 20.054187243303911 ], [ 82.031973504847855, 20.014398224225641 ], [ 82.017506687676573, 20.049070859171419 ], [ 81.948871056818021, 20.106337992639677 ], [ 81.874080685747131, 20.040169132053425 ], [ 81.844854202383587, 19.954322700323075 ], [ 81.857206119117791, 19.912399432663076 ], [ 81.967976490764883, 19.859299162448391 ], [ 81.987785887574901, 19.800472930822718 ], [ 82.067481052075536, 19.787913599936285 ], [ 82.045223580784182, 19.708846464654627 ], [ 82.053871676513708, 19.543867701496918 ], [ 82.030140386426112, 19.507093986151837 ], [ 82.099809360856952, 19.515202472120251 ], [ 82.104652843449699, 19.466540560001281 ], [ 82.127086038220966, 19.429462088332556 ], [ 82.17501413543485, 19.435455393436644 ], [ 82.190845639182527, 19.423257745693771 ], [ 82.17418434598487, 19.371651237865798 ], [ 82.148648924417856, 19.36761866411344 ], [ 82.191005880262026, 19.325535348000436 ], [ 82.159594246790107, 19.27136121381313 ], [ 82.16359305672151, 19.202559533666872 ], [ 82.186692226154079, 19.164996505522311 ], [ 82.172045066170284, 19.160762662886778 ], [ 82.182701236294321, 19.151384220620844 ], [ 82.167700261103619, 19.13265351537791 ], [ 82.177740237047473, 19.119072329943357 ], [ 82.18415091418079, 19.131257318160124 ], [ 82.207663921419368, 19.123705295234718 ], [ 82.2064692431574, 19.100452665109628 ], [ 82.22004885050525, 19.096852452759631 ], [ 82.202048252755034, 19.066570209086883 ], [ 82.233032475969196, 19.021054956465345 ], [ 82.247580221728398, 18.917146808415424 ], [ 82.18076785614808, 18.901925327832668 ], [ 82.166240064670831, 18.876123934949923 ], [ 82.1692300909328, 18.797768665275839 ], [ 82.137170325870798, 18.764499020398414 ], [ 82.089500024555093, 18.762663122200298 ], [ 82.08670557035353, 18.718958153942378 ], [ 82.023723392449028, 18.720319916727355 ], [ 81.965287882610241, 18.690184326503061 ] ], [ [ 81.013961114225097, 19.230146026080885 ], [ 81.029928709190372, 19.232148083079583 ], [ 81.029911542697107, 19.232145931520321 ], [ 81.013961114225097, 19.230146026080885 ] ], [ [ 81.355915369085906, 19.325178055593671 ], [ 81.357670079085537, 19.323441106067808 ], [ 81.35597477438256, 19.325119253806449 ], [ 81.355915369085906, 19.325178055593671 ] ], [ [ 81.392094828642414, 19.834280495418046 ], [ 81.393625612012329, 19.832731152152107 ], [ 81.393566418926099, 19.832791064281921 ], [ 81.392094828642414, 19.834280495418046 ] ], [ [ 82.440866132753541, 21.739327810978107 ], [ 82.440866137507598, 21.739327801696266 ], [ 82.445531332239781, 21.743012717693436 ], [ 82.440866132753541, 21.739327810978107 ] ], [ [ 82.456190401173146, 22.176124377373359 ], [ 82.455626687662416, 22.175885281121374 ], [ 82.46698328125953, 22.180701557171641 ], [ 82.456190401173146, 22.176124377373359 ] ] ] } },
{ "type": "Feature", "properties": { "ST_NM": "Dadara & Nagar Havelli", "state_id": "dadara_and_nagar_havelli" }, "geometry": { "type": "Polygon", "coordinates": [ [ [ 73.186301689176318, 20.156279483330227 ], [ 73.209347149987678, 20.097655781996224 ], [ 73.175917670361216, 20.05312008327439 ], [ 73.129424627516926, 20.084543562412883 ], [ 73.050212599178082, 20.099433273607254 ], [ 73.042293680682491, 20.068065142617765 ], [ 72.99955615647248, 20.110833188899342 ], [ 73.006886037130613, 20.135380675566083 ], [ 72.978522590840072, 20.113677066732585 ], [ 72.962453383489887, 20.131283125397506 ], [ 72.97602210474605, 20.171760643539585 ], [ 72.96381662225555, 20.22628356824406 ], [ 72.911482398985783, 20.274915062409697 ], [ 72.935270390693248, 20.293895024195969 ], [ 72.973518665864262, 20.27209624986337 ], [ 72.97993308282571, 20.292493322873689 ], [ 73.010093847584457, 20.291258109385332 ], [ 73.00947024005113, 20.317751898548678 ], [ 73.016154827652997, 20.294469151203426 ], [ 73.033879208867248, 20.291436016534714 ], [ 73.040270776489422, 20.323308543792919 ], [ 73.080842714665962, 20.327086649013165 ], [ 73.097443251765995, 20.360930505081427 ], [ 73.11204682093566, 20.33308423945503 ], [ 73.10289293896308, 20.305167862642801 ], [ 73.151628690591693, 20.317344493932481 ], [ 73.167405679441941, 20.312457159984469 ], [ 73.169816942653028, 20.29000185785058 ], [ 73.148380552880866, 20.290648374485531 ], [ 73.100390532687541, 20.232380642396567 ], [ 73.066627070106946, 20.23010396467869 ], [ 73.053953265273535, 20.203486514456461 ], [ 73.062138782142185, 20.163797492773693 ], [ 73.076222482707948, 20.15731921574038 ], [ 73.085954085357017, 20.174526444406954 ], [ 73.117947979981963, 20.157380486546543 ], [ 73.142419208923272, 20.176282691576894 ], [ 73.132206390495753, 20.204616304966642 ], [ 73.170376172509449, 20.208780580024605 ], [ 73.219517477290651, 20.18441712689652 ], [ 73.186301689176318, 20.156279483330227 ] ] ] } },
{ "type": "Feature", "properties": { "ST_NM": "Daman & Diu", "state_id": "daman_and_diu" }, "geometry": { "type": "MultiPolygon", "coordinates": [ [ [ [ 72.801982413028426, 20.374169796971923 ], [ 72.844608740553952, 20.474556634805506 ], [ 72.882480837811357, 20.46276668005175 ], [ 72.892809506396546, 20.44167013259305 ], [ 72.87340245306163, 20.444207253033355 ], [ 72.859323593449133, 20.424372720524723 ], [ 72.90260940256168, 20.415240633112177 ], [ 72.886321816538896, 20.393368546642819 ], [ 72.893544088349813, 20.372146286677182 ], [ 72.823325804800945, 20.368619235106564 ], [ 72.801982413028426, 20.374169796971923 ] ] ], [ [ [ 70.882360450839698, 20.728750228137354 ], [ 70.960138312709446, 20.736249922917001 ], [ 70.962366096654293, 20.721807479694238 ], [ 70.997644416741778, 20.714029311572148 ], [ 70.977083198806227, 20.701532363003377 ], [ 70.923471443131476, 20.711530684693425 ], [ 70.914018623329113, 20.699029922429744 ], [ 70.873476020991646, 20.709863662499618 ], [ 70.882360450839698, 20.728750228137354 ] ] ], [ [ [ 71.00528017742964, 20.746637495123039 ], [ 70.987638465688761, 20.722082137240246 ], [ 70.983751289528229, 20.725690840844287 ], [ 71.00528017742964, 20.746637495123039 ] ] ], [ [ [ 71.013193123330808, 20.739597333635913 ], [ 71.0132084094693, 20.739580154275185 ], [ 71.013193123987818, 20.73958015375182 ], [ 71.013193123330808, 20.739597333635913 ] ] ], [ [ [ 71.143210507594574, 20.764171047402556 ], [ 71.156808846478782, 20.761251448797992 ], [ 71.145567817284956, 20.757081986012011 ], [ 71.143210507594574, 20.764171047402556 ] ] ] ] } },
{ "type": "Feature", "properties": { "ST_NM": "Goa", "state_id": "goa" }, "geometry": { "type": "MultiPolygon", "coordinates": [ [ [ [ 74.11917887822122, 14.753440750926391 ], [ 74.110130511433226, 14.755024506217392 ], [ 74.109696383636333, 14.759787213843333 ], [ 74.11917887822122, 14.753440750926391 ] ] ], [ [ [ 74.249776731954782, 15.491824717846333 ], [ 74.279887031348693, 15.384976876762407 ], [ 74.322211752110363, 15.369657260214053 ], [ 74.317188029197155, 15.332015032559045 ], [ 74.335601893030741, 15.295391063267237 ], [ 74.276635831098105, 15.283736276362418 ], [ 74.251091930009622, 15.260075507261989 ], [ 74.30051130291605, 15.225688781939262 ], [ 74.315851718634832, 15.186585521570169 ], [ 74.283344553385405, 15.145658507165585 ], [ 74.272091321733768, 15.098452905048186 ], [ 74.296243752476215, 15.04245547225276 ], [ 74.255447071730643, 14.993367787538908 ], [ 74.263924191806552, 14.969267117216992 ], [ 74.205362094674712, 14.924045744767103 ], [ 74.173718450564678, 14.955645694584055 ], [ 74.15938504611438, 14.942037392731264 ], [ 74.168746426189315, 14.911535121658064 ], [ 74.132567118579317, 14.923053776687063 ], [ 74.088019708444264, 14.895984126098003 ], [ 74.042343720838019, 14.915120974843074 ], [ 74.054593761575532, 14.962298621011129 ], [ 74.037263625339875, 14.978560777836728 ], [ 74.045691083361334, 14.987086153279121 ], [ 73.984028934553209, 15.025795428716776 ], [ 73.984000090916851, 15.054778960379897 ], [ 73.913914489905594, 15.083739171668707 ], [ 73.916031862902642, 15.107034190572532 ], [ 73.958311837405958, 15.144364167873121 ], [ 73.959095750416665, 15.185020940079426 ], [ 73.947067550786699, 15.145128520136764 ], [ 73.87932811044864, 15.363354373415898 ], [ 73.843051593759213, 15.36015914783188 ], [ 73.784101926155088, 15.407996867534781 ], [ 73.922353925545565, 15.40364224531433 ], [ 73.940523570913555, 15.40761169329625 ], [ 73.926259786446636, 15.415602684442568 ], [ 73.936051666966506, 15.436138907412769 ], [ 73.89782322079806, 15.41758803916488 ], [ 73.847848815605957, 15.451823680459833 ], [ 73.785648257366589, 15.461632740037556 ], [ 73.806779259524959, 15.463128887373367 ], [ 73.807342564047488, 15.482614339996813 ], [ 73.833755338526075, 15.505103744851972 ], [ 73.767198802542481, 15.494592730728872 ], [ 73.730383820927742, 15.598445564266425 ], [ 73.766505516411542, 15.632734771303703 ], [ 73.732223213789041, 15.61475181324991 ], [ 73.690856209174484, 15.706240721981304 ], [ 73.699693057338735, 15.721496688125793 ], [ 73.67573430597345, 15.727968300446662 ], [ 73.727755207125327, 15.719340139142069 ], [ 73.749088329496502, 15.734830577617151 ], [ 73.784231136279132, 15.725752310271742 ], [ 73.824264869412588, 15.739837964606229 ], [ 73.856866257435044, 15.799589105543395 ], [ 73.878363623071976, 15.772356635761904 ], [ 73.873930048993941, 15.751423661415446 ], [ 73.937162818135107, 15.743612388306808 ], [ 73.963264838223324, 15.689369545130612 ], [ 73.961210025967091, 15.646464325321118 ], [ 73.994511178149807, 15.611228047200715 ], [ 74.020196277038252, 15.606793620831443 ], [ 74.118765991724487, 15.652457749282974 ], [ 74.166398641889828, 15.654229063596899 ], [ 74.183176359373689, 15.683146510951232 ], [ 74.206404082090046, 15.651218620355181 ], [ 74.238339881173872, 15.667822186907445 ], [ 74.262010557053941, 15.611821809706459 ], [ 74.247717136267156, 15.568087848014622 ], [ 74.280850079380656, 15.528294551780851 ], [ 74.249776731954782, 15.491824717846333 ] ] ] ] } },
{ "type": "Feature", "properties": { "ST_NM": "Gujarat", "state_id": "gujarat" }, "geometry": { "type": "MultiPolygon", "coordinates": [ [ [ [ 68.473198992754263, 23.356809003526454 ], [ 68.476250992475727, 23.353470003373445 ], [ 68.470969992398452, 23.356251003093771 ], [ 68.473198992754263, 23.356809003526454 ] ] ], [ [ [ 68.460419993019514, 23.405141003573743 ], [ 68.469016992573785, 23.403470003305493 ], [ 68.462080992992639, 23.402360002776625 ], [ 68.460419993019514, 23.405141003573743 ] ] ], [ [ [ 68.469565992378904, 23.405701003371373 ], [ 68.475974992476822, 23.402916003021016 ], [ 68.470969992921411, 23.404031002793083 ], [ 68.469565992378904, 23.405701003371373 ] ] ], [ [ [ 68.413193993216609, 23.403750003067294 ], [ 68.422362992383455, 23.405141002946291 ], [ 68.423469992495853, 23.400689002943938 ], [ 68.413193993216609, 23.403750003067294 ] ] ], [ [ [ 68.430968992552152, 23.406811002930649 ], [ 68.43235699269016, 23.404860003319367 ], [ 68.429030992924623, 23.406811003104728 ], [ 68.430968992552152, 23.406811002930649 ] ] ], [ [ [ 68.463470993054472, 23.406250002901942 ], [ 68.463195993021984, 23.405141002888659 ], [ 68.461531992423559, 23.406250002910287 ], [ 68.462639992772822, 23.409031003318336 ], [ 68.463470993054472, 23.406250002901942 ] ] ], [ [ [ 68.409027992697204, 23.406250003096169 ], [ 68.409027992379123, 23.409309002737817 ], [ 68.409858992495202, 23.405701002889671 ], [ 68.409027992697204, 23.406250003096169 ] ] ], [ [ [ 68.46069299258113, 23.412639002823852 ], [ 68.457916993200115, 23.411249003286184 ], [ 68.457916992719561, 23.412083002770284 ], [ 68.46069299258113, 23.412639002823852 ] ] ], [ [ [ 68.398483992641772, 23.420142002741088 ], [ 68.402640992326127, 23.417917002842273 ], [ 68.400411993065603, 23.415971002732942 ], [ 68.398483992641772, 23.420142002741088 ] ] ], [ [ [ 68.402640992579322, 23.420691003243746 ], [ 68.401252992755659, 23.422920003561789 ], [ 68.402084993224804, 23.423196002941616 ], [ 68.402640992579322, 23.420691003243746 ] ] ], [ [ [ 68.399023992446857, 23.428194003200129 ], [ 68.400710992736322, 23.422081002681061 ], [ 68.398191992644186, 23.421806003410207 ], [ 68.399023992446857, 23.428194003200129 ] ] ], [ [ [ 68.475135992343922, 23.479310002981872 ], [ 68.494856993179596, 23.455972003261369 ], [ 68.484580992450944, 23.403190003191323 ], [ 68.458190992379144, 23.41791700342473 ], [ 68.474586992911, 23.459863003505649 ], [ 68.430418992789171, 23.431250003419375 ], [ 68.428474992608926, 23.437361003035473 ], [ 68.418198993108888, 23.439861003290659 ], [ 68.429030993109691, 23.431531002730285 ], [ 68.421250992818628, 23.420142003046767 ], [ 68.412085992260856, 23.443471002871327 ], [ 68.433454992809331, 23.439581002846179 ], [ 68.445137992621582, 23.467919002755501 ], [ 68.475135992343922, 23.479310002981872 ] ] ], [ [ [ 68.407912992253642, 23.45792100276568 ], [ 68.405692993068584, 23.452079003398975 ], [ 68.401252992948585, 23.453750002853308 ], [ 68.407912992253642, 23.45792100276568 ] ] ], [ [ [ 68.495139992835973, 23.475420003139213 ], [ 68.502357992910987, 23.458194003421436 ], [ 68.500137992390094, 23.455140003078373 ], [ 68.495139992835973, 23.475420003139213 ] ] ], [ [ [ 68.487082992343602, 23.485694003299962 ], [ 68.495139992404859, 23.476806002905644 ], [ 68.482084992349016, 23.477920003363458 ], [ 68.487082992343602, 23.485694003299962 ] ] ], [ [ [ 68.463760992863868, 23.496532002733851 ], [ 68.471251993097567, 23.480418002959372 ], [ 68.4595879928778, 23.479584003464261 ], [ 68.463760992863868, 23.496532002733851 ] ] ], [ [ [ 68.472922992267357, 23.494029003325331 ], [ 68.486809992645178, 23.485970003271149 ], [ 68.47957599230962, 23.477920003377704 ], [ 68.472922992267357, 23.494029003325331 ] ] ], [ [ [ 68.486526992537492, 23.495419002979673 ], [ 68.489585993166628, 23.491809003383885 ], [ 68.487082992909436, 23.486528003012634 ], [ 68.486526992537492, 23.495419002979673 ] ] ], [ [ [ 68.437361992502431, 23.500420003444855 ], [ 68.438468992285081, 23.498460003255065 ], [ 68.436821992778064, 23.500142003096624 ], [ 68.437361992502431, 23.500420003444855 ] ] ], [ [ [ 68.466529992271006, 23.523471002709734 ], [ 68.470137992306803, 23.518190003302781 ], [ 68.464300992837764, 23.515417003143792 ], [ 68.466529992271006, 23.523471002709734 ] ] ], [ [ [ 68.468749992287329, 23.524583002900197 ], [ 68.474586993113306, 23.522078003380237 ], [ 68.471525992714859, 23.520690002840034 ], [ 68.468749992287329, 23.524583002900197 ] ] ], [ [ [ 68.471801992648324, 23.536250003154095 ], [ 68.476516992646964, 23.532079003429068 ], [ 68.473198993012574, 23.53042000306462 ], [ 68.471801992648324, 23.536250003154095 ] ] ], [ [ [ 68.480972992951607, 23.554030002750128 ], [ 68.475418993194864, 23.538472003100605 ], [ 68.453192992257556, 23.528749003333857 ], [ 68.457358992471214, 23.542641002668489 ], [ 68.480972992951607, 23.554030002750128 ] ] ], [ [ [ 68.48319299268438, 23.549312003138205 ], [ 68.481528992972216, 23.548190003023375 ], [ 68.482084992838608, 23.550422003592587 ], [ 68.48319299268438, 23.549312003138205 ] ] ], [ [ [ 68.485136992421346, 23.586810002705118 ], [ 68.481245992435163, 23.561250003467308 ], [ 68.445967992756451, 23.540141003023749 ], [ 68.430418992551679, 23.507651003438166 ], [ 68.435417992638705, 23.557084003084192 ], [ 68.472915992738308, 23.578193003181898 ], [ 68.468473993173987, 23.592082002877827 ], [ 68.485136992421346, 23.586810002705118 ] ] ], [ [ [ 68.225693992576169, 23.585972003368468 ], [ 68.225134992823484, 23.583750003069017 ], [ 68.222358992921116, 23.585972002696884 ], [ 68.225693992576169, 23.585972003368468 ] ] ], [ [ [ 68.249305992474831, 23.589860003513198 ], [ 68.253471992985681, 23.582081002950215 ], [ 68.244856992540662, 23.587079003063188 ], [ 68.249305992474831, 23.589860003513198 ] ] ], [ [ [ 68.454033992769425, 23.599309002958741 ], [ 68.462080993045504, 23.576812003461615 ], [ 68.445417993154791, 23.57625100321874 ], [ 68.454033992769425, 23.599309002958741 ] ] ], [ [ [ 68.216246992409751, 23.591250002656388 ], [ 68.21514099267155, 23.587079002684831 ], [ 68.215140993182629, 23.591250003113174 ], [ 68.216246992409751, 23.591250002656388 ] ] ], [ [ [ 68.479582992252361, 23.605693003164451 ], [ 68.486526992174419, 23.603195003554735 ], [ 68.480140993212757, 23.598190002947806 ], [ 68.479582992252361, 23.605693003164451 ] ] ], [ [ [ 68.461807992230845, 23.623751003563488 ], [ 68.466529992329939, 23.600980002725919 ], [ 68.451820992383105, 23.602922003350059 ], [ 68.440406992736015, 23.58653000358883 ], [ 68.435141992970927, 23.617360002926226 ], [ 68.461807992230845, 23.623751003563488 ] ] ], [ [ [ 68.486526992720272, 23.626529003367786 ], [ 68.490699992959151, 23.603751003316077 ], [ 68.480414992773404, 23.607361003186618 ], [ 68.477911992784328, 23.604583003568425 ], [ 68.479857992510844, 23.590970003357427 ], [ 68.468193992819096, 23.592640003529482 ], [ 68.469854992760233, 23.61681100353162 ], [ 68.486526992720272, 23.626529003367786 ] ] ], [ [ [ 68.361807992612569, 23.803750002894756 ], [ 68.397918992571434, 23.784860003359515 ], [ 68.42514099229372, 23.797083003009309 ], [ 68.425696992399423, 23.781804003072338 ], [ 68.399306992407602, 23.750972003518005 ], [ 68.41735799236865, 23.760417003213941 ], [ 68.418455992854192, 23.724299003439054 ], [ 68.394577992667763, 23.661530002677956 ], [ 68.375418992939359, 23.643189003325066 ], [ 68.38597199289768, 23.667640002903603 ], [ 68.390135992471144, 23.684861002776469 ], [ 68.389579992592914, 23.685973002708529 ], [ 68.346802993155521, 23.598190003246554 ], [ 68.280693992670891, 23.582362003410154 ], [ 68.274856993097018, 23.595421003431852 ], [ 68.292640993069128, 23.600695002904093 ], [ 68.272919992353977, 23.617921003549828 ], [ 68.277915993116153, 23.631251003487581 ], [ 68.286528993066128, 23.627359002811286 ], [ 68.304581992357981, 23.630141003254977 ], [ 68.313200992989806, 23.622360003001187 ], [ 68.314025993149713, 23.622921003096558 ], [ 68.306807992839012, 23.630702003177831 ], [ 68.277092992506113, 23.63264200323486 ], [ 68.264030992986619, 23.602359003575934 ], [ 68.242080993028594, 23.606251003050858 ], [ 68.254027992751674, 23.592360003079236 ], [ 68.221251992522696, 23.589860002757945 ], [ 68.225982992801008, 23.606810002700588 ], [ 68.19708199298482, 23.597085003024091 ], [ 68.186248992276205, 23.624309003076061 ], [ 68.204581993079984, 23.647641003522896 ], [ 68.210135992997735, 23.64041800353812 ], [ 68.26013799317596, 23.639860003140967 ], [ 68.258186992714187, 23.644862002772655 ], [ 68.279861992395581, 23.649026003295518 ], [ 68.299576992982239, 23.647360002899134 ], [ 68.311812992887923, 23.650141003076133 ], [ 68.280417992960565, 23.652089003455181 ], [ 68.259308992370535, 23.645961002828134 ], [ 68.23124599265067, 23.642916003159165 ], [ 68.269575992974282, 23.649580003499032 ], [ 68.306251992364025, 23.681249003266434 ], [ 68.318465992596401, 23.718200003413536 ], [ 68.334029992505236, 23.710971002761752 ], [ 68.339301992607076, 23.742639003393727 ], [ 68.349860992692854, 23.731807002753534 ], [ 68.351807992932251, 23.742920003336909 ], [ 68.334861992526854, 23.758751003489539 ], [ 68.361807992612569, 23.803750002894756 ] ] ], [ [ [ 68.47402799242613, 23.721530003377897 ], [ 68.474586992799345, 23.714861003053713 ], [ 68.471251992474038, 23.716249003512914 ], [ 68.47402799242613, 23.721530003377897 ] ] ], [ [ [ 68.44958499285913, 23.731526002868339 ], [ 68.448752992409084, 23.73041600294497 ], [ 68.447357992578432, 23.732361003043518 ], [ 68.44958499285913, 23.731526002868339 ] ] ], [ [ [ 68.469854992569694, 23.738751003338304 ], [ 68.485136992914434, 23.732361003559276 ], [ 68.487638992819868, 23.729031002710595 ], [ 68.459295992879859, 23.724862002715579 ], [ 68.469854992569694, 23.738751003338304 ] ] ], [ [ [ 68.486250992276595, 23.741249003074984 ], [ 68.481795992447772, 23.73624000323472 ], [ 68.48680999289958, 23.745972003529129 ], [ 68.486250992276595, 23.741249003074984 ] ] ], [ [ [ 68.310964993169478, 23.822639003298715 ], [ 68.324302992336143, 23.734309003396202 ], [ 68.291252993183065, 23.727641002857659 ], [ 68.294584992255153, 23.741252003341113 ], [ 68.285698993099516, 23.754584003270942 ], [ 68.284857992316603, 23.732085003039206 ], [ 68.294584992543093, 23.723189002672921 ], [ 68.274031992274018, 23.701250002663031 ], [ 68.257361992618868, 23.715974003176889 ], [ 68.26541899282843, 23.72680200290322 ], [ 68.273482992505976, 23.792641003032198 ], [ 68.298194993059653, 23.803750002991261 ], [ 68.297080993047771, 23.812085003147846 ], [ 68.29013899217307, 23.816805003432314 ], [ 68.310964993169478, 23.822639003298715 ] ] ], [ [ [ 68.215140992348495, 23.778481002994578 ], [ 68.224029992744619, 23.763202002769361 ], [ 68.216804992951992, 23.755694003608788 ], [ 68.215140992348495, 23.778481002994578 ] ] ], [ [ [ 68.500967992754582, 23.829860003357915 ], [ 68.522917992831296, 23.803750002983833 ], [ 68.512358992312329, 23.788749003215578 ], [ 68.504028992753405, 23.794032003548697 ], [ 68.498473993067407, 23.794583003072287 ], [ 68.522361992505708, 23.775420003008779 ], [ 68.51680799300118, 23.754580003064447 ], [ 68.489585993072552, 23.759583002850945 ], [ 68.507362993114626, 23.748470002883501 ], [ 68.487638992274455, 23.73708100286191 ], [ 68.488197992873836, 23.748472002968885 ], [ 68.465415992569973, 23.775420002768371 ], [ 68.476806992263988, 23.740691003539485 ], [ 68.437361992689759, 23.739312003300153 ], [ 68.456526992669851, 23.774028003345059 ], [ 68.447906992563134, 23.806531003384855 ], [ 68.500967992754582, 23.829860003357915 ] ] ], [ [ [ 68.349584993205937, 23.800420002852782 ], [ 68.346526992793784, 23.77958200339318 ], [ 68.340415992745079, 23.777082003151843 ], [ 68.341803992904872, 23.789305003521765 ], [ 68.346252992708372, 23.798471003401424 ], [ 68.349584993205937, 23.800420002852782 ] ] ], [ [ [ 68.358466992919318, 23.97500411152302 ], [ 68.434029993067455, 23.967337561476697 ], [ 68.411529992902715, 23.925980002949043 ], [ 68.346526992459687, 23.904030003138605 ], [ 68.337637992602268, 23.819305003539196 ], [ 68.320968992273421, 23.80708200275982 ], [ 68.314581992883717, 23.824030003473958 ], [ 68.30374999298941, 23.824584002820874 ], [ 68.288750992218368, 23.817361002941304 ], [ 68.295692992414459, 23.804311002855645 ], [ 68.265685992483711, 23.792922003191645 ], [ 68.254027992652524, 23.718750002862816 ], [ 68.266806992278475, 23.691806003536708 ], [ 68.237923993086994, 23.681249003603465 ], [ 68.19264199291446, 23.730970002736214 ], [ 68.211806992297142, 23.763482003492207 ], [ 68.213752992356333, 23.755416002694684 ], [ 68.219580992675333, 23.754860002984245 ], [ 68.234306992994789, 23.774860002843059 ], [ 68.217916993031281, 23.781250003000984 ], [ 68.212911992585774, 23.834584003224087 ], [ 68.234579993207589, 23.83597000273712 ], [ 68.245405993171403, 23.853759002765173 ], [ 68.260406992622478, 23.824859002810172 ], [ 68.260969992932672, 23.83736000312603 ], [ 68.277359992468561, 23.834304003087688 ], [ 68.287359992285701, 23.839307002896724 ], [ 68.2487499927729, 23.85375900273063 ], [ 68.259308992182355, 23.871805003331755 ], [ 68.305137992488326, 23.865695003228257 ], [ 68.317642992712891, 23.879301002949997 ], [ 68.303749992677041, 23.8670800031285 ], [ 68.259016992733891, 23.875142003209312 ], [ 68.277083993127903, 23.914862003469132 ], [ 68.335417993140865, 23.91819400330327 ], [ 68.358466992919318, 23.97500411152302 ] ] ], [ [ [ 68.397635992604279, 23.877083003411485 ], [ 68.439307992494264, 23.839031003425546 ], [ 68.426528992660806, 23.810421003353607 ], [ 68.410141992624176, 23.809031003563966 ], [ 68.407912993092538, 23.814309002829411 ], [ 68.412917992234512, 23.819583003108232 ], [ 68.411529992613964, 23.820973003461006 ], [ 68.40651599225987, 23.811809002926044 ], [ 68.415969993178479, 23.802079003135322 ], [ 68.405416992852651, 23.793191002761031 ], [ 68.389861992727859, 23.832082002866272 ], [ 68.384307992472799, 23.837360003066152 ], [ 68.379585992842934, 23.838195003234681 ], [ 68.401526992679734, 23.790417002819126 ], [ 68.355139992660824, 23.810973002754125 ], [ 68.330139992817692, 23.787361003302859 ], [ 68.344306992483851, 23.839309003288879 ], [ 68.397635992604279, 23.877083003411485 ] ] ], [ [ [ 68.251525993174141, 23.879306003136467 ], [ 68.233467993125359, 23.842359003244571 ], [ 68.215972992482975, 23.847630002947302 ], [ 68.216804992825786, 23.867639003286406 ], [ 68.251525993174141, 23.879306003136467 ] ] ], [ [ [ 68.451820992815769, 23.93736000296699 ], [ 68.442092992428258, 23.870422002941854 ], [ 68.419586993096445, 23.870971003451125 ], [ 68.420691992983635, 23.877083003335915 ], [ 68.410697992710453, 23.885421003572034 ], [ 68.429304992419517, 23.895971003441336 ], [ 68.422362992891607, 23.894861003325495 ], [ 68.408468993059543, 23.885140002795456 ], [ 68.417074992338627, 23.872361003142419 ], [ 68.393469993131433, 23.880420003482424 ], [ 68.377356993183, 23.876530002831082 ], [ 68.349860992213664, 23.846251003427149 ], [ 68.35652999221152, 23.863201003074131 ], [ 68.355971992339903, 23.890141003148884 ], [ 68.367637992435562, 23.890694002844796 ], [ 68.358466993157336, 23.894029002916575 ], [ 68.354309992980703, 23.88820100282717 ], [ 68.355697992697898, 23.884580002750305 ], [ 68.353201992381528, 23.883739003426484 ], [ 68.352912992871254, 23.900693003520079 ], [ 68.451820992815769, 23.93736000296699 ] ] ], [ [ [ 68.496527992865282, 23.966530003124685 ], [ 68.5184719930906, 23.924305003069861 ], [ 68.480414992345104, 23.890416002961501 ], [ 68.467361993094016, 23.894583002845714 ], [ 68.479575992550039, 23.889031002858118 ], [ 68.471801993071153, 23.861531003053891 ], [ 68.432356992705152, 23.852084003147812 ], [ 68.453185992277909, 23.879859002838469 ], [ 68.462912993014939, 23.931805003615342 ], [ 68.448761992931878, 23.940140002784691 ], [ 68.428192992682668, 23.936530003399682 ], [ 68.436805992252957, 23.957361003476752 ], [ 68.496527992865282, 23.966530003124685 ] ] ], [ [ [ 68.603469992858578, 23.225695003073717 ], [ 68.613745993108367, 23.222085003480487 ], [ 68.612923992542903, 23.221251003142104 ], [ 68.603469992858578, 23.225695003073717 ] ] ], [ [ [ 68.597641992528395, 23.26069300317144 ], [ 68.594024992418028, 23.260140003010324 ], [ 68.593748992383297, 23.262084003004219 ], [ 68.597641992528395, 23.26069300317144 ] ] ], [ [ [ 68.658195992595054, 23.271250002850689 ], [ 68.66013999233769, 23.267916003349672 ], [ 68.656805992792343, 23.269311002726084 ], [ 68.658195992595054, 23.271250002850689 ] ] ], [ [ [ 68.559301992530038, 23.312233770012231 ], [ 68.574027992676903, 23.294306003208106 ], [ 68.588194992793561, 23.295416003398756 ], [ 68.582077992260054, 23.310142003276123 ], [ 68.595695992809453, 23.299582003589954 ], [ 68.612075992531373, 23.296531003183723 ], [ 68.61486099304814, 23.271531002880238 ], [ 68.572363992460168, 23.260974003555372 ], [ 68.584297992901611, 23.253749003494299 ], [ 68.574027992430374, 23.245141003496052 ], [ 68.540968992948308, 23.265694003279123 ], [ 68.540968992810576, 23.285142002853732 ], [ 68.567916993118303, 23.281249003344882 ], [ 68.55319199321309, 23.296811003177659 ], [ 68.559301992530038, 23.312233770012231 ] ] ], [ [ [ 68.629027992275027, 23.285418003059988 ], [ 68.627912992633426, 23.289306003385537 ], [ 68.628744992293662, 23.290140003323234 ], [ 68.629027992275027, 23.285418003059988 ] ] ], [ [ [ 68.59097299241364, 23.317640003314221 ], [ 68.609306992593787, 23.31680600299093 ], [ 68.618750993186893, 23.299311002920206 ], [ 68.598471992893153, 23.302080003110444 ], [ 68.59097299241364, 23.317640003314221 ] ] ], [ [ [ 68.63346799252578, 23.307639002815101 ], [ 68.642638992311291, 23.314030002682436 ], [ 68.646246992219872, 23.307359003463077 ], [ 68.63346799252578, 23.307639002815101 ] ] ], [ [ [ 68.634025993169061, 23.315696003119054 ], [ 68.630415992489645, 23.312915003535434 ], [ 68.631529992656269, 23.317640003297221 ], [ 68.634025993169061, 23.315696003119054 ] ] ], [ [ [ 68.626251992250346, 23.321250003461323 ], [ 68.629859993011664, 23.313749002807238 ], [ 68.627356992332977, 23.311532003560831 ], [ 68.626251992250346, 23.321250003461323 ] ] ], [ [ [ 68.639304992293745, 23.318472002788443 ], [ 68.643752992638468, 23.317920002855182 ], [ 68.641806992786385, 23.315416003312418 ], [ 68.639304992293745, 23.318472002788443 ] ] ], [ [ [ 68.632361993017781, 23.31875000315657 ], [ 68.631247992745884, 23.320981003069939 ], [ 68.631812992337473, 23.321250003272674 ], [ 68.632361993017781, 23.31875000315657 ] ] ], [ [ [ 68.624861992284153, 23.325972002792398 ], [ 68.629303992790184, 23.323194003442978 ], [ 68.629027992793695, 23.321530002946798 ], [ 68.624861992284153, 23.325972002792398 ] ] ], [ [ [ 68.508750993096072, 23.340974002776761 ], [ 68.527640992797842, 23.33708300299454 ], [ 68.537636992456981, 23.318470003126745 ], [ 68.502357992933653, 23.323750002888612 ], [ 68.508750993096072, 23.340974002776761 ] ] ], [ [ [ 68.542076992375982, 23.34153000316342 ], [ 68.541526992875873, 23.337081003124016 ], [ 68.540412992238146, 23.339310003294045 ], [ 68.542076992375982, 23.34153000316342 ] ] ], [ [ [ 68.549857992401627, 23.341530003073942 ], [ 68.547919993070494, 23.338752003518575 ], [ 68.545134992783488, 23.338752003490178 ], [ 68.549857992401627, 23.341530003073942 ] ] ], [ [ [ 68.555420993099631, 23.341250003518848 ], [ 68.552917992484197, 23.340974003363872 ], [ 68.556808992726644, 23.341810002983731 ], [ 68.555420993099631, 23.341250003518848 ] ] ], [ [ [ 68.52513799235426, 23.344030003230888 ], [ 68.532082992217298, 23.339305003486633 ], [ 68.521247993098754, 23.343472003380544 ], [ 68.52513799235426, 23.344030003230888 ] ] ], [ [ [ 68.563194992963915, 23.344862003023408 ], [ 68.562636992883967, 23.341810003107963 ], [ 68.560965993041648, 23.34209100310272 ], [ 68.563194992963915, 23.344862003023408 ] ] ], [ [ [ 68.628471993121337, 23.350972003311291 ], [ 68.635696992828571, 23.34542000350244 ], [ 68.634308992808315, 23.342359003463933 ], [ 68.628471993121337, 23.350972003311291 ] ] ], [ [ [ 68.574859992379459, 23.373194003337726 ], [ 68.589575992707239, 23.374030002854035 ], [ 68.594856992648857, 23.359029002915175 ], [ 68.610694993102967, 23.351804002793585 ], [ 68.606796992821828, 23.363751002905648 ], [ 68.608749992321876, 23.364312002893765 ], [ 68.618194993160955, 23.328195003313276 ], [ 68.577635993039536, 23.352360003558225 ], [ 68.574859992379459, 23.373194003337726 ] ] ], [ [ [ 68.569578992385743, 23.359029003231367 ], [ 68.575691993182659, 23.353751002826844 ], [ 68.575691992453443, 23.352360002843508 ], [ 68.569578992385743, 23.359029003231367 ] ] ], [ [ [ 68.599029992889498, 23.360695002845933 ], [ 68.59625199277572, 23.359307003013015 ], [ 68.595968992487002, 23.360419003165102 ], [ 68.599029992889498, 23.360695002845933 ] ] ], [ [ [ 68.540701992925904, 23.377640003119694 ], [ 68.539306992850783, 23.374860003124478 ], [ 68.537916992549683, 23.375129003431788 ], [ 68.540701992925904, 23.377640003119694 ] ] ], [ [ [ 68.53041899265331, 23.382917003025756 ], [ 68.532082992634869, 23.380695002980683 ], [ 68.535423992580263, 23.371250002936879 ], [ 68.53041899265331, 23.382917003025756 ] ] ], [ [ [ 68.50346999317776, 23.380701003209374 ], [ 68.505142992907579, 23.379863003012311 ], [ 68.505142992635442, 23.377362003292969 ], [ 68.502640993096577, 23.378470003185267 ], [ 68.502640993022453, 23.383473002780335 ], [ 68.50346999317776, 23.380701003209374 ] ] ], [ [ [ 68.577917992744858, 23.38513900301297 ], [ 68.586250992302354, 23.380141003034844 ], [ 68.587089992811286, 23.375970002804323 ], [ 68.577917992744858, 23.38513900301297 ] ] ], [ [ [ 68.535140992746037, 23.385419002789863 ], [ 68.541526992907336, 23.381811003207758 ], [ 68.542914992569862, 23.380138003334931 ], [ 68.535423992852742, 23.380701003279437 ], [ 68.535140992746037, 23.385419002789863 ] ] ], [ [ [ 68.54541799230141, 23.40264000321368 ], [ 68.567358992567478, 23.37597200356711 ], [ 68.555693992718233, 23.360417003304725 ], [ 68.546249993142879, 23.396806003202222 ], [ 68.527915992652396, 23.391810003067008 ], [ 68.54541799230141, 23.40264000321368 ] ] ], [ [ [ 68.505142992876799, 23.381260003600129 ], [ 68.503752992681541, 23.384307002945068 ], [ 68.504584992872864, 23.384583003412935 ], [ 68.505142992876799, 23.381260003600129 ] ] ], [ [ [ 68.520141992986581, 23.395415002757762 ], [ 68.527357992493407, 23.399030002825249 ], [ 68.527357992820995, 23.386249002947935 ], [ 68.520141992986581, 23.395415002757762 ] ] ], [ [ [ 68.556808992717876, 23.402640003181457 ], [ 68.552917992458859, 23.404031002931028 ], [ 68.556808992316334, 23.403194002867323 ], [ 68.556808992717876, 23.402640003181457 ] ] ], [ [ [ 68.557906992365432, 23.409309003544344 ], [ 68.555420992813524, 23.405141003541729 ], [ 68.551245992499091, 23.404306002733094 ], [ 68.557906992365432, 23.409309003544344 ] ] ], [ [ [ 68.549857992273317, 23.41486100296898 ], [ 68.547363992396285, 23.409861003085666 ], [ 68.541526992882766, 23.405430003562262 ], [ 68.549857992273317, 23.41486100296898 ] ] ], [ [ [ 68.501249993166539, 23.430140003068413 ], [ 68.500418992961542, 23.431250002909941 ], [ 68.502081992862173, 23.432372003212937 ], [ 68.501249993166539, 23.430140003068413 ] ] ], [ [ [ 68.516807992922494, 23.432921002742436 ], [ 68.513748992720451, 23.430416002878253 ], [ 68.514029992924222, 23.432641003301931 ], [ 68.516807992922494, 23.432921002742436 ] ] ], [ [ [ 68.500967992891177, 23.435417003167938 ], [ 68.496803993224717, 23.434580002842434 ], [ 68.500967992789739, 23.435973003373771 ], [ 68.500967992891177, 23.435417003167938 ] ] ], [ [ [ 68.50096799295379, 23.443751003311206 ], [ 68.501249992785361, 23.4393090032024 ], [ 68.500687992678408, 23.43902900280991 ], [ 68.50096799295379, 23.443751003311206 ] ] ], [ [ [ 68.507918992391666, 23.455140003474195 ], [ 68.51902799296451, 23.449030002850673 ], [ 68.525969992422532, 23.442083002749275 ], [ 68.526527993201242, 23.438195003028579 ], [ 68.52513799253947, 23.436251002958709 ], [ 68.522917992527894, 23.443202003404846 ], [ 68.51346699274238, 23.447920002901231 ], [ 68.521247992502524, 23.441541003371299 ], [ 68.520973992884947, 23.437080003402002 ], [ 68.502906992240099, 23.429311003380761 ], [ 68.507918992391666, 23.455140003474195 ] ] ], [ [ [ 68.500967992536985, 23.453479002908669 ], [ 68.499868992483627, 23.444581003571404 ], [ 68.496803992411429, 23.44402700280629 ], [ 68.500967992536985, 23.453479002908669 ] ] ], [ [ [ 68.506804993001751, 23.4904170032904 ], [ 68.507362992367959, 23.492361002943539 ], [ 68.509024992601283, 23.490417003268657 ], [ 68.506804993001751, 23.4904170032904 ] ] ], [ [ [ 68.511253992330751, 23.490690002902038 ], [ 68.50930699271089, 23.492650003447917 ], [ 68.511526993148308, 23.492361002961164 ], [ 68.511253992330751, 23.490690002902038 ] ] ], [ [ [ 68.606527993141555, 23.807082002820142 ], [ 68.601515992283026, 23.795971003187002 ], [ 68.595138992585063, 23.796805002760198 ], [ 68.593475992348104, 23.80347200285269 ], [ 68.606527993141555, 23.807082002820142 ] ] ], [ [ [ 68.59652699247917, 23.812641003098364 ], [ 68.594307992380905, 23.810138002962052 ], [ 68.593475992849903, 23.812085002908727 ], [ 68.59652699247917, 23.812641003098364 ] ] ], [ [ [ 68.531806992811966, 23.872922002898001 ], [ 68.534858992913684, 23.864860002924324 ], [ 68.524025992931314, 23.858472003486046 ], [ 68.531806992811966, 23.872922002898001 ] ] ], [ [ [ 68.525413992496652, 23.940140003553839 ], [ 68.54235899232016, 23.933750003005571 ], [ 68.55819699298776, 23.930974003216345 ], [ 68.558472992468225, 23.923195003225874 ], [ 68.588752993104436, 23.916811003339159 ], [ 68.546805992554155, 23.872917002788583 ], [ 68.532638992980637, 23.876252003181133 ], [ 68.522085992400676, 23.856250003304652 ], [ 68.502081993090542, 23.875420003524518 ], [ 68.490966992712259, 23.86625100304558 ], [ 68.486250993162756, 23.89042100338299 ], [ 68.512084992367903, 23.903195002829829 ], [ 68.525695992388691, 23.892641003147425 ], [ 68.514029992564829, 23.904583002685285 ], [ 68.537636993184734, 23.917638003041922 ], [ 68.525413992496652, 23.940140003553839 ] ] ], [ [ [ 68.525695992924781, 23.949530002889045 ], [ 68.521529992702625, 23.945416003092195 ], [ 68.514578992801077, 23.949583003421271 ], [ 68.525695992924781, 23.949530002889045 ] ] ], [ [ [ 69.981805793484526, 21.226804733974621 ], [ 69.778200141740129, 21.457914353481314 ], [ 69.787637702839405, 21.451532365048749 ], [ 69.799859993119782, 21.452081681409048 ], [ 69.804864875356515, 21.464029313694358 ], [ 69.795694342900944, 21.452642441642141 ], [ 69.775140753942154, 21.459859849389545 ], [ 69.613748542423338, 21.627641679528981 ], [ 69.590974800088205, 21.638471604952329 ], [ 69.593194953167199, 21.629304887381906 ], [ 69.587640754062292, 21.620969773775606 ], [ 69.590974799888187, 21.635419847249494 ], [ 69.216798774434508, 21.958192827057552 ], [ 68.95736884303048, 22.237653734881366 ], [ 68.936532966575825, 22.314310076014536 ], [ 68.984579077748464, 22.414304735499982 ], [ 69.067361823758404, 22.48014259526127 ], [ 69.085420600159239, 22.472360613013329 ], [ 69.043748846984215, 22.432638170698556 ], [ 69.069307318964448, 22.395696642058745 ], [ 69.102640144225248, 22.410142901212193 ], [ 69.1290302192063, 22.39792061097905 ], [ 69.194032660505471, 22.423749926156564 ], [ 69.204309455850876, 22.401811601535385 ], [ 69.178750984048563, 22.377920153148782 ], [ 69.157915107739299, 22.31291771136382 ], [ 69.202638618108651, 22.266530993133639 ], [ 69.232637397538866, 22.257917406783715 ], [ 69.319860450639183, 22.291250231046732 ], [ 69.334299079414151, 22.330419542289555 ], [ 69.419305793731382, 22.315694811565375 ], [ 69.48847388471809, 22.337919237149155 ], [ 69.523752205635319, 22.38569450567141 ], [ 69.498193734127739, 22.435693743045451 ], [ 69.550699227303099, 22.404863359852026 ], [ 69.561807625584777, 22.355695725709054 ], [ 69.575693123905822, 22.368474961481787 ], [ 69.591249459160565, 22.360971452348874 ], [ 69.571809761875954, 22.334306717851636 ], [ 69.575693123846477, 22.319032670344029 ], [ 69.581804268007247, 22.346250535508926 ], [ 69.604860298953724, 22.351251603366507 ], [ 69.605699532345113, 22.340974809294789 ], [ 69.607355110245777, 22.338472368104281 ], [ 69.609018318512796, 22.349309922690335 ], [ 69.612359993600933, 22.340414048775699 ], [ 69.606248848546059, 22.32708549672234 ], [ 69.606805794318376, 22.325693131881298 ], [ 69.617364876524135, 22.346250535087155 ], [ 69.617921822555687, 22.368474961937647 ], [ 69.654588692528506, 22.359029770883499 ], [ 69.664018623690168, 22.393751146175536 ], [ 69.699304573130519, 22.395971299815471 ], [ 69.697908394727278, 22.44292259321406 ], [ 69.671804421419992, 22.439306260497592 ], [ 69.671804420879042, 22.45070076126574 ], [ 69.703477852902225, 22.447080613794274 ], [ 69.728204720462017, 22.4737529772699 ], [ 69.744585029934257, 22.430692673621721 ], [ 69.75569342900009, 22.426248551731216 ], [ 69.759584419600799, 22.441530229040492 ], [ 69.797639839342622, 22.399858475995778 ], [ 69.822916024167199, 22.427358628311847 ], [ 69.834588997485739, 22.47543144379739 ], [ 69.836252205925916, 22.45403099188913 ], [ 69.860422127532175, 22.446805955159903 ], [ 69.900407784093616, 22.467920304680565 ], [ 69.914026253061351, 22.456251145846291 ], [ 69.913194649177726, 22.489583970940348 ], [ 69.938188545403236, 22.51375007756733 ], [ 69.957357399150922, 22.495416642637036 ], [ 69.945970528695071, 22.528474809352442 ], [ 69.982919685634499, 22.534864427061667 ], [ 69.97625159478126, 22.543195725885166 ], [ 70.004030220208747, 22.544305802941956 ], [ 70.010408394768433, 22.548753740038094 ], [ 70.019861214252444, 22.546808244536656 ], [ 70.026800148947544, 22.550973893353707 ], [ 70.028192513354611, 22.546808244440211 ], [ 70.023477547037885, 22.543195725439453 ], [ 70.02208899727907, 22.539579392926189 ], [ 70.023477547365772, 22.539583207278969 ], [ 70.039018623733142, 22.562921525594565 ], [ 70.085695259978166, 22.544862748926825 ], [ 70.162919990884618, 22.551530839489036 ], [ 70.194307320601624, 22.582918168925733 ], [ 70.197366707581438, 22.61680793856635 ], [ 70.242921822159147, 22.662641526589315 ], [ 70.253198616845154, 22.692922593271728 ], [ 70.238470069984544, 22.701810837926665 ], [ 70.255144111949747, 22.706533433161155 ], [ 70.25291632937406, 22.733472825795136 ], [ 70.275972359019491, 22.731252671392674 ], [ 70.303194039421186, 22.757638933013933 ], [ 70.300416939536433, 22.778196336495697 ], [ 70.353738777813405, 22.870702744805868 ], [ 70.423471444648882, 22.932638169690069 ], [ 70.471529000570939, 23.012361527489581 ], [ 70.493471139253259, 23.07514000090638 ], [ 70.43792151839807, 23.062643052240354 ], [ 70.401254647848873, 23.030702592268916 ], [ 70.382635110811407, 22.997922898629895 ], [ 70.394575112957426, 22.995420457675902 ], [ 70.3868045741538, 22.948194505520068 ], [ 70.347642892906947, 22.930418016287224 ], [ 70.279298774997145, 22.948751450609709 ], [ 70.237642280719584, 22.979585649294552 ], [ 70.227079384702833, 22.965974808871522 ], [ 70.199363547317176, 22.992975984847163 ], [ 70.225137703872576, 22.960138322487001 ], [ 70.161798470517738, 22.942640306066675 ], [ 70.119859687946757, 22.964582445970454 ], [ 70.134027473911857, 22.984861375947634 ], [ 70.129026405389766, 22.992086413122035 ], [ 70.14347266476274, 23.009031298344986 ], [ 70.141252510324307, 23.012575328231939 ], [ 70.112077706089835, 22.971532824328257 ], [ 70.126527779475111, 22.946527483122356 ], [ 70.110971443820915, 22.952642443006525 ], [ 70.101251594921024, 22.94180870274192 ], [ 70.095411293201906, 22.950975420372981 ], [ 70.090974800920065, 22.952642443390456 ], [ 70.099863044891748, 22.938192369840987 ], [ 70.111253730980494, 22.949583055526293 ], [ 70.139032356386323, 22.941251757107864 ], [ 70.132078163419052, 22.924581528766108 ], [ 70.032640449757622, 22.895421984282045 ], [ 69.937082283533186, 22.893194201228781 ], [ 69.905694954374155, 22.866250993898955 ], [ 69.866807930672593, 22.872922899310765 ], [ 69.862077705500241, 22.858472825981647 ], [ 69.853750221919242, 22.868196490115185 ], [ 69.801558778621683, 22.850623155956086 ], [ 69.752359383542313, 22.819585802080564 ], [ 69.746805184237573, 22.793752672548361 ], [ 69.720140450192474, 22.762361529077765 ], [ 69.716249458724306, 22.741250994093722 ], [ 69.70347785249659, 22.727918626997717 ], [ 69.705972664418113, 22.740419389686419 ], [ 69.662363045619486, 22.756807329750284 ], [ 69.666810982196296, 22.777364733243182 ], [ 69.659303658069874, 22.756528856246732 ], [ 69.642908088689239, 22.765970232354285 ], [ 69.638750069105129, 22.773748399750303 ], [ 69.637353889768761, 22.788751604068896 ], [ 69.633752815632192, 22.795419695311615 ], [ 69.634584420195239, 22.77736473320655 ], [ 69.641252510802445, 22.766530993275229 ], [ 69.601363317886978, 22.757679960297835 ], [ 69.563188545997903, 22.773748399977826 ], [ 69.5551395347632, 22.792360308090053 ], [ 69.548153600494146, 22.779353596217881 ], [ 69.484582894294348, 22.78792381505906 ], [ 69.497559257334103, 22.782312330255497 ], [ 69.469583504366852, 22.773748400498594 ], [ 69.352083198889133, 22.817640307002634 ], [ 69.355699532047083, 22.828752520365075 ], [ 69.266809456295491, 22.82402992455275 ], [ 69.228471748653135, 22.842359544722644 ], [ 69.197359077520318, 22.838472368677259 ], [ 68.659028999298201, 23.149862292785297 ], [ 68.632917397292573, 23.171529773381735 ], [ 68.630975716219524, 23.177083972081533 ], [ 68.65569495395674, 23.153474810895439 ], [ 68.673185340784769, 23.143480303873851 ], [ 68.681528084550919, 23.141805652139308 ], [ 68.584588997735239, 23.232919696177529 ], [ 68.599031441314693, 23.240419391258524 ], [ 68.601251595061498, 23.218469623161212 ], [ 68.630693427899999, 23.213193896754326 ], [ 68.639863960550116, 23.222360613752439 ], [ 68.619028084501664, 23.219861987129917 ], [ 68.603754036135712, 23.242929461752563 ], [ 68.640420906186435, 23.244581225979498 ], [ 68.671808235537725, 23.27013969704463 ], [ 68.656251900068256, 23.272081378525083 ], [ 68.640687935472755, 23.266530993904283 ], [ 68.629594795479207, 23.295141223220515 ], [ 68.684305183777653, 23.300416949880002 ], [ 68.694769654588924, 23.309862140202821 ], [ 68.658754341178309, 23.303472522396877 ], [ 68.660699836856452, 23.319860461409242 ], [ 68.668199532278749, 23.322916034139467 ], [ 68.66792487394973, 23.325422290304083 ], [ 68.658754341776131, 23.322923663791936 ], [ 68.656808846063385, 23.303197863984124 ], [ 68.650140754956226, 23.304307940894251 ], [ 68.644575111999558, 23.32264137544616 ], [ 68.635698311334806, 23.316530230538326 ], [ 68.62458228333233, 23.339029315152864 ], [ 68.634859077867119, 23.339311603038503 ], [ 68.637090675294786, 23.346250537361993 ], [ 68.633195869709482, 23.352083209462354 ], [ 68.600137703777108, 23.384584429974922 ], [ 68.603197090362755, 23.359308246088272 ], [ 68.580972664203713, 23.389860156723039 ], [ 68.570688240789224, 23.375131609999443 ], [ 68.560419075285935, 23.419309619622229 ], [ 68.535699837316983, 23.421251300026757 ], [ 68.532640450130557, 23.433473590148299 ], [ 68.537916176129784, 23.42430687261853 ], [ 68.540971748628365, 23.425691607405685 ], [ 68.515977852323104, 23.47542000178148 ], [ 68.52319525928597, 23.446531298655376 ], [ 68.502359383362972, 23.465421679870634 ], [ 68.502359383413676, 23.491811755592611 ], [ 68.512918465089996, 23.484861376667794 ], [ 68.519029610515972, 23.489030840816689 ], [ 68.512918465385226, 23.487642291661782 ], [ 68.514581673403313, 23.492921832395488 ], [ 68.499032966840289, 23.494028094915226 ], [ 68.50403022020852, 23.499582294129297 ], [ 68.503755562117121, 23.505971911794195 ], [ 68.491807930527187, 23.500970843494141 ], [ 68.499032967319962, 23.515142443814575 ], [ 68.48401831849587, 23.54818916604771 ], [ 68.497362129212405, 23.547361377170795 ], [ 68.489030830232423, 23.635419848628409 ], [ 68.500696174567395, 23.657083514736211 ], [ 68.523195259027901, 23.651250842074472 ], [ 68.539018623707079, 23.66236305567686 ], [ 68.520143501168263, 23.654584887512662 ], [ 68.524866096837357, 23.690698627113999 ], [ 68.632638923885423, 23.757917407212044 ], [ 68.666254036711692, 23.808473589954243 ], [ 68.687364570873228, 23.821809771591422 ], [ 68.718477241403903, 23.82597160661831 ], [ 68.742639534722883, 23.837080005110675 ], [ 68.722085945841286, 23.831808093130466 ], [ 68.737077705893157, 23.843202593977136 ], [ 68.729028694067225, 23.854860309328775 ], [ 68.761255256563828, 23.874872210447315 ], [ 68.716249458796327, 23.857362750408502 ], [ 68.66013907643655, 23.858472827612434 ], [ 68.637361518955231, 23.835969927770297 ], [ 68.60486029810582, 23.838197711209837 ], [ 68.603754036765238, 23.850141528200059 ], [ 68.525140755065209, 23.759027483791854 ], [ 68.52625464703533, 23.773473743057018 ], [ 68.515420906253681, 23.785421374600777 ], [ 68.517908089292106, 23.795419696392297 ], [ 68.530984870830395, 23.800142291325923 ], [ 68.535142891203364, 23.806249621383859 ], [ 68.537363045389228, 23.815141681041293 ], [ 68.525972358595752, 23.802080157727232 ], [ 68.515138619175829, 23.824861530099383 ], [ 68.546808235446818, 23.835969928168957 ], [ 68.572912208954506, 23.88097191158894 ], [ 68.613473884843955, 23.903196337909989 ], [ 68.638467781707448, 23.894861224307601 ], [ 68.663194648827172, 23.91736030894743 ], [ 68.619859688086052, 23.906530383189402 ], [ 68.622358315116358, 23.927362445454413 ], [ 68.595968239527323, 23.941804888916579 ], [ 68.588472359128986, 23.922357562110268 ], [ 68.558748237710461, 23.924028399679759 ], [ 68.559301368985672, 23.93180656738318 ], [ 68.537363045103305, 23.946809771653683 ], [ 68.545007777465884, 23.967283133222793 ], [ 68.752553167741283, 23.967370934369963 ], [ 68.761677820193555, 24.292084471013098 ], [ 68.805820033742066, 24.312833025944474 ], [ 68.827539372579224, 24.31682926984352 ], [ 68.851030714395847, 24.221059923376256 ], [ 68.867918272440534, 24.211927504499531 ], [ 68.902737451525795, 24.274598413568938 ], [ 68.943174926307208, 24.302120570953097 ], [ 68.982082882771635, 24.233380259293504 ], [ 69.005190743836295, 24.223190692766586 ], [ 69.092014124014781, 24.272334458599818 ], [ 69.192768259995006, 24.237929034220336 ], [ 69.30863075757685, 24.28070584267763 ], [ 69.484445992322776, 24.267795153284403 ], [ 69.587869864047107, 24.291326259147169 ], [ 69.730092701146518, 24.171839016589107 ], [ 70.016473970789946, 24.169912895153214 ], [ 70.065600261813074, 24.198072472742176 ], [ 70.109262462216464, 24.294571679615256 ], [ 70.37243529432952, 24.353691557306014 ], [ 70.573576946992631, 24.421688958045888 ], [ 70.600026554134899, 24.408246064372594 ], [ 70.559908153700491, 24.352381661867454 ], [ 70.576051741735668, 24.252226834940007 ], [ 70.669569587679845, 24.220318727305386 ], [ 70.833920311183746, 24.228845987863693 ], [ 70.90659020031238, 24.261454644028142 ], [ 70.877903908033133, 24.275356341219585 ], [ 70.874009490936999, 24.297280318938835 ], [ 70.949048011214231, 24.352516171207803 ], [ 70.987894721034678, 24.366705530152124 ], [ 71.036797685934388, 24.353276894554565 ], [ 71.121827706040236, 24.40745176341418 ], [ 71.10902040488314, 24.436773038447562 ], [ 70.997276209122305, 24.448389580198501 ], [ 71.005295714538292, 24.528945986674564 ], [ 70.988208332988918, 24.547589122435074 ], [ 70.990665822236565, 24.60549738217653 ], [ 71.010748195388857, 24.636737605605923 ], [ 71.097820563506801, 24.686576569855191 ], [ 71.288903645902053, 24.612805530926362 ], [ 71.342488441691714, 24.658225818245963 ], [ 71.374526071863897, 24.626545117422232 ], [ 71.480275527113747, 24.678379243292696 ], [ 71.608951953464683, 24.674757509563992 ], [ 71.653973456183948, 24.637169039557342 ], [ 71.791938306981535, 24.673994863367227 ], [ 71.808054169085892, 24.658094891821911 ], [ 71.804633203280488, 24.625224273881766 ], [ 71.851372252624898, 24.607423891432635 ], [ 71.86967299986199, 24.678382769330955 ], [ 71.913409834162735, 24.67043429954219 ], [ 71.912052973154985, 24.649280358603345 ], [ 71.937495259354108, 24.629771667243475 ], [ 71.986778219167405, 24.655978640067715 ], [ 71.99470783827708, 24.685809802804052 ], [ 72.046306008916389, 24.708482440404783 ], [ 72.079164351844753, 24.699593096269208 ], [ 72.078694810253822, 24.655313321716179 ], [ 72.11488438225507, 24.634408628328526 ], [ 72.144689466910606, 24.636459848340508 ], [ 72.159371796520816, 24.616807390491122 ], [ 72.204733233023077, 24.614744225734789 ], [ 72.224183407413562, 24.635002911085905 ], [ 72.3094796562102, 24.610753474211879 ], [ 72.348339175804199, 24.619868135240903 ], [ 72.320389051593452, 24.588689944967534 ], [ 72.273547879757075, 24.60196936245584 ], [ 72.245163255723099, 24.582202920143708 ], [ 72.265831493815114, 24.552131859737234 ], [ 72.284282559591588, 24.560202356777332 ], [ 72.289316716333616, 24.540335739454434 ], [ 72.331355081738266, 24.545935878320208 ], [ 72.32925105221355, 24.560479077888072 ], [ 72.352355763142, 24.554242714885042 ], [ 72.380720707559377, 24.502139066500401 ], [ 72.437062675677836, 24.505726016261907 ], [ 72.431144536724204, 24.461991950003931 ], [ 72.459117068299619, 24.408502542622973 ], [ 72.502268058301155, 24.411196448650902 ], [ 72.495205159971619, 24.451597317340376 ], [ 72.506398951501893, 24.448662251491143 ], [ 72.53946082110221, 24.508056342673708 ], [ 72.583448442393617, 24.473575028980854 ], [ 72.692488074641616, 24.458004650033544 ], [ 72.688606558525294, 24.420072012737489 ], [ 72.727684246009261, 24.361944835814839 ], [ 72.86366386228616, 24.366152555516575 ], [ 72.919554671418709, 24.326524779066268 ], [ 72.987348732462166, 24.364011458102482 ], [ 72.959129371491812, 24.383861810393864 ], [ 72.986619028312688, 24.420963683893685 ], [ 72.977037174018506, 24.451146246973064 ], [ 72.996466564364795, 24.470682841079412 ], [ 73.008972230962982, 24.4824322325994 ], [ 73.018035415460801, 24.46511773599072 ], [ 73.047295031322392, 24.465198552804694 ], [ 73.090797426495485, 24.494575790145102 ], [ 73.104672680057817, 24.426116270635664 ], [ 73.08118563625456, 24.394317723611319 ], [ 73.16634347359205, 24.350319653956085 ], [ 73.207513784743412, 24.374989109014116 ], [ 73.22805309338294, 24.364180633354984 ], [ 73.207522605009999, 24.333788155022809 ], [ 73.189370443763025, 24.343180835062107 ], [ 73.176941819574111, 24.301116294303291 ], [ 73.14117242616777, 24.307553272760416 ], [ 73.078513498953356, 24.184797567600413 ], [ 73.10999941906077, 24.138323410539918 ], [ 73.21987547257352, 24.097719187799274 ], [ 73.194863467711386, 24.051009957950598 ], [ 73.241801526610914, 24.01016802319074 ], [ 73.28716919703848, 24.026751050655434 ], [ 73.328843798726695, 24.072948366140313 ], [ 73.331590812767431, 24.114391758117502 ], [ 73.370019456739399, 24.127334383766122 ], [ 73.366088837276564, 24.087184747979979 ], [ 73.410285541116963, 24.050180141980182 ], [ 73.401472262381375, 23.989671334710465 ], [ 73.415996083294388, 23.981759387527525 ], [ 73.421026746143411, 23.930144825658402 ], [ 73.392351813896084, 23.915941767771461 ], [ 73.358138327305099, 23.861074069215256 ], [ 73.368691523949835, 23.82110350021803 ], [ 73.358586410064731, 23.786625917576025 ], [ 73.371842890382126, 23.765839976402784 ], [ 73.396048862402722, 23.783100879006646 ], [ 73.416571989685991, 23.778414750721822 ], [ 73.47541020985571, 23.707945034453115 ], [ 73.504741530564289, 23.702251988781356 ], [ 73.497176255547515, 23.632766397103449 ], [ 73.509559070037582, 23.615724111828179 ], [ 73.528368929431636, 23.612414980718057 ], [ 73.573596477020374, 23.654161826835679 ], [ 73.615449738179862, 23.650144949346473 ], [ 73.657248609111647, 23.621547650197453 ], [ 73.633471363973655, 23.546721775330468 ], [ 73.654740876385674, 23.5027827240691 ], [ 73.628902746362868, 23.451099968544767 ], [ 73.649410392595001, 23.439171161482918 ], [ 73.700592248731738, 23.454370787795728 ], [ 73.722522163346397, 23.411218665271139 ], [ 73.761277596387799, 23.457061601612338 ], [ 73.779645008068655, 23.433081803988696 ], [ 73.828854000632631, 23.445134018989933 ], [ 73.891003924076571, 23.335435307918679 ], [ 73.935775384868222, 23.339655719274816 ], [ 73.95945802650354, 23.379592164486727 ], [ 73.987781184427561, 23.335792744202092 ], [ 74.02978185300627, 23.330451636916752 ], [ 74.041562800495484, 23.29418216864465 ], [ 74.103848744356114, 23.292126690385182 ], [ 74.133400501960438, 23.262692124406922 ], [ 74.124184040952159, 23.17684637377652 ], [ 74.180269796142241, 23.150151600335843 ], [ 74.20495488141917, 23.189940734578595 ], [ 74.243538012413197, 23.186099567122575 ], [ 74.285673837350544, 23.116535976128269 ], [ 74.280019072682165, 23.092824405542743 ], [ 74.346765261059403, 23.027996910819198 ], [ 74.368366552855207, 22.974977146983409 ], [ 74.339100967969429, 22.962474468395133 ], [ 74.359507953750594, 22.930857523415096 ], [ 74.397917029372778, 22.897112872338244 ], [ 74.429610108183866, 22.920282106987774 ], [ 74.460555242704189, 22.911123657830963 ], [ 74.46959168952057, 22.830322592529118 ], [ 74.462556735529333, 22.812766895012057 ], [ 74.436740240772735, 22.807167573801472 ], [ 74.378250940133782, 22.636493887047539 ], [ 74.262219950987202, 22.642800488666204 ], [ 74.21044602301312, 22.56549952507336 ], [ 74.186634417987875, 22.565482358269037 ], [ 74.191733876318239, 22.554946464774456 ], [ 74.149686940852732, 22.515562723046731 ], [ 74.074241966350598, 22.549860630724027 ], [ 74.040702671044315, 22.540392305034366 ], [ 74.033094039792402, 22.489805337171987 ], [ 74.054874628955503, 22.508813785767124 ], [ 74.081421593348765, 22.506754089943957 ], [ 74.074163131315643, 22.463897226516931 ], [ 74.099504132648221, 22.466051989588454 ], [ 74.101184122886565, 22.431640690340362 ], [ 74.119165533290115, 22.419023949614829 ], [ 74.140509329220365, 22.454880233548487 ], [ 74.157350103092256, 22.430320312827813 ], [ 74.183059985629725, 22.44228035798583 ], [ 74.187257980582942, 22.47599825319281 ], [ 74.201026273836206, 22.43527693084911 ], [ 74.250555777400905, 22.431108446884704 ], [ 74.290801613045161, 22.392498480566392 ], [ 74.254522501519645, 22.398095002215484 ], [ 74.24210027721513, 22.375616171794931 ], [ 74.221831867492781, 22.376309197023886 ], [ 74.223437262085014, 22.356648703143268 ], [ 74.203145817328931, 22.365758216765169 ], [ 74.187291426771623, 22.320097372981078 ], [ 74.130367938498608, 22.33055472953944 ], [ 74.108024578793902, 22.369854601909115 ], [ 74.067919991352525, 22.358545926561707 ], [ 74.05495005161788, 22.284084551803286 ], [ 74.087425450336767, 22.242013365417083 ], [ 74.071539042475393, 22.22021407678232 ], [ 74.118681008917974, 22.211170060086801 ], [ 74.126053804172571, 22.096030670332873 ], [ 74.15054305368551, 22.103787401701357 ], [ 74.17664680010094, 22.084866133982722 ], [ 74.09330019603523, 22.013844765238876 ], [ 74.100583950768467, 21.997326149403008 ], [ 74.149574249538617, 21.984750966767663 ], [ 74.144587499799471, 21.959055115295762 ], [ 73.874285908130986, 21.837341697205851 ], [ 73.804964730974177, 21.822136304536976 ], [ 73.839475650484019, 21.789435046196353 ], [ 73.825642951338196, 21.761678436486221 ], [ 73.890931408500123, 21.699012148020707 ], [ 73.892630602070355, 21.666014573497456 ], [ 73.864681340657768, 21.637577486588107 ], [ 73.781723358479525, 21.623944467068043 ], [ 73.81736574305414, 21.599529541438745 ], [ 73.855009731364746, 21.494671946570172 ], [ 73.904896612227603, 21.518954110093052 ], [ 73.951831913264868, 21.515205694600915 ], [ 73.960926877595369, 21.537786985059533 ], [ 73.980353818226078, 21.520054612432244 ], [ 73.978195213246764, 21.540735701475501 ], [ 74.020381169882398, 21.551267556856356 ], [ 74.177180967235756, 21.560247040275279 ], [ 74.200620727316277, 21.527683600815617 ], [ 74.234707882438585, 21.548720645223646 ], [ 74.26570028420474, 21.534038811714819 ], [ 74.304854449587296, 21.56567919394956 ], [ 74.311564831845359, 21.541522007777822 ], [ 74.33133347410913, 21.538569728387447 ], [ 74.323462658070355, 21.494120101019504 ], [ 74.253069794570706, 21.462197814653862 ], [ 74.226439703584447, 21.47828898742841 ], [ 74.218008879611986, 21.457474081731423 ], [ 74.123997379564585, 21.462090965442599 ], [ 74.105972483278236, 21.44669464087686 ], [ 74.073043499767053, 21.45643761528321 ], [ 74.062038013413414, 21.480566916285547 ], [ 74.043288345977146, 21.418105822274157 ], [ 73.963157084311504, 21.390828645861415 ], [ 73.947261305726343, 21.401157413688114 ], [ 73.942779759054275, 21.296377138120963 ], [ 73.886053236837085, 21.261320948730624 ], [ 73.826011149358962, 21.266433803769615 ], [ 73.812519456743956, 21.202876264058663 ], [ 73.829699126552569, 21.194172948511095 ], [ 73.816269079126954, 21.170943485781944 ], [ 73.789952314778603, 21.180777785594291 ], [ 73.777231871357841, 21.164126819448768 ], [ 73.735053052214781, 21.166224498710392 ], [ 73.730067785239399, 21.137415012914719 ], [ 73.674499952150384, 21.151309048261442 ], [ 73.629421682102645, 21.131914846436537 ], [ 73.630481650534421, 21.152380993381069 ], [ 73.606147468863114, 21.175327794848538 ], [ 73.58117419978629, 21.167199935521054 ], [ 73.581663614829154, 21.153492795893868 ], [ 73.622081265628836, 21.140907586159987 ], [ 73.621688020862408, 21.119417593260383 ], [ 73.650807269159372, 21.120286367832581 ], [ 73.653013533139685, 21.107617121666273 ], [ 73.686553211571891, 21.100188452911013 ], [ 73.703856616278443, 21.118197461475443 ], [ 73.732225668755817, 21.100473087400044 ], [ 73.746012813364942, 21.113214183277513 ], [ 73.733794158571641, 21.08400759911552 ], [ 73.763763731041706, 21.067362641136679 ], [ 73.811319020000141, 21.083801852940336 ], [ 73.79619851080966, 21.045005659521124 ], [ 73.847408913457386, 20.998166351271369 ], [ 73.900253276822681, 20.982157330387409 ], [ 73.909205922949454, 20.963835699964957 ], [ 73.888752339949889, 20.939186733731891 ], [ 73.921127634543282, 20.898133992487853 ], [ 73.924822017840555, 20.847445490793472 ], [ 73.938891688400403, 20.839174337275001 ], [ 73.932044695434982, 20.759875500672685 ], [ 73.943248810708283, 20.741389446837164 ], [ 73.914501381858329, 20.72264641076676 ], [ 73.879058228146505, 20.728761838132122 ], [ 73.856959917610808, 20.693482542131438 ], [ 73.81586559782258, 20.693053470978718 ], [ 73.818640004621898, 20.672854678130982 ], [ 73.838634676595888, 20.666291612298902 ], [ 73.831489370712603, 20.615010965543973 ], [ 73.78004872122645, 20.601569069552948 ], [ 73.741027490260109, 20.566724983647049 ], [ 73.693664856683711, 20.577788260065233 ], [ 73.663227593437782, 20.561786119279446 ], [ 73.629179904862923, 20.578769102153622 ], [ 73.599660825384788, 20.635781211410333 ], [ 73.555141537496169, 20.646917610497393 ], [ 73.530502832957382, 20.673405433355313 ], [ 73.490396208172342, 20.653033136865361 ], [ 73.474582040002829, 20.716833578514713 ], [ 73.445554533846675, 20.7101073076863 ], [ 73.431650741106267, 20.664512916130171 ], [ 73.394301907855919, 20.642327165482232 ], [ 73.432028927987162, 20.59481278145611 ], [ 73.472638374932984, 20.583250877721607 ], [ 73.473572096066036, 20.543032953262536 ], [ 73.492592577008935, 20.539887547750745 ], [ 73.463976213385081, 20.513739292896975 ], [ 73.467654143695853, 20.494715395659632 ], [ 73.421179414808009, 20.414170466180188 ], [ 73.382604021000247, 20.390033503682904 ], [ 73.382809755928108, 20.372735090920717 ], [ 73.406105972962081, 20.38138267826535 ], [ 73.414762926221158, 20.351907077374658 ], [ 73.428249098004159, 20.281949000070984 ], [ 73.411624844544875, 20.256860408713624 ], [ 73.421141223297283, 20.206097842092852 ], [ 73.393903299669603, 20.19492913427619 ], [ 73.386380291965637, 20.209074700231096 ], [ 73.367320540858941, 20.205246426615588 ], [ 73.365282845601982, 20.192602549695522 ], [ 73.358569839764598, 20.213305729640261 ], [ 73.343741313033362, 20.198434650007187 ], [ 73.301867467784675, 20.207217520457522 ], [ 73.284718161088534, 20.193890414777037 ], [ 73.284239343770793, 20.153926563256313 ], [ 73.249897132916303, 20.124743480801357 ], [ 73.225830638558506, 20.141121473193962 ], [ 73.211755798129701, 20.120943019834737 ], [ 73.190860665380498, 20.129876420543358 ], [ 73.186301689176318, 20.156279483330227 ], [ 73.219517477290651, 20.18441712689652 ], [ 73.170376172509449, 20.208780580024605 ], [ 73.132206390495753, 20.204616304966642 ], [ 73.142419208923272, 20.176282691576894 ], [ 73.117947979981963, 20.157380486546543 ], [ 73.085954085357017, 20.174526444406954 ], [ 73.076222482707948, 20.15731921574038 ], [ 73.062138782142185, 20.163797492773693 ], [ 73.053953265273535, 20.203486514456461 ], [ 73.066627070106946, 20.23010396467869 ], [ 73.100390532687541, 20.232380642396567 ], [ 73.148380552880866, 20.290648374485531 ], [ 73.169816942653028, 20.29000185785058 ], [ 73.167405679441941, 20.312457159984469 ], [ 73.151628690591693, 20.317344493932481 ], [ 73.10289293896308, 20.305167862642801 ], [ 73.11204682093566, 20.33308423945503 ], [ 73.097443251765995, 20.360930505081427 ], [ 73.080842714665962, 20.327086649013165 ], [ 73.040270776489422, 20.323308543792919 ], [ 73.033879208867248, 20.291436016534714 ], [ 73.016154827652997, 20.294469151203426 ], [ 73.00947024005113, 20.317751898548678 ], [ 73.010093847584457, 20.291258109385332 ], [ 72.97993308282571, 20.292493322873689 ], [ 72.973518665864262, 20.27209624986337 ], [ 72.935270390693248, 20.293895024195969 ], [ 72.913767925755849, 20.279163772200608 ], [ 72.93007349673583, 20.247311547913338 ], [ 72.958952100372542, 20.234391334305361 ], [ 72.9585558712552, 20.211365224673106 ], [ 72.863451818957941, 20.226402927104782 ], [ 72.860872155493254, 20.208842786706889 ], [ 72.839060476729102, 20.208572523378891 ], [ 72.83843356966274, 20.189897784289411 ], [ 72.824217125314235, 20.188330624615766 ], [ 72.823990165521053, 20.145315290376971 ], [ 72.790561686725212, 20.149202078287601 ], [ 72.79032555802651, 20.125744353670914 ], [ 72.729275337005134, 20.136806669491197 ], [ 72.737525863892884, 20.190153585220099 ], [ 72.769445813363944, 20.212476427813758 ], [ 72.744883641906242, 20.21116613759806 ], [ 72.738416766641507, 20.235013625074696 ], [ 72.759846862405567, 20.334737159463867 ], [ 72.801982413028426, 20.374169796971923 ], [ 72.893544088349813, 20.372146286677182 ], [ 72.886321816538896, 20.393368546642819 ], [ 72.903306244341152, 20.410336671636216 ], [ 72.860317025595052, 20.419614180886562 ], [ 72.87340245306163, 20.444207253033355 ], [ 72.893345446785872, 20.445387628064964 ], [ 72.844608740553952, 20.474556634805506 ], [ 72.873023574517461, 20.506412410809002 ], [ 72.882679517989615, 20.610179789406647 ], [ 72.782867225751957, 20.899793016443041 ], [ 72.783121427992171, 20.931337475862346 ], [ 72.845773872915871, 20.947522956074156 ], [ 72.807035133675697, 20.953475255066241 ], [ 72.77418135937549, 20.935965916854308 ], [ 72.770915741816609, 20.91767828138676 ], [ 72.756095436916866, 20.930638988670655 ], [ 72.722023780404854, 21.039977500934295 ], [ 72.726193400221916, 21.052609556724825 ], [ 72.755075726038612, 21.051858881135171 ], [ 72.693888562706235, 21.065148127502582 ], [ 72.720697398002557, 21.143194199891017 ], [ 72.682638163336051, 21.158193587773326 ], [ 72.667074197068956, 21.155420303955527 ], [ 72.659860606522869, 21.138750075733199 ], [ 72.659029002222255, 21.087930679439118 ], [ 72.651529306882807, 21.076807022133259 ], [ 72.6323642682284, 21.081529618201404 ], [ 72.618471139879944, 21.222639083748863 ], [ 72.646806710783295, 21.217363357171418 ], [ 72.652360911081374, 21.220140457372608 ], [ 72.653196329902002, 21.226804732939925 ], [ 72.609582895496089, 21.229860305291336 ], [ 72.597085947298069, 21.250139235706641 ], [ 72.60486029949152, 21.277360915923925 ], [ 72.587358470071322, 21.275690078327578 ], [ 72.598474497236765, 21.279859543129088 ], [ 72.59569739691517, 21.315973282268629 ], [ 72.637918466686372, 21.37347221456648 ], [ 72.643472666620369, 21.358472824456474 ], [ 72.649309152887611, 21.367361069629876 ], [ 72.63958167457973, 21.375974655647138 ], [ 72.623193735545598, 21.365140914308917 ], [ 72.62542151954618, 21.381532670197664 ], [ 72.696809762943047, 21.464582442937477 ], [ 72.645143502743224, 21.433752059366626 ], [ 72.674028391012982, 21.520421981756233 ], [ 72.736810678420355, 21.538198470336081 ], [ 72.74180793203584, 21.543474196746015 ], [ 72.742364877813415, 21.55014228781021 ], [ 72.733465188629054, 21.555421828582908 ], [ 72.732084268539296, 21.538751602150391 ], [ 72.6831989230527, 21.542921065614259 ], [ 72.644726014800483, 21.524702015545426 ], [ 72.6079196872425, 21.5831966394903 ], [ 72.62930487954857, 21.617650985028668 ], [ 72.700967783032723, 21.651811599539325 ], [ 72.723199838822907, 21.638750076114061 ], [ 72.787363046752006, 21.64513969437532 ], [ 72.809030526836167, 21.651807784885357 ], [ 72.814306253826231, 21.654581069245797 ], [ 72.816528993959309, 21.656820000081385 ], [ 72.8206882414825, 21.658750533408327 ], [ 72.829584115768412, 21.665140151339759 ], [ 72.83513831531674, 21.667921065615705 ], [ 72.7798595365647, 21.66319465559933 ], [ 72.73625373266151, 21.689584731971149 ], [ 72.53763770443085, 21.664304733012155 ], [ 72.524026864460353, 21.680139541704545 ], [ 72.517915719770144, 21.714582443172016 ], [ 72.540414804470984, 21.735692977183497 ], [ 72.543474191545428, 21.742921828696204 ], [ 72.544172281424238, 21.749914168804988 ], [ 72.544328683609095, 21.752016067195321 ], [ 72.544385903866612, 21.754835128089262 ], [ 72.544408792443349, 21.756368636655161 ], [ 72.544141763214412, 21.757223128963751 ], [ 72.544084542794707, 21.757360458101694 ], [ 72.54430579535078, 21.758474349431005 ], [ 72.5429248750428, 21.761529922327785 ], [ 72.547639840735812, 21.767362594490233 ], [ 72.55652599435507, 21.80208299932837 ], [ 72.557359689549799, 21.802640914896678 ], [ 72.561189645352513, 21.807104110404843 ], [ 72.561643594449635, 21.807790755811265 ], [ 72.561975473189079, 21.808729171311441 ], [ 72.562788003507706, 21.809843063115572 ], [ 72.563440316888475, 21.810899734645428 ], [ 72.563863748768881, 21.812093734591162 ], [ 72.564420694346325, 21.812940597057928 ], [ 72.564760202203828, 21.813753128051406 ], [ 72.564859384815918, 21.813753127823155 ], [ 72.564878458017944, 21.814031600414467 ], [ 72.565141672481914, 21.814027786089689 ], [ 72.565408700840848, 21.815141677854939 ], [ 72.567094797458481, 21.817079544245658 ], [ 72.567476266525247, 21.818922042612652 ], [ 72.571101700178005, 21.823547472485593 ], [ 72.616738599393472, 21.868077205254821 ], [ 72.62873768998243, 21.909061922142609 ], [ 72.608354563059507, 21.932420730701885 ], [ 72.636757024856536, 21.954174113879716 ], [ 72.586866372673256, 21.920892714971213 ], [ 72.582109271004953, 21.886407622822482 ], [ 72.543171538287609, 21.87729812323947 ], [ 72.51661975965294, 21.879489979566994 ], [ 72.502359384671777, 21.955141067621593 ], [ 72.547365184102432, 22.149862290265833 ], [ 72.582086557874419, 22.200971604262204 ], [ 72.647363657607471, 22.217084885698881 ], [ 72.700143808778108, 22.184305190595254 ], [ 72.757638926809818, 22.174028396800999 ], [ 72.808748240119456, 22.245973586885995 ], [ 72.877908701984225, 22.223752975231964 ], [ 72.910425181195194, 22.243192672881928 ], [ 72.915971751187584, 22.278196334569774 ], [ 72.88930701682051, 22.244028091272977 ], [ 72.865144725219309, 22.243463515578444 ], [ 72.843748087320307, 22.282365799039177 ], [ 72.752084727627604, 22.230970382151536 ], [ 72.687921518915218, 22.238470077943262 ], [ 72.635412210975517, 22.28458213917347 ], [ 72.541254038417932, 22.243196488423767 ], [ 72.537359232312724, 22.273752213039046 ], [ 72.55375098700253, 22.278192520397916 ], [ 72.542642588680792, 22.280973434696946 ], [ 72.525972361283451, 22.269311905791053 ], [ 72.524034495566028, 22.244859695772284 ], [ 72.485971446276395, 22.197359085704917 ], [ 72.473749156201904, 22.201250077223595 ], [ 72.492639537172181, 22.23708534281452 ], [ 72.489030833193482, 22.235418320670462 ], [ 72.479860300648653, 22.234304428761384 ], [ 72.477640147385813, 22.235139847521182 ], [ 72.492364878634376, 22.238752365745135 ], [ 72.492921824561677, 22.248193741969409 ], [ 72.470697397914094, 22.238752365596568 ], [ 72.435144419817433, 22.301252365969145 ], [ 72.388746256149744, 22.310419083275736 ], [ 72.412363047598561, 22.358472824737465 ], [ 72.393751139757569, 22.382642747057183 ], [ 72.362356180780694, 22.376253128560066 ], [ 72.404031748614813, 22.353200913160101 ], [ 72.372362132243083, 22.316526413477085 ], [ 72.383188243122248, 22.299860001468204 ], [ 72.414026255560273, 22.297086716473167 ], [ 72.416528696058251, 22.227361679547723 ], [ 72.399583810427472, 22.199308396038475 ], [ 72.392641061813634, 22.213193894238358 ], [ 72.377359384740842, 22.226251602892241 ], [ 72.37986182561319, 22.257360459089558 ], [ 72.356248849654918, 22.271249771480349 ], [ 72.370973580642755, 22.245141983262126 ], [ 72.360139840480358, 22.225141525587567 ], [ 72.362077706693839, 22.205141068321431 ], [ 72.391527169584151, 22.167917252222953 ], [ 72.375970834150849, 22.149862290135246 ], [ 72.359018320164381, 22.172643662315668 ], [ 72.363748544253312, 22.189031601505516 ], [ 72.357645029072089, 22.192922593016601 ], [ 72.343492501835328, 22.124860764202332 ], [ 72.316244119275282, 22.146532059568404 ], [ 72.317644113291067, 22.180696487931435 ], [ 72.294305795428826, 22.202363968119815 ], [ 72.312639230702075, 22.180696487935283 ], [ 72.310419076631845, 22.144582748811796 ], [ 72.323755258699933, 22.130136490501609 ], [ 72.270982736426532, 21.967641831088816 ], [ 72.278474801569899, 21.932081221839042 ], [ 72.263193124370289, 21.946531296665899 ], [ 72.26069831283651, 22.019311905331108 ], [ 72.241533273350129, 22.04958534311238 ], [ 72.286531442773267, 22.074304580887542 ], [ 72.297922128432603, 22.063470840735057 ], [ 72.300142281976477, 22.108751297567323 ], [ 72.277360910544132, 22.090696335311186 ], [ 72.27680396475624, 22.098196030269257 ], [ 72.265417093177533, 22.105421067264043 ], [ 72.278192513788781, 22.080419540740159 ], [ 72.233194344851142, 22.053754806654467 ], [ 72.232637399727878, 22.017641068364362 ], [ 72.185968393191359, 22.019582749114452 ], [ 72.182085031159019, 22.035142899035318 ], [ 72.172365182481443, 22.04153251713818 ], [ 72.17986106255664, 22.019029617922179 ], [ 72.200418466355131, 22.004304886428702 ], [ 72.213739389531, 21.999029159791824 ], [ 72.230974191267691, 22.007642746363523 ], [ 72.220972055513684, 21.956251145379809 ], [ 72.19069861782782, 21.942361832062339 ], [ 72.146532053115948, 21.983472824305004 ], [ 72.160974496753198, 21.961812973474892 ], [ 72.147088998956562, 21.954862595037948 ], [ 72.190141672163492, 21.937082290946254 ], [ 72.220140451674581, 21.947919846207029 ], [ 72.25319861806085, 21.897363662130822 ], [ 72.264581674823006, 21.740419387094207 ], [ 72.247087472409646, 21.790971755324083 ], [ 72.203195565710089, 21.824861526429526 ], [ 72.19708442078165, 21.827360152719223 ], [ 72.18931006785327, 21.82819938616818 ], [ 72.185415262032194, 21.827360152555674 ], [ 72.182916635702966, 21.82375144927228 ], [ 72.205141061914404, 21.822362899552381 ], [ 72.241247171719692, 21.787363052118298 ], [ 72.305971140014762, 21.628469467126848 ], [ 72.269029611439649, 21.573751449066851 ], [ 72.23513984099273, 21.456529616745911 ], [ 72.121530527102053, 21.325422286413065 ], [ 72.109018319963667, 21.282922744031772 ], [ 72.092912642988694, 21.287363052582577 ], [ 72.098199838547174, 21.264028549226879 ], [ 72.08125495296629, 21.248472213761222 ], [ 72.090974802178408, 21.226530074588169 ], [ 72.112359994633735, 21.222639083771554 ], [ 72.113748544596461, 21.196527480823669 ], [ 72.018190378025182, 21.154310226211383 ], [ 72.008188241489023, 21.132642745712566 ], [ 71.989862436590897, 21.141530990424769 ], [ 71.976808542465378, 21.120969772073131 ], [ 71.899309151531284, 21.109312057344379 ], [ 71.802087777047987, 21.062921523937639 ], [ 71.806810372638452, 21.037916182802874 ], [ 71.715143197099408, 21.020418167164291 ], [ 71.565141670651045, 20.949583053639827 ], [ 71.514863960903398, 20.948194503200501 ], [ 71.515977853107103, 20.922361373587503 ], [ 71.488199226974871, 20.914861678594715 ], [ 71.462640755452014, 20.880971908032741 ], [ 71.420694344459932, 20.865972518210974 ], [ 71.37790870021162, 20.874029159422243 ], [ 71.384584420479172, 20.857084273884588 ], [ 71.209032052095594, 20.802087783454454 ], [ 71.155694955009182, 20.778474807048116 ], [ 71.145567817284956, 20.757081986012011 ], [ 71.089860909704058, 20.757364272742834 ], [ 71.081529610138119, 20.738470076830936 ], [ 71.050416939120652, 20.730970382399828 ], [ 71.00528017742964, 20.746637495123039 ], [ 70.997859091968408, 20.73552752688094 ], [ 70.991250984144514, 20.731532857897747 ], [ 70.991250984630767, 20.745973586142931 ], [ 70.940126212511657, 20.73322999463603 ], [ 70.921953123441227, 20.744351695359924 ], [ 70.875139229105216, 20.726804732429116 ], [ 70.863195411420861, 20.754861831216527 ], [ 70.852914802209455, 20.754030227542007 ], [ 70.874032966875177, 20.704862594423243 ], [ 70.84485816130865, 20.707361221170157 ], [ 70.827638617924293, 20.690141677464659 ], [ 70.703477851747081, 20.73791694553011 ], [ 70.673471443084011, 20.764585494602805 ], [ 70.666254036147151, 20.752359389502644 ], [ 70.585420600785781, 20.781530380231985 ], [ 70.439027778848995, 20.852640152171869 ], [ 70.417085639894424, 20.887083054034836 ], [ 70.373750678659405, 20.894861221855518 ], [ 70.258188239472105, 20.972642899069623 ], [ 70.239587776350405, 20.992639542307103 ], [ 70.247644416748628, 21.000421524116376 ], [ 70.226251593825538, 20.999029160077416 ], [ 70.176797859165305, 21.038751602646272 ], [ 69.981805793484526, 21.226804733974621 ] ], [ [ 72.336069919763517, 23.107265570760603 ], [ 72.336069701413848, 23.107265689786711 ], [ 72.339085449690245, 23.105619206843507 ], [ 72.336069919763517, 23.107265570760603 ] ], [ [ 72.850735637904094, 22.99961712105031 ], [ 72.840840797810415, 22.993033889672077 ], [ 72.840840702709158, 22.993033826188952 ], [ 72.850735637904094, 22.99961712105031 ] ], [ [ 72.807564116107002, 23.502972765578576 ], [ 72.801733349889304, 23.502232271880253 ], [ 72.801733282388838, 23.502232263164974 ], [ 72.807564116107002, 23.502972765578576 ] ], [ [ 73.320000690407554, 20.87885614901429 ], [ 73.320729384145949, 20.877912463315379 ], [ 73.320000964018845, 20.878855794721332 ], [ 73.320000690407554, 20.87885614901429 ] ], [ [ 73.384771482631507, 20.824545981497138 ], [ 73.390515697787436, 20.824997593507739 ], [ 73.386914824531814, 20.82471451806072 ], [ 73.384771482631507, 20.824545981497138 ] ], [ [ 73.700378744916463, 21.394841376389213 ], [ 73.700378816976851, 21.394841329670573 ], [ 73.699443006787519, 21.395454877571332 ], [ 73.700378744916463, 21.394841376389213 ] ], [ [ 73.698006227247632, 22.004700022396015 ], [ 73.698006167405069, 22.004700013448502 ], [ 73.698006325744572, 22.004700036784307 ], [ 73.698006227247632, 22.004700022396015 ] ], [ [ 73.69977877372088, 22.004668060125951 ], [ 73.69919839556097, 22.004772791184841 ], [ 73.699779042833427, 22.004668011464407 ], [ 73.69977877372088, 22.004668060125951 ] ], [ [ 73.704287334017238, 22.004676351900553 ], [ 73.710782603901222, 22.000800418806033 ], [ 73.699779042833427, 22.004668011464407 ], [ 73.704287334017238, 22.004676351900553 ] ], [ [ 73.710760966595544, 21.99862255096166 ], [ 73.70704322553317, 21.996610862816375 ], [ 73.710782603901222, 22.000800418806033 ], [ 73.710760966595544, 21.99862255096166 ] ], [ [ 73.703955039650751, 21.974567431153115 ], [ 73.70427441920495, 21.978466992415246 ], [ 73.703955037140958, 21.974567430331984 ], [ 73.703955039650751, 21.974567431153115 ] ], [ [ 73.804748597710486, 22.548713262008903 ], [ 73.815145525358432, 22.546029545640312 ], [ 73.81121921547701, 22.547043124452486 ], [ 73.804748597710486, 22.548713262008903 ] ], [ [ 74.174167545918252, 22.415162048769311 ], [ 74.158971170511634, 22.413040169642546 ], [ 74.177755328710916, 22.388477652572533 ], [ 74.174167545918252, 22.415162048769311 ] ] ], [ [ [ 69.310416992012023, 22.306251002642981 ], [ 69.310416991432731, 22.303194002166805 ], [ 69.30928799209525, 22.305138002503341 ], [ 69.310416992012023, 22.306251002642981 ] ] ], [ [ [ 69.440971993247132, 22.357085001973324 ], [ 69.453750992911225, 22.350694002029694 ], [ 69.437361992762945, 22.354306002287554 ], [ 69.440971993247132, 22.357085001973324 ] ] ], [ [ [ 69.185690991533733, 22.367083001799532 ], [ 69.182638991529132, 22.366810002165661 ], [ 69.182914992122505, 22.367639001775917 ], [ 69.185690991533733, 22.367083001799532 ] ] ], [ [ [ 69.195969991493257, 22.374310002309745 ], [ 69.189856992320372, 22.369305001778137 ], [ 69.194578991774108, 22.374584001942022 ], [ 69.195969991493257, 22.374310002309745 ] ] ], [ [ [ 69.33486299207469, 22.38903100210705 ], [ 69.333471991708834, 22.372640002581203 ], [ 69.322639992077455, 22.380138002172338 ], [ 69.33486299207469, 22.38903100210705 ] ] ], [ [ [ 69.214858991937774, 22.384309001914243 ], [ 69.213470991674285, 22.382360001955746 ], [ 69.212363992150301, 22.384582002323015 ], [ 69.214858991937774, 22.384309001914243 ] ] ], [ [ [ 69.202362991973558, 22.38653100224839 ], [ 69.199583991884765, 22.387083001806477 ], [ 69.202362991606435, 22.387641001839935 ], [ 69.202362991973558, 22.38653100224839 ] ] ], [ [ [ 69.482634993346707, 22.398749001862367 ], [ 69.486807992984424, 22.388471002364032 ], [ 69.480423992404283, 22.388471002156884 ], [ 69.482634993346707, 22.398749001862367 ] ] ], [ [ [ 69.28013599187841, 22.417922002370336 ], [ 69.27819899193328, 22.415421002181919 ], [ 69.277639992008631, 22.417083002170514 ], [ 69.28013599187841, 22.417922002370336 ] ] ], [ [ [ 69.27791599188086, 22.420141002165348 ], [ 69.277915992296883, 22.418193002109881 ], [ 69.275137991538898, 22.419031002429055 ], [ 69.27791599188086, 22.420141002165348 ] ] ], [ [ [ 69.62927560432459, 22.458471796172741 ], [ 69.657081992471248, 22.428194001691718 ], [ 69.636528992513476, 22.406530000944567 ], [ 69.588194993003583, 22.437080002071095 ], [ 69.62927560432459, 22.458471796172741 ] ] ], [ [ [ 69.142363992064332, 22.477083002475332 ], [ 69.1462479916609, 22.462640002578208 ], [ 69.110968991563453, 22.464031002437309 ], [ 69.108466991775302, 22.437360002019616 ], [ 69.083762991478736, 22.422081001909017 ], [ 69.093483991576136, 22.461531002473922 ], [ 69.142363992064332, 22.477083002475332 ] ] ], [ [ [ 69.141525991763345, 22.457640002241938 ], [ 69.141807991792291, 22.452918002099803 ], [ 69.140693992057521, 22.454584002026195 ], [ 69.141525991763345, 22.457640002241938 ] ] ], [ [ [ 69.302917993296859, 22.472081002410643 ], [ 69.324585993012505, 22.469583002616865 ], [ 69.326805992376521, 22.457082002607216 ], [ 69.301247991553282, 22.452918001932012 ], [ 69.302917993296859, 22.472081002410643 ] ] ], [ [ [ 69.085982991960392, 22.48903100185721 ], [ 69.085975992165842, 22.485972001837968 ], [ 69.084029991842485, 22.485138002290071 ], [ 69.085982991960392, 22.48903100185721 ] ] ], [ [ [ 69.315696993287958, 22.519860002486556 ], [ 69.351249992808818, 22.526541001982224 ], [ 69.36374599268342, 22.512362002020346 ], [ 69.335135992651843, 22.507359002246307 ], [ 69.315696993287958, 22.519860002486556 ] ] ], [ [ [ 69.403746992781421, 22.532640002603998 ], [ 69.405699992546104, 22.52514100200758 ], [ 69.402076992483529, 22.525422002211045 ], [ 69.403746992781421, 22.532640002603998 ] ] ], [ [ [ 69.944861993287319, 22.532361001493307 ], [ 69.945419993069819, 22.529583001043193 ], [ 69.943473993185947, 22.532083001439808 ], [ 69.944861993287319, 22.532361001493307 ] ] ], [ [ [ 69.920134992894589, 22.55208300098684 ], [ 69.94152699326817, 22.517916001449663 ], [ 69.896529992643408, 22.511806001318003 ], [ 69.862356992725083, 22.527081001148613 ], [ 69.895141992789064, 22.522921001459121 ], [ 69.90040499292995, 22.546248001644297 ], [ 69.920134992894589, 22.55208300098684 ] ] ], [ [ [ 69.955137992797248, 22.535972000949261 ], [ 69.953749993225088, 22.532640001279738 ], [ 69.952368993121766, 22.5326400015392 ], [ 69.955137992797248, 22.535972000949261 ] ] ], [ [ [ 69.959297992765585, 22.543750001647382 ], [ 69.963470992956957, 22.541811001277814 ], [ 69.954032993157469, 22.535972001083969 ], [ 69.959297992765585, 22.543750001647382 ] ] ], [ [ [ 69.941802993156088, 22.550421001416009 ], [ 69.95319399326155, 22.536806001743216 ], [ 69.938750993301639, 22.538481000977985 ], [ 69.941802993156088, 22.550421001416009 ] ] ], [ [ [ 70.023749992644255, 22.553195001624051 ], [ 70.019858992874518, 22.547917001654046 ], [ 70.01152899313513, 22.549583001235199 ], [ 70.023749992644255, 22.553195001624051 ] ] ], [ [ [ 70.000686992780416, 22.552361001559262 ], [ 70.004859992679641, 22.549031001385263 ], [ 69.99597099343103, 22.548751001421817 ], [ 70.000686992780416, 22.552361001559262 ] ] ], [ [ [ 70.018470993149663, 22.558471001297274 ], [ 70.019569992734844, 22.553462001754696 ], [ 70.012640992492763, 22.55402700169245 ], [ 70.018470993149663, 22.558471001297274 ] ] ], [ [ [ 70.039306993076167, 22.56792100184003 ], [ 70.040694992545014, 22.564584000912127 ], [ 70.038750992940592, 22.564306000941684 ], [ 70.039306993076167, 22.56792100184003 ] ] ], [ [ [ 70.010138992608546, 22.592362001451463 ], [ 70.027083993009128, 22.567916001130261 ], [ 69.992636993331672, 22.548195001740538 ], [ 69.957916992716108, 22.54958000118981 ], [ 69.965141992927968, 22.577921001517208 ], [ 70.010138992608546, 22.592362001451463 ] ] ], [ [ [ 70.042075992944504, 22.5701400016302 ], [ 70.044584992880516, 22.567916001218428 ], [ 70.042075992748522, 22.567360001073801 ], [ 70.042075992944504, 22.5701400016302 ] ] ], [ [ [ 70.181250992735698, 22.583749001592025 ], [ 70.183197993147928, 22.580971001507802 ], [ 70.180136992907961, 22.581529001289571 ], [ 70.181250992735698, 22.583749001592025 ] ] ], [ [ [ 70.190406993148429, 22.599860001626162 ], [ 70.189307993097316, 22.597640001602404 ], [ 70.188751993434664, 22.599582001088557 ], [ 70.190406993148429, 22.599860001626162 ] ] ], [ [ [ 69.953193993193551, 22.595416001261412 ], [ 69.958189993353201, 22.603751001692892 ], [ 69.963753992527799, 22.599028001138127 ], [ 69.953193993193551, 22.595416001261412 ] ] ], [ [ [ 70.21569799267516, 22.646811001416502 ], [ 70.220969992719645, 22.643472001681214 ], [ 70.220413992885852, 22.640140000936121 ], [ 70.21569799267516, 22.646811001416502 ] ] ], [ [ [ 70.242637993167122, 22.684583001202487 ], [ 70.242347993339749, 22.683751001569014 ], [ 70.239302992971872, 22.681804001434642 ], [ 70.238746993349636, 22.683473001378868 ], [ 70.242637993167122, 22.684583001202487 ] ] ], [ [ [ 70.235694993310119, 22.684583001545441 ], [ 70.238197992903494, 22.682082001276694 ], [ 70.234580993156044, 22.684311001379584 ], [ 70.235694993310119, 22.684583001545441 ] ] ], [ [ [ 70.246805184158262, 22.691804887138215 ], [ 70.242639534788765, 22.686811448238668 ], [ 70.241807930374875, 22.689584733553108 ], [ 70.246805184158262, 22.691804887138215 ] ] ], [ [ [ 70.246527992992341, 22.714583001147986 ], [ 70.24346999315695, 22.712361001776781 ], [ 70.243186993331918, 22.720139001607375 ], [ 70.246527992992341, 22.714583001147986 ] ] ], [ [ [ 69.630975715703627, 22.761251451671747 ], [ 69.654298774909549, 22.756250383331192 ], [ 69.666528695038721, 22.753194811063263 ], [ 69.666528694500357, 22.750692369413365 ], [ 69.630975715703627, 22.761251451671747 ] ] ], [ [ [ 69.637086861270959, 22.779306413880338 ], [ 69.635972969799298, 22.775972368505975 ], [ 69.635416023947911, 22.779584887157903 ], [ 69.637086861270959, 22.779306413880338 ] ] ], [ [ [ 69.816803992824447, 22.85208300238817 ], [ 69.815836406724614, 22.852081016483435 ], [ 69.817092992698662, 22.852565217233291 ], [ 69.816803992824447, 22.85208300238817 ] ] ], [ [ [ 69.820854397459271, 22.854030003138668 ], [ 69.821250992858381, 22.8542109195817 ], [ 69.821250992635299, 22.854030002626768 ], [ 69.820854397459271, 22.854030003138668 ] ] ], [ [ [ 69.822907992883302, 22.854966781129846 ], [ 69.822907992726286, 22.854859002046553 ], [ 69.822671716132689, 22.854859002474079 ], [ 69.822907992883302, 22.854966781129846 ] ] ], [ [ [ 68.707076992428611, 23.851249003223177 ], [ 68.705139993151747, 23.848471003233982 ], [ 68.702636992479782, 23.850974002791844 ], [ 68.707076992428611, 23.851249003223177 ] ] ], [ [ [ 68.697905992661035, 23.853200002837443 ], [ 68.696806992367229, 23.849030002910208 ], [ 68.694862992596583, 23.849310003215749 ], [ 68.697905992661035, 23.853200002837443 ] ] ], [ [ [ 71.699861519325381, 20.999582290527801 ], [ 71.703752510879028, 20.995138167568633 ], [ 71.695421212166664, 20.996812820361889 ], [ 71.699861519325381, 20.999582290527801 ] ] ], [ [ [ 71.71042060210371, 20.999582290541213 ], [ 71.708192818518256, 20.996530532021698 ], [ 71.705972664804833, 20.99847221313907 ], [ 71.71042060210371, 20.999582290541213 ] ] ], [ [ [ 72.102913994307698, 21.274310999691661 ], [ 72.100135994325299, 21.265970999617224 ], [ 72.099029993902093, 21.265409999667394 ], [ 72.102913994307698, 21.274310999691661 ] ] ], [ [ [ 72.261585907487188, 21.743882624325344 ], [ 72.261792407942067, 21.743472915575705 ], [ 72.26152799367776, 21.743470999881279 ], [ 72.261585907487188, 21.743882624325344 ] ] ], [ [ [ 72.260971994208646, 21.744304999377288 ], [ 72.260413994439347, 21.746207720402982 ], [ 72.261507009150449, 21.744039163812978 ], [ 72.260971994208646, 21.744304999377288 ] ] ], [ [ [ 72.258339826743224, 21.751250591093768 ], [ 72.256249994431045, 21.754305999858111 ], [ 72.255980993700248, 21.756678389110817 ], [ 72.258232463078286, 21.752321451784518 ], [ 72.258339826743224, 21.751250591093768 ] ] ], [ [ [ 72.255913462193035, 21.756809068602781 ], [ 72.255417994573648, 21.757083999380225 ], [ 72.255417994157568, 21.757767831302068 ], [ 72.255913462193035, 21.756809068602781 ] ] ], [ [ [ 72.25514199385421, 21.758188999938216 ], [ 72.255141994432861, 21.758307574779913 ], [ 72.255200522825376, 21.75819005982445 ], [ 72.25514199385421, 21.758188999938216 ] ] ], [ [ [ 72.254858994316109, 21.758749999289392 ], [ 72.254858993678255, 21.758875776674287 ], [ 72.254921639406973, 21.758749999759644 ], [ 72.254858994316109, 21.758749999289392 ] ] ], [ [ [ 72.254776204247463, 21.759041999648097 ], [ 72.254302994182254, 21.759311000099732 ], [ 72.254302993758344, 21.759992088183918 ], [ 72.254776204247463, 21.759041999648097 ] ] ], [ [ [ 72.249580993847928, 21.773470999976514 ], [ 72.249580994072602, 21.773836977249157 ], [ 72.249748399750757, 21.77347099990541 ], [ 72.249580993847928, 21.773470999976514 ] ] ], [ [ [ 72.249477248687555, 21.774063780959857 ], [ 72.249304994008796, 21.774026999265729 ], [ 72.249309162856349, 21.7744132983733 ], [ 72.249477248687555, 21.774063780959857 ] ] ], [ [ [ 72.249031994371919, 21.77486099978692 ], [ 72.249031994406565, 21.774989635139914 ], [ 72.249093856836026, 21.774860999820188 ], [ 72.249031994371919, 21.77486099978692 ] ] ], [ [ [ 72.210417994188987, 22.003192000395892 ], [ 72.215972993888158, 22.003750000241308 ], [ 72.216247994079609, 22.002640000507416 ], [ 72.210417994188987, 22.003192000395892 ] ] ], [ [ [ 70.455139993704961, 22.995701001347225 ], [ 70.442642993559559, 22.9801410017282 ], [ 70.432639994309653, 22.978751001324497 ], [ 70.455139993704961, 22.995701001347225 ] ] ], [ [ [ 70.44847099399334, 23.050420001379518 ], [ 70.434303994414179, 23.013749001280367 ], [ 70.413750993768545, 22.989850001276398 ], [ 70.414579993503978, 23.019310000978145 ], [ 70.44847099399334, 23.050420001379518 ] ] ], [ [ [ 70.440406994124999, 23.047091001032637 ], [ 70.429581993427149, 23.034580001582661 ], [ 70.414579994233748, 23.022638001882903 ], [ 70.429015994301011, 23.046530001087525 ], [ 70.440406994124999, 23.047091001032637 ] ] ], [ [ [ 70.481802993487193, 23.062085001683627 ], [ 70.459585994263477, 23.044321001074739 ], [ 70.446250994007258, 23.025138001849193 ], [ 70.461805994059645, 23.053750001431489 ], [ 70.481802993487193, 23.062085001683627 ] ] ], [ [ [ 70.460135993952761, 23.0559720018578 ], [ 70.457359993664852, 23.05013800187799 ], [ 70.449585993504826, 23.043193001146086 ], [ 70.457359993632096, 23.055141001532917 ], [ 70.454856994252651, 23.055141001651975 ], [ 70.451811993488462, 23.052640001731181 ], [ 70.450416993465851, 23.052360001635638 ], [ 70.44959199416661, 23.052640001355016 ], [ 70.455412993791967, 23.056804001515971 ], [ 70.460135993952761, 23.0559720018578 ] ] ], [ [ [ 70.453475993999632, 23.053194001814859 ], [ 70.451248993700077, 23.050416001402287 ], [ 70.450141993713345, 23.050138001218365 ], [ 70.451529993982291, 23.052360001603617 ], [ 70.453475993999632, 23.053194001814859 ] ] ], [ [ [ 70.470138993750965, 23.060973001589371 ], [ 70.460976993802532, 23.055416001033041 ], [ 70.460135994263922, 23.056262001509634 ], [ 70.470138993750965, 23.060973001589371 ] ] ], [ [ [ 70.452361994261622, 23.060421001530383 ], [ 70.449026994022233, 23.057921001133703 ], [ 70.445968993817743, 23.058195001409466 ], [ 70.452361994261622, 23.060421001530383 ] ] ], [ [ [ 72.587355993861252, 21.336250999394938 ], [ 72.587081994001593, 21.339860999475658 ], [ 72.588196993826415, 21.339860999851702 ], [ 72.587355993861252, 21.336250999394938 ] ] ], [ [ [ 72.579580994092126, 21.364310999982319 ], [ 72.579580994190906, 21.360139999911695 ], [ 72.578748994454173, 21.360140000119991 ], [ 72.579580994092126, 21.364310999982319 ] ] ], [ [ [ 72.600416994506247, 21.387081999397289 ], [ 72.588752993903896, 21.367360999241896 ], [ 72.587637994076175, 21.367360999704491 ], [ 72.600416994506247, 21.387081999397289 ] ] ], [ [ [ 72.354026994472818, 21.610970999938779 ], [ 72.365141994139975, 21.597639999442215 ], [ 72.358748993703813, 21.579860999843547 ], [ 72.345413993824906, 21.602350999319906 ], [ 72.354026994472818, 21.610970999938779 ] ] ], [ [ [ 72.60624699417852, 21.628471999867749 ], [ 72.607361993731757, 21.619029999501414 ], [ 72.605148993619906, 21.619580999618869 ], [ 72.60624699417852, 21.628471999867749 ] ] ], [ [ [ 72.584585993902152, 21.629030999641117 ], [ 72.581527993998336, 21.625970000152964 ], [ 72.581251993740196, 21.627081999581449 ], [ 72.584585993902152, 21.629030999641117 ] ] ], [ [ [ 72.587904993903919, 21.630140999861695 ], [ 72.595961994495568, 21.630140999935747 ], [ 72.611525994177939, 21.635694999984658 ], [ 72.601515994003336, 21.626810999420254 ], [ 72.599021994494024, 21.6173610000866 ], [ 72.587904993903919, 21.630140999861695 ] ] ], [ [ [ 72.610686994507958, 21.631810999613023 ], [ 72.610419993657288, 21.62958399965639 ], [ 72.609863994258149, 21.629590999406258 ], [ 72.610686994507958, 21.631810999613023 ] ] ], [ [ [ 72.617079994391318, 21.638470999975031 ], [ 72.615135994508393, 21.635416999959229 ], [ 72.614586994131173, 21.635416999323283 ], [ 72.617079994391318, 21.638470999975031 ] ] ], [ [ [ 72.620147994113097, 21.639311999857128 ], [ 72.617637994442916, 21.638458999420962 ], [ 72.617079993754075, 21.639582999393348 ], [ 72.620147994113097, 21.639311999857128 ] ] ], [ [ [ 72.598746994249737, 21.637082999830707 ], [ 72.602636994563724, 21.641250999470209 ], [ 72.602636994432189, 21.639860999948105 ], [ 72.598746994249737, 21.637082999830707 ] ] ], [ [ [ 72.275411994564195, 21.747082999320117 ], [ 72.282639994259171, 21.734582000101049 ], [ 72.28763599450906, 21.707361999984606 ], [ 72.267637994122921, 21.736530999244469 ], [ 72.275411994564195, 21.747082999320117 ] ] ], [ [ [ 72.263191994094385, 21.740689999401944 ], [ 72.263191994460897, 21.740695979656319 ], [ 72.263194981319629, 21.7406900523393 ], [ 72.263191994094385, 21.740689999401944 ] ] ], [ [ [ 72.26180399394012, 21.743194999618755 ], [ 72.261803993758008, 21.743449927939288 ], [ 72.261932481429625, 21.7431949993613 ], [ 72.26180399394012, 21.743194999618755 ] ] ], [ [ [ 72.544408108886842, 21.756367433264096 ], [ 72.542914994352046, 21.750692999828551 ], [ 72.54402899436262, 21.757359999822917 ], [ 72.544408108886842, 21.756367433264096 ] ] ], [ [ [ 72.547652998812012, 21.769618384872651 ], [ 72.547636994087924, 21.769860999926298 ], [ 72.547748399039193, 21.769860999498746 ], [ 72.547652998812012, 21.769618384872651 ] ] ], [ [ [ 72.554596004771156, 21.797639000165528 ], [ 72.554581994466062, 21.797612204740538 ], [ 72.554581993769773, 21.797638999317833 ], [ 72.554596004771156, 21.797639000165528 ] ] ], [ [ [ 72.556122151994941, 21.800691920684621 ], [ 72.555969994097069, 21.800335717400682 ], [ 72.55596999398027, 21.800692999837771 ], [ 72.556122151994941, 21.800691920684621 ] ] ], [ [ [ 72.557357993859867, 21.802949002920499 ], [ 72.55735799443265, 21.803193000091362 ], [ 72.557487302715458, 21.803192999493078 ], [ 72.557357993859867, 21.802949002920499 ] ] ], [ [ [ 72.55763999449016, 21.803441079533386 ], [ 72.55763999439948, 21.803472999576854 ], [ 72.557663909304054, 21.803472820898982 ], [ 72.55763999449016, 21.803441079533386 ] ] ], [ [ [ 72.559102307358174, 21.805138999958483 ], [ 72.559027994468067, 21.805054768733719 ], [ 72.559027994461815, 21.805138999791509 ], [ 72.559102307358174, 21.805138999958483 ] ] ], [ [ [ 72.559377547623825, 21.805418700203052 ], [ 72.559303993961748, 21.805356166669057 ], [ 72.559303994019828, 21.805419999420909 ], [ 72.559377547623825, 21.805418700203052 ] ] ], [ [ [ 72.560142994536832, 21.806126716854607 ], [ 72.561973036616138, 21.808728224346975 ], [ 72.561188785446461, 21.807104324192188 ], [ 72.560142994536832, 21.806126716854607 ] ] ], [ [ [ 72.564876023088956, 21.814029872006337 ], [ 72.564857994440302, 21.813986959316157 ], [ 72.564857993864024, 21.814029999359175 ], [ 72.564876023088956, 21.814029872006337 ] ] ], [ [ [ 72.347640994397977, 21.92902899967385 ], [ 72.356804993652204, 21.931248999562001 ], [ 72.360419994568616, 21.92458399980325 ], [ 72.347640994397977, 21.92902899967385 ] ] ], [ [ [ 72.561675847518927, 22.176808313186605 ], [ 72.561530994659719, 22.176648256117645 ], [ 72.561530995042773, 22.176812000769388 ], [ 72.561675847518927, 22.176808313186605 ] ] ], [ [ [ 72.563825142443747, 22.180139000832781 ], [ 72.56375099507234, 22.180046627449112 ], [ 72.563750995403737, 22.180139000400239 ], [ 72.563825142443747, 22.180139000832781 ] ] ], [ [ [ 72.564308995329711, 22.180973000895175 ], [ 72.564431378253573, 22.180972104344246 ], [ 72.56430899487097, 22.180786981010289 ], [ 72.564308995329711, 22.180973000895175 ] ] ], [ [ [ 72.566288102553841, 22.183749000268755 ], [ 72.566245995069067, 22.183732615089422 ], [ 72.566245995366316, 22.183749000648962 ], [ 72.566288102553841, 22.183749000268755 ] ] ], [ [ [ 72.567222672962671, 22.18514000047924 ], [ 72.567093994892574, 22.184930797724899 ], [ 72.567093995382464, 22.185140000875197 ], [ 72.567222672962671, 22.18514000047924 ] ] ], [ [ [ 72.567394750301176, 22.185419761143677 ], [ 72.567360995116076, 22.18536488205951 ], [ 72.567360994921231, 22.185420001102525 ], [ 72.567394750301176, 22.185419761143677 ] ] ], [ [ [ 72.567734430283835, 22.185972000614932 ], [ 72.567642995189956, 22.185823349405585 ], [ 72.567642994858645, 22.185972000216349 ], [ 72.567734430283835, 22.185972000614932 ] ] ], [ [ [ 72.568255632605087, 22.186809105737918 ], [ 72.56819299504636, 22.18670870077186 ], [ 72.568192995268745, 22.186810000839579 ], [ 72.568255632605087, 22.186809105737918 ] ] ], [ [ [ 72.568828502836453, 22.187642000567553 ], [ 72.568748994867207, 22.187559701743826 ], [ 72.568748994683588, 22.187642001013945 ], [ 72.568828502836453, 22.187642000567553 ] ] ], [ [ [ 72.569304995187125, 22.188135221401247 ], [ 72.56930499519467, 22.188194001071743 ], [ 72.569361781033905, 22.188194000519918 ], [ 72.569304995187125, 22.188135221401247 ] ] ], [ [ [ 72.572914994627794, 22.191899494769547 ], [ 72.572914995135008, 22.192084000358371 ], [ 72.57306685867502, 22.192081854051313 ], [ 72.572914994627794, 22.191899494769547 ] ] ], [ [ [ 72.573531668481209, 22.192640000562285 ], [ 72.573470995382223, 22.192567143775921 ], [ 72.573470994613345, 22.192640000720864 ], [ 72.573531668481209, 22.192640000562285 ] ] ], [ [ [ 72.467916995220676, 22.205419000260552 ], [ 72.472358995298279, 22.203190000394294 ], [ 72.467916995194031, 22.20236100026899 ], [ 72.467916995220676, 22.205419000260552 ] ] ], [ [ [ 72.388746993853374, 22.214310000956299 ], [ 72.387641994480603, 22.210137000825107 ], [ 72.382636994016451, 22.215694000828268 ], [ 72.388746993853374, 22.214310000956299 ] ] ], [ [ [ 72.363470993823213, 22.214028000574793 ], [ 72.368186994456778, 22.224029000216859 ], [ 72.37652599430281, 22.20375100068927 ], [ 72.363470993823213, 22.214028000574793 ] ] ], [ [ [ 72.647918994596992, 21.067920999830889 ], [ 72.654587994011109, 21.073748999387373 ], [ 72.657356994082178, 21.065140999994693 ], [ 72.647918994596992, 21.067920999830889 ] ] ], [ [ [ 72.680685993874548, 21.095420999884144 ], [ 72.678748993974423, 21.096804999288828 ], [ 72.678465994391644, 21.098750999285588 ], [ 72.680685993874548, 21.095420999884144 ] ] ], [ [ [ 72.671240993790676, 21.115139999667431 ], [ 72.676245994479089, 21.099869999368881 ], [ 72.676245993912119, 21.09707999971987 ], [ 72.669296994271122, 21.104860999548759 ], [ 72.671240993790676, 21.115139999667431 ] ] ], [ [ [ 72.703185994088869, 21.116249999881212 ], [ 72.69763799384917, 21.11653099924229 ], [ 72.701804994017721, 21.122360999499872 ], [ 72.703185994088869, 21.116249999881212 ] ] ], [ [ [ 72.680136993959877, 21.154582999803875 ], [ 72.710419994288912, 21.140693999775955 ], [ 72.696808994274846, 21.118749999768156 ], [ 72.689024994283912, 21.089859999802034 ], [ 72.664863993651579, 21.144027999478972 ], [ 72.680136993959877, 21.154582999803875 ] ] ], [ [ [ 72.628197994417803, 21.417359999272346 ], [ 72.621801994110001, 21.403192999799163 ], [ 72.612639994515959, 21.395695000176374 ], [ 72.628197994417803, 21.417359999272346 ] ] ], [ [ [ 72.63513099422893, 21.417640999548546 ], [ 72.633751993767007, 21.411805999285079 ], [ 72.631529994044243, 21.411805999847818 ], [ 72.63513099422893, 21.417640999548546 ] ] ], [ [ [ 72.671243661599803, 21.446252822301197 ], [ 72.670419687349906, 21.439027786267403 ], [ 72.663751595787005, 21.439584732038178 ], [ 72.671243661599803, 21.446252822301197 ] ] ], [ [ [ 72.693335030006395, 21.461810000144634 ], [ 72.692915994346933, 21.461134405937617 ], [ 72.692915994051631, 21.461810000151104 ], [ 72.693335030006395, 21.461810000144634 ] ] ], [ [ [ 72.658193582684888, 21.470972061216017 ], [ 72.657915109819925, 21.470651626532646 ], [ 72.657915109013331, 21.470972061099356 ], [ 72.658193582684888, 21.470972061216017 ] ] ], [ [ [ 72.671303585599489, 21.514580203841177 ], [ 72.671249993706908, 21.514861999797173 ], [ 72.671395884851364, 21.515134175123752 ], [ 72.671303585599489, 21.514580203841177 ] ] ], [ [ [ 72.674341073681731, 21.520693759590451 ], [ 72.674308994243219, 21.520643225716245 ], [ 72.674308993742585, 21.520693999855133 ], [ 72.674341073681731, 21.520693759590451 ] ] ], [ [ [ 72.674665229246784, 21.521262000244551 ], [ 72.67457599429585, 21.521085532874626 ], [ 72.674575994548235, 21.521261999888043 ], [ 72.674665229246784, 21.521262000244551 ] ] ], [ [ [ 72.69568699420698, 21.52736099976191 ], [ 72.694363578672537, 21.527201332933213 ], [ 72.693780713195409, 21.527361007388137 ], [ 72.69568699420698, 21.52736099976191 ] ] ], [ [ [ 72.706143263127018, 21.532361000232932 ], [ 72.70652699451314, 21.532581674783252 ], [ 72.706526994430291, 21.532361000160634 ], [ 72.706143263127018, 21.532361000232932 ] ] ], [ [ [ 72.68514199438107, 21.540695999921702 ], [ 72.685211853328369, 21.540842285836355 ], [ 72.685409320838446, 21.54069987438292 ], [ 72.68514199438107, 21.540695999921702 ] ] ], [ [ [ 72.748964143454657, 21.644029999640711 ], [ 72.748747994041764, 21.643856211774111 ], [ 72.748747994581464, 21.644029999937519 ], [ 72.748964143454657, 21.644029999640711 ] ] ], [ [ [ 72.75096480124887, 21.646284632989016 ], [ 72.749579994171782, 21.647648999380586 ], [ 72.750007557673968, 21.647919999338598 ], [ 72.75096480124887, 21.646284632989016 ] ] ], [ [ [ 72.705694994281316, 21.65151433047809 ], [ 72.70566679281842, 21.651529999863758 ], [ 72.7056949942274, 21.651529999360925 ], [ 72.705694994281316, 21.65151433047809 ] ] ], [ [ [ 72.710410993926203, 21.659859999466697 ], [ 72.745971993769217, 21.658750999778459 ], [ 72.75096799379341, 21.65291599990568 ], [ 72.716796994076191, 21.64458999938941 ], [ 72.710410993926203, 21.659859999466697 ] ] ], [ [ [ 72.820142891872223, 21.658751000472755 ], [ 72.819861994035136, 21.658633153408068 ], [ 72.819861994235453, 21.658750999698338 ], [ 72.820142891872223, 21.658751000472755 ] ] ], [ [ [ 72.821249176902526, 21.659308999642331 ], [ 72.820968994460841, 21.659106246611831 ], [ 72.820968993792732, 21.659309000032607 ], [ 72.821249176902526, 21.659308999642331 ] ] ], [ [ [ 72.821636111609337, 21.659588999967106 ], [ 72.821251994437461, 21.659311037778895 ], [ 72.82125199422498, 21.659588999608612 ], [ 72.821636111609337, 21.659588999967106 ] ] ], [ [ [ 72.821800994256591, 21.659708315152564 ], [ 72.821800993778822, 21.659859999874513 ], [ 72.822010610452494, 21.659859999643739 ], [ 72.821800994256591, 21.659708315152564 ] ] ] ] } },
{ "type": "Feature", "properties": { "ST_NM": "Haryana", "state_id": "haryana" }, "geometry": { "type": "Polygon", "coordinates": [ [ [ 76.859557683239728, 28.221475373192817 ], [ 76.810377340828779, 28.206450269344849 ], [ 76.800388975562512, 28.152080818874811 ], [ 76.747938464703537, 28.123925485897207 ], [ 76.718743709383219, 28.127268956788448 ], [ 76.690878227393199, 28.092698547820234 ], [ 76.659894175343354, 28.09171493682889 ], [ 76.668640864667864, 28.013976310589086 ], [ 76.607445354667277, 28.004823616613081 ], [ 76.546546109542405, 27.965575518629905 ], [ 76.546990301856823, 28.034161054454394 ], [ 76.462134167008458, 28.0448099337166 ], [ 76.466395203019843, 28.057114067338592 ], [ 76.506118562669471, 28.059834280201375 ], [ 76.4570367208281, 28.0883300190422 ], [ 76.469435752426349, 28.10704962233326 ], [ 76.506326679960807, 28.101726591747173 ], [ 76.479571126725872, 28.149889622148585 ], [ 76.38523047072016, 28.13330984049745 ], [ 76.344386533297651, 28.172639529186888 ], [ 76.287478587625145, 28.174079923060614 ], [ 76.304304803113453, 28.150006094620295 ], [ 76.364023184348454, 28.123712361274212 ], [ 76.34793860312007, 28.104978058179121 ], [ 76.305715743301647, 28.096370761000731 ], [ 76.362938777185803, 28.06945322687378 ], [ 76.349521878940877, 28.031313769147985 ], [ 76.305348219778338, 28.021264091022761 ], [ 76.290254580783881, 28.054258483211669 ], [ 76.259323646122326, 28.066288811343295 ], [ 76.234112737781018, 28.050576719991025 ], [ 76.185468014898717, 28.054710008192703 ], [ 76.221929143455171, 28.027088710997248 ], [ 76.182318187998362, 28.017351805718501 ], [ 76.162937865591459, 27.994446919211779 ], [ 76.187450738265596, 27.96825972739045 ], [ 76.174336160586961, 27.910481154802739 ], [ 76.206534539083492, 27.89436685214881 ], [ 76.200940799413914, 27.859289459218775 ], [ 76.231100544317982, 27.836267570291596 ], [ 76.180648790095034, 27.802841742689527 ], [ 76.095793974279772, 27.863945559986796 ], [ 76.087772744043392, 27.84656912776039 ], [ 76.057271255395776, 27.843397138396014 ], [ 75.970647894967286, 27.860372608264242 ], [ 75.985063715676162, 27.904901574775174 ], [ 75.936443163226784, 27.912495356662994 ], [ 75.931243612052015, 27.928804845960663 ], [ 75.946195553168423, 27.946792066864056 ], [ 75.970847103912931, 27.932622150773028 ], [ 75.994697570097003, 27.980282812059855 ], [ 75.963217990732431, 27.984339379879458 ], [ 75.964184603154777, 27.996708589770304 ], [ 75.998368192696361, 28.005822179113338 ], [ 75.977828280480054, 28.0266388641679 ], [ 76.01797281120021, 28.032348764748125 ], [ 76.013286772382045, 28.050181778390773 ], [ 76.043610813083873, 28.069597481891122 ], [ 76.023639704337228, 28.084495293075236 ], [ 75.992430488410136, 28.046414697731549 ], [ 75.989995806722916, 28.075912069685501 ], [ 75.943992608386125, 28.089277319569639 ], [ 76.035879024373514, 28.168381243852412 ], [ 76.074527108118446, 28.163385508172603 ], [ 76.073188048874101, 28.140074242494812 ], [ 76.101081430229456, 28.150797786038467 ], [ 76.073833499198713, 28.194579187961988 ], [ 76.05327620727941, 28.198569488170374 ], [ 76.061253113231857, 28.219876632083487 ], [ 76.019419865980609, 28.237460357070368 ], [ 76.02701191699299, 28.276684881688034 ], [ 75.975946085621445, 28.319887883180971 ], [ 75.96296967870633, 28.314353846285783 ], [ 75.96464632076642, 28.334185186638958 ], [ 75.935714069837829, 28.34095880529209 ], [ 75.930722553637182, 28.364796458523927 ], [ 75.897565399661687, 28.389585490915067 ], [ 75.81088970645115, 28.410283829683618 ], [ 75.778566355181653, 28.403725340350025 ], [ 75.786561839873116, 28.453717480783876 ], [ 75.637408159255983, 28.542360529944194 ], [ 75.626453614117395, 28.598632630324762 ], [ 75.564075367150238, 28.611122447256349 ], [ 75.537477560638436, 28.746926376003859 ], [ 75.507120102096991, 28.784373208767377 ], [ 75.522048969171806, 28.833311521174959 ], [ 75.496704193218093, 28.856420421922579 ], [ 75.497198314095442, 28.895110132143401 ], [ 75.475875228684416, 28.923101459319046 ], [ 75.506426992875788, 28.938294215628538 ], [ 75.525461646818655, 28.97218691355706 ], [ 75.520087213154028, 29.007655265560366 ], [ 75.44368179976945, 29.013503087733284 ], [ 75.439268121676264, 29.061718857592542 ], [ 75.389614143689059, 29.067406038599479 ], [ 75.389751755928657, 29.1078382007965 ], [ 75.405295578206974, 29.125542191342674 ], [ 75.370223659668838, 29.139796996734574 ], [ 75.378090297173301, 29.167142535965024 ], [ 75.409843853404766, 29.186034413686361 ], [ 75.395359052474632, 29.218420440195342 ], [ 75.405044287081751, 29.259124417769943 ], [ 75.367248640292317, 29.251873382969166 ], [ 75.354523999850016, 29.223414533086927 ], [ 75.324131191197296, 29.233286873693096 ], [ 75.328586202770651, 29.290798003891044 ], [ 75.232553405914032, 29.232436988314507 ], [ 75.189092023691614, 29.266218903398688 ], [ 75.122743406156502, 29.24060011180682 ], [ 75.117134146997017, 29.224480538006244 ], [ 75.087005201065864, 29.230213523671953 ], [ 75.048910049036294, 29.28503570955333 ], [ 74.99993384661137, 29.269725119264471 ], [ 74.961983774636934, 29.279999875493807 ], [ 74.949016754203555, 29.30291662795161 ], [ 74.95992414182426, 29.324175499600418 ], [ 74.936156571620174, 29.362820621049 ], [ 74.85011437326861, 29.402466371948144 ], [ 74.818487253888023, 29.396940564929153 ], [ 74.765428481679535, 29.354501382386651 ], [ 74.658881399962567, 29.371161147150058 ], [ 74.650423386368971, 29.329972546055711 ], [ 74.604344735149851, 29.327185264197649 ], [ 74.605339840462776, 29.361085891775915 ], [ 74.566498996194824, 29.417666143930841 ], [ 74.53997710639598, 29.424087952826092 ], [ 74.537819499031627, 29.448677946291653 ], [ 74.551578652141728, 29.465689797429231 ], [ 74.587698598073715, 29.457646124022872 ], [ 74.623363500213756, 29.526117387020118 ], [ 74.575511636290258, 29.562642980726856 ], [ 74.614794612049408, 29.752114193987641 ], [ 74.596051197414866, 29.767803496006447 ], [ 74.535123003506669, 29.740783114484358 ], [ 74.481236891269475, 29.743580444197136 ], [ 74.474584211546116, 29.787161936779501 ], [ 74.501098551819027, 29.826092100814151 ], [ 74.542029684142008, 29.838783732497269 ], [ 74.563132970619563, 29.865109810777145 ], [ 74.54331745136075, 29.902176713661252 ], [ 74.514640614876257, 29.907392733955824 ], [ 74.534348186274073, 29.951190468468464 ], [ 74.595493043547805, 29.914205277888275 ], [ 74.65669952012253, 29.903958781368644 ], [ 74.649644998592194, 29.921817356152303 ], [ 74.700707640593734, 29.968521507411143 ], [ 74.733943874730798, 29.961026869304689 ], [ 74.811254814904316, 29.991585770941818 ], [ 74.859704175764506, 29.958008026934735 ], [ 74.891614923501436, 29.967168439869763 ], [ 74.904461910580096, 29.951714277453725 ], [ 74.895310379608972, 29.937891681008011 ], [ 74.925854025061781, 29.947877135923672 ], [ 74.999938960480748, 29.854919150628213 ], [ 75.04761702296797, 29.880170881249171 ], [ 75.075630525888343, 29.877372922283431 ], [ 75.095027226878287, 29.913452287437973 ], [ 75.114394006719209, 29.871438417845649 ], [ 75.091339739742679, 29.84764773519348 ], [ 75.11721335946487, 29.824734325267801 ], [ 75.100212170450405, 29.804866803216932 ], [ 75.134992508845656, 29.803761360585955 ], [ 75.145493476165541, 29.778482047406882 ], [ 75.164089014195042, 29.779081326987399 ], [ 75.165540477853881, 29.817908560485865 ], [ 75.192525975901404, 29.836760703567734 ], [ 75.211087903281253, 29.828011764802717 ], [ 75.208071378062627, 29.794209194531049 ], [ 75.241050202471001, 29.74996045113863 ], [ 75.203671463294071, 29.723132680857002 ], [ 75.20519861188113, 29.685660886870537 ], [ 75.167670074250296, 29.660662245102166 ], [ 75.183127396826805, 29.627968510273512 ], [ 75.231020260747925, 29.604329597703071 ], [ 75.22090404599669, 29.580184505132433 ], [ 75.233156900098038, 29.543881678849925 ], [ 75.305864654369529, 29.565685219586847 ], [ 75.314343205459878, 29.586089667197502 ], [ 75.29042905701742, 29.607785206633434 ], [ 75.317453267522566, 29.630203643756541 ], [ 75.327734483129305, 29.668347196897525 ], [ 75.360482591993772, 29.656861132018133 ], [ 75.34541833712882, 29.691490037824241 ], [ 75.38890934477314, 29.708870287225505 ], [ 75.407482894957781, 29.758587161273979 ], [ 75.454137394743668, 29.78368869143776 ], [ 75.45466074592035, 29.80537227854602 ], [ 75.522074934855198, 29.757410252435353 ], [ 75.54060851296515, 29.770049556116103 ], [ 75.566834098309144, 29.763115103231709 ], [ 75.579184036430007, 29.739860310375121 ], [ 75.623658713740639, 29.743632241603347 ], [ 75.635862422291282, 29.770394792153681 ], [ 75.666935609798017, 29.773182537763358 ], [ 75.707985749753561, 29.752239019716537 ], [ 75.716564057864261, 29.805689712245691 ], [ 75.782363044590653, 29.822347877519352 ], [ 75.806770856756387, 29.804027524170486 ], [ 75.839786227748434, 29.80917614955294 ], [ 75.854330569189685, 29.772758992069878 ], [ 75.889960577941068, 29.743791240669612 ], [ 75.907970432999434, 29.752225731260953 ], [ 75.933857701223388, 29.731554446364758 ], [ 75.975592738630993, 29.727952579409287 ], [ 76.02841189774179, 29.75258712471922 ], [ 76.052320732710456, 29.745247230107537 ], [ 76.085265334866335, 29.777685170348764 ], [ 76.088640973717702, 29.802235258912823 ], [ 76.127383617786251, 29.792798373290189 ], [ 76.253253523121174, 29.8652910648117 ], [ 76.195852086165374, 29.884939342774501 ], [ 76.193276431777207, 29.919626807943455 ], [ 76.177539102876295, 29.925077972692762 ], [ 76.190227502129986, 29.942679399675832 ], [ 76.215202544051465, 29.940487384114785 ], [ 76.202379399459232, 30.012862611703071 ], [ 76.226940451439646, 30.02355091536834 ], [ 76.209886414334989, 30.034378315546395 ], [ 76.266663327895671, 30.100996211207271 ], [ 76.202268979490086, 30.131500919320526 ], [ 76.223617458372516, 30.13156512657768 ], [ 76.215589282778794, 30.155430100879894 ], [ 76.26283886783429, 30.115435459545004 ], [ 76.334617392250522, 30.104542827014303 ], [ 76.360692886471213, 30.123963086442114 ], [ 76.337668448599942, 30.145588596767777 ], [ 76.401826781274835, 30.123778997969733 ], [ 76.396398677911293, 30.142073655071385 ], [ 76.413508568010414, 30.15397774614998 ], [ 76.392912562036742, 30.17954282150297 ], [ 76.42216879252247, 30.198562871868138 ], [ 76.463885935918441, 30.096846375386704 ], [ 76.502647760129108, 30.093231281061357 ], [ 76.512938400495784, 30.072684445517922 ], [ 76.545490114979472, 30.078794999773894 ], [ 76.635319184016225, 30.145347394468828 ], [ 76.653843778986086, 30.185206041848243 ], [ 76.651069700239802, 30.201909548415099 ], [ 76.616404033180487, 30.21118953169324 ], [ 76.624171208692147, 30.22699522497669 ], [ 76.596203811546104, 30.252601788787413 ], [ 76.54463494388402, 30.223253032546001 ], [ 76.559827675444922, 30.261046536805196 ], [ 76.622067102569062, 30.266657882184688 ], [ 76.635116640269587, 30.287432684410454 ], [ 76.674769940413924, 30.295562831393081 ], [ 76.687025188100478, 30.321963515343306 ], [ 76.727611042353686, 30.328877902396645 ], [ 76.751019340214029, 30.355610211376099 ], [ 76.723854684014313, 30.361128180960439 ], [ 76.730597849890344, 30.373102759070512 ], [ 76.712670184096453, 30.389627526801021 ], [ 76.739124246730995, 30.401006319369216 ], [ 76.737773141633838, 30.416433559602599 ], [ 76.775992734604714, 30.435717648919251 ], [ 76.783436142114454, 30.414257337658015 ], [ 76.821109022386096, 30.407769836524327 ], [ 76.845152170743447, 30.429772938700083 ], [ 76.877423578371193, 30.404623078649536 ], [ 76.899828750590757, 30.354160523382383 ], [ 76.94296750700741, 30.388343649467693 ], [ 76.917885146631946, 30.400475693981686 ], [ 76.901596718927621, 30.436943751048346 ], [ 76.901750512177955, 30.480459882340416 ], [ 76.925232679331145, 30.489508827276655 ], [ 76.933240191225408, 30.513878352121651 ], [ 76.897967723457796, 30.536334513601052 ], [ 76.91891153753096, 30.554293350680922 ], [ 76.911600948755733, 30.584352494994789 ], [ 76.926488918003457, 30.595625857960727 ], [ 76.871664638542583, 30.636649901816806 ], [ 76.875386700774442, 30.675330776783415 ], [ 76.852970179421092, 30.652846363707823 ], [ 76.831909407110132, 30.656679008413452 ], [ 76.830844212694245, 30.686744401101638 ], [ 76.849520652424488, 30.710382384423227 ], [ 76.835992771079106, 30.736227959572723 ], [ 76.860158008828236, 30.788690392568821 ], [ 76.841166718201606, 30.828793185382239 ], [ 76.814633200487123, 30.83878377563428 ], [ 76.77602430554245, 30.889772534842479 ], [ 76.823767771400668, 30.926705825994684 ], [ 76.823333302233195, 30.90311314518129 ], [ 76.850654054989178, 30.875119306340721 ], [ 76.865939498927787, 30.866908680970592 ], [ 76.915747732098353, 30.893415767306486 ], [ 76.967217023303448, 30.807256583187975 ], [ 76.99253965891748, 30.794811101233542 ], [ 77.009337779108876, 30.812711474366886 ], [ 77.002043297225839, 30.773048992071075 ], [ 77.026473174243804, 30.738135350136123 ], [ 77.047122922045247, 30.751325604179261 ], [ 77.090262227711747, 30.740606163269025 ], [ 77.166894236250627, 30.684437152766009 ], [ 77.170709841584696, 30.595198429592099 ], [ 77.124622368465538, 30.562965633865076 ], [ 77.144175573361068, 30.537138610055294 ], [ 77.198456138326691, 30.521444414424366 ], [ 77.215645459961038, 30.475850522509177 ], [ 77.264876897223346, 30.479881120395106 ], [ 77.276642327303236, 30.462113328317542 ], [ 77.323760048927781, 30.449002953010368 ], [ 77.359172527409669, 30.457252772016432 ], [ 77.413660282553096, 30.414026585455431 ], [ 77.463731340673647, 30.460489582037461 ], [ 77.466493514092292, 30.435595586921586 ], [ 77.428964479078616, 30.408083725399081 ], [ 77.448018778939257, 30.39891565723147 ], [ 77.499955630108673, 30.40780585477588 ], [ 77.523039002125941, 30.444023475030111 ], [ 77.556008085521839, 30.392364329669896 ], [ 77.603260800572585, 30.372343256641035 ], [ 77.58333782422001, 30.306287633971674 ], [ 77.539683079723233, 30.277380587965101 ], [ 77.485986458057894, 30.183660313898923 ], [ 77.436193783602462, 30.163578026377493 ], [ 77.410537990838463, 30.113816619085355 ], [ 77.426963075010249, 30.102202250305094 ], [ 77.282747769921258, 30.043509494075078 ], [ 77.275407750751754, 29.997291172044878 ], [ 77.192201872391436, 29.901385801740556 ], [ 77.194449701262073, 29.86842971077397 ], [ 77.16420655286727, 29.788414286523913 ], [ 77.128793124033294, 29.766057091180766 ], [ 77.124668424817202, 29.743747617041254 ], [ 77.154997274724323, 29.701064757758157 ], [ 77.132733432240158, 29.686673625966389 ], [ 77.142897339445824, 29.658075807379433 ], [ 77.097081581901492, 29.595895222032226 ], [ 77.121110765780031, 29.548041827348239 ], [ 77.096236138556634, 29.528647738850449 ], [ 77.131195106139828, 29.492338806159299 ], [ 77.125538095254043, 29.456857511949302 ], [ 77.150622653468147, 29.43707469732519 ], [ 77.137037232337079, 29.405600152480666 ], [ 77.157944570400971, 29.384718509450572 ], [ 77.128036416273048, 29.371625124619349 ], [ 77.131096389211962, 29.344740203269165 ], [ 77.16501519968439, 29.330391719643043 ], [ 77.140440775730525, 29.267686560717085 ], [ 77.154930166249656, 29.238208555334275 ], [ 77.136085559045654, 29.219749425005833 ], [ 77.150791568460576, 29.176932151485065 ], [ 77.132721673605801, 29.100604843852299 ], [ 77.224630631761542, 29.001406004351153 ], [ 77.200629312721617, 28.950388494057663 ], [ 77.215826599139405, 28.931167824478948 ], [ 77.207209346604046, 28.915635156290193 ], [ 77.231619891693995, 28.898814515471283 ], [ 77.192149959283853, 28.884513545989112 ], [ 77.193989188706922, 28.857001316197163 ], [ 77.152647427131328, 28.837195019299894 ], [ 77.138837555703887, 28.860133425229559 ], [ 77.086123621192897, 28.879321705537276 ], [ 77.059993184245343, 28.86800385153041 ], [ 77.041706092069475, 28.831609861967735 ], [ 76.993636789187974, 28.833955941949693 ], [ 76.952371350871488, 28.815574517806848 ], [ 76.951172437165198, 28.711890679258342 ], [ 76.964504431085942, 28.700214302077242 ], [ 76.957102956060339, 28.672006049929216 ], [ 76.927275918373255, 28.652127844819315 ], [ 76.943672492340838, 28.632492501025634 ], [ 76.887657597958636, 28.632525240430876 ], [ 76.86444686291388, 28.58724614495722 ], [ 76.842514357482244, 28.577422597419602 ], [ 76.888890648998, 28.503906424160505 ], [ 76.978096938999585, 28.522354668094167 ], [ 77.01519124948031, 28.509187790973435 ], [ 77.005622537744387, 28.531655257826593 ], [ 77.015781764218048, 28.537520967096555 ], [ 77.058448432421116, 28.509950156564734 ], [ 77.082186397840232, 28.514969729422507 ], [ 77.117377419773661, 28.488521191935334 ], [ 77.127934006533167, 28.437064448307424 ], [ 77.175378696570306, 28.403052135245247 ], [ 77.250341564990435, 28.423401864411939 ], [ 77.235496596804026, 28.45856822564237 ], [ 77.252444006212556, 28.47915064567805 ], [ 77.287900807447031, 28.492677906822067 ], [ 77.316728246018045, 28.485191441211544 ], [ 77.344370510941673, 28.505584654180733 ], [ 77.484434352393734, 28.407891586090258 ], [ 77.476683065874823, 28.394062788860055 ], [ 77.504041280212121, 28.352625557641971 ], [ 77.473504914239498, 28.332379036313863 ], [ 77.504489587459588, 28.286970669239995 ], [ 77.474491158773503, 28.271797445586486 ], [ 77.548478069708636, 28.248726222713259 ], [ 77.525222291674822, 28.224086522362015 ], [ 77.528732932377622, 28.196106055002776 ], [ 77.498718528928521, 28.206331427641896 ], [ 77.501679311446921, 28.179434523267506 ], [ 77.515245115873299, 28.189800351787824 ], [ 77.551976554669508, 28.175966458958342 ], [ 77.505892719679608, 28.154199555298021 ], [ 77.501738751770873, 28.092337272255616 ], [ 77.487656660609971, 28.102306454102436 ], [ 77.478278882183432, 28.080338295644083 ], [ 77.48845829600792, 28.038483673347905 ], [ 77.54454337329804, 27.987618455992163 ], [ 77.51886040836996, 27.96763209848919 ], [ 77.545210192343362, 27.959841562824138 ], [ 77.545386794418107, 27.94359479213319 ], [ 77.528422177416374, 27.926176927817828 ], [ 77.486851040751233, 27.934528093951055 ], [ 77.478946892315633, 27.88904910890145 ], [ 77.454937617298896, 27.872749526608292 ], [ 77.421368809968826, 27.890511027558109 ], [ 77.410590089440049, 27.876260749246047 ], [ 77.42142224747964, 27.853421360702463 ], [ 77.348291993818165, 27.853982859630989 ], [ 77.336258012959291, 27.832119012642707 ], [ 77.29776589905542, 27.823568309110474 ], [ 77.285917825347951, 27.801169953614302 ], [ 77.27134468911926, 27.81055032635404 ], [ 77.243320393199852, 27.780263239213674 ], [ 77.202630603129762, 27.816424719428987 ], [ 77.177412257956362, 27.779396466625748 ], [ 77.189415277485239, 27.803147783015493 ], [ 77.15935503701067, 27.810070138236991 ], [ 77.160128494117998, 27.78632120580863 ], [ 77.135191565312326, 27.770986736703666 ], [ 77.046907362853418, 27.814627712970466 ], [ 77.029212156409585, 27.772713349795328 ], [ 77.075930375127882, 27.758320200929209 ], [ 77.087773295662231, 27.732954915769341 ], [ 77.061725898114801, 27.72243287722419 ], [ 77.037480386922113, 27.743959491190633 ], [ 77.002024811607882, 27.736310517494228 ], [ 76.978836178665517, 27.651763215058097 ], [ 76.94252984797248, 27.66974371730101 ], [ 76.913643440287132, 27.650638062567971 ], [ 76.889216843464894, 27.694061330736336 ], [ 76.922905190023755, 27.69548242340883 ], [ 76.892434706201243, 27.725603379601829 ], [ 76.912305959273084, 27.827351221596512 ], [ 76.935190993365012, 27.828893107588588 ], [ 76.947511825293887, 27.913705098512885 ], [ 76.927777246298078, 27.919551034094233 ], [ 76.927422565544362, 27.992312292768183 ], [ 76.970800601149222, 28.138705189140577 ], [ 76.893085901141674, 28.186434750702155 ], [ 76.90574684079894, 28.202390000291413 ], [ 76.859557683239728, 28.221475373192817 ] ], [ [ 76.493713283180512, 29.515989911244883 ], [ 76.4928156287272, 29.514651364160613 ], [ 76.500862408207766, 29.526649063748184 ], [ 76.493713283180512, 29.515989911244883 ] ], [ [ 76.659171340834646, 29.492760590290956 ], [ 76.65946070700511, 29.492681466711179 ], [ 76.658127697690716, 29.493045954196379 ], [ 76.659171340834646, 29.492760590290956 ] ], [ [ 76.187114956356567, 28.443470060204721 ], [ 76.189253195843889, 28.443038191476202 ], [ 76.195612026759463, 28.44175387411433 ], [ 76.187114956356567, 28.443470060204721 ] ], [ [ 76.196151808434024, 28.441644832229141 ], [ 76.196451555158191, 28.441584280772254 ], [ 76.195612026759463, 28.44175387411433 ], [ 76.196151808434024, 28.441644832229141 ] ], [ [ 76.335818967954069, 29.58098316765879 ], [ 76.345307659547387, 29.581614151004374 ], [ 76.345307659583, 29.581614151052619 ], [ 76.335818967954069, 29.58098316765879 ] ], [ [ 77.117778048793824, 29.989360617963072 ], [ 77.114942234238114, 29.99079009528111 ], [ 77.131223542649096, 29.98258182676437 ], [ 77.117778048793824, 29.989360617963072 ] ] ] } },
{ "type": "Feature", "properties": { "ST_NM": "Himachal Pradesh", "state_id": "himachal_pradesh" }, "geometry": { "type": "Polygon", "coordinates": [ [ [ 77.031435467702138, 30.736366208931631 ], [ 77.002043297225839, 30.773048992071075 ], [ 77.011461506255728, 30.810288251883758 ], [ 76.99253965891748, 30.794811101233542 ], [ 76.967217023303448, 30.807256583187975 ], [ 76.915747732098353, 30.893415767306486 ], [ 76.865939498927787, 30.866908680970592 ], [ 76.829272275166502, 30.892308319704913 ], [ 76.823767771400668, 30.926705825994684 ], [ 76.78337062615897, 30.902755983110129 ], [ 76.726171467103242, 30.959903209193431 ], [ 76.676184088379841, 30.967694364716863 ], [ 76.623643503343345, 31.000907289615231 ], [ 76.612627456124599, 31.050280237147643 ], [ 76.639521927681372, 31.106984999911006 ], [ 76.603112670706807, 31.124516718954684 ], [ 76.60428507942315, 31.179727773339074 ], [ 76.648125926601111, 31.212182317220599 ], [ 76.63026358103653, 31.226324720662298 ], [ 76.594555658229297, 31.213259628442202 ], [ 76.615641014416966, 31.247833442210183 ], [ 76.584567087990337, 31.277143683417687 ], [ 76.548930264779187, 31.252375678456389 ], [ 76.551214314321257, 31.280995386130353 ], [ 76.532086508869028, 31.259367660800855 ], [ 76.528297064744692, 31.28016057287477 ], [ 76.502593000709567, 31.270505981850246 ], [ 76.48075123359304, 31.307384378577197 ], [ 76.445126932666412, 31.280058399741826 ], [ 76.462301423712219, 31.303191102920533 ], [ 76.393388823041803, 31.388568744103019 ], [ 76.404544506142969, 31.394725918082965 ], [ 76.377365109068393, 31.438835159057639 ], [ 76.373336182970831, 31.413095352044344 ], [ 76.329954608519714, 31.399900904056299 ], [ 76.350689756897992, 31.350441409315742 ], [ 76.309958319996525, 31.339711750422762 ], [ 76.31004485637213, 31.316670787865995 ], [ 76.186663185089898, 31.304390097549728 ], [ 76.180204820137078, 31.339161486715938 ], [ 76.148930201973457, 31.359538353353603 ], [ 76.167526639892188, 31.411807211283001 ], [ 76.058346164498417, 31.601247948099363 ], [ 76.017093953861917, 31.644918429102464 ], [ 75.936449091770655, 31.815885154222194 ], [ 75.986143523100267, 31.813163952916071 ], [ 75.909423320198698, 31.948728760298518 ], [ 75.799164084293523, 31.993530054295366 ], [ 75.70475702441037, 32.061023120230253 ], [ 75.664300662734334, 32.076770355824323 ], [ 75.613410086312498, 32.06569504939069 ], [ 75.593643813222229, 32.081439570287387 ], [ 75.646197718151242, 32.119193625990711 ], [ 75.676948165543664, 32.164363853835617 ], [ 75.635346503850698, 32.184979243458102 ], [ 75.637778980498496, 32.234553803003536 ], [ 75.691174088617601, 32.263816791866276 ], [ 75.751795302374859, 32.27344336676321 ], [ 75.859562907994672, 32.37892198753449 ], [ 75.950459203482509, 32.42426072973322 ], [ 75.866914270308314, 32.507658382347351 ], [ 75.888637549060334, 32.57603039690246 ], [ 75.941725415850243, 32.654120108370272 ], [ 75.91291679885633, 32.691018215850619 ], [ 75.928954286281723, 32.757139549813822 ], [ 75.890362222751023, 32.813896564857572 ], [ 75.837645689824242, 32.843112841426212 ], [ 75.806472584005633, 32.881887198598598 ], [ 75.824711794091371, 32.930309168006723 ], [ 75.883927334016732, 32.930606713762856 ], [ 75.962539427397289, 32.885298493134783 ], [ 76.099231558302421, 32.968805142994213 ], [ 76.110793042540365, 33.004873810009499 ], [ 76.254553432192949, 33.032396353092878 ], [ 76.292440268205439, 33.103833374880828 ], [ 76.409376873856203, 33.186441374510899 ], [ 76.486775495791832, 33.179507346279927 ], [ 76.565312023427694, 33.209029350592253 ], [ 76.599737824024899, 33.206318097147509 ], [ 76.61737901758967, 33.173121052137112 ], [ 76.644784993138245, 33.161783204288518 ], [ 76.747751116314703, 33.178576268939054 ], [ 76.777875442194713, 33.223835317742648 ], [ 76.773396089492934, 33.248697149830306 ], [ 76.796338170256334, 33.254895991536486 ], [ 76.820810847487479, 33.235774441559279 ], [ 76.84643270118822, 33.245480342122889 ], [ 76.821273489260491, 33.192896744984822 ], [ 76.821346188417394, 33.154681544560063 ], [ 76.862269743570792, 33.111153420705087 ], [ 76.895057098067085, 33.113045059854812 ], [ 76.935219959688041, 33.032312684871108 ], [ 77.016139769971304, 32.988011933351572 ], [ 77.053041213852552, 32.998076841981195 ], [ 77.092589065428228, 32.971646059362911 ], [ 77.120890781418311, 32.985484347293152 ], [ 77.154132191097119, 32.97868239361911 ], [ 77.163807519470637, 32.912139680094882 ], [ 77.191519761214394, 32.929238188555111 ], [ 77.245897105755304, 32.893548099706074 ], [ 77.256441095530747, 32.863087708963334 ], [ 77.275933863414878, 32.874283333085643 ], [ 77.322738012044212, 32.851869961950619 ], [ 77.345413693719692, 32.817623467695377 ], [ 77.374047893087678, 32.822983881538434 ], [ 77.377310312654629, 32.857343296795506 ], [ 77.405183214446254, 32.883283838718455 ], [ 77.443433699316643, 32.881379819017646 ], [ 77.47291396069852, 32.859381409849917 ], [ 77.502315373442883, 32.884174492303757 ], [ 77.537360827434654, 32.88498576414252 ], [ 77.601854105607288, 32.941391684387689 ], [ 77.671308070059524, 32.956935323614566 ], [ 77.683284242573507, 32.983592808215207 ], [ 77.730565384186548, 32.969290885705583 ], [ 77.808143639610165, 32.902737070477215 ], [ 77.779304439059331, 32.862116649904685 ], [ 77.865459755463547, 32.825568336071335 ], [ 77.898664526787627, 32.772463958738264 ], [ 77.932905952306442, 32.763076449794056 ], [ 77.920859179103729, 32.69002455194218 ], [ 78.000011491397473, 32.58324666034558 ], [ 78.053283385730623, 32.588638604610267 ], [ 78.051470908554109, 32.632351992633801 ], [ 78.082897864785181, 32.620979078064991 ], [ 78.111043289069528, 32.65886276775268 ], [ 78.139143410366202, 32.63900994184219 ], [ 78.170263545387172, 32.675705536955164 ], [ 78.230692882928338, 32.6658085718081 ], [ 78.254392112588647, 32.691302829793223 ], [ 78.313608507190509, 32.709415192571036 ], [ 78.305580699598821, 32.734470210893271 ], [ 78.389361036475478, 32.758440161105085 ], [ 78.395751223395592, 32.715857116795526 ], [ 78.380981560113938, 32.668496300181168 ], [ 78.406567322312753, 32.619659341033362 ], [ 78.314229771455274, 32.573950738344791 ], [ 78.316696698997475, 32.525655804208156 ], [ 78.295981673638039, 32.504317787329356 ], [ 78.327823201258113, 32.472247734871253 ], [ 78.399984441384518, 32.525973192544448 ], [ 78.455942539619031, 32.50161015369293 ], [ 78.466237952850591, 32.486375589409491 ], [ 78.455551612669439, 32.452590408191256 ], [ 78.49553339231727, 32.421987885350973 ], [ 78.536172485245785, 32.414613961732343 ], [ 78.481308935152398, 32.348301668757898 ], [ 78.48327618578503, 32.2800215694187 ], [ 78.456246950684147, 32.242448613349417 ], [ 78.556501638105971, 32.245891184283209 ], [ 78.609957648326869, 32.214519114684087 ], [ 78.610683687458021, 32.178233056220854 ], [ 78.591244367417914, 32.154427416830551 ], [ 78.614203259562899, 32.117781313161245 ], [ 78.664740578467757, 32.102841522978416 ], [ 78.748129126629124, 32.003217029514502 ], [ 78.787754707409576, 31.995347567902719 ], [ 78.745963096349413, 31.902063957774935 ], [ 78.738166170216658, 31.832745761112701 ], [ 78.71100304126405, 31.812603998357826 ], [ 78.707623067947011, 31.788749096826557 ], [ 78.740907843450742, 31.759202992697855 ], [ 78.727533648566236, 31.736594653057601 ], [ 78.750499691992118, 31.687266014948261 ], [ 78.795776024226228, 31.685105632255521 ], [ 78.802796936930207, 31.652783905736722 ], [ 78.847095778247663, 31.610418257490529 ], [ 78.813201175308009, 31.571311223335485 ], [ 78.737074536168777, 31.536109901354305 ], [ 78.722426557988342, 31.513546637127433 ], [ 78.732311245802165, 31.480004777685846 ], [ 78.764686154277442, 31.485736679732859 ], [ 78.811183188183975, 31.447821275748467 ], [ 78.792024803948109, 31.396257522938239 ], [ 78.849788469727955, 31.367450328253366 ], [ 78.844502032634935, 31.325157021708904 ], [ 78.922266245255429, 31.254063634018934 ], [ 78.925255386923695, 31.22874769867536 ], [ 78.950476265402273, 31.217189578597758 ], [ 78.961490675046036, 31.188367416489989 ], [ 78.987158473002623, 31.177156781243031 ], [ 79.011870939118069, 31.112332209764293 ], [ 78.886493020947, 31.102089414578099 ], [ 78.83388022588791, 31.142035383110919 ], [ 78.810267865874536, 31.199915131843081 ], [ 78.662845004618362, 31.189607058019611 ], [ 78.649644984263034, 31.216858439398042 ], [ 78.610555266324823, 31.231379043597052 ], [ 78.581757952119887, 31.228746222640826 ], [ 78.552234144056726, 31.201713194380265 ], [ 78.485176011020414, 31.19878913861945 ], [ 78.459280152413598, 31.23928051715578 ], [ 78.434606594395717, 31.254983858754933 ], [ 78.412652251161518, 31.242896512030931 ], [ 78.396541884728023, 31.276615932049566 ], [ 78.371474794620099, 31.286036323108579 ], [ 78.313506244165282, 31.28342957939245 ], [ 78.308520188661191, 31.261223571639334 ], [ 78.284117910767748, 31.266568200975428 ], [ 78.247605700287579, 31.230219574128 ], [ 78.202529154093611, 31.217443685948069 ], [ 78.162790220716772, 31.226840862415088 ], [ 78.102594632205466, 31.18608170192249 ], [ 78.044748342271021, 31.18061470875034 ], [ 78.028986818216424, 31.150232900419155 ], [ 77.96951152573007, 31.174136786473014 ], [ 77.902173661665927, 31.150086526393579 ], [ 77.857355830828794, 31.07666503639166 ], [ 77.815065699991067, 31.057481580267961 ], [ 77.839696952947406, 31.003455451353204 ], [ 77.824409573023161, 31.000554594227992 ], [ 77.810711097158787, 30.96514275998743 ], [ 77.831423217204872, 30.948867110847516 ], [ 77.778161352780728, 30.972346927629758 ], [ 77.748798444435977, 30.954950834496117 ], [ 77.759771177773359, 30.917626460727547 ], [ 77.809822396517347, 30.919090358885796 ], [ 77.803473919424334, 30.853792044532611 ], [ 77.758631394025826, 30.876492637515071 ], [ 77.745503454396726, 30.846050796134421 ], [ 77.758422341773837, 30.825104852492132 ], [ 77.70216567001053, 30.763941452432576 ], [ 77.705417580120653, 30.743544589177784 ], [ 77.754889793391314, 30.705839735800012 ], [ 77.747166980509618, 30.681006972725807 ], [ 77.792774797273552, 30.658881870720357 ], [ 77.782002119243501, 30.646599852510217 ], [ 77.795653552122715, 30.614442863549932 ], [ 77.770251044080837, 30.615422327010524 ], [ 77.768034007245561, 30.595838343328708 ], [ 77.743100803619868, 30.593488590451681 ], [ 77.775411517430129, 30.558058915017213 ], [ 77.816812278867161, 30.558806753777713 ], [ 77.824168710316329, 30.528183883942326 ], [ 77.812664336100454, 30.506388173159735 ], [ 77.692375418313517, 30.446789051850306 ], [ 77.587806952848226, 30.421650582412386 ], [ 77.575402336845457, 30.40516793654966 ], [ 77.588006712983898, 30.379624834526929 ], [ 77.556008085521839, 30.392364329669896 ], [ 77.523039002125941, 30.444023475030111 ], [ 77.499955630108673, 30.40780585477588 ], [ 77.42950103558924, 30.403643776508687 ], [ 77.466493514092292, 30.435595586921586 ], [ 77.463731340673647, 30.460489582037461 ], [ 77.413660282553096, 30.414026585455431 ], [ 77.359172527409669, 30.457252772016432 ], [ 77.323760048927781, 30.449002953010368 ], [ 77.276642327303236, 30.462113328317542 ], [ 77.264876897223346, 30.479881120395106 ], [ 77.215645459961038, 30.475850522509177 ], [ 77.198456138326691, 30.521444414424366 ], [ 77.144175573361068, 30.537138610055294 ], [ 77.124622368465538, 30.562965633865076 ], [ 77.170709841584696, 30.595198429592099 ], [ 77.166894236250627, 30.684437152766009 ], [ 77.090262227711747, 30.740606163269025 ], [ 77.047122922045247, 30.751325604179261 ], [ 77.031435467702138, 30.736366208931631 ] ], [ [ 77.003076607734428, 31.297816892881158 ], [ 77.004775477033746, 31.237145154831836 ], [ 77.020026062377809, 31.218507283301086 ], [ 77.010143429368227, 31.209797793795598 ], [ 77.020026062377951, 31.218507283301165 ], [ 77.004775477033832, 31.237145154831921 ], [ 77.015139273978377, 31.271645069683075 ], [ 77.01389816796916, 31.278772689418417 ], [ 77.003076607734428, 31.297816892881158 ] ], [ [ 77.005697879728871, 31.181069137882901 ], [ 77.003518779983338, 31.195223220496143 ], [ 77.0040769457718, 31.187899188383657 ], [ 77.005697879728885, 31.181069137882762 ], [ 77.012716387900014, 31.174921627897987 ], [ 77.024645975575183, 31.169266865502333 ], [ 77.005697879728871, 31.181069137882901 ] ], [ [ 77.033935848492135, 31.158926298944628 ], [ 77.033935848492149, 31.158926298944664 ], [ 77.028777219568042, 31.165192810661036 ], [ 77.033935848492135, 31.158926298944628 ] ], [ [ 77.0107960095945, 31.130772172534463 ], [ 77.011186689154286, 31.118482089418816 ], [ 77.010796009594515, 31.130772172534517 ], [ 77.0107960095945, 31.130772172534463 ] ], [ [ 77.005840388285463, 31.11452722000509 ], [ 77.004771595144092, 31.114601647504095 ], [ 77.008642952255741, 31.115629857713142 ], [ 77.005840388285463, 31.11452722000509 ] ], [ [ 77.025989702002164, 31.109320813624038 ], [ 76.992812388985797, 31.111727603840134 ], [ 77.000071134076279, 31.105383236759216 ], [ 77.025989702002164, 31.109320813624038 ] ], [ [ 77.028124238582635, 31.11033643740917 ], [ 77.028124238582677, 31.110336437409249 ], [ 77.026656929721298, 31.109638284098821 ], [ 77.028124238582635, 31.11033643740917 ] ], [ [ 77.030708460483581, 31.114651398111249 ], [ 77.048555301060546, 31.100249012913903 ], [ 77.056049304502835, 31.103938911203386 ], [ 77.046700428443387, 31.116058961887177 ], [ 77.030708460483581, 31.114651398111249 ] ], [ [ 77.026825558628133, 31.09179304954505 ], [ 77.026011856762693, 31.087336471901835 ], [ 77.026825558628204, 31.091793049545078 ], [ 77.026825558628133, 31.09179304954505 ] ], [ [ 77.027886952609194, 31.081714391990797 ], [ 77.033870311945819, 31.080071054416923 ], [ 77.026011856762693, 31.087336471901835 ], [ 77.027886952609194, 31.081714391990797 ] ], [ [ 77.043314535226386, 31.07248002864668 ], [ 77.043314535226401, 31.072480028646694 ], [ 77.043729798978347, 31.073541215279629 ], [ 77.043314535226386, 31.07248002864668 ] ], [ [ 77.047986288663381, 31.081727905070583 ], [ 77.046302928964224, 31.080116725742528 ], [ 77.046302928964209, 31.080116725742492 ], [ 77.047986288663381, 31.081727905070583 ] ], [ [ 77.058516402678833, 31.090051079232033 ], [ 77.070366367597018, 31.085474861315202 ], [ 77.072527197416264, 31.086638759647947 ], [ 77.058516402678833, 31.090051079232033 ] ], [ [ 77.080612843217452, 31.056582194456084 ], [ 77.079769879209039, 31.079475475246284 ], [ 77.08666939012538, 31.065843550529557 ], [ 77.081884531872845, 31.062138074188564 ], [ 77.080612843217452, 31.056582194456084 ] ], [ [ 77.067690638808045, 31.050585092134867 ], [ 77.067690638808074, 31.050585092134845 ], [ 77.069166857557377, 31.052434173373847 ], [ 77.067690638808045, 31.050585092134867 ] ], [ [ 77.073512005494663, 31.04723324104507 ], [ 77.079115166654887, 31.046093031067659 ], [ 77.0680341298917, 31.050387315388434 ], [ 77.073512005494663, 31.04723324104507 ] ], [ [ 77.118456972592256, 31.031675438031314 ], [ 77.093215759016971, 31.037786903933323 ], [ 77.106010996139645, 31.03143018964667 ], [ 77.113600259156755, 31.030568972551826 ], [ 77.118456972592256, 31.031675438031314 ] ], [ [ 77.129850258213537, 31.029261451270738 ], [ 77.141774237970566, 31.02256813348669 ], [ 77.120463825953593, 31.03213264309316 ], [ 77.129850258213537, 31.029261451270738 ] ], [ [ 77.148884618016794, 31.008500691141919 ], [ 77.171180212593498, 31.004783143293103 ], [ 77.178369354748341, 31.007922624771211 ], [ 77.148884618016893, 31.00850069114199 ], [ 77.144773794015478, 31.020884385088173 ], [ 77.148884618016794, 31.008500691141919 ] ], [ [ 77.205244463600238, 30.9771373036786 ], [ 77.198735102021615, 30.999353744651618 ], [ 77.203926647048192, 30.995461124927139 ], [ 77.208575590927296, 30.991065909291692 ], [ 77.205244463600238, 30.9771373036786 ] ], [ [ 77.218135790133928, 30.966214579544982 ], [ 77.202726660015429, 30.969797569008236 ], [ 77.206698046259362, 30.966938525545448 ], [ 77.212440809372595, 30.9662009164003 ], [ 77.218135790133928, 30.966214579544982 ] ], [ [ 77.219970147943982, 30.96608134958694 ], [ 77.24103527576321, 30.955708645389322 ], [ 77.246533511136676, 30.952285268172194 ], [ 77.252024364171902, 30.947651450147809 ], [ 77.247319873082006, 30.942489855676854 ], [ 77.219970147943982, 30.96608134958694 ] ], [ [ 77.240722331757823, 30.934738822093056 ], [ 77.242173548722604, 30.932142744191488 ], [ 77.24061210616695, 30.937892554354427 ], [ 77.240722331757823, 30.934738822093056 ] ], [ [ 77.261625286657235, 30.931876446643599 ], [ 77.246223407511707, 30.918766199354142 ], [ 77.254596916002839, 30.921985034062228 ], [ 77.260938437408512, 30.928411669880074 ], [ 77.261625286657235, 30.931876446643599 ] ], [ [ 77.04026179020255, 31.271265293348268 ], [ 77.040039760610611, 31.271370889652484 ], [ 77.040261790202521, 31.271265293348279 ], [ 77.04026179020255, 31.271265293348268 ] ], [ [ 77.121704454722547, 31.247047272912468 ], [ 77.111757688703435, 31.244454092084386 ], [ 77.121704454722618, 31.247047272912418 ], [ 77.121704454722547, 31.247047272912468 ] ], [ [ 77.139316808923297, 31.228426817319018 ], [ 77.139316808923184, 31.228426817319033 ], [ 77.138573323054729, 31.228456212321092 ], [ 77.139316808923297, 31.228426817319018 ] ], [ [ 77.154911041352022, 31.230377519200658 ], [ 77.154911041352008, 31.230377519200665 ], [ 77.154352133326483, 31.230453781251214 ], [ 77.154911041352022, 31.230377519200658 ] ], [ [ 77.176654158992349, 31.242256226937339 ], [ 77.166988631684717, 31.233972678373611 ], [ 77.166828250009061, 31.233874801801843 ], [ 77.166988631684831, 31.233972678373675 ], [ 77.176654158992349, 31.242256226937339 ] ], [ [ 77.21093628686782, 31.249276114450161 ], [ 77.204607716084382, 31.244593659310908 ], [ 77.204607716084411, 31.244593659310908 ], [ 77.21093628686782, 31.249276114450161 ] ], [ [ 77.215563204288543, 31.254934581182493 ], [ 77.211153930163945, 31.249437146854692 ], [ 77.211153930164016, 31.249437146854746 ], [ 77.215563204288543, 31.254934581182493 ] ], [ [ 77.250756313194969, 31.256513290879511 ], [ 77.248365246397867, 31.254181709046438 ], [ 77.248365246397896, 31.254181709046406 ], [ 77.250756313194969, 31.256513290879511 ] ], [ [ 77.253798456054398, 31.260754208951727 ], [ 77.251917193260709, 31.257645290568949 ], [ 77.251917193260738, 31.257645290568973 ], [ 77.253798456054398, 31.260754208951727 ] ], [ [ 77.270579519474026, 31.275592653796355 ], [ 77.268853840319821, 31.273122809844825 ], [ 77.270579519474026, 31.275592653796352 ], [ 77.270579519474026, 31.275592653796355 ] ], [ [ 77.285908746512305, 31.26667977962936 ], [ 77.305566356575639, 31.271293441097839 ], [ 77.313549657565886, 31.281165941694383 ], [ 77.317960506006159, 31.283391714600668 ], [ 77.324805989533147, 31.293016631093767 ], [ 77.285908746512305, 31.26667977962936 ] ], [ [ 77.336703033733784, 31.298192479384863 ], [ 77.341343612208732, 31.322649171654291 ], [ 77.347635018686688, 31.335184247746714 ], [ 77.341343612208661, 31.322649171654358 ], [ 77.336703033733784, 31.298192479384863 ] ], [ [ 77.386662967565201, 31.361342098156058 ], [ 77.386662967565158, 31.361342098156086 ], [ 77.385427973963431, 31.358343570621344 ], [ 77.386662967565201, 31.361342098156058 ] ], [ [ 77.418818884664518, 31.346162589186292 ], [ 77.418818884664603, 31.346162589186317 ], [ 77.413148239824508, 31.351016802520473 ], [ 77.418818884664518, 31.346162589186292 ] ], [ [ 77.429939778009242, 31.341515018856128 ], [ 77.428683566643699, 31.342661728571841 ], [ 77.429939778009214, 31.341515018856114 ], [ 77.429939778009242, 31.341515018856128 ] ], [ [ 77.436368569634851, 31.344161193995888 ], [ 77.436368569634837, 31.344161193995902 ], [ 77.434946449044901, 31.343575830467245 ], [ 77.436368569634851, 31.344161193995888 ] ], [ [ 77.45433918870026, 31.347634201830676 ], [ 77.454339188700231, 31.347634201830662 ], [ 77.458662649518317, 31.348115583467564 ], [ 77.45433918870026, 31.347634201830676 ] ], [ [ 77.519061601931611, 31.351164178271194 ], [ 77.518316017323841, 31.351154774616482 ], [ 77.518316017323855, 31.351154774616475 ], [ 77.519061601931611, 31.351164178271194 ] ], [ [ 77.531624313877941, 31.353362613459954 ], [ 77.547830179881657, 31.382047197764223 ], [ 77.553210613530695, 31.385829419329522 ], [ 77.547830179881544, 31.382047197764287 ], [ 77.539530123678645, 31.368854240549663 ], [ 77.531624313877941, 31.353362613459954 ] ], [ [ 77.591403174941306, 31.395450192814209 ], [ 77.587754941377852, 31.39379799346283 ], [ 77.591403174941348, 31.395450192814213 ], [ 77.591403174941306, 31.395450192814209 ] ], [ [ 77.614728380761605, 31.391222471279747 ], [ 77.634028620773393, 31.3974289989618 ], [ 77.623070668542823, 31.423547297483765 ], [ 77.627809469598262, 31.445181914397818 ], [ 77.623070668542695, 31.423547297483847 ], [ 77.634028620773265, 31.397428998961821 ], [ 77.614728380761605, 31.391222471279747 ] ], [ [ 77.667041021615233, 31.461254645594991 ], [ 77.681498281044412, 31.477777798199611 ], [ 77.683864863164317, 31.480637639946405 ], [ 77.667041021615233, 31.461254645594991 ] ], [ [ 77.706597261227728, 31.496771902433238 ], [ 77.706597261227643, 31.496771902433313 ], [ 77.703101469438863, 31.495882556691768 ], [ 77.706597261227728, 31.496771902433238 ] ], [ [ 77.70329499390381, 31.50907428707669 ], [ 77.703866743156013, 31.508404745367208 ], [ 77.70329499390381, 31.5090742870767 ], [ 77.70329499390381, 31.50907428707669 ] ], [ [ 77.704466082620797, 31.529778517112902 ], [ 77.699280923165759, 31.541921302444109 ], [ 77.684294042401234, 31.549658284170334 ], [ 77.679890069920532, 31.559658874956028 ], [ 77.664535276627987, 31.572189463883589 ], [ 77.68429404240122, 31.549658284170281 ], [ 77.699280923165645, 31.541921302444077 ], [ 77.704466082620755, 31.529778517112877 ], [ 77.701163232749096, 31.518716001992416 ], [ 77.702909691663038, 31.51081696559098 ], [ 77.704466082620797, 31.529778517112902 ] ], [ [ 77.656140050804368, 31.578334416476196 ], [ 77.64989518730458, 31.597405692130241 ], [ 77.663609879471451, 31.57286681572328 ], [ 77.656140050804368, 31.578334416476196 ] ], [ [ 77.648259165796674, 31.605717353048647 ], [ 77.650590456758536, 31.62134362343005 ], [ 77.648850116115725, 31.601143350506923 ], [ 77.648259165796674, 31.605717353048647 ] ], [ [ 77.653462928655742, 31.629291763529931 ], [ 77.651895109335015, 31.625832267759492 ], [ 77.65346292865587, 31.629291763529974 ], [ 77.653462928655742, 31.629291763529931 ] ], [ [ 77.659646194959805, 31.631344487838362 ], [ 77.659646194959834, 31.631344487838419 ], [ 77.653913456851996, 31.629441330139976 ], [ 77.659646194959805, 31.631344487838362 ] ], [ [ 77.663414062382344, 31.634734853452926 ], [ 77.648280438933767, 31.656133312930358 ], [ 77.663414062382273, 31.634734853452862 ], [ 77.663414062382344, 31.634734853452926 ] ], [ [ 77.661897822747235, 31.67952082445715 ], [ 77.659883321155291, 31.672552509486081 ], [ 77.661897822747321, 31.679520824457189 ], [ 77.661897822747235, 31.67952082445715 ] ], [ [ 77.679739032361908, 31.699121116808726 ], [ 77.679739032361823, 31.699121116808723 ], [ 77.672868877037885, 31.688068399692042 ], [ 77.679739032361908, 31.699121116808726 ] ], [ [ 77.710357771055257, 31.703050260182824 ], [ 77.70919532413734, 31.70279657365888 ], [ 77.709195324137397, 31.702796573658873 ], [ 77.710357771055257, 31.703050260182824 ] ], [ [ 77.265608855745569, 30.94073279039684 ], [ 77.285561488808554, 30.950768832184615 ], [ 77.262665082266196, 30.937121643710416 ], [ 77.265608855745569, 30.94073279039684 ] ], [ [ 77.287348946138565, 30.951424243203508 ], [ 77.290323179986416, 30.951470037536239 ], [ 77.287348946138593, 30.951424243203519 ], [ 77.287348946138565, 30.951424243203508 ] ], [ [ 77.317016749439389, 30.975690052347431 ], [ 77.317016749439347, 30.975690052347431 ], [ 77.311742251500576, 30.970949595372367 ], [ 77.317016749439389, 30.975690052347431 ] ], [ [ 77.333980931368913, 30.995578293474786 ], [ 77.33590598751961, 30.998506122198094 ], [ 77.333980931368956, 30.995578293474864 ], [ 77.333980931368913, 30.995578293474786 ] ], [ [ 77.373133050835946, 31.016962987035679 ], [ 77.363308104065709, 31.009842329392086 ], [ 77.337458525520546, 31.000867385972928 ], [ 77.363308104065624, 31.009842329391986 ], [ 77.373133050835946, 31.016962987035679 ] ], [ [ 77.373750185861184, 31.022250676639203 ], [ 77.404229327902556, 31.004748651289276 ], [ 77.394151348001969, 31.012089815091315 ], [ 77.373750185861184, 31.022250676639203 ] ], [ [ 77.417761368251902, 30.995443295951564 ], [ 77.421667164852025, 30.993098703664234 ], [ 77.422927125538692, 30.990922429685089 ], [ 77.427094945351087, 30.987833033308824 ], [ 77.432379184642571, 30.985194818092662 ], [ 77.440788235169023, 30.975856867829012 ], [ 77.432379184642571, 30.985194818092737 ], [ 77.427094945351087, 30.987833033308846 ], [ 77.421667164852067, 30.993098703664373 ], [ 77.417761368251945, 30.995443295951645 ], [ 77.416366652945726, 30.9987131696044 ], [ 77.409204039069834, 31.00086307331895 ], [ 77.417761368251902, 30.995443295951564 ] ], [ [ 77.442567543891229, 30.967492341894896 ], [ 77.442567543891244, 30.967492341894967 ], [ 77.441584230731664, 30.972114894643575 ], [ 77.442567543891229, 30.967492341894896 ] ], [ [ 77.435653303080855, 30.937589286735705 ], [ 77.442476395184883, 30.94503433409858 ], [ 77.441997692394452, 30.953591071557629 ], [ 77.442476395184769, 30.945034334098487 ], [ 77.435653303080855, 30.937589286735705 ] ], [ [ 77.4113387417148, 30.926419972469503 ], [ 77.42086128047977, 30.916900595259015 ], [ 77.418209304316235, 30.920692587110011 ], [ 77.4113387417148, 30.926419972469503 ] ], [ [ 77.425177161074828, 30.912071825202098 ], [ 77.437198554256781, 30.887462376999888 ], [ 77.435988390291726, 30.878811790779491 ], [ 77.437198554256895, 30.88746237700002 ], [ 77.425177161074828, 30.912071825202098 ] ], [ [ 77.451756148442385, 30.862594157130548 ], [ 77.442864163107402, 30.869758036984877 ], [ 77.432128405432366, 30.872160898303832 ], [ 77.43532759317516, 30.877673213626831 ], [ 77.451756148442385, 30.862594157130548 ] ], [ [ 77.453852805403102, 30.863347326576434 ], [ 77.477420136622328, 30.864942757974603 ], [ 77.487435275404067, 30.844823136423063 ], [ 77.493044768714157, 30.840931148625199 ], [ 77.477420136622413, 30.864942757974632 ], [ 77.461152228487492, 30.86596945434593 ], [ 77.453852805403102, 30.863347326576434 ] ], [ [ 77.490369279517324, 30.83565580525811 ], [ 77.493549522421645, 30.810643300835718 ], [ 77.492921509813357, 30.840688115304197 ], [ 77.490369279517324, 30.83565580525811 ] ], [ [ 77.492959402802271, 30.794120723152329 ], [ 77.497805561231559, 30.793289843440387 ], [ 77.492959402802342, 30.794120723152389 ], [ 77.496167236904341, 30.799847790703609 ], [ 77.493596624151053, 30.805938402630368 ], [ 77.492959402802271, 30.794120723152329 ] ], [ [ 77.523578662699705, 30.78326074488076 ], [ 77.51468732841397, 30.787984899360197 ], [ 77.501909602887395, 30.79240642758139 ], [ 77.514687328413828, 30.787984899360218 ], [ 77.523578662699705, 30.78326074488076 ] ], [ [ 77.524307656571864, 30.782873414975487 ], [ 77.524307656571892, 30.782873414975473 ], [ 77.525272988604371, 30.785500736445105 ], [ 77.524307656571864, 30.782873414975487 ] ], [ [ 77.532873908055336, 30.797474266000155 ], [ 77.541798986370466, 30.797954523054432 ], [ 77.528938267761063, 30.794597815450913 ], [ 77.532873908055336, 30.797474266000155 ] ], [ [ 77.543219108418285, 30.797965063106389 ], [ 77.552603497772679, 30.796432973634126 ], [ 77.548594310955991, 30.797523866304573 ], [ 77.543219108418285, 30.797965063106389 ] ], [ [ 77.551519451056706, 30.789089963830747 ], [ 77.547855026077514, 30.781305911151151 ], [ 77.549749563545561, 30.784175618273366 ], [ 77.551519451056706, 30.789089963830747 ] ], [ [ 77.543928001646833, 30.776386441589512 ], [ 77.55385611807101, 30.776380283623947 ], [ 77.571021196089774, 30.775613427349054 ], [ 77.587202564485992, 30.776282878287617 ], [ 77.593683558966006, 30.777981706670513 ], [ 77.543928001646833, 30.776386441589512 ] ], [ [ 77.612025463756069, 30.788858171089764 ], [ 77.61202546375614, 30.788858171089828 ], [ 77.59773132414233, 30.779445572078156 ], [ 77.612025463756069, 30.788858171089764 ] ], [ [ 77.621536421092856, 30.798461588100793 ], [ 77.621236973775439, 30.797265256270048 ], [ 77.621621924803691, 30.800118764336823 ], [ 77.621536421092856, 30.798461588100793 ] ], [ [ 77.624343384341543, 30.808090111606006 ], [ 77.65481142562227, 30.803739228281092 ], [ 77.656932473817136, 30.805341616472372 ], [ 77.654811425622199, 30.803739228281131 ], [ 77.636773003939652, 30.807206259978386 ], [ 77.624343384341543, 30.808090111606006 ] ], [ [ 77.659148184909384, 30.80235810061555 ], [ 77.657831412721748, 30.806020737809092 ], [ 77.659910822593403, 30.799493698554851 ], [ 77.659148184909384, 30.80235810061555 ] ], [ [ 77.661555689862809, 30.79987402461515 ], [ 77.675226822303898, 30.791442586724735 ], [ 77.685357870293203, 30.786667033334872 ], [ 77.685613827744092, 30.783933574203388 ], [ 77.661555689862809, 30.79987402461515 ] ], [ [ 77.690714429965553, 30.772906692314418 ], [ 77.697787830861785, 30.76697381932907 ], [ 77.686441373806403, 30.780211251080623 ], [ 77.690714429965553, 30.772906692314418 ] ], [ [ 77.790159709815697, 31.685883935068983 ], [ 77.783459857946951, 31.694938375924576 ], [ 77.780047260325176, 31.697516708247861 ], [ 77.790159709815697, 31.685883935068983 ] ], [ [ 77.812175087877634, 31.663202576616108 ], [ 77.81217508787762, 31.663202576616072 ], [ 77.812939498093101, 31.662064446899652 ], [ 77.812175087877634, 31.663202576616108 ] ], [ [ 77.820287909484136, 31.643235790449978 ], [ 77.820287909484165, 31.643235790449939 ], [ 77.819621523995863, 31.645437072480313 ], [ 77.820287909484136, 31.643235790449978 ] ], [ [ 77.824934022061086, 31.638091596033071 ], [ 77.824934022061086, 31.638091596033078 ], [ 77.82425223010253, 31.638846478814877 ], [ 77.824934022061086, 31.638091596033071 ] ], [ [ 77.815613144666287, 31.617012778716482 ], [ 77.815613144666258, 31.617012778716514 ], [ 77.814641906385063, 31.612580786418807 ], [ 77.815613144666287, 31.617012778716482 ] ], [ [ 77.84063664719622, 31.545729650260572 ], [ 77.84063664719622, 31.545729650260569 ], [ 77.840673100494811, 31.545617427382471 ], [ 77.84063664719622, 31.545729650260572 ] ], [ [ 77.844197966558852, 31.520881065621982 ], [ 77.844197966558852, 31.52088106562212 ], [ 77.842875386780875, 31.517922063993826 ], [ 77.844197966558852, 31.520881065621982 ] ], [ [ 77.851375730970432, 31.508499373422406 ], [ 77.851375730970389, 31.508499373422435 ], [ 77.848359966472742, 31.508062784375891 ], [ 77.851375730970432, 31.508499373422406 ] ], [ [ 77.855959465286773, 31.505896269916931 ], [ 77.855959465286844, 31.505896269916889 ], [ 77.859422665977249, 31.511394937699741 ], [ 77.855959465286773, 31.505896269916931 ] ], [ [ 77.88277496126895, 31.485054926504823 ], [ 77.882577315546811, 31.486915899815575 ], [ 77.882577315546769, 31.486915899815639 ], [ 77.88277496126895, 31.485054926504823 ] ], [ [ 77.888645115388911, 31.465702300429431 ], [ 77.880071382444157, 31.470822639497676 ], [ 77.890394489673596, 31.464296544292662 ], [ 77.888645115388911, 31.465702300429431 ] ], [ [ 78.000009522626328, 31.402676055917482 ], [ 78.000009522626385, 31.402676055917478 ], [ 77.99892389838277, 31.403165404092224 ], [ 78.000009522626328, 31.402676055917482 ] ], [ [ 78.008700992858095, 31.402384846360032 ], [ 78.008700992858223, 31.402384846360007 ], [ 78.010384405317311, 31.402683213443861 ], [ 78.008700992858095, 31.402384846360032 ] ], [ [ 78.028870335090659, 31.402126394501572 ], [ 78.028870335090687, 31.402126394501522 ], [ 78.031619777638568, 31.403743402484697 ], [ 78.028870335090659, 31.402126394501572 ] ], [ [ 78.047753167686679, 31.414835101167608 ], [ 78.038263444136035, 31.408229099825128 ], [ 78.054618493594717, 31.418674654813564 ], [ 78.047753167686679, 31.414835101167608 ] ], [ [ 78.069283063792625, 31.415586678228067 ], [ 78.069283063792639, 31.415586678228127 ], [ 78.063235495024188, 31.41686013871853 ], [ 78.069283063792625, 31.415586678228067 ] ], [ [ 78.159629682295076, 31.387387967411957 ], [ 78.159629682295076, 31.387387967411939 ], [ 78.161143693481719, 31.385879154228693 ], [ 78.159629682295076, 31.387387967411957 ] ], [ [ 78.153291120030985, 31.359935569271045 ], [ 78.153291120031014, 31.359935569270991 ], [ 78.159238018676916, 31.368428146179749 ], [ 78.153291120030985, 31.359935569271045 ] ], [ [ 78.17150317564267, 31.344301892492126 ], [ 78.171503175642584, 31.344301892492197 ], [ 78.16702870377398, 31.344493383835637 ], [ 78.17150317564267, 31.344301892492126 ] ], [ [ 78.240971940641998, 31.340850625123551 ], [ 78.228748124050597, 31.331554835565527 ], [ 78.22657149022551, 31.329256526521249 ], [ 78.235258519729086, 31.334466897404809 ], [ 78.240971940641998, 31.340850625123551 ] ], [ [ 78.247727859418319, 31.340406640431944 ], [ 78.247512291606128, 31.340833920400208 ], [ 78.2475122916061, 31.340833920400218 ], [ 78.247727859418319, 31.340406640431944 ] ], [ [ 78.255698419338458, 31.330255955060693 ], [ 78.255698419338387, 31.330255955060693 ], [ 78.256854754998315, 31.329591554033687 ], [ 78.255698419338458, 31.330255955060693 ] ], [ [ 78.301790985516874, 31.315128952282581 ], [ 78.301790985516789, 31.315128952282635 ], [ 78.297857077046928, 31.309646937974506 ], [ 78.301790985516874, 31.315128952282581 ] ] ] } },
{ "type": "Feature", "properties": { "ST_NM": "Jammu & Kashmir", "state_id": "jammu_and_kashmir" }, "geometry": { "type": "Polygon", "coordinates": [ [ [ 74.829360834489663, 32.485983705450117 ], [ 74.793696454082081, 32.468938347149965 ], [ 74.685161598150813, 32.481989084119263 ], [ 74.688531013488699, 32.524993515145326 ], [ 74.663069092753261, 32.535990080331651 ], [ 74.668223211275588, 32.559482563339365 ], [ 74.652099353400402, 32.559256027723158 ], [ 74.634785355902352, 32.602618938426453 ], [ 74.692677441904223, 32.654821328115354 ], [ 74.650385549344648, 32.698281101345088 ], [ 74.701361229671477, 32.835076785045835 ], [ 74.635988258698433, 32.813497705418776 ], [ 74.653896728834781, 32.781260122277345 ], [ 74.631510448495732, 32.774338812411365 ], [ 74.631057354163687, 32.74686886288363 ], [ 74.556967831481799, 32.757138759711324 ], [ 74.509350326451525, 32.738710456080398 ], [ 74.501286587197498, 32.760381245653619 ], [ 74.454510943664673, 32.784422963998431 ], [ 74.406494398700815, 32.782746060282818 ], [ 74.370794637935802, 32.759008038210183 ], [ 74.30924236757842, 32.792536814478559 ], [ 74.30175446512996, 32.823309008149664 ], [ 74.217372892472639, 32.845270321297463 ], [ 74.178217037568658, 32.88300206887439 ], [ 74.059983611434291, 32.909307796205916 ], [ 74.048559446460416, 32.932352175666274 ], [ 73.988260175517127, 32.935737746542635 ], [ 73.997283539808976, 32.960166578837828 ], [ 73.958325998573883, 32.986950771315449 ], [ 73.82962866217126, 33.00744936829237 ], [ 73.808344574660097, 32.972537614414975 ], [ 73.786450480663163, 32.965738406853795 ], [ 73.788705990474043, 32.99847515185435 ], [ 73.743358625491965, 33.039354418873522 ], [ 73.735265856553539, 33.066658157496569 ], [ 73.688551988306372, 33.08844439919126 ], [ 73.627892312493898, 33.089911493625557 ], [ 73.626097384656973, 33.14004561318032 ], [ 73.656444909046755, 33.169251728704545 ], [ 73.657687240318111, 33.208078535144473 ], [ 73.640920597777409, 33.226769817176972 ], [ 73.628744984632775, 33.215714954657066 ], [ 73.605629962001089, 33.251706115793688 ], [ 73.604091996496877, 33.295295177210512 ], [ 73.582062504011702, 33.326498810539633 ], [ 73.590834833178519, 33.336946243470202 ], [ 73.56582592515997, 33.342513626084823 ], [ 73.558537177407942, 33.368445309204375 ], [ 73.591424387728054, 33.422179051825722 ], [ 73.587920220944355, 33.443538345918277 ], [ 73.624907161759154, 33.457559838482318 ], [ 73.596553043867743, 33.50048233633499 ], [ 73.633122729787942, 33.533514444351901 ], [ 73.603753618392304, 33.607630732445891 ], [ 73.561372167649537, 33.621470635062877 ], [ 73.563169437742687, 33.675899908106629 ], [ 73.597629971888665, 33.716249102288515 ], [ 73.591291335320136, 33.754154676730991 ], [ 73.558381508024496, 33.7835976738996 ], [ 73.589904745921842, 33.884345546604187 ], [ 73.516487520692081, 34.00052895430759 ], [ 73.489013803045722, 34.144767855537694 ], [ 73.493082887183746, 34.22015929040019 ], [ 73.470036339620833, 34.251765788221633 ], [ 73.478584186384268, 34.290631214817203 ], [ 73.453821598463961, 34.278302090692847 ], [ 73.425055164060225, 34.353464416979158 ], [ 73.391316615437134, 34.377152963507513 ], [ 73.420184264730338, 34.417767080976844 ], [ 73.447752202255472, 34.574233860429764 ], [ 73.523013399036955, 34.574708523330898 ], [ 73.557359324018606, 34.593447539242682 ], [ 73.650864714786579, 34.568270412663622 ], [ 73.660193775168167, 34.610437165202256 ], [ 73.696242228592112, 34.65405302860804 ], [ 73.666943484449192, 34.666138826108011 ], [ 73.667453517845956, 34.684658386348211 ], [ 73.750083407414422, 34.787151787726835 ], [ 73.821147144386174, 34.795964931406701 ], [ 73.849710744801953, 34.817709909046869 ], [ 73.918153151088561, 34.81448315551021 ], [ 73.964385117279193, 34.841708775981871 ], [ 73.974373647138989, 34.865340606216108 ], [ 74.030351517287073, 34.877634565379886 ], [ 74.043889780047493, 34.921856619009219 ], [ 74.074021972551378, 34.939980542033815 ], [ 74.060523183427762, 34.993634785175793 ], [ 74.108234888009434, 35.019501676471641 ], [ 74.066360237784181, 35.04853109092339 ], [ 74.093254847846353, 35.096544038111723 ], [ 74.134729839023407, 35.109899378433838 ], [ 74.110670862169584, 35.130213397893066 ], [ 74.114205546912217, 35.151900839414417 ], [ 74.039076119617405, 35.147468963729494 ], [ 73.999789613869694, 35.184396349433648 ], [ 73.959207716822348, 35.174422978473899 ], [ 73.917273022444107, 35.212214517855173 ], [ 73.865205358561738, 35.210798250837847 ], [ 73.81158627010231, 35.242463780561756 ], [ 73.777538210597115, 35.24385787466661 ], [ 73.731724419160088, 35.217300554934042 ], [ 73.716379502370359, 35.225991182331292 ], [ 73.727081694348485, 35.27825642651058 ], [ 73.699872700760992, 35.323217441281905 ], [ 73.700448369621057, 35.35837628319063 ], [ 73.738908157691696, 35.427932144763751 ], [ 73.795139667539189, 35.460161462263329 ], [ 73.78490966999108, 35.525662905362083 ], [ 73.63545836948245, 35.57184162813688 ], [ 73.571104797969454, 35.55482454753713 ], [ 73.481753978583001, 35.577282849096235 ], [ 73.406827636243122, 35.564011870470814 ], [ 73.367435712735642, 35.605488122617622 ], [ 73.272734666245782, 35.629756985455515 ], [ 73.136254259400616, 35.719182067820803 ], [ 73.13573694298826, 35.793811790503412 ], [ 73.154187157135468, 35.84167225980665 ], [ 73.100426379758289, 35.878231969536287 ], [ 73.077754940919462, 35.886223273530632 ], [ 73.038109144682352, 35.854762258877422 ], [ 72.999715001981698, 35.863523699095303 ], [ 72.929409573503349, 35.84554029396412 ], [ 72.904665803997631, 35.853627990323758 ], [ 72.901629535081611, 35.88166942365757 ], [ 72.83022605981904, 35.88736139851104 ], [ 72.777290093438438, 35.844024155221696 ], [ 72.737549433307507, 35.858798496615002 ], [ 72.691141516797543, 35.832876997020435 ], [ 72.533724796159575, 35.917441134828827 ], [ 72.531134056429536, 35.952871875269672 ], [ 72.596025376785349, 36.027347068555052 ], [ 72.586206483832314, 36.050448465414803 ], [ 72.531065625058091, 36.07465494901605 ], [ 72.536600678645101, 36.114518703957962 ], [ 72.573808848509032, 36.150963176972738 ], [ 72.551541372410057, 36.181161385725574 ], [ 72.560480227138456, 36.212387155369157 ], [ 72.585430976408418, 36.230520817346175 ], [ 72.595232756630779, 36.262197095351745 ], [ 72.636704724535633, 36.276483171918969 ], [ 72.693970962312633, 36.250097893634013 ], [ 72.692385777164148, 36.275650954664584 ], [ 72.778550609433722, 36.309881063120258 ], [ 72.829727217688514, 36.361143877100695 ], [ 72.883299137347549, 36.38734496322185 ], [ 72.879465671154364, 36.443331337377558 ], [ 72.922274781078755, 36.462958851048654 ], [ 72.992052477189091, 36.458105582219318 ], [ 73.003855484805513, 36.476080034816931 ], [ 72.990357752850343, 36.480458141593331 ], [ 72.995995872436723, 36.51490873410927 ], [ 73.061504841046457, 36.53774244777194 ], [ 73.112472332195836, 36.610096303707252 ], [ 73.09200924551206, 36.634766604272379 ], [ 73.085419519600421, 36.699726530151558 ], [ 73.126481058883698, 36.686621306971361 ], [ 73.189398218880825, 36.721840079463611 ], [ 73.214955668169978, 36.699989199243113 ], [ 73.314735868772075, 36.706420316418551 ], [ 73.360836262604323, 36.715454760345096 ], [ 73.372104187377289, 36.734939322011144 ], [ 73.441550380316841, 36.745120586758674 ], [ 73.543922002817453, 36.709354873740018 ], [ 73.600227345791495, 36.720329458745844 ], [ 73.607461987238224, 36.698514803316087 ], [ 73.633173896753107, 36.690071881035692 ], [ 73.700580446840874, 36.684867843198617 ], [ 73.725077742034159, 36.710003087103715 ], [ 73.783103917791337, 36.70235902715099 ], [ 73.809060853660256, 36.716713086874122 ], [ 73.884068176267675, 36.69926536183786 ], [ 73.901626013793134, 36.706962804760337 ], [ 73.900066890628636, 36.749700758769713 ], [ 73.86360160484638, 36.788243763429172 ], [ 73.723934563979924, 36.834430806170111 ], [ 73.719066424236956, 36.857200015270251 ], [ 73.681430339048134, 36.885567713781661 ], [ 73.690317701117934, 36.912128318672593 ], [ 73.818067098766761, 36.885650215297723 ], [ 73.878771287851734, 36.894402037437885 ], [ 74.055788959027481, 36.806414395063541 ], [ 74.09268321074147, 36.838587014235273 ], [ 74.142728056548151, 36.840101528339844 ], [ 74.16909912321691, 36.902541752722975 ], [ 74.261374788404751, 36.886566080222302 ], [ 74.4299098687585, 36.990033160640934 ], [ 74.532209387719789, 36.986846555074017 ], [ 74.55446210777626, 36.953624612075203 ], [ 74.578690935204477, 36.948593747594451 ], [ 74.581840193007324, 37.043439823463842 ], [ 74.693915023956237, 37.077849762171617 ], [ 74.712932437194155, 37.074314474344348 ], [ 74.728243361992412, 37.02598763299153 ], [ 74.750032724664152, 37.011729233073233 ], [ 74.778862481131526, 37.02978689582217 ], [ 74.84006411501106, 37.02229827781651 ], [ 74.846046314956425, 36.989938118914189 ], [ 74.922170789209332, 36.906087468896224 ], [ 74.941340300205169, 36.934723977831894 ], [ 75.018741227770676, 36.976370721372746 ], [ 75.095960733555401, 36.942789985670508 ], [ 75.151084517543168, 36.967097634724105 ], [ 75.208962679978441, 37.036806431911536 ], [ 75.332889955232915, 37.055277319588782 ], [ 75.344930347376035, 37.051372194392165 ], [ 75.354660007098559, 36.977809441890273 ], [ 75.376277975766612, 36.960450843990515 ], [ 75.413501690067747, 36.967506984751928 ], [ 75.425919820148309, 36.955752539520994 ], [ 75.414189947771447, 36.891891612916758 ], [ 75.44403915594846, 36.887237594397497 ], [ 75.474210856082067, 36.810752091590288 ], [ 75.616478570494678, 36.761599597705747 ], [ 75.769364606736616, 36.573331132437865 ], [ 75.923361758561882, 36.502447732028216 ], [ 76.077288452172027, 36.474273965993525 ], [ 76.173134883413567, 36.390301951930866 ], [ 76.254761127297229, 36.347793680932291 ], [ 76.352407971967864, 36.359873862659519 ], [ 76.432003971847706, 36.308160980449287 ], [ 76.450036574216711, 36.269405411442932 ], [ 76.433246233216138, 36.251162973285275 ], [ 76.562973236320161, 36.173065287749871 ], [ 76.601164673387927, 36.165548866866899 ], [ 76.644449394837849, 36.184029942995139 ], [ 76.703736049450541, 36.128860396440288 ], [ 76.719627653125585, 36.08320849214288 ], [ 76.801852871648208, 36.047858600686254 ], [ 76.807763297530769, 36.018662535489625 ], [ 76.769701922940229, 36.009437789215461 ], [ 76.722770725890527, 35.953430507554472 ], [ 76.811792142008983, 35.844803913663412 ], [ 76.935224361999587, 35.784056919295466 ], [ 77.020663744176247, 35.774643446091169 ], [ 77.115667955730615, 35.797779606695165 ], [ 77.164225702347409, 35.766740177511956 ], [ 77.16728194479775, 35.734579410875874 ], [ 77.221017710986217, 35.728236551017609 ], [ 77.228186532552328, 35.712485141307496 ], [ 77.277546291570602, 35.720404924361304 ], [ 77.315203730775821, 35.699125939813143 ], [ 77.327599012829694, 35.719090135151646 ], [ 77.358437705253493, 35.717720012794011 ], [ 77.401605317700529, 35.662532734484891 ], [ 77.43104467065676, 35.654581625537389 ], [ 77.427136857476583, 35.61054454865446 ], [ 77.45685049111917, 35.593608448699221 ], [ 77.460613152928275, 35.547707552965299 ], [ 77.486596716843565, 35.532008525859759 ], [ 77.435289557871513, 35.517386730629262 ], [ 77.378394254713868, 35.550348136134737 ], [ 77.322228317337206, 35.53680363054184 ], [ 77.348688995722355, 35.493694952209552 ], [ 77.381926294297301, 35.476530385904702 ], [ 77.444845519368442, 35.461332453536208 ], [ 77.512463503947657, 35.48861856035289 ], [ 77.614113794033685, 35.46963708556541 ], [ 77.644961783612658, 35.489103172699515 ], [ 77.672356643577487, 35.470551189711095 ], [ 77.722962102929642, 35.475527743344365 ], [ 77.733590647195143, 35.524548272882029 ], [ 77.772805804824714, 35.495350814489179 ], [ 77.818482414634687, 35.512939629234779 ], [ 77.901281177192431, 35.468053777545173 ], [ 77.922040271544091, 35.49445110941587 ], [ 77.982543016239177, 35.455863367916201 ], [ 77.96490796847219, 35.496011858724295 ], [ 77.931231652965693, 35.515752699871008 ], [ 77.966753281725218, 35.571595711291117 ], [ 77.952480628878561, 35.606976492697825 ], [ 77.991018197848391, 35.581840191415679 ], [ 78.041950406102103, 35.587385589344983 ], [ 78.077710999308792, 35.549157148714272 ], [ 78.137316200843799, 35.538868954081046 ], [ 78.156665140896592, 35.552026944036406 ], [ 78.162196781857858, 35.629380492573645 ], [ 78.186080811308898, 35.624031005380409 ], [ 78.199662895694459, 35.669158306950557 ], [ 78.25507332866205, 35.64563400500451 ], [ 78.272074329729975, 35.668890376870571 ], [ 78.273342127687329, 35.721954010556665 ], [ 78.386102034913051, 35.735507681426604 ], [ 78.423221403051812, 35.785320638654014 ], [ 78.521269441968201, 35.763769319897946 ], [ 78.664953528583794, 35.857387319364122 ], [ 78.768773427967957, 35.869669545695103 ], [ 78.823758837522533, 35.855833133423801 ], [ 78.960506076739449, 35.892592785295506 ], [ 79.021639287905629, 35.848748211611692 ], [ 79.13253415659608, 35.836216874736934 ], [ 79.194049537946569, 35.886924353854575 ], [ 79.18980941300957, 35.947195262046392 ], [ 79.215463264043123, 35.978780836890131 ], [ 79.378072313079016, 35.995287199987793 ], [ 79.422066719605979, 35.896528300912408 ], [ 79.518374044498799, 35.883514061029651 ], [ 79.737536846128449, 35.802008746288116 ], [ 79.871092839786471, 35.783027487570102 ], [ 79.929988253031752, 35.827447999000896 ], [ 79.999177352239556, 35.837752876823856 ], [ 80.038238710389606, 35.799762180082901 ], [ 80.10810237051119, 35.680925450473282 ], [ 80.237335661995616, 35.641935668261169 ], [ 80.294676361239155, 35.602395856802971 ], [ 80.328013689851062, 35.469650756841546 ], [ 80.281077230266732, 35.440859823044505 ], [ 80.270924128330776, 35.344231151692874 ], [ 80.235669872138175, 35.276628401590777 ], [ 80.226001592768867, 35.220019396668235 ], [ 80.183537206072259, 35.166730839978676 ], [ 80.17475598330239, 35.002328677557472 ], [ 80.123673537783134, 34.893427337838872 ], [ 80.073149515506046, 34.828431713508948 ], [ 80.069040016652906, 34.714777056377663 ], [ 79.944560977318432, 34.681062973779405 ], [ 79.860666192066375, 34.688754365162865 ], [ 79.816542495264585, 34.643438668393671 ], [ 79.77591149968562, 34.62759259388875 ], [ 79.793014999388518, 34.589638725893593 ], [ 79.771012565938292, 34.582076303833709 ], [ 79.758461083423441, 34.554716124725992 ], [ 79.810290711607507, 34.53130810204496 ], [ 79.81454402858482, 34.500065774939173 ], [ 79.794032807557329, 34.485054505065513 ], [ 79.662016484187319, 34.479674173850952 ], [ 79.593251775402067, 34.500823910608879 ], [ 79.508510278308464, 34.474279706024312 ], [ 79.528138938401597, 34.41798528895243 ], [ 79.561209167298273, 34.410010702902206 ], [ 79.559568432293702, 34.332432075763798 ], [ 79.59191034579338, 34.282782181007008 ], [ 79.585740417184425, 34.244447188625429 ], [ 79.544482683910758, 34.20729176743081 ], [ 79.507226380523349, 34.205794518648766 ], [ 79.494739939975958, 34.135878411890602 ], [ 79.42034979578294, 34.078129160323222 ], [ 79.414489231646755, 34.054904080001805 ], [ 79.437891787700565, 34.028554405433603 ], [ 79.426577002260998, 34.01743276823737 ], [ 79.198054030670704, 34.051243054355098 ], [ 79.171235515927378, 34.072866728471077 ], [ 79.151627951543006, 34.06810420236237 ], [ 79.135808825713738, 34.027245199044842 ], [ 79.112583892601251, 34.01971619726563 ], [ 79.022371040626467, 34.050903353105319 ], [ 78.952019948107164, 34.028867993449005 ], [ 78.905682647654757, 33.976206444645911 ], [ 78.948308997326009, 33.920717624106594 ], [ 79.000825852260292, 33.803327485051888 ], [ 79.019193759038401, 33.798815415630102 ], [ 79.016752344936933, 33.778695210436489 ], [ 79.034139806772316, 33.783714670380675 ], [ 79.047255342899163, 33.766119284300387 ], [ 79.060267599341174, 33.780320179464944 ], [ 79.068490329868027, 33.756439927174867 ], [ 79.0429711317596, 33.749706046000036 ], [ 79.020522114683189, 33.705737397410395 ], [ 79.053961357948822, 33.678140833910398 ], [ 79.09116750092133, 33.686999693433663 ], [ 79.107073385194667, 33.616884259560166 ], [ 79.047797393301806, 33.627721477350789 ], [ 78.989917956920181, 33.611187294761343 ], [ 78.914474464510917, 33.627871189360981 ], [ 78.915162154345737, 33.574345953220813 ], [ 78.942790642995178, 33.509300302670873 ], [ 78.933347892197304, 33.4327962647411 ], [ 78.989183207111594, 33.333527716681068 ], [ 79.017802776594976, 33.33548028804875 ], [ 79.110763951583522, 33.291942186391665 ], [ 79.240624087704617, 33.297806284552713 ], [ 79.315715086994999, 33.273214119138132 ], [ 79.370054579551308, 33.282650187593397 ], [ 79.454905628893229, 33.258548288142094 ], [ 79.446657137514393, 33.205819663791296 ], [ 79.377391132038454, 33.084736471752109 ], [ 79.393763060364492, 33.036184705047788 ], [ 79.331971561130416, 33.012067466168752 ], [ 79.384073073296193, 32.989087737905713 ], [ 79.385550954736914, 32.967964387408578 ], [ 79.422309920151676, 32.961538174016397 ], [ 79.567994552231525, 32.786813929340141 ], [ 79.603225101408853, 32.776969320130497 ], [ 79.627205048307928, 32.739347081300401 ], [ 79.515740633633911, 32.608119744811198 ], [ 79.469809707272447, 32.576307420354624 ], [ 79.448128664961416, 32.532517297071223 ], [ 79.406820345183206, 32.529683350336867 ], [ 79.39452993584969, 32.572308936514332 ], [ 79.320745598980949, 32.59272751061156 ], [ 79.295101774382417, 32.550107961949593 ], [ 79.250883198662166, 32.534119350509769 ], [ 79.237805484514283, 32.505859253376435 ], [ 79.195135420145149, 32.482998610750066 ], [ 79.137420453501932, 32.476947380749948 ], [ 79.144327495594041, 32.422735066691793 ], [ 79.115093578377369, 32.384223965613863 ], [ 79.033740100176388, 32.385908429117251 ], [ 78.981921637973784, 32.337837582459109 ], [ 78.858866074596591, 32.440645179429723 ], [ 78.827223730377767, 32.438705626955212 ], [ 78.776774662923728, 32.558361803539981 ], [ 78.795921015228657, 32.610415559065736 ], [ 78.763195707477962, 32.653482316109503 ], [ 78.762679136905845, 32.697806813877804 ], [ 78.723050456991487, 32.661192821492712 ], [ 78.662312729368907, 32.65402984464437 ], [ 78.620919293774421, 32.596715101155574 ], [ 78.573388309377961, 32.617612776089679 ], [ 78.499552752241968, 32.581698932565764 ], [ 78.459843986098022, 32.580013129243447 ], [ 78.428006429239545, 32.531833283429592 ], [ 78.327823201258113, 32.472247734871253 ], [ 78.295981673638039, 32.504317787329356 ], [ 78.316696698997475, 32.525655804208156 ], [ 78.314229771455274, 32.573950738344791 ], [ 78.406567322312753, 32.619659341033362 ], [ 78.380981560113938, 32.668496300181168 ], [ 78.395751223395592, 32.715857116795526 ], [ 78.389361036475478, 32.758440161105085 ], [ 78.305580699598821, 32.734470210893271 ], [ 78.313608507190509, 32.709415192571036 ], [ 78.254392112588647, 32.691302829793223 ], [ 78.230692882928338, 32.6658085718081 ], [ 78.170263545387172, 32.675705536955164 ], [ 78.139143410366202, 32.63900994184219 ], [ 78.111043289069528, 32.65886276775268 ], [ 78.082897864785181, 32.620979078064991 ], [ 78.051470908554109, 32.632351992633801 ], [ 78.053283385730623, 32.588638604610267 ], [ 78.000011491397473, 32.58324666034558 ], [ 77.920859179103729, 32.69002455194218 ], [ 77.932905952306442, 32.763076449794056 ], [ 77.898664526787627, 32.772463958738264 ], [ 77.865459755463547, 32.825568336071335 ], [ 77.779304439059331, 32.862116649904685 ], [ 77.808143639610165, 32.902737070477215 ], [ 77.730565384186548, 32.969290885705583 ], [ 77.683284242573507, 32.983592808215207 ], [ 77.671308070059524, 32.956935323614566 ], [ 77.601854105607288, 32.941391684387689 ], [ 77.537360827434654, 32.88498576414252 ], [ 77.502315373442883, 32.884174492303757 ], [ 77.47291396069852, 32.859381409849917 ], [ 77.443433699316643, 32.881379819017646 ], [ 77.405183214446254, 32.883283838718455 ], [ 77.377310312654629, 32.857343296795506 ], [ 77.374047893087678, 32.822983881538434 ], [ 77.345413693719692, 32.817623467695377 ], [ 77.322738012044212, 32.851869961950619 ], [ 77.275933863414878, 32.874283333085643 ], [ 77.256441095530747, 32.863087708963334 ], [ 77.245897105755304, 32.893548099706074 ], [ 77.191519761214394, 32.929238188555111 ], [ 77.163807519470637, 32.912139680094882 ], [ 77.154132191097119, 32.97868239361911 ], [ 77.120890781418311, 32.985484347293152 ], [ 77.092589065428228, 32.971646059362911 ], [ 77.053041213852552, 32.998076841981195 ], [ 77.016139769971304, 32.988011933351572 ], [ 76.935219959688041, 33.032312684871108 ], [ 76.895057098067085, 33.113045059854812 ], [ 76.862269743570792, 33.111153420705087 ], [ 76.821346188417394, 33.154681544560063 ], [ 76.821273489260491, 33.192896744984822 ], [ 76.84643270118822, 33.245480342122889 ], [ 76.820810847487479, 33.235774441559279 ], [ 76.796338170256334, 33.254895991536486 ], [ 76.773396089492934, 33.248697149830306 ], [ 76.777875442194713, 33.223835317742648 ], [ 76.747751116314703, 33.178576268939054 ], [ 76.644784993138245, 33.161783204288518 ], [ 76.61737901758967, 33.173121052137112 ], [ 76.599737824024899, 33.206318097147509 ], [ 76.565312023427694, 33.209029350592253 ], [ 76.486775495791832, 33.179507346279927 ], [ 76.409376873856203, 33.186441374510899 ], [ 76.292440268205439, 33.103833374880828 ], [ 76.254553432192949, 33.032396353092878 ], [ 76.110793042540365, 33.004873810009499 ], [ 76.099231558302421, 32.968805142994213 ], [ 75.962539427397289, 32.885298493134783 ], [ 75.883927334016732, 32.930606713762856 ], [ 75.824711794091371, 32.930309168006723 ], [ 75.806472584005633, 32.881887198598598 ], [ 75.837645689824242, 32.843112841426212 ], [ 75.890362222751023, 32.813896564857572 ], [ 75.928954286281723, 32.757139549813822 ], [ 75.91291679885633, 32.691018215850619 ], [ 75.939884917708156, 32.643534906839513 ], [ 75.820226627046438, 32.486910841781615 ], [ 75.761743938799455, 32.47631243766071 ], [ 75.700578262018098, 32.400601036708096 ], [ 75.5605771690811, 32.361058887203725 ], [ 75.516470761491377, 32.276250907952125 ], [ 75.505506571635109, 32.310491499489878 ], [ 75.483048544616054, 32.317897387318887 ], [ 75.487583843467178, 32.340410881206815 ], [ 75.430249502065095, 32.324740207685586 ], [ 75.347016267823477, 32.345394947217834 ], [ 75.315899341158101, 32.334464443666256 ], [ 75.28701430476309, 32.366204650009934 ], [ 75.258920051123496, 32.364776296846493 ], [ 75.255008616769445, 32.385018448315058 ], [ 75.196580786364564, 32.392968502445605 ], [ 75.189695715866762, 32.419948200138663 ], [ 75.132435775652567, 32.402705723735345 ], [ 75.137038883339216, 32.424981442142489 ], [ 75.106020646828583, 32.474036069841617 ], [ 75.089815282890186, 32.464284271855398 ], [ 75.030599167724063, 32.492883394721595 ], [ 75.004556938604765, 32.452327181704625 ], [ 74.950443183452123, 32.440524373589973 ], [ 74.936074943844844, 32.46263609594822 ], [ 74.829360834489663, 32.485983705450117 ] ] ] } },
{ "type": "Feature", "properties": { "ST_NM": "Jharkhand", "state_id": "jharkhand" }, "geometry": { "type": "Polygon", "coordinates": [ [ [ 85.986510921099082, 22.513059740859791 ], [ 85.959316014668232, 22.459363267389879 ], [ 86.014501572298897, 22.4277916339379 ], [ 86.027251233220355, 22.385303581679768 ], [ 85.998643592592686, 22.341759285245995 ], [ 86.02616336621692, 22.333026696336646 ], [ 86.014152366950114, 22.31360652411988 ], [ 86.049001570885196, 22.309860786804016 ], [ 86.014226931518962, 22.296352847377314 ], [ 85.975544352387729, 22.247141069677721 ], [ 86.032421999691479, 22.189085364595378 ], [ 86.000354286878036, 22.135718992158662 ], [ 86.006175828785288, 22.11294466265316 ], [ 85.948330690635331, 22.023221223905676 ], [ 85.918013826377887, 22.008905559944051 ], [ 85.911199643513243, 21.970800159168046 ], [ 85.896919871253701, 21.982663599819407 ], [ 85.824177893645043, 21.974133902591277 ], [ 85.766635589338321, 21.993776293474099 ], [ 85.793804430626381, 22.081107282692155 ], [ 85.836588934419908, 22.08092102201843 ], [ 85.807940813106967, 22.114706154947829 ], [ 85.751967184878893, 22.073798562329351 ], [ 85.687455000885251, 22.052705376567214 ], [ 85.650612166748658, 22.094119515826595 ], [ 85.59712142541342, 22.07827354694988 ], [ 85.545600761454907, 22.090367417935518 ], [ 85.416472569843464, 22.159670017902105 ], [ 85.369412672584986, 22.158137933420996 ], [ 85.367575042148843, 22.125073936709946 ], [ 85.329237276119002, 22.128583921951112 ], [ 85.306327982770824, 22.110669930681492 ], [ 85.237227181202769, 22.004015344107525 ], [ 85.22118767839585, 22.014422835952782 ], [ 85.217046802265472, 22.046840031637888 ], [ 85.178789337698987, 22.07178512458194 ], [ 85.177141914576083, 22.051819270521744 ], [ 85.16189247526836, 22.074035292805817 ], [ 85.125239990204321, 22.070036737364696 ], [ 85.101824869619435, 22.102941930327596 ], [ 85.050310170490945, 22.1141372870336 ], [ 84.993880888506581, 22.080201613594951 ], [ 84.98695426275188, 22.094692291001227 ], [ 85.030170243833851, 22.115407633501601 ], [ 85.031833104326878, 22.157354295681955 ], [ 85.075888318581008, 22.233916836205772 ], [ 85.076928833632849, 22.275354439256343 ], [ 85.120853653835979, 22.293674867894076 ], [ 85.120428007444076, 22.317368506728737 ], [ 85.094375025445814, 22.317231863848207 ], [ 85.099375237910166, 22.34419306417945 ], [ 85.080485498781954, 22.351661754817673 ], [ 85.089513308628298, 22.381480338853425 ], [ 85.063498553824743, 22.447615380468125 ], [ 85.080075352266263, 22.469556934962842 ], [ 85.068944868210266, 22.481268877454209 ], [ 84.961100686492301, 22.44175071443566 ], [ 84.953795073593213, 22.453902015087248 ], [ 84.900341121744191, 22.420850460094233 ], [ 84.886808557328578, 22.420419315848971 ], [ 84.883096159463932, 22.446025965037244 ], [ 84.839135838886833, 22.429165388568698 ], [ 84.81440355933519, 22.449592248509536 ], [ 84.759326956901106, 22.444710683472422 ], [ 84.750499782351071, 22.417493313995042 ], [ 84.668289763087046, 22.416605920547816 ], [ 84.638791740351223, 22.431284136632399 ], [ 84.512608556784727, 22.418759973920896 ], [ 84.483459971985468, 22.408541352108372 ], [ 84.484376588148805, 22.386267906144731 ], [ 84.433727444730337, 22.367228787446745 ], [ 84.432890438620646, 22.351421003334483 ], [ 84.401310378898557, 22.346437742614381 ], [ 84.29609191707668, 22.339836147197328 ], [ 84.253449245021685, 22.37613210503239 ], [ 84.201026888328187, 22.374203250935544 ], [ 84.1594295200712, 22.403237782548342 ], [ 84.142835364156724, 22.422939073342093 ], [ 84.141881484014718, 22.47312933282624 ], [ 84.009523998969939, 22.522861380550367 ], [ 84.012085628395596, 22.571484311713792 ], [ 84.055151958974022, 22.596064221354109 ], [ 84.087394390850392, 22.638426597098238 ], [ 84.156917189213601, 22.636358449024947 ], [ 84.227556405080705, 22.670849368407641 ], [ 84.239187848462564, 22.690503579242481 ], [ 84.232339224713613, 22.737010874194478 ], [ 84.261194181866557, 22.764801092554858 ], [ 84.292247090039695, 22.765218734905538 ], [ 84.336410458671281, 22.861292516323839 ], [ 84.376811064695218, 22.866265564185625 ], [ 84.395981380110058, 22.94041474855856 ], [ 84.37749154501897, 22.976668821995542 ], [ 84.332138367514659, 22.980889906337442 ], [ 84.285566542233269, 22.962790766590452 ], [ 84.27840679896768, 22.990351871179612 ], [ 84.257910658490644, 22.972936723315037 ], [ 84.224089118083157, 22.977949293042013 ], [ 84.196979699498144, 23.025099007532877 ], [ 84.183742766440233, 23.021891266574467 ], [ 84.174906923949777, 22.972406759209857 ], [ 84.1550647109609, 22.965301334010359 ], [ 84.130751117351423, 23.037931540093215 ], [ 84.13646019400413, 23.082793829239726 ], [ 84.068602435282642, 23.111055283862058 ], [ 84.040820532528258, 23.139529256763296 ], [ 84.038285135137528, 23.162183321527124 ], [ 84.065501110034944, 23.204613631316228 ], [ 84.057602977092657, 23.241900416940652 ], [ 84.077442716902368, 23.330829017613659 ], [ 84.050606481719171, 23.374772460300484 ], [ 84.027960603180603, 23.376198741470745 ], [ 84.013748303478437, 23.353555388204899 ], [ 83.97307353856479, 23.381891622681895 ], [ 83.986707554773488, 23.42731367514169 ], [ 83.976792206340349, 23.455993346705498 ], [ 84.016024848524623, 23.500138744616837 ], [ 84.029950874919578, 23.544741751571838 ], [ 84.014341850942344, 23.632682799238992 ], [ 83.945225756785945, 23.622765717080153 ], [ 83.942598809258541, 23.563449033233837 ], [ 83.807841132839869, 23.583448576132422 ], [ 83.782281417406537, 23.599728049447418 ], [ 83.755193411554174, 23.626814363588188 ], [ 83.758355058530242, 23.653468370297677 ], [ 83.722166946343577, 23.682604966108411 ], [ 83.742157099444427, 23.713590752688216 ], [ 83.736863130000813, 23.75470753823226 ], [ 83.702876425329421, 23.820531961538837 ], [ 83.665836102505679, 23.827643620422204 ], [ 83.657073029736551, 23.847852428962852 ], [ 83.568775392609268, 23.862652259689945 ], [ 83.583722018810491, 23.884066279102157 ], [ 83.550433401856992, 23.897880662552993 ], [ 83.546533120035846, 23.933090779188458 ], [ 83.515351433531904, 23.978960048804428 ], [ 83.514353293034645, 24.027677777660667 ], [ 83.455256734625607, 24.041852062711339 ], [ 83.433059395187996, 24.083060190402641 ], [ 83.331271456956642, 24.100525260539815 ], [ 83.356744260275889, 24.125618772241523 ], [ 83.385120233940228, 24.234730134724188 ], [ 83.409663041072562, 24.265051331854838 ], [ 83.38374385859818, 24.313523378523293 ], [ 83.45919488276661, 24.363731597494699 ], [ 83.437733723755514, 24.402700225954376 ], [ 83.407993225633973, 24.407562043261212 ], [ 83.408543358647108, 24.435992408661104 ], [ 83.389288880478006, 24.454463576357881 ], [ 83.400918656023123, 24.499957976701545 ], [ 83.506066038555502, 24.525889651327393 ], [ 83.724504042826453, 24.503985463522703 ], [ 83.875815601882081, 24.532006124071131 ], [ 83.940767860472121, 24.55088947313887 ], [ 84.000000000471474, 24.637124794446969 ], [ 84.054499941068627, 24.611461195384667 ], [ 84.117433411603272, 24.480777035234503 ], [ 84.147618960402866, 24.504163642070456 ], [ 84.153745471886069, 24.539624821689685 ], [ 84.172088408042484, 24.533067605247407 ], [ 84.161297975671943, 24.517001845941678 ], [ 84.186906154959374, 24.509808638402749 ], [ 84.180559461605995, 24.546475810182457 ], [ 84.195963259706048, 24.554662954916139 ], [ 84.22512720835536, 24.534566857343819 ], [ 84.242663654209338, 24.552572829321253 ], [ 84.264765523596381, 24.530185452971867 ], [ 84.287719548022878, 24.551338819704519 ], [ 84.276883200472184, 24.563654712563253 ], [ 84.305060743270971, 24.562563357791813 ], [ 84.333924308870166, 24.502234774658053 ], [ 84.301773909417989, 24.480276741014876 ], [ 84.300771288037708, 24.450379040406808 ], [ 84.337943102917791, 24.430793579536406 ], [ 84.322609865304614, 24.423051487794542 ], [ 84.343385077878054, 24.39548555854082 ], [ 84.389724745287523, 24.389393271408608 ], [ 84.43000775199225, 24.358923603708888 ], [ 84.424881764766582, 24.331156732786159 ], [ 84.461980928805204, 24.338458813840621 ], [ 84.485140311766997, 24.31592735722726 ], [ 84.50823113745767, 24.33238786890027 ], [ 84.486483069730212, 24.30914663035993 ], [ 84.500929839329856, 24.286947134743812 ], [ 84.532894672788757, 24.339341569743915 ], [ 84.528939951953561, 24.376079348983424 ], [ 84.573195026936659, 24.383782137032011 ], [ 84.579906165314824, 24.412156232273269 ], [ 84.665621377110341, 24.393636988450574 ], [ 84.68629436100322, 24.456180148870409 ], [ 84.787255959860502, 24.504698036075773 ], [ 84.802699030778655, 24.529329549735351 ], [ 84.839962842695599, 24.511360118938192 ], [ 84.841697822157627, 24.452476530841619 ], [ 84.854789571492162, 24.465884049420151 ], [ 84.887463614356903, 24.462779047866544 ], [ 84.905247738198085, 24.372224170189629 ], [ 84.975762343839946, 24.376087998525069 ], [ 84.997603380747833, 24.412338667403546 ], [ 85.03928339326319, 24.425474516008929 ], [ 85.060450188387946, 24.415282386605586 ], [ 85.083342307625031, 24.440006444289196 ], [ 85.072619249926689, 24.386958522412041 ], [ 85.096552859188066, 24.37941323545969 ], [ 85.1221936033334, 24.40922588281456 ], [ 85.176483665752372, 24.429683581648366 ], [ 85.157804570989299, 24.463032547016645 ], [ 85.23103983162089, 24.471386887722105 ], [ 85.253597192417644, 24.495473815259189 ], [ 85.289047180036988, 24.497410924806605 ], [ 85.289606667504501, 24.526863464518037 ], [ 85.493465234243871, 24.551025779586212 ], [ 85.525257921763483, 24.524872359268404 ], [ 85.54340405671266, 24.536337472377841 ], [ 85.54376405879664, 24.565535364138434 ], [ 85.575235300811244, 24.565497995575814 ], [ 85.569797490798734, 24.591551435151729 ], [ 85.583528727352956, 24.603279901407049 ], [ 85.622366203754595, 24.583250837423211 ], [ 85.671588735153676, 24.582279927716971 ], [ 85.67902415699406, 24.619709030279356 ], [ 85.656498479423604, 24.687259629017877 ], [ 85.703602116952311, 24.713693283002485 ], [ 85.711742358556776, 24.768990753390156 ], [ 85.743741852773795, 24.822778650830372 ], [ 85.784190618684917, 24.799124985192588 ], [ 85.817587082467725, 24.794701611703722 ], [ 85.834142843600233, 24.80982902895806 ], [ 85.88467216735738, 24.800524238408119 ], [ 85.917348408117363, 24.753968416250832 ], [ 85.957093795277729, 24.73246860439389 ], [ 86.05732676794517, 24.779889183804226 ], [ 86.045804779270512, 24.741700744730608 ], [ 86.093271563351152, 24.74673938294967 ], [ 86.131079105643266, 24.705635632982748 ], [ 86.140228092685561, 24.67601529901874 ], [ 86.124856009826701, 24.642428610365926 ], [ 86.139863365769926, 24.604120931135363 ], [ 86.201452602465395, 24.585798709299521 ], [ 86.222230028690987, 24.591808463663842 ], [ 86.223910416335187, 24.612387840961322 ], [ 86.270596355406028, 24.5765192723279 ], [ 86.329271167670001, 24.584791708235347 ], [ 86.310468468563329, 24.559012026535292 ], [ 86.318810165659713, 24.509253149047233 ], [ 86.285521500834903, 24.462814813808439 ], [ 86.325826083820843, 24.44102539175049 ], [ 86.357028146211576, 24.444575725040156 ], [ 86.421817220045355, 24.380181844417887 ], [ 86.458395904235999, 24.369627551746454 ], [ 86.472040433827644, 24.42283242300595 ], [ 86.494779839721929, 24.425954876113224 ], [ 86.490701827209165, 24.459737124255639 ], [ 86.511967642142338, 24.518554912355505 ], [ 86.552909720821987, 24.535893026489376 ], [ 86.609142845828529, 24.605866265996735 ], [ 86.674543241864342, 24.561519001787222 ], [ 86.737678229207859, 24.576688730195475 ], [ 86.756966913038909, 24.618832082225399 ], [ 86.783204043814408, 24.620617035376384 ], [ 86.811824636428256, 24.595395573909862 ], [ 86.806312916283829, 24.565523075177381 ], [ 86.843064387334977, 24.569208207125786 ], [ 86.860609148054607, 24.551419132082369 ], [ 86.882378872368449, 24.568271494812432 ], [ 86.917111945911358, 24.539664649255005 ], [ 86.904043558266849, 24.587474108202386 ], [ 86.940099278275611, 24.627431608446031 ], [ 86.936075268422243, 24.643710822328551 ], [ 87.016085547606423, 24.607212738860163 ], [ 87.030232539694239, 24.622055329200933 ], [ 87.056319508219332, 24.607732094302044 ], [ 87.060599699831741, 24.671503986734418 ], [ 87.102628542825443, 24.802269776430052 ], [ 87.0832799559753, 24.818893234445522 ], [ 87.120452661730809, 24.85627514241547 ], [ 87.156912754163613, 24.859169905168301 ], [ 87.150266376086165, 25.018556940465771 ], [ 87.182728744380412, 25.064574197484085 ], [ 87.256628832528094, 25.106389428858172 ], [ 87.297124936728594, 25.089835884550791 ], [ 87.32955220105309, 25.223549447282881 ], [ 87.375930766683609, 25.205539626499675 ], [ 87.397816973746956, 25.227991181755293 ], [ 87.478092017720996, 25.195194773406207 ], [ 87.478620007189875, 25.241366022788664 ], [ 87.501691868958588, 25.262951278423806 ], [ 87.496086900750242, 25.305636634277601 ], [ 87.545687038638619, 25.282093067092763 ], [ 87.553437358094328, 25.331374769379131 ], [ 87.586047435709759, 25.348818360817692 ], [ 87.587117689691325, 25.32846801212014 ], [ 87.612789383976462, 25.311844010628949 ], [ 87.689986178057893, 25.310604005244567 ], [ 87.713566132146298, 25.256937860216812 ], [ 87.789015727735418, 25.246738330923918 ], [ 87.782099767977527, 25.091957457494708 ], [ 87.882408994536746, 25.028791268433441 ], [ 87.971768533315938, 24.930447123060361 ], [ 87.978575590713163, 24.897360005394216 ], [ 87.971744649698067, 24.882198214687619 ], [ 87.894264144338933, 24.85385483525604 ], [ 87.903674145418861, 24.825455706254342 ], [ 87.872947625130024, 24.823910518261069 ], [ 87.881908337769929, 24.79465249667091 ], [ 87.859807312586014, 24.765295103372836 ], [ 87.840491433058077, 24.764213189924185 ], [ 87.842807435390938, 24.788757560302063 ], [ 87.823328234564968, 24.766964004190893 ], [ 87.819172197229221, 24.754348195385948 ], [ 87.844963685644032, 24.739201045069297 ], [ 87.882985547240111, 24.740094289164347 ], [ 87.905999525927157, 24.722627785996675 ], [ 87.891767935330591, 24.675169447011417 ], [ 87.918516867330709, 24.659648061021286 ], [ 87.911389208403989, 24.633759602322606 ], [ 87.889728009832808, 24.627770119599049 ], [ 87.907358442971613, 24.627029426389068 ], [ 87.90670641985173, 24.613711832440412 ], [ 87.87785190025032, 24.611847988597926 ], [ 87.913200074024971, 24.609315917673246 ], [ 87.915044562848379, 24.595023739416924 ], [ 87.892392566044222, 24.56389579162893 ], [ 87.853296867252112, 24.552238009476685 ], [ 87.774587951086247, 24.582910332442712 ], [ 87.81146145381588, 24.546395002452272 ], [ 87.800228841013379, 24.492297583853958 ], [ 87.811773488141966, 24.511824789738696 ], [ 87.815298464121341, 24.493342475578679 ], [ 87.827955705945001, 24.49564759832144 ], [ 87.814176866268866, 24.477846561668816 ], [ 87.820007438517749, 24.452634472665746 ], [ 87.789820861403996, 24.41585832208024 ], [ 87.815040174461927, 24.40794979029377 ], [ 87.797604978384754, 24.397770995262221 ], [ 87.76128983131791, 24.305022269625649 ], [ 87.715362360759457, 24.293512364289157 ], [ 87.707677945207379, 24.261397249463524 ], [ 87.686399264321679, 24.24792768812717 ], [ 87.640793526601087, 24.244007125395775 ], [ 87.642790123610766, 24.213097183378608 ], [ 87.69755393353266, 24.187722130678157 ], [ 87.694556668945864, 24.151430750184328 ], [ 87.62110345937711, 24.166228362280883 ], [ 87.574477413737029, 24.157219765835755 ], [ 87.612641913549297, 24.130542041734493 ], [ 87.574286287521815, 24.108374045162822 ], [ 87.581200179321911, 24.086909526806785 ], [ 87.544250213610383, 24.089446689428403 ], [ 87.498729803850452, 24.116815474978214 ], [ 87.49405992685297, 24.089833008021444 ], [ 87.51088789889161, 24.08372788507743 ], [ 87.494849897546203, 24.074876015135175 ], [ 87.49633797837275, 24.053690168237246 ], [ 87.515621226236618, 24.041534524667924 ], [ 87.487845974583777, 24.01536246835547 ], [ 87.453655279194408, 24.018048239851279 ], [ 87.438952987612453, 24.010036690368285 ], [ 87.463066915332831, 23.983163390492507 ], [ 87.36184729651967, 24.010890043751683 ], [ 87.333081120816658, 23.997701980140224 ], [ 87.320628847399391, 24.00611697816386 ], [ 87.337595456900104, 24.032683328514189 ], [ 87.2433098327339, 24.042857124126105 ], [ 87.24588609069545, 24.007400878347617 ], [ 87.266095579996616, 24.004588273973031 ], [ 87.27329557558113, 23.986344086321797 ], [ 87.266808648886268, 23.967887094426555 ], [ 87.297057951531016, 23.957447119398012 ], [ 87.299733610109726, 23.900392624508989 ], [ 87.275626251531975, 23.874787127863524 ], [ 87.253465470999757, 23.90880633198606 ], [ 87.260414456747, 23.841186023563228 ], [ 87.247939908345771, 23.828058613118319 ], [ 87.223778810885818, 23.83268195331453 ], [ 87.241463402450648, 23.854931117193992 ], [ 87.193825986906901, 23.842702870565759 ], [ 87.200917638628866, 23.856110885025654 ], [ 87.136260430147402, 23.868779155322937 ], [ 87.135647448592309, 23.852747568882844 ], [ 87.171717622430634, 23.821474407063466 ], [ 87.154017983405467, 23.796286386029927 ], [ 87.129456708896527, 23.796946489119829 ], [ 86.972387425014773, 23.867082428896417 ], [ 86.941870617851009, 23.84666607458513 ], [ 86.900556481135396, 23.881691357904 ], [ 86.880822641773165, 23.86413972678859 ], [ 86.887786828783177, 23.816297947086881 ], [ 86.87677407094877, 23.845960325024343 ], [ 86.826339738195443, 23.813116018436727 ], [ 86.798454023353756, 23.833149335495854 ], [ 86.825324075933892, 23.762939057199592 ], [ 86.797559777889262, 23.689323003608877 ], [ 86.743698653606884, 23.679559201740837 ], [ 86.737285198871191, 23.695715641697785 ], [ 86.699476179680047, 23.696432081931665 ], [ 86.597295501885895, 23.673056536538862 ], [ 86.534391807253215, 23.630919792508124 ], [ 86.445684569515649, 23.631517950109849 ], [ 86.445437131478158, 23.611033074941066 ], [ 86.386763007603918, 23.586304553544139 ], [ 86.363804267402699, 23.545049261549629 ], [ 86.373448520559919, 23.524578599201789 ], [ 86.359532240860574, 23.498469284290405 ], [ 86.377759843872582, 23.48473629248263 ], [ 86.337178117182177, 23.449343380595817 ], [ 86.332040231404733, 23.45965296140081 ], [ 86.305986940797254, 23.445814209814483 ], [ 86.32005443005788, 23.430397846108864 ], [ 86.305829096108582, 23.422185289609473 ], [ 86.284329020443394, 23.443206998609071 ], [ 86.252526085399282, 23.436237784679228 ], [ 86.249063695312429, 23.421686069456491 ], [ 86.230559326145837, 23.437751510154648 ], [ 86.244645821877782, 23.471724909244553 ], [ 86.226870586705232, 23.458029475822396 ], [ 86.178299514282358, 23.480529141905279 ], [ 86.151506848318505, 23.475059628410968 ], [ 86.150784200908106, 23.569633132295419 ], [ 86.078849977130133, 23.570049046215427 ], [ 86.052957041699983, 23.585661580574747 ], [ 86.016864234562206, 23.553469040145249 ], [ 86.05329449482241, 23.495551745688289 ], [ 85.950033346858547, 23.456543346502695 ], [ 85.880315572328939, 23.478082362517394 ], [ 85.865729960952649, 23.452831350125656 ], [ 85.869046366646828, 23.411909563342462 ], [ 85.884609502287674, 23.409976008382316 ], [ 85.901798332282965, 23.372596082602346 ], [ 85.872408416294604, 23.366849926956323 ], [ 85.884092890384565, 23.325778148601206 ], [ 85.832496001502335, 23.265249847120185 ], [ 85.83766443228572, 23.197345805972212 ], [ 85.863605546872023, 23.196598388809733 ], [ 85.92101756956778, 23.131889471508924 ], [ 86.042855897468499, 23.146014030446867 ], [ 86.053902916326578, 23.111128188478389 ], [ 86.142407864243879, 23.085631441937856 ], [ 86.155830164989013, 23.043495545746588 ], [ 86.181406802091203, 23.015645055426717 ], [ 86.210127137743044, 23.015867125864041 ], [ 86.218226737431209, 22.994545671539203 ], [ 86.30394154915021, 23.015978821679127 ], [ 86.317845771023769, 22.997941153580719 ], [ 86.375122531487705, 22.997060587842739 ], [ 86.398629405973097, 22.97702671487475 ], [ 86.421852886553594, 22.997562768153831 ], [ 86.50285649318937, 22.992717406965539 ], [ 86.51773266338148, 22.969113022769697 ], [ 86.545744716731292, 22.990059358079829 ], [ 86.523849453480921, 22.947208350733021 ], [ 86.490018325023456, 22.93716354248226 ], [ 86.475940290746379, 22.952310146250394 ], [ 86.438356618301796, 22.926279787381514 ], [ 86.468545196130691, 22.899560827487935 ], [ 86.452386493213254, 22.861755712567582 ], [ 86.438345693350726, 22.863466703965397 ], [ 86.421659172118652, 22.77959979997614 ], [ 86.459482198260019, 22.762767760691744 ], [ 86.512008716980588, 22.704751302018085 ], [ 86.515370917980491, 22.719272531975808 ], [ 86.54464155663797, 22.723871146841692 ], [ 86.623178689270404, 22.676699012730101 ], [ 86.64197038833683, 22.658464599732905 ], [ 86.639580856312506, 22.600689521778815 ], [ 86.656935785366429, 22.579255109706754 ], [ 86.765084420938095, 22.575933614783892 ], [ 86.769650258029472, 22.554166080272104 ], [ 86.789174497661818, 22.547794228761767 ], [ 86.80311508328343, 22.487635916722965 ], [ 86.753398304841298, 22.482301436547786 ], [ 86.756597824201165, 22.454362275681273 ], [ 86.769007447624745, 22.426620227336791 ], [ 86.848949072233054, 22.399863383172729 ], [ 86.834214007768082, 22.328494522491944 ], [ 86.890083754895343, 22.300658227152816 ], [ 86.89062992480288, 22.256144300616779 ], [ 86.827819843658943, 22.265329689334674 ], [ 86.821356166824813, 22.253311545873053 ], [ 86.816887840509438, 22.267924315560546 ], [ 86.804624755915228, 22.244990772986959 ], [ 86.795318425374731, 22.26678636064522 ], [ 86.797874584063734, 22.242754967458772 ], [ 86.814887935798893, 22.242039990865518 ], [ 86.805128509661344, 22.217698977429279 ], [ 86.784096126873862, 22.215583970095683 ], [ 86.797222401044806, 22.227889285673434 ], [ 86.780938056504453, 22.235579301243291 ], [ 86.780262308728908, 22.218689275123271 ], [ 86.752874133030275, 22.21204354409458 ], [ 86.656305622992761, 22.237201230388379 ], [ 86.650743040139147, 22.26532911962056 ], [ 86.596166688949623, 22.278751182239013 ], [ 86.583707158538218, 22.301697525673301 ], [ 86.537665669227835, 22.302053264634107 ], [ 86.505285726238725, 22.344739297992533 ], [ 86.443768076203298, 22.327165889133184 ], [ 86.438733709973661, 22.305364481031521 ], [ 86.358191637606339, 22.349146288198963 ], [ 86.285347513374788, 22.449067197996854 ], [ 86.113025124460236, 22.488319521611793 ], [ 86.044257890302291, 22.566853831676994 ], [ 86.024127465019106, 22.546921372848274 ], [ 86.027818124865348, 22.523877746569049 ], [ 85.986510921099082, 22.513059740859791 ] ], [ [ 85.462306247752423, 23.78895271908107 ], [ 85.454898742486762, 23.785725775001456 ], [ 85.492734555535307, 23.802202803730722 ], [ 85.462306247752423, 23.78895271908107 ] ], [ [ 85.032628918282612, 23.689122593235865 ], [ 85.017732235882391, 23.686977817746346 ], [ 85.036126949158387, 23.689626007595301 ], [ 85.032628918282612, 23.689122593235865 ] ], [ [ 85.053753990500852, 23.713510038216171 ], [ 85.053753942972435, 23.713510128241666 ], [ 85.055495935120376, 23.710185877336318 ], [ 85.053753990500852, 23.713510038216171 ] ], [ [ 84.500906931651357, 24.265101459707058 ], [ 84.504909746443147, 24.281890023739326 ], [ 84.499010883712785, 24.282935801200299 ], [ 84.500906931651357, 24.265101459707058 ] ] ] } },
{ "type": "Feature", "properties": { "ST_NM": "Karnataka", "state_id": "karnataka" }, "geometry": { "type": "MultiPolygon", "coordinates": [ [ [ [ 74.688002966588456, 13.33552851449128 ], [ 74.690905196647421, 13.3399151681093 ], [ 74.691196196888086, 13.336508198661662 ], [ 74.688002966588456, 13.33552851449128 ] ] ], [ [ [ 74.680469930690023, 13.345766392512999 ], [ 74.685565074057962, 13.347403953034991 ], [ 74.683843704553013, 13.344049549390022 ], [ 74.680469930690023, 13.345766392512999 ] ] ], [ [ [ 74.668394507894163, 13.3782584173708 ], [ 74.67111866533007, 13.385461106653102 ], [ 74.675043110969057, 13.376354440921727 ], [ 74.668394507894163, 13.3782584173708 ] ] ], [ [ [ 74.683849344396592, 13.652192535010641 ], [ 74.680341202466678, 13.667651709319168 ], [ 74.691277386316287, 13.656659293741724 ], [ 74.683849344396592, 13.652192535010641 ] ] ], [ [ [ 74.483666031785944, 14.01022956126145 ], [ 74.476081954797266, 14.014827573929511 ], [ 74.485284781986152, 14.013161705509031 ], [ 74.483666031785944, 14.01022956126145 ] ] ], [ [ [ 74.325089664275836, 14.016838182880281 ], [ 74.331566714147897, 14.017656476045241 ], [ 74.331066097821846, 14.014273253922765 ], [ 74.325089664275836, 14.016838182880281 ] ] ], [ [ [ 74.484874796411873, 14.023556737539081 ], [ 74.48939770597562, 14.027911216062456 ], [ 74.487945976985614, 14.022433255820959 ], [ 74.484874796411873, 14.023556737539081 ] ] ], [ [ [ 74.468974451384497, 14.085223336331568 ], [ 74.474890827414185, 14.089018680742221 ], [ 74.474285497779292, 14.084901774545369 ], [ 74.468974451384497, 14.085223336331568 ] ] ], [ [ [ 74.482023723402207, 14.26530996928302 ], [ 74.461176636041202, 14.270859096924488 ], [ 74.458304751531188, 14.275049467534341 ], [ 74.478911131570101, 14.275970702877794 ], [ 74.482023723402207, 14.26530996928302 ] ] ], [ [ [ 74.394028549127171, 14.312907163009005 ], [ 74.400446886028433, 14.318089658205121 ], [ 74.40161959430921, 14.311241029300165 ], [ 74.394028549127171, 14.312907163009005 ] ] ], [ [ [ 74.391797884587945, 14.476985391591427 ], [ 74.401927492601004, 14.471652828732706 ], [ 74.399733168455072, 14.461501097951778 ], [ 74.392363253871537, 14.462924181342824 ], [ 74.391797884587945, 14.476985391591427 ] ] ], [ [ [ 76.415337618373272, 11.760278028580712 ], [ 76.342410601544415, 11.737437237756843 ], [ 76.279053846968878, 11.810201989307696 ], [ 76.225367409467566, 11.806606829910004 ], [ 76.207550584974157, 11.860643423760957 ], [ 76.190619830134409, 11.870240249956934 ], [ 76.122881126237857, 11.849395932632678 ], [ 76.113967851377737, 11.97694108608639 ], [ 76.003905094601549, 11.929745216820216 ], [ 75.871031156396597, 11.951499637063451 ], [ 75.831870536281244, 11.983763232677607 ], [ 75.831479428325082, 12.01157199622801 ], [ 75.797894139769312, 12.053225943610098 ], [ 75.804301016922594, 12.076891908029742 ], [ 75.756300161402081, 12.083045737095684 ], [ 75.721339448842116, 12.06766180995651 ], [ 75.705747445833339, 12.105865616039964 ], [ 75.666425805133898, 12.09665688648094 ], [ 75.638856742826704, 12.147811397577104 ], [ 75.580350485564523, 12.156066166188168 ], [ 75.536981197358699, 12.201324872390572 ], [ 75.54115502830949, 12.216286379081708 ], [ 75.485578005428223, 12.291312810703563 ], [ 75.421684048596177, 12.291431674552868 ], [ 75.432971793326374, 12.304567267373667 ], [ 75.412474135452669, 12.346346156880125 ], [ 75.423820377062754, 12.371738175599221 ], [ 75.367703799017406, 12.411955767209585 ], [ 75.368649966074486, 12.456556898478754 ], [ 75.39408367403918, 12.450030163324573 ], [ 75.424780143601637, 12.465043603830024 ], [ 75.416666637721264, 12.50165966965263 ], [ 75.3851151455505, 12.497571837038773 ], [ 75.374083111555677, 12.473684604535254 ], [ 75.34277366236843, 12.46091231899835 ], [ 75.336670460196814, 12.495083616292197 ], [ 75.306612557648634, 12.501547434830707 ], [ 75.306291291286811, 12.52208119234721 ], [ 75.282655355076642, 12.522893065037609 ], [ 75.273860621653654, 12.544612650363042 ], [ 75.278268099276033, 12.568820354478184 ], [ 75.317797263917456, 12.57344852544515 ], [ 75.329488557215996, 12.589981174712413 ], [ 75.278077581953383, 12.6163723683415 ], [ 75.224091322599605, 12.567302029729692 ], [ 75.204474355181432, 12.585194422493569 ], [ 75.202405156074008, 12.629718466551978 ], [ 75.159964214982793, 12.621604499634596 ], [ 75.143649912981743, 12.637832061159594 ], [ 75.162020358812214, 12.668603595961894 ], [ 75.151284218763067, 12.68086115242239 ], [ 75.113135040293955, 12.680383518356578 ], [ 75.08640918931188, 12.702204974901639 ], [ 75.083437074684326, 12.670848753884115 ], [ 75.047985760236017, 12.664478963391275 ], [ 75.049769610843583, 12.719075820805779 ], [ 75.007003475874058, 12.713535803742241 ], [ 75.012091066142617, 12.727163531209669 ], [ 74.98454889391536, 12.734170425991911 ], [ 75.008454225058401, 12.764735311543392 ], [ 74.99200716893688, 12.794738530215691 ], [ 74.981618901437571, 12.779507017380663 ], [ 74.863037968391765, 12.758281099956292 ], [ 74.807124980105158, 12.8946867054111 ], [ 74.770712168517548, 13.077560889166859 ], [ 74.781895265542431, 13.058136034671179 ], [ 74.789960138818941, 13.102283026784511 ], [ 74.767317204964826, 13.088819680709936 ], [ 74.702991244117896, 13.344304695768338 ], [ 74.725024608241071, 13.285716357681864 ], [ 74.724725502080403, 13.320898929664576 ], [ 74.694630200325221, 13.357597573058309 ], [ 74.688233696918601, 13.453902771891853 ], [ 74.699674723050151, 13.415530155765913 ], [ 74.743026545952418, 13.387020426380365 ], [ 74.739036925136091, 13.413309184297178 ], [ 74.705167028070065, 13.433387969983379 ], [ 74.722361850478336, 13.45857520094378 ], [ 74.750710160688826, 13.458507280557058 ], [ 74.731899683360083, 13.475466213483489 ], [ 74.705049057711193, 13.44243294347374 ], [ 74.695408408955103, 13.481299806995903 ], [ 74.689364998756886, 13.462985413121645 ], [ 74.663749495428178, 13.630955776111762 ], [ 74.681055535829813, 13.607388404382652 ], [ 74.685548106737926, 13.63836965429838 ], [ 74.708797380358376, 13.614793074577396 ], [ 74.723623919591958, 13.621474639101121 ], [ 74.704376465380804, 13.638452676392927 ], [ 74.760245462681539, 13.638530602987849 ], [ 74.740670746341081, 13.647666295297338 ], [ 74.701855288631023, 13.653607440438433 ], [ 74.7072822545924, 13.672344650547613 ], [ 74.679512090031352, 13.677632574900777 ], [ 74.71333208437791, 13.696731271057661 ], [ 74.668199280258037, 13.713814398878073 ], [ 74.677806902375011, 13.690993622383779 ], [ 74.665703574104398, 13.638932111219349 ], [ 74.645329384070308, 13.672992263582683 ], [ 74.606538164851031, 13.858550923422174 ], [ 74.623935068825929, 13.847852809188494 ], [ 74.626357584066682, 13.858920905939888 ], [ 74.598403080149993, 13.878453855078989 ], [ 74.5716349086902, 13.944630884544777 ], [ 74.515802713141696, 13.989453236552931 ], [ 74.505965284552602, 14.025518358750602 ], [ 74.523602327210185, 14.033893279163312 ], [ 74.505119631011297, 14.051454019161712 ], [ 74.507871581944343, 14.03088388739584 ], [ 74.501051961562268, 14.041098890842393 ], [ 74.474592041722062, 14.169339067572578 ], [ 74.432693133601248, 14.266209120573102 ], [ 74.527114211645141, 14.239762198613162 ], [ 74.468765246662585, 14.291927805603095 ], [ 74.443588210461812, 14.281072520220594 ], [ 74.426027527530621, 14.30495906252375 ], [ 74.425550437164688, 14.28097320042172 ], [ 74.403020496920576, 14.419041296160682 ], [ 74.385300626015919, 14.423791586308983 ], [ 74.356703299201143, 14.510557839462765 ], [ 74.378137960650761, 14.514704303995998 ], [ 74.387175660655956, 14.450956539273548 ], [ 74.408190444498402, 14.448519693577104 ], [ 74.422074962437421, 14.472638894555255 ], [ 74.44147471790987, 14.456632162301 ], [ 74.436199391112325, 14.471610915845849 ], [ 74.401005245152305, 14.495913601583553 ], [ 74.367566089455551, 14.559158346120929 ], [ 74.341031781076694, 14.516576878772652 ], [ 74.308657921807495, 14.520242245328348 ], [ 74.314252115324834, 14.551222077654689 ], [ 74.29460498811801, 14.591922708054406 ], [ 74.32930947339112, 14.603426628031642 ], [ 74.384142075181643, 14.59232046406161 ], [ 74.429562888494559, 14.624582498375105 ], [ 74.363713862321092, 14.598249882929943 ], [ 74.31693264413326, 14.615743312414777 ], [ 74.305462363508695, 14.601337701540384 ], [ 74.284686776184856, 14.608521900646341 ], [ 74.271772632147844, 14.626985581798884 ], [ 74.285581593115964, 14.662954331485757 ], [ 74.24647263024697, 14.739517113832596 ], [ 74.228011064472113, 14.746914089185973 ], [ 74.200196109450758, 14.720176077819586 ], [ 74.166882144403502, 14.752103433768021 ], [ 74.177160396359895, 14.766660134735035 ], [ 74.157206134004966, 14.747019397354366 ], [ 74.143668572755786, 14.774482500690599 ], [ 74.094955794054499, 14.797691393292839 ], [ 74.120485720170763, 14.802021954148762 ], [ 74.12630255683905, 14.834377458449348 ], [ 74.161979354403186, 14.838128128448627 ], [ 74.156754463394037, 14.812827079194927 ], [ 74.176184739468411, 14.855099187321603 ], [ 74.250145492842805, 14.871297338493491 ], [ 74.208692116847701, 14.875791491229149 ], [ 74.210058429918419, 14.888851987707978 ], [ 74.179077815536374, 14.88109890645956 ], [ 74.121026172875062, 14.83842071300057 ], [ 74.088019708444264, 14.895984126098003 ], [ 74.132567118579317, 14.923053776687063 ], [ 74.168746426189315, 14.911535121658064 ], [ 74.165468421497749, 14.95360241211338 ], [ 74.183682121970492, 14.954323502295008 ], [ 74.205362094674712, 14.924045744767103 ], [ 74.263924191806552, 14.969267117216992 ], [ 74.255447071730643, 14.993367787538908 ], [ 74.296243752476215, 15.04245547225276 ], [ 74.272091321733768, 15.098452905048186 ], [ 74.283344553385405, 15.145658507165585 ], [ 74.315851718634832, 15.186585521570169 ], [ 74.30051130291605, 15.225688781939262 ], [ 74.251091930009622, 15.260075507261989 ], [ 74.276635831098105, 15.283736276362418 ], [ 74.335601893030741, 15.295391063267237 ], [ 74.317188029197155, 15.332015032559045 ], [ 74.322211752110363, 15.369657260214053 ], [ 74.276251298528081, 15.391001373546276 ], [ 74.276116450290459, 15.445458984653689 ], [ 74.249776731954782, 15.491824717846333 ], [ 74.280850079380656, 15.528294551780851 ], [ 74.247717136267156, 15.568087848014622 ], [ 74.262010557053941, 15.611821809706459 ], [ 74.245903016907519, 15.626035714681148 ], [ 74.248636246315186, 15.656411075750688 ], [ 74.224830435419875, 15.668708055598749 ], [ 74.206404082090046, 15.651218620355181 ], [ 74.183176359373689, 15.683146510951232 ], [ 74.156160032775048, 15.650763712853555 ], [ 74.118765991724487, 15.652457749282974 ], [ 74.089115311532225, 15.673001515367927 ], [ 74.126357964861171, 15.680553552505042 ], [ 74.123351183152081, 15.720048021500677 ], [ 74.1605618211387, 15.751365437219997 ], [ 74.197475877017951, 15.755528031278969 ], [ 74.220528907326226, 15.787779902988452 ], [ 74.243399857516238, 15.743337931890615 ], [ 74.267417303796719, 15.755263398700047 ], [ 74.285665233820339, 15.741466530494645 ], [ 74.323429910211047, 15.772533349430754 ], [ 74.358684584348097, 15.77581608670309 ], [ 74.360211941612405, 15.817616376574417 ], [ 74.383240668052707, 15.846243276373407 ], [ 74.338265093013817, 15.854142953438759 ], [ 74.367959034852674, 15.893684836897643 ], [ 74.387365927726719, 15.853880754103614 ], [ 74.405620217746744, 15.854707125419864 ], [ 74.385778950106825, 15.903236498235119 ], [ 74.429333081497418, 15.953229265689773 ], [ 74.464504666074276, 16.042550420446108 ], [ 74.430406330838508, 16.058712694542052 ], [ 74.383903818983583, 16.037111382673327 ], [ 74.361914643282958, 16.054923639261965 ], [ 74.374814581442578, 16.080207932523169 ], [ 74.428630619245467, 16.112564615274479 ], [ 74.476142708106053, 16.088945239444485 ], [ 74.49073772629562, 16.103544095897561 ], [ 74.480084611723754, 16.148921688805032 ], [ 74.507260932788952, 16.1901719592002 ], [ 74.497435212153505, 16.232912349594059 ], [ 74.4164822266778, 16.259284461757598 ], [ 74.415154259174798, 16.28240722725911 ], [ 74.385082081989381, 16.277416942069138 ], [ 74.373830228573922, 16.295300761252911 ], [ 74.324174472796642, 16.274752330689868 ], [ 74.342312765741596, 16.293265247255221 ], [ 74.330822532578068, 16.32515896577452 ], [ 74.316491183662038, 16.326893968514323 ], [ 74.327923510955657, 16.342273249980384 ], [ 74.318931234601791, 16.380972242707728 ], [ 74.336601464588043, 16.392399968461653 ], [ 74.355303966258447, 16.366495485173747 ], [ 74.362780791492341, 16.396059089990132 ], [ 74.336199578789717, 16.402215361713175 ], [ 74.33239362825023, 16.453841303923028 ], [ 74.289627911582315, 16.460684851066404 ], [ 74.293233608438499, 16.504271219200675 ], [ 74.26197513747934, 16.477683194737672 ], [ 74.246281402973622, 16.496518888200104 ], [ 74.279017176365883, 16.505011372476684 ], [ 74.269587657553856, 16.54613574735933 ], [ 74.282898866505505, 16.524192593253858 ], [ 74.300280107973748, 16.530795384669965 ], [ 74.307516851547575, 16.50374267242174 ], [ 74.322870559030818, 16.555080634144566 ], [ 74.359247343847898, 16.558683745856886 ], [ 74.356188403208876, 16.540361021224047 ], [ 74.383663746171365, 16.529549158318854 ], [ 74.397278980166504, 16.580269641634896 ], [ 74.466544120697577, 16.6063996289075 ], [ 74.456869290227459, 16.646053686977631 ], [ 74.471485210674629, 16.66233587520691 ], [ 74.49219911075933, 16.628217513866904 ], [ 74.545871871919303, 16.634803663548592 ], [ 74.544288188396166, 16.593801541622398 ], [ 74.560062531570452, 16.591997654096271 ], [ 74.554155175304672, 16.561396943111127 ], [ 74.568599090105394, 16.553628855806277 ], [ 74.618687557409729, 16.583566886021391 ], [ 74.631174170798616, 16.577396509086011 ], [ 74.637636312834815, 16.608399072263929 ], [ 74.685440957108483, 16.606105033765093 ], [ 74.689352625883132, 16.616836533969728 ], [ 74.655415383527725, 16.639193291105883 ], [ 74.691149880814237, 16.676562600272593 ], [ 74.693252093292912, 16.716761550410215 ], [ 74.731832279359381, 16.717411570413841 ], [ 74.774385221856335, 16.75015154345343 ], [ 74.850651997372708, 16.772344731369877 ], [ 74.919787195799231, 16.771542401213242 ], [ 74.907861650343108, 16.857454984343903 ], [ 74.96021311020958, 16.879401525909557 ], [ 74.963389844552367, 16.906873787830378 ], [ 74.922982341412748, 16.927079377407775 ], [ 74.934381454816588, 16.942440950536817 ], [ 74.982003140096069, 16.930499874728142 ], [ 74.999958846092497, 16.947307518445108 ], [ 75.026664399892837, 16.943022783100549 ], [ 75.028270560035338, 16.927173002272564 ], [ 75.087016209713667, 16.950155491659281 ], [ 75.094591346053562, 16.915416171184447 ], [ 75.135193426224731, 16.894496070516038 ], [ 75.137943854714138, 16.875129483829216 ], [ 75.186671253431214, 16.87511872011687 ], [ 75.180188791286724, 16.843681445374568 ], [ 75.212964189817654, 16.842000944463958 ], [ 75.280146473879455, 16.875908612652278 ], [ 75.285807278204331, 16.956364625753356 ], [ 75.34289126689292, 16.954146562287892 ], [ 75.392497577019, 16.978009807289975 ], [ 75.428901651962079, 16.965114460602081 ], [ 75.465923631778523, 16.986986987435372 ], [ 75.490612204762371, 16.944604009105255 ], [ 75.531125654011163, 16.968369760408514 ], [ 75.568737610370547, 16.965357877854764 ], [ 75.574189537960066, 17.00950244667299 ], [ 75.608024077493567, 17.004830129360407 ], [ 75.60918404722004, 16.971379824092214 ], [ 75.643684106739784, 16.952835238619048 ], [ 75.67336991851549, 16.962081285180886 ], [ 75.670971959555331, 17.037468672534409 ], [ 75.642366942001175, 17.038116851775811 ], [ 75.677151562763669, 17.064571821754811 ], [ 75.677223799721858, 17.095865125011976 ], [ 75.672805070075754, 17.115203358764585 ], [ 75.652266505710415, 17.114773700485237 ], [ 75.62655076951286, 17.17169119760673 ], [ 75.660749741370793, 17.209896149259436 ], [ 75.658503029855652, 17.262941542083272 ], [ 75.604380151972336, 17.304682980750005 ], [ 75.611534191538169, 17.343695776317045 ], [ 75.583151656357188, 17.35115391652721 ], [ 75.576837140818597, 17.384264991291239 ], [ 75.614225793464399, 17.393203615107403 ], [ 75.60853570769558, 17.420856609115688 ], [ 75.634061319465161, 17.478787422022236 ], [ 75.676163081944921, 17.459287292197512 ], [ 75.689864740709893, 17.413974661033691 ], [ 75.735864243930081, 17.42328843585279 ], [ 75.801406329190158, 17.371577957387814 ], [ 75.814165901869501, 17.375331686442824 ], [ 75.823841876244956, 17.424286554477167 ], [ 75.855218261069595, 17.4091433285828 ], [ 75.861228626765026, 17.387354147854516 ], [ 75.886569779213431, 17.418812586392555 ], [ 75.893035408518941, 17.355177580578566 ], [ 75.930650033425948, 17.325722259071473 ], [ 76.05442658622863, 17.355964638180801 ], [ 76.078722117381901, 17.331766314482532 ], [ 76.121309116953654, 17.368045331404904 ], [ 76.163409190423778, 17.342667641404958 ], [ 76.164062547585146, 17.302139254321979 ], [ 76.176053474398728, 17.29902515718603 ], [ 76.172595691255907, 17.350490916999465 ], [ 76.244838249314796, 17.376463978067971 ], [ 76.250513420505186, 17.359706564254353 ], [ 76.270751462692601, 17.358354093060921 ], [ 76.276478148028986, 17.332391371791303 ], [ 76.317917848136261, 17.331335783440533 ], [ 76.313710663352097, 17.345145955348141 ], [ 76.344402109341459, 17.35183033042733 ], [ 76.353102878430008, 17.312539231925378 ], [ 76.382630455651693, 17.313774242708298 ], [ 76.411635555205777, 17.349643987134588 ], [ 76.409034020491362, 17.371214726666231 ], [ 76.362838436721674, 17.376959452386107 ], [ 76.374018988339003, 17.436246904807231 ], [ 76.334391543962866, 17.434069362422015 ], [ 76.331506969257049, 17.47057122149667 ], [ 76.375877144668252, 17.495273251527074 ], [ 76.344218756038487, 17.496082247377956 ], [ 76.366909450375488, 17.523890380043394 ], [ 76.340730876781862, 17.544249717282032 ], [ 76.332329593719564, 17.59647455393241 ], [ 76.416591928199921, 17.605863680528145 ], [ 76.429644707913496, 17.646044327690596 ], [ 76.490387413607195, 17.662324658147877 ], [ 76.487449120464873, 17.715113130336729 ], [ 76.524821885047658, 17.716849192826256 ], [ 76.524870761466715, 17.760457288198523 ], [ 76.574615352044219, 17.761613158045417 ], [ 76.574555742930926, 17.703851428679435 ], [ 76.615872850943688, 17.769943959307167 ], [ 76.664728739312551, 17.689632402929881 ], [ 76.692199554205729, 17.681754240310529 ], [ 76.699814253169663, 17.727794161542512 ], [ 76.729348565664111, 17.738775277064271 ], [ 76.717403301306391, 17.783621494635121 ], [ 76.764576278428933, 17.78884845546289 ], [ 76.790048388758024, 17.828180013805522 ], [ 76.739188461815374, 17.85869255140426 ], [ 76.742381281373355, 17.899597209861952 ], [ 76.767739637814572, 17.90004183518456 ], [ 76.776376218033718, 17.878614440507235 ], [ 76.804683238985774, 17.869999247396937 ], [ 76.81014022874345, 17.884753861538499 ], [ 76.88326099557392, 17.894770039562669 ], [ 76.918616049803276, 17.916813150751175 ], [ 76.91986172304459, 18.034808229569862 ], [ 76.956859632451355, 18.041282572762075 ], [ 76.949236042151057, 18.075315472480249 ], [ 76.970519868117762, 18.098648108385806 ], [ 76.924681821190873, 18.11758727903177 ], [ 76.956291975580228, 18.186312263780028 ], [ 76.990148949805473, 18.189926140130197 ], [ 77.000059769342911, 18.168336547590741 ], [ 77.026356610968122, 18.164190331473492 ], [ 77.035205381843525, 18.185268140610724 ], [ 77.060112306030305, 18.153913700090133 ], [ 77.111458305960454, 18.154287175860095 ], [ 77.118902440305192, 18.169183131904497 ], [ 77.098065900043537, 18.196629818585912 ], [ 77.152642310691505, 18.218113001939923 ], [ 77.173205814515811, 18.282360198535464 ], [ 77.208954568237957, 18.279489274335326 ], [ 77.198150815001028, 18.314179555566898 ], [ 77.212734299354949, 18.315224037602238 ], [ 77.247860912214705, 18.37202279293783 ], [ 77.23566160753272, 18.387549743363593 ], [ 77.24302706958926, 18.410041046322664 ], [ 77.328574944010697, 18.456531901435014 ], [ 77.345100380549283, 18.4317437038621 ], [ 77.372724859658859, 18.449113420989189 ], [ 77.372857559450352, 18.402231230319639 ], [ 77.413310640721505, 18.39010553691433 ], [ 77.394993892232989, 18.367511285265937 ], [ 77.401514827135614, 18.349115726341555 ], [ 77.361925235577957, 18.312274071430618 ], [ 77.439649379409545, 18.308193187969646 ], [ 77.440216977167879, 18.283785571206124 ], [ 77.468756105480026, 18.261757737296797 ], [ 77.513667591577445, 18.280259176674488 ], [ 77.512955845639624, 18.308514192554817 ], [ 77.606676220113627, 18.279913138664931 ], [ 77.576137775660499, 18.242477801615777 ], [ 77.588592595905652, 18.218714590990427 ], [ 77.567899703641032, 18.202526007885414 ], [ 77.601462146424623, 18.153914093605771 ], [ 77.601189021360724, 18.086455819132176 ], [ 77.54937461990869, 18.055916102763049 ], [ 77.595985791596235, 18.012436461434671 ], [ 77.610442348934569, 18.020278413865238 ], [ 77.650034437558844, 17.995547585345648 ], [ 77.657281646667258, 17.971735367587389 ], [ 77.647863734348647, 17.948781297721617 ], [ 77.627568685342695, 17.960117557473037 ], [ 77.62044021325535, 17.905303917115901 ], [ 77.588946297002593, 17.910625299115466 ], [ 77.600523009069093, 17.872903862213484 ], [ 77.576517598204063, 17.87523707609585 ], [ 77.553491301608048, 17.820506349909095 ], [ 77.529685284158134, 17.829263798503582 ], [ 77.514533507338825, 17.803902751300736 ], [ 77.508124636302327, 17.785060769411672 ], [ 77.569760481730384, 17.766681304978849 ], [ 77.565841614816478, 17.749698584649046 ], [ 77.453918817856149, 17.693838119692987 ], [ 77.443525484602034, 17.58414471018855 ], [ 77.493734941130043, 17.569024878862628 ], [ 77.505384242400652, 17.543677813648941 ], [ 77.531241135434968, 17.576017395572617 ], [ 77.552258067879421, 17.552298307276526 ], [ 77.593779780933872, 17.565627676775076 ], [ 77.595703793881384, 17.535593935808674 ], [ 77.660746455367473, 17.524345405865773 ], [ 77.692203736391747, 17.50160617541858 ], [ 77.688220464220919, 17.475953755558102 ], [ 77.652218332313055, 17.484227445405114 ], [ 77.656885271878409, 17.506272062596 ], [ 77.644546505978781, 17.479053492305191 ], [ 77.615005372447939, 17.472959996760437 ], [ 77.614683190037738, 17.447272270657347 ], [ 77.577170473410547, 17.45719449207462 ], [ 77.576546036891799, 17.432539464131217 ], [ 77.537364281530145, 17.443923352885456 ], [ 77.51399334837248, 17.430220320829282 ], [ 77.514537794338139, 17.415524263758989 ], [ 77.539417540889218, 17.407122321394898 ], [ 77.531932947909127, 17.375170306665343 ], [ 77.502988139240799, 17.357110661013614 ], [ 77.455343350838319, 17.373459030988275 ], [ 77.458870480169097, 17.340921793584556 ], [ 77.437766100806513, 17.291317372019375 ], [ 77.458308292749621, 17.278987471136645 ], [ 77.418670110238949, 17.233006855667519 ], [ 77.384018839235665, 17.222860335431573 ], [ 77.402517322522399, 17.211894880113988 ], [ 77.363635073124186, 17.16476466339164 ], [ 77.38003584128964, 17.141081442994572 ], [ 77.466564447582172, 17.107405945917829 ], [ 77.503468352261635, 17.010835912575882 ], [ 77.482399342997866, 16.993763941860745 ], [ 77.471798190543652, 16.92071706534994 ], [ 77.457416927500489, 16.912618079006084 ], [ 77.475305054210466, 16.782917452428368 ], [ 77.441610829367519, 16.786948678597696 ], [ 77.427507232306553, 16.718336897962331 ], [ 77.471020123736494, 16.71580372000588 ], [ 77.469264543926968, 16.682192958270189 ], [ 77.420687255700258, 16.66668279568103 ], [ 77.437114103759583, 16.64156696910959 ], [ 77.473649797685269, 16.650871616416985 ], [ 77.458074091389904, 16.617777679660595 ], [ 77.468471051827464, 16.588247453384103 ], [ 77.395561806980595, 16.569164950197461 ], [ 77.41985162345523, 16.54802685773334 ], [ 77.419547090739428, 16.521889319077541 ], [ 77.383223396523491, 16.514754740809334 ], [ 77.370421084194007, 16.488149784226049 ], [ 77.300588870731147, 16.49541113360916 ], [ 77.295954355618392, 16.47760305858926 ], [ 77.238991066239336, 16.471971134742926 ], [ 77.288648051606231, 16.407044059624312 ], [ 77.347083053369673, 16.38386674485248 ], [ 77.416082499242648, 16.366943590920616 ], [ 77.499015627997878, 16.380140809254712 ], [ 77.596402711817319, 16.342048307212426 ], [ 77.597101788182258, 16.294711803199657 ], [ 77.569758961362652, 16.3022652213367 ], [ 77.53850304254459, 16.267183330285349 ], [ 77.50586662962057, 16.272314127790732 ], [ 77.492174091313942, 16.254334029930789 ], [ 77.493404075496898, 16.22889301763265 ], [ 77.515448945785494, 16.227909042634359 ], [ 77.499983505121762, 16.2175703896167 ], [ 77.488299896662724, 16.163176153633177 ], [ 77.491407747675169, 16.120445875414543 ], [ 77.514201866079304, 16.108257412624564 ], [ 77.497671259713471, 16.088507245754805 ], [ 77.507752226290791, 16.077992315380325 ], [ 77.495543894732222, 16.035436638063217 ], [ 77.514982416432034, 16.007114784518322 ], [ 77.514409428044246, 15.925835427279996 ], [ 77.431151358686122, 15.947112217259189 ], [ 77.380830078157828, 15.938005634059813 ], [ 77.253173523833524, 15.962304868198757 ], [ 77.184708729935863, 15.954539775002905 ], [ 77.080627297045211, 15.914131942526637 ], [ 77.026036204686463, 15.836192202028039 ], [ 77.067778207039908, 15.827641802749765 ], [ 77.051018837351961, 15.729584905078649 ], [ 77.080293251794004, 15.72603231705091 ], [ 77.079961251519819, 15.695539588405664 ], [ 77.129182983225107, 15.663814002911177 ], [ 77.120409829263238, 15.629902012743361 ], [ 77.085532168909268, 15.657553154091671 ], [ 77.033240165381045, 15.638504951851159 ], [ 77.030685055023213, 15.504809601637255 ], [ 76.975806164870519, 15.51105220563281 ], [ 76.974319482651808, 15.49567036812075 ], [ 77.031544014437131, 15.440077027250927 ], [ 77.0422906065657, 15.363778217065301 ], [ 77.065938327779051, 15.326942357201114 ], [ 77.114173392717859, 15.332422217407343 ], [ 77.119963882278824, 15.295042437772809 ], [ 77.152555270637393, 15.290917712013108 ], [ 77.149812690196669, 15.271319306714288 ], [ 77.168883917822114, 15.264377307886749 ], [ 77.144915153028919, 15.256820479249612 ], [ 77.125537355778988, 15.226517770527698 ], [ 77.154688365363768, 15.213242780869079 ], [ 77.168022978290892, 15.166751946616872 ], [ 77.136835176013008, 15.148068422716673 ], [ 77.158869209359281, 15.125968425853301 ], [ 77.132403499260448, 15.09908625195426 ], [ 77.114383053449671, 15.034065348592192 ], [ 77.086822091975023, 15.027747314592544 ], [ 77.083569881384207, 15.005492377593127 ], [ 77.045652462476269, 15.010898657553968 ], [ 77.051508784568725, 15.034604011826023 ], [ 77.005184953602367, 15.034927565329216 ], [ 76.986242278718734, 15.015681292166065 ], [ 76.880833367668714, 15.033833525934144 ], [ 76.864618371784516, 15.061807454617623 ], [ 76.800767604840843, 15.095711467004183 ], [ 76.777983545784323, 15.076349752483063 ], [ 76.788433101592744, 15.021698552429262 ], [ 76.76080956709913, 14.988002748080714 ], [ 76.767620215129867, 14.974923217030176 ], [ 76.831965286434468, 14.956174296124672 ], [ 76.868626120245992, 14.969222729292566 ], [ 76.869679154154895, 14.942834463884664 ], [ 76.864538629456433, 14.896463987166015 ], [ 76.847966117184683, 14.891675860225444 ], [ 76.853045687770546, 14.809383014493985 ], [ 76.838045505848967, 14.79026550472547 ], [ 76.784466670664145, 14.78453761675472 ], [ 76.802288567329413, 14.739947944076276 ], [ 76.775497319741859, 14.679223317067782 ], [ 76.765190298201276, 14.601729112141109 ], [ 76.780619014295056, 14.595803115227085 ], [ 76.804209326881903, 14.533312061220672 ], [ 76.832147777538026, 14.528679092116629 ], [ 76.874973228516438, 14.474191205655728 ], [ 76.911378021933857, 14.489940834181414 ], [ 76.978476059795767, 14.484176175614014 ], [ 76.969434832570002, 14.457653544749931 ], [ 76.948825319169643, 14.450982063517232 ], [ 76.946652228552651, 14.405463354704942 ], [ 76.918071951734177, 14.419418783139362 ], [ 76.888042975471819, 14.396141266618969 ], [ 76.884048400204563, 14.352280314829459 ], [ 76.904018309016593, 14.325185000121621 ], [ 76.955353796297587, 14.3000879156371 ], [ 76.930040450777469, 14.278216771553577 ], [ 76.948753017821033, 14.24241683191992 ], [ 77.055230541101579, 14.245811080963453 ], [ 77.081065336517455, 14.215692715241113 ], [ 77.110888779242146, 14.219669534363728 ], [ 77.117650456575973, 14.293849482437809 ], [ 77.137644441251098, 14.336903855774553 ], [ 77.157920108992144, 14.34408094211663 ], [ 77.238012973288008, 14.317570343997053 ], [ 77.287301082767669, 14.337669861743304 ], [ 77.285820210733178, 14.282700454376798 ], [ 77.365702832515467, 14.276089875637123 ], [ 77.361897802382558, 14.236835639012147 ], [ 77.390412077504337, 14.198709448933148 ], [ 77.422372440331998, 14.21887654859389 ], [ 77.381461987192552, 14.301942737919475 ], [ 77.392106852865098, 14.331608831672341 ], [ 77.432422748301263, 14.327622998508017 ], [ 77.43411942230442, 14.311686590300317 ], [ 77.448966907832144, 14.316602554461756 ], [ 77.450284380685758, 14.284437549803986 ], [ 77.486110750657915, 14.291718290000849 ], [ 77.506208893473442, 14.267526370211879 ], [ 77.496944949202884, 14.234662067640173 ], [ 77.517335459476428, 14.17914908368425 ], [ 77.507439433122116, 14.158092852335297 ], [ 77.416442299996888, 14.176679311979322 ], [ 77.396388566917253, 14.172188189930312 ], [ 77.383366186568765, 14.136539659995524 ], [ 77.354357161953516, 14.131237522089799 ], [ 77.351205278977346, 14.102935683618746 ], [ 77.396489481728821, 14.125551151612754 ], [ 77.402229781258129, 14.110442107808844 ], [ 77.344658823826208, 14.06079202526084 ], [ 77.332903527955594, 14.029908740338849 ], [ 77.390257154635634, 14.014449914473742 ], [ 77.382586774989718, 13.976227088815392 ], [ 77.437703295996656, 13.975990202314872 ], [ 77.435790867528056, 13.950579341697505 ], [ 77.414754626891323, 13.943305333095601 ], [ 77.432770695824544, 13.909324778016487 ], [ 77.404172332379332, 13.887784049766553 ], [ 77.397480394816355, 13.904911925755144 ], [ 77.35527660750563, 13.903678735802918 ], [ 77.34951933994482, 13.919355612944203 ], [ 77.36952014722975, 13.949420179035048 ], [ 77.350586773279204, 13.957970774012132 ], [ 77.360608538351173, 13.98938002879863 ], [ 77.337097737094751, 13.997373756423457 ], [ 77.320162077592414, 14.031769143676602 ], [ 77.285092292744864, 14.013804083361167 ], [ 77.278055016586677, 14.034978672449791 ], [ 77.249064363743088, 14.013148940207753 ], [ 77.1776727076751, 14.015315623454473 ], [ 77.153577084784004, 13.99831227648505 ], [ 77.127187756925849, 14.048776451978656 ], [ 77.029488456826357, 14.05968739474995 ], [ 77.029741853502841, 14.08975872682251 ], [ 77.013989899648791, 14.104477990413653 ], [ 77.025442051866847, 14.178993173239917 ], [ 76.947002567538263, 14.195456069956187 ], [ 76.942354226107611, 14.172051600352136 ], [ 76.896672664658325, 14.165096121795743 ], [ 76.888935101431244, 14.137144490216844 ], [ 76.932363623779452, 14.13339324893489 ], [ 76.951810105101828, 14.091516691942189 ], [ 76.980629028432901, 14.071603767071402 ], [ 76.977151028956811, 14.058730108478089 ], [ 76.943496465992553, 14.053889167750024 ], [ 76.936645427070317, 14.029034176037902 ], [ 77.000165644323346, 13.987940860206718 ], [ 76.994822521287375, 13.963154319931629 ], [ 77.041845396334736, 13.93217489035297 ], [ 77.047334513481161, 13.904012734965228 ], [ 77.023259360632039, 13.899941655760294 ], [ 77.012011617410892, 13.85668652006138 ], [ 76.974365074167437, 13.820958711942291 ], [ 76.989748069786643, 13.810793150824601 ], [ 76.998732991603546, 13.749223947750986 ], [ 77.017624660433384, 13.739434905111581 ], [ 77.032559616837702, 13.778150086268399 ], [ 77.066371451620086, 13.745653087347709 ], [ 77.087003112672235, 13.744224165125182 ], [ 77.101672200736587, 13.767719791042023 ], [ 77.173222369092699, 13.761632806909924 ], [ 77.168788710436147, 13.827634275597589 ], [ 77.130276908859372, 13.85618965460397 ], [ 77.168959467917631, 13.863840080395491 ], [ 77.162340296849052, 13.906609815889786 ], [ 77.183453472397147, 13.924225946606558 ], [ 77.185324925880224, 13.866723601018416 ], [ 77.203458680440647, 13.866445272861052 ], [ 77.211502642450355, 13.888062856082525 ], [ 77.218129721974591, 13.868359158547236 ], [ 77.240470821483854, 13.901868301644885 ], [ 77.257194346741812, 13.846502881190249 ], [ 77.313812313605567, 13.864352339763055 ], [ 77.326977917527685, 13.832921679085032 ], [ 77.366529528106042, 13.852884043668334 ], [ 77.379972210027617, 13.838545794405681 ], [ 77.431770662254721, 13.842476484113732 ], [ 77.415915941623012, 13.806602518803212 ], [ 77.436000093243308, 13.795405634009054 ], [ 77.447907434242467, 13.809705616945527 ], [ 77.464845900366356, 13.804491045472828 ], [ 77.470107904184857, 13.751092862168427 ], [ 77.452334562667417, 13.703287936634792 ], [ 77.457300505121836, 13.683351114775157 ], [ 77.484114002015957, 13.685210447891366 ], [ 77.494952382954537, 13.714387035411812 ], [ 77.52926027915403, 13.695553359916198 ], [ 77.527305129728575, 13.751463655032586 ], [ 77.547190259009795, 13.751378997051161 ], [ 77.563858932881104, 13.724170977512562 ], [ 77.603442525178252, 13.751335904985233 ], [ 77.62918716910302, 13.735220347426969 ], [ 77.644711009246748, 13.743081664065093 ], [ 77.618337705298302, 13.763213746548317 ], [ 77.657021545914887, 13.783663199715042 ], [ 77.678209326897601, 13.785354140876386 ], [ 77.671708416432551, 13.760132328690636 ], [ 77.703603537843421, 13.769349745676365 ], [ 77.71690750940293, 13.740714592129509 ], [ 77.720929564112708, 13.798444128216401 ], [ 77.786685145668656, 13.820924730116189 ], [ 77.784206134285881, 13.843903524268841 ], [ 77.835971352310963, 13.868679627095135 ], [ 77.814476260733485, 13.91661056996333 ], [ 77.826404914104685, 13.942840682455595 ], [ 77.895283944408973, 13.939266417184882 ], [ 77.92000883445229, 13.905418190239441 ], [ 77.969706524276177, 13.958173416521538 ], [ 77.987069152603851, 13.955894003189059 ], [ 77.98657714757168, 13.901654161963842 ], [ 77.950964445592334, 13.888486739811441 ], [ 77.953181955356555, 13.828300975886597 ], [ 77.974421921869038, 13.82853284228128 ], [ 77.993783021515583, 13.870026151095177 ], [ 78.04658126521241, 13.861318887292136 ], [ 78.049849709202149, 13.895154234434614 ], [ 78.122469127218665, 13.849519681615829 ], [ 78.127278875254007, 13.785616731532921 ], [ 78.093955009243913, 13.742193415185376 ], [ 78.11851962364554, 13.718998689234581 ], [ 78.114546369604525, 13.693198273535348 ], [ 78.073122194765688, 13.69689543093202 ], [ 78.067432156343514, 13.675698365346793 ], [ 78.089922436086226, 13.644139095951116 ], [ 78.165092322997296, 13.65764339573837 ], [ 78.169926057687462, 13.632410346234694 ], [ 78.203405998319056, 13.625209730629653 ], [ 78.192805503067646, 13.565477241299636 ], [ 78.237277431252409, 13.596366809093118 ], [ 78.259328715263351, 13.583509048480002 ], [ 78.4007040945814, 13.587593179471785 ], [ 78.372661582044145, 13.461652516747556 ], [ 78.381483626800687, 13.40066574997071 ], [ 78.365391728744228, 13.364744175894934 ], [ 78.407729128554806, 13.342120655765347 ], [ 78.377325047950166, 13.329787092661098 ], [ 78.401658200781597, 13.313513147176252 ], [ 78.434897545986402, 13.328967629529899 ], [ 78.446478493476349, 13.308261479252241 ], [ 78.482305859295352, 13.317892431918695 ], [ 78.483140552306921, 13.301122174395429 ], [ 78.531534494077292, 13.265730501249955 ], [ 78.539467746249187, 13.285994249370715 ], [ 78.561374098411548, 13.286203633134027 ], [ 78.566401791050211, 13.309588036324907 ], [ 78.588295223725623, 13.272301167398552 ], [ 78.569744529675944, 13.237376161387399 ], [ 78.579591793079373, 13.2145502252288 ], [ 78.551851694742979, 13.197509078610866 ], [ 78.580071192639423, 13.166832793768915 ], [ 78.549728986714825, 13.161865947499814 ], [ 78.546429832618628, 13.141050371396988 ], [ 78.519708876114223, 13.12985824753245 ], [ 78.538979884357502, 13.10769663285256 ], [ 78.512918088552595, 13.091952160323039 ], [ 78.515633460077566, 13.063097827747345 ], [ 78.462556227011149, 13.041777514493559 ], [ 78.46903096232279, 12.973570822063303 ], [ 78.43367637852883, 12.978856183087611 ], [ 78.438419002697529, 12.960813079960298 ], [ 78.412142941486707, 12.943006309047892 ], [ 78.418737080005897, 12.918383758476216 ], [ 78.428099632249925, 12.93049662530948 ], [ 78.467367417211037, 12.903159915905619 ], [ 78.465536179642271, 12.863606880112775 ], [ 78.447013908221606, 12.911017002773058 ], [ 78.389420141877793, 12.905432705170536 ], [ 78.356383468144443, 12.938195959520808 ], [ 78.338158606465811, 12.899362372273426 ], [ 78.324440255958919, 12.898729924177799 ], [ 78.321897260583711, 12.883941403521883 ], [ 78.338488633675325, 12.884193157959071 ], [ 78.315051501181145, 12.875869906095152 ], [ 78.314105719073993, 12.857328527492497 ], [ 78.251974382694357, 12.857411662584507 ], [ 78.231643409694016, 12.762635916335809 ], [ 78.131418744225797, 12.77983000866552 ], [ 78.057183266380036, 12.851959559537118 ], [ 78.025280109405003, 12.855434956329265 ], [ 78.003667180276011, 12.823171675885506 ], [ 78.011887141047666, 12.804975301602566 ], [ 77.991780839814979, 12.805129875480478 ], [ 77.955744955847194, 12.858691627736301 ], [ 77.943198381216988, 12.822300071915535 ], [ 77.920633703711772, 12.829021662690682 ], [ 77.944601118113852, 12.865376293960459 ], [ 77.929781820265049, 12.872799433131087 ], [ 77.934382078761544, 12.887137929204011 ], [ 77.892292397679185, 12.867621282687407 ], [ 77.835485616882821, 12.8680934734969 ], [ 77.794715174298389, 12.842854793823975 ], [ 77.810908711622346, 12.829900247965863 ], [ 77.809435111938683, 12.795985222179413 ], [ 77.781551039019121, 12.768921615170505 ], [ 77.792907208966923, 12.747945193696864 ], [ 77.763014204887952, 12.734184582312274 ], [ 77.773030584672355, 12.723572122086047 ], [ 77.760258920136607, 12.696269143592689 ], [ 77.737215902569218, 12.691928827387251 ], [ 77.741410562757906, 12.673074226555507 ], [ 77.713742535700845, 12.682766932445871 ], [ 77.705388861145607, 12.660271010517633 ], [ 77.688252180876418, 12.658010126682607 ], [ 77.664064374521686, 12.683093227023033 ], [ 77.599974150190704, 12.666345027715339 ], [ 77.607566396804671, 12.629871220073138 ], [ 77.579818769943017, 12.566774415442934 ], [ 77.588405095893762, 12.51591577564513 ], [ 77.61633669651637, 12.508759830172005 ], [ 77.585309488818496, 12.47730772649326 ], [ 77.635284612847613, 12.486289535920539 ], [ 77.630275328249425, 12.417548648788472 ], [ 77.614085311845386, 12.362829339188568 ], [ 77.552940052707513, 12.292707124788954 ], [ 77.480253115665519, 12.27072809661804 ], [ 77.475830362139064, 12.211155175826875 ], [ 77.521637518022715, 12.19298733214408 ], [ 77.614673195669994, 12.204359017218176 ], [ 77.730407769848028, 12.180986096936294 ], [ 77.779613630686953, 12.115218365378794 ], [ 77.700611858610813, 12.019469521465954 ], [ 77.67594019166404, 11.949215389928099 ], [ 77.534522535609838, 11.930688948814511 ], [ 77.495148805343021, 11.941514364026926 ], [ 77.487759481697694, 11.885158051558522 ], [ 77.463567215977818, 11.897599051675536 ], [ 77.467169525017241, 11.848229315367652 ], [ 77.430195804011007, 11.759752197673073 ], [ 77.370221544934466, 11.78772688396786 ], [ 77.336789267047692, 11.767815953755509 ], [ 77.295278848217748, 11.807117874645485 ], [ 77.252085048583567, 11.811123157362042 ], [ 77.237390832248323, 11.792387149179913 ], [ 77.112831921328009, 11.771497242843152 ], [ 77.119416887179696, 11.721219409972425 ], [ 77.081603259874782, 11.733349698776809 ], [ 77.059948354502708, 11.766024398877102 ], [ 77.066357354033102, 11.785394793535906 ], [ 77.032078894357696, 11.772910812040575 ], [ 77.04139183748876, 11.792167152310908 ], [ 77.014024646092111, 11.811170434806321 ], [ 76.98227758170276, 11.809155265864838 ], [ 76.969129145775085, 11.773281668960884 ], [ 76.953888438120771, 11.789375906603674 ], [ 76.908980523496822, 11.791213317531117 ], [ 76.890228136558889, 11.732510080923324 ], [ 76.837831991186945, 11.651964052967303 ], [ 76.860435386611314, 11.609752268458376 ], [ 76.84683148054485, 11.582377908788953 ], [ 76.825937011730105, 11.605052583374253 ], [ 76.755413472263626, 11.618229735701187 ], [ 76.568571336077056, 11.617426638823121 ], [ 76.548743113658006, 11.677754796126655 ], [ 76.512340364250662, 11.705198967579873 ], [ 76.459375688958175, 11.662192825612658 ], [ 76.41805583134925, 11.671554288805673 ], [ 76.404109191002192, 11.708021280703475 ], [ 76.426666580471633, 11.724062484045755 ], [ 76.415337618373272, 11.760278028580712 ] ] ], [ [ [ 74.079782629335156, 14.790425247998103 ], [ 74.087866578252559, 14.791452665095184 ], [ 74.084522310060635, 14.787521421318631 ], [ 74.079782629335156, 14.790425247998103 ] ] ], [ [ [ 74.055405154166777, 14.820034730704679 ], [ 74.056811462106069, 14.812124594698307 ], [ 74.050962285015899, 14.815039116776422 ], [ 74.055405154166777, 14.820034730704679 ] ] ], [ [ [ 74.087458102195001, 14.834172010029183 ], [ 74.094045916528088, 14.831614093312149 ], [ 74.089255726834651, 14.828060919271341 ], [ 74.087458102195001, 14.834172010029183 ] ] ], [ [ [ 74.091598316075746, 14.840744354012593 ], [ 74.098108835092049, 14.845203677525008 ], [ 74.100384443891272, 14.838426094249082 ], [ 74.091598316075746, 14.840744354012593 ] ] ], [ [ [ 74.094043173819529, 14.876486753196593 ], [ 74.09544510141582, 14.868584071328522 ], [ 74.08959463043702, 14.87149376569691 ], [ 74.094043173819529, 14.876486753196593 ] ] ], [ [ [ 74.188039925073682, 14.875371766287959 ], [ 74.195213757428803, 14.871089720312098 ], [ 74.186568899931515, 14.872556237502122 ], [ 74.188039925073682, 14.875371766287959 ] ] ], [ [ [ 74.309106801003779, 15.798563100352087 ], [ 74.265022011276713, 15.794450074082464 ], [ 74.260347634145987, 15.826894290287489 ], [ 74.289746733360204, 15.83079594648294 ], [ 74.309106801003779, 15.798563100352087 ] ] ], [ [ [ 74.692247426195706, 13.328391828653494 ], [ 74.69734232878082, 13.330022095464003 ], [ 74.695620976880676, 13.326665747489539 ], [ 74.692247426195706, 13.328391828653494 ] ] ], [ [ [ 74.730936468873452, 13.640051173346002 ], [ 74.742453275072748, 13.643293638843422 ], [ 74.744634880044785, 13.640869484607926 ], [ 74.730936468873452, 13.640051173346002 ] ] ], [ [ [ 77.268733105455496, 18.455232777652888 ], [ 77.274899144818463, 18.474858362417741 ], [ 77.300949956186983, 18.476736019200622 ], [ 77.293949572642887, 18.458249885839798 ], [ 77.268733105455496, 18.455232777652888 ] ] ] ] } },
{ "type": "Feature", "properties": { "ST_NM": "Kerala", "state_id": "kerala" }, "geometry": { "type": "Polygon", "coordinates": [ [ [ 76.832092457862331, 10.310697095317945 ], [ 76.851160179986522, 10.285702657012772 ], [ 76.876910562717242, 10.29819946052722 ], [ 76.87499987813888, 10.275212479216826 ], [ 76.905206396887039, 10.240895364524297 ], [ 76.984000723369164, 10.217076753929963 ], [ 77.051875940246774, 10.256745124579819 ], [ 77.047081920564665, 10.280747854897296 ], [ 77.065141445741958, 10.294099778800677 ], [ 77.176425866421823, 10.355170985181482 ], [ 77.235818482907007, 10.349343008573927 ], [ 77.228214763904802, 10.314823617518909 ], [ 77.264502493951568, 10.262856447013098 ], [ 77.260566197578555, 10.229708103073378 ], [ 77.284061465525753, 10.233490402551604 ], [ 77.294617272307462, 10.216432587785945 ], [ 77.274130160170941, 10.128208699435977 ], [ 77.23935282205764, 10.127486172390055 ], [ 77.201997874805869, 10.101447841740958 ], [ 77.262662881864301, 10.029329965799516 ], [ 77.255477251430406, 10.009200074523893 ], [ 77.276179239352274, 9.972830105640556 ], [ 77.219231579870112, 9.903278613913272 ], [ 77.213950527685114, 9.874912187350805 ], [ 77.238616132936471, 9.857991602629806 ], [ 77.223923281295157, 9.823468717527351 ], [ 77.249146572110632, 9.797532066520818 ], [ 77.224926386393165, 9.788878344294336 ], [ 77.2234874892427, 9.730593146692703 ], [ 77.205170082654931, 9.724384943526413 ], [ 77.206990189550211, 9.695046461666836 ], [ 77.167292542048088, 9.61475525858199 ], [ 77.211488110506991, 9.613044881668856 ], [ 77.238536237398918, 9.581692755818125 ], [ 77.270841443852532, 9.573987997477513 ], [ 77.320212357088892, 9.602176800181107 ], [ 77.340834911798225, 9.572382785248173 ], [ 77.356903875651128, 9.604286990436043 ], [ 77.367369920926066, 9.597300696295255 ], [ 77.351981035634495, 9.566044107566814 ], [ 77.366784836035094, 9.535532034641131 ], [ 77.387057736844341, 9.517972632896672 ], [ 77.403111111983335, 9.526071662432605 ], [ 77.412687046214188, 9.505892350255122 ], [ 77.395102724320211, 9.460039839646699 ], [ 77.368062692075767, 9.458915076392367 ], [ 77.350696054946866, 9.440205456617843 ], [ 77.328035587348808, 9.336952557131616 ], [ 77.300755694934097, 9.336451689542788 ], [ 77.300191211729626, 9.309873155027827 ], [ 77.283496245589092, 9.299800482565168 ], [ 77.283709616386091, 9.21769770381273 ], [ 77.253514071890905, 9.187967483310768 ], [ 77.268841373833922, 9.151839671399731 ], [ 77.212902667550381, 9.097030611670984 ], [ 77.199239846426053, 9.045050121108286 ], [ 77.170842355180582, 9.045019308327175 ], [ 77.149264913274692, 9.020235823252612 ], [ 77.19759817582684, 8.955499343604597 ], [ 77.197952900330634, 8.924202927628938 ], [ 77.222338638143142, 8.925920702120736 ], [ 77.223920008294783, 8.901689237536241 ], [ 77.259376807544726, 8.873368731893459 ], [ 77.265029628043507, 8.840462946037137 ], [ 77.232728251776493, 8.784202296119103 ], [ 77.201014670902254, 8.769455023283562 ], [ 77.194586578508464, 8.743328333061683 ], [ 77.173333182051351, 8.74580230780373 ], [ 77.284119975370999, 8.545841638659612 ], [ 77.266554643930164, 8.50967847822271 ], [ 77.205349136620555, 8.501487451851542 ], [ 77.22863517343032, 8.445848151232632 ], [ 77.207740573967911, 8.442811642670899 ], [ 77.172836161117701, 8.385348564302488 ], [ 77.153913065211398, 8.38638397702055 ], [ 77.154960072225876, 8.353487740256138 ], [ 77.173841578295338, 8.359284634614143 ], [ 77.179022324817609, 8.320358967936183 ], [ 77.141181397527291, 8.33069695001017 ], [ 77.10005572678736, 8.291355916213941 ], [ 76.98276136558232, 8.380341253561658 ], [ 76.970992337286589, 8.412842799142064 ], [ 76.671756828122398, 8.790378248969331 ], [ 76.60320840300183, 8.867833256805955 ], [ 76.549518589903897, 8.898146498801466 ], [ 76.507395036635543, 9.040719782714538 ], [ 76.342865642504336, 9.402734418973768 ], [ 76.243280291647736, 9.969274402185379 ], [ 76.20236564598919, 10.049007224795629 ], [ 76.098199144574039, 10.384031955560161 ], [ 76.043021978505578, 10.494421444543869 ], [ 76.058469974657143, 10.479572058311739 ], [ 76.04022070648395, 10.521885020049615 ], [ 76.054978534675101, 10.526731159680962 ], [ 76.06867982972993, 10.509459532690776 ], [ 76.065746805129379, 10.535251012730599 ], [ 76.041447719557041, 10.565603584327812 ], [ 76.048299330191099, 10.533034415068668 ], [ 76.03547272607166, 10.528481552337897 ], [ 76.032909071891723, 10.506709286579609 ], [ 75.901658455355857, 10.802517036871301 ], [ 75.852125265417044, 11.053612249178965 ], [ 75.810186956215958, 11.154161803480022 ], [ 75.823051515694573, 11.168040741058199 ], [ 75.801041879599097, 11.172076166472483 ], [ 75.73957687750935, 11.357143363414465 ], [ 75.700066180993289, 11.423415113270927 ], [ 75.620732921491992, 11.477323065919792 ], [ 75.54225985429953, 11.707127747506046 ], [ 75.529136467054386, 11.705315064715785 ], [ 75.473656964905629, 11.768473437501305 ], [ 75.458144062638368, 11.765921903751813 ], [ 75.387964549138175, 11.857792515482297 ], [ 75.357774383562088, 11.854459815785155 ], [ 75.320762740558919, 11.899087116596769 ], [ 75.309445027229728, 11.941268612357119 ], [ 75.350560966925087, 11.929562281312517 ], [ 75.31863481258911, 11.973346263642187 ], [ 75.288287140744401, 11.989597533994555 ], [ 75.296120783529346, 11.952496615694532 ], [ 75.236098083668381, 12.02344710357934 ], [ 75.204297721422719, 12.00336028449248 ], [ 75.090438944953064, 12.288935367104559 ], [ 74.990541833306722, 12.491820372329371 ], [ 74.979794358581742, 12.490309016953201 ], [ 74.863037968391765, 12.758281099956292 ], [ 74.981618901437571, 12.779507017380663 ], [ 74.99200716893688, 12.794738530215691 ], [ 75.008454225058401, 12.764735311543392 ], [ 74.98454889391536, 12.734170425991911 ], [ 75.012091066142617, 12.727163531209669 ], [ 75.007003475874058, 12.713535803742241 ], [ 75.049769610843583, 12.719075820805779 ], [ 75.047985760236017, 12.664478963391275 ], [ 75.083437074684326, 12.670848753884115 ], [ 75.08640918931188, 12.702204974901639 ], [ 75.113135040293955, 12.680383518356578 ], [ 75.151284218763067, 12.68086115242239 ], [ 75.162020358812214, 12.668603595961894 ], [ 75.143649912981743, 12.637832061159594 ], [ 75.159964214982793, 12.621604499634596 ], [ 75.202405156074008, 12.629718466551978 ], [ 75.204474355181432, 12.585194422493569 ], [ 75.224091322599605, 12.567302029729692 ], [ 75.278077581953383, 12.6163723683415 ], [ 75.329488557215996, 12.589981174712413 ], [ 75.317797263917456, 12.57344852544515 ], [ 75.278268099276033, 12.568820354478184 ], [ 75.273860621653654, 12.544612650363042 ], [ 75.282655355076642, 12.522893065037609 ], [ 75.306291291286811, 12.52208119234721 ], [ 75.306612557648634, 12.501547434830707 ], [ 75.336670460196814, 12.495083616292197 ], [ 75.34277366236843, 12.46091231899835 ], [ 75.374083111555677, 12.473684604535254 ], [ 75.3851151455505, 12.497571837038773 ], [ 75.416666637721264, 12.50165966965263 ], [ 75.424780143601637, 12.465043603830024 ], [ 75.39408367403918, 12.450030163324573 ], [ 75.368649966074486, 12.456556898478754 ], [ 75.367703799017406, 12.411955767209585 ], [ 75.423820377062754, 12.371738175599221 ], [ 75.412474135452669, 12.346346156880125 ], [ 75.432971793326374, 12.304567267373667 ], [ 75.421684048596177, 12.291431674552868 ], [ 75.485578005428223, 12.291312810703563 ], [ 75.54115502830949, 12.216286379081708 ], [ 75.536981197358699, 12.201324872390572 ], [ 75.580350485564523, 12.156066166188168 ], [ 75.638856742826704, 12.147811397577104 ], [ 75.666425805133898, 12.09665688648094 ], [ 75.705747445833339, 12.105865616039964 ], [ 75.721339448842116, 12.06766180995651 ], [ 75.756300161402081, 12.083045737095684 ], [ 75.804301016922594, 12.076891908029742 ], [ 75.797894139769312, 12.053225943610098 ], [ 75.831479428325082, 12.01157199622801 ], [ 75.831870536281244, 11.983763232677607 ], [ 75.871031156396597, 11.951499637063451 ], [ 76.003905094601549, 11.929745216820216 ], [ 76.113967851377737, 11.97694108608639 ], [ 76.122881126237857, 11.849395932632678 ], [ 76.190619830134409, 11.870240249956934 ], [ 76.207550584974157, 11.860643423760957 ], [ 76.225367409467566, 11.806606829910004 ], [ 76.279053846968878, 11.810201989307696 ], [ 76.342410601544415, 11.737437237756843 ], [ 76.415337618373272, 11.760278028580712 ], [ 76.426666580471633, 11.724062484045755 ], [ 76.404109191002192, 11.708021280703475 ], [ 76.442219180330241, 11.640559709105258 ], [ 76.387888003664131, 11.629359109366224 ], [ 76.378563078169165, 11.600396512668157 ], [ 76.343325685602608, 11.585204503404574 ], [ 76.336267017354515, 11.595398546558453 ], [ 76.305542943118255, 11.571112816843948 ], [ 76.278449692881495, 11.599634046193477 ], [ 76.23310065122152, 11.571091808771516 ], [ 76.249970029121002, 11.535478930354675 ], [ 76.247740238430893, 11.46634447755749 ], [ 76.285810618107703, 11.481306169623121 ], [ 76.328894778374377, 11.451568158294284 ], [ 76.34169698266038, 11.465589718754631 ], [ 76.398853845667631, 11.434973934163176 ], [ 76.41873288785365, 11.440639225130932 ], [ 76.416551928669762, 11.421867483749296 ], [ 76.456981477130967, 11.388558812250354 ], [ 76.518939721726952, 11.368410365910345 ], [ 76.518351692697323, 11.353888573538951 ], [ 76.54717908686392, 11.358921487191783 ], [ 76.537592259334758, 11.310778111603906 ], [ 76.549293098793129, 11.299700214511173 ], [ 76.522628145431455, 11.269262918646545 ], [ 76.455296227665727, 11.237628051521805 ], [ 76.44699463740433, 11.201707058066736 ], [ 76.461769005908749, 11.187402133169885 ], [ 76.496770595727043, 11.210047944629961 ], [ 76.63269291549571, 11.19322412306888 ], [ 76.706792181100525, 11.239036718072329 ], [ 76.735533551641936, 11.216664380609755 ], [ 76.731166262715647, 11.192275546630361 ], [ 76.69896105657368, 11.17279229324576 ], [ 76.701176671167559, 11.152217295968434 ], [ 76.748932239462079, 11.129113731477423 ], [ 76.744397962069925, 11.101179247760758 ], [ 76.758385929259916, 11.082951391827855 ], [ 76.747479175232755, 11.055328985128263 ], [ 76.777695293791808, 11.040118999096816 ], [ 76.803045100716403, 11.050325464798314 ], [ 76.767476137675445, 11.032472062447095 ], [ 76.716836418189672, 11.039110998377515 ], [ 76.659506862959589, 10.931808368818219 ], [ 76.743438755382357, 10.888823061751562 ], [ 76.828628959645911, 10.869838745802124 ], [ 76.856448647095803, 10.834607657420927 ], [ 76.851716002090882, 10.81575762619504 ], [ 76.899764661780537, 10.808087143956826 ], [ 76.909086147533387, 10.779034586782362 ], [ 76.895415015274267, 10.715564281912402 ], [ 76.867156224619123, 10.683414181017296 ], [ 76.884453196281214, 10.637614140798753 ], [ 76.816587701606309, 10.634377369318869 ], [ 76.820316116198256, 10.602518801694803 ], [ 76.841517746121937, 10.593144376712551 ], [ 76.81946519925981, 10.422952344525855 ], [ 76.85173729559078, 10.36782046593223 ], [ 76.832092457862331, 10.310697095317945 ] ], [ [ 75.53006149352926, 11.731813071588036 ], [ 75.54060592755016, 11.714092670895628 ], [ 75.559250411828216, 11.721127882547304 ], [ 75.543633357427936, 11.759301251411019 ], [ 75.53006149352926, 11.731813071588036 ] ] ] } },
{ "type": "Feature", "properties": { "ST_NM": "Lakshadweep", "state_id": "lakshadweep" }, "geometry": { "type": "MultiPolygon", "coordinates": [ [ [ [ 72.257178279512701, 10.010370897682503 ], [ 72.235015264540735, 10.016960460210772 ], [ 72.244512762313548, 10.055933400352924 ], [ 72.329583493761433, 10.139057972418483 ], [ 72.342245587680836, 10.09927740105697 ], [ 72.322649959084245, 10.056417217446441 ], [ 72.257178279512701, 10.010370897682503 ] ] ], [ [ [ 72.167276207415355, 10.809478904947866 ], [ 72.195091723508739, 10.870356083640955 ], [ 72.206550736197627, 10.877821308782261 ], [ 72.176929514167441, 10.816437909546922 ], [ 72.167276207415355, 10.809478904947866 ] ] ], [ [ [ 72.287592849937553, 10.945404240247237 ], [ 72.29356847144436, 10.935108380560401 ], [ 72.285834330589637, 10.934465653458787 ], [ 72.287592849937553, 10.945404240247237 ] ] ], [ [ [ 72.31707174409253, 10.948237376997332 ], [ 72.316568802702946, 10.941456187938178 ], [ 72.31542461736629, 10.941985028454356 ], [ 72.31707174409253, 10.948237376997332 ] ] ], [ [ [ 72.334038686243559, 10.951645427285817 ], [ 72.331890587638867, 10.948995163509384 ], [ 72.328324039978028, 10.950325292753323 ], [ 72.334038686243559, 10.951645427285817 ] ] ], [ [ [ 72.333826502908835, 10.954013434489225 ], [ 72.334725782083353, 10.951612073444744 ], [ 72.332474130417097, 10.952645730870611 ], [ 72.333826502908835, 10.954013434489225 ] ] ], [ [ [ 72.336136625517554, 10.955081561175312 ], [ 72.334554850753875, 10.957659443359328 ], [ 72.334886442339453, 10.957908815658307 ], [ 72.336136625517554, 10.955081561175312 ] ] ], [ [ [ 72.100139794106127, 11.222068410220324 ], [ 72.077513938628101, 11.132099847985378 ], [ 72.054575158872808, 11.121380319995646 ], [ 72.000943997895192, 11.193941135152427 ], [ 72.067114339602043, 11.192854603862857 ], [ 72.100139794106127, 11.222068410220324 ] ] ], [ [ [ 72.197069396566974, 11.499200963645306 ], [ 72.147935954556289, 11.502124198944308 ], [ 72.137088990928717, 11.552426715894345 ], [ 72.17436004260756, 11.606746320540697 ], [ 72.195163917604873, 11.590508117180471 ], [ 72.197069396566974, 11.499200963645306 ] ] ], [ [ [ 71.845468753373368, 11.825490769277179 ], [ 71.782011779890226, 11.835288960844354 ], [ 71.761024795794043, 11.872320707299854 ], [ 71.751760414258669, 11.927900776296161 ], [ 71.731479238254366, 11.954439168611259 ], [ 71.773353818431985, 12.00350783527797 ], [ 71.796218750153955, 11.983161671998879 ], [ 71.845468753373368, 11.825490769277179 ] ] ], [ [ [ 71.895662417790618, 12.285552868493188 ], [ 71.879539104860484, 12.390723479442741 ], [ 71.896677563974606, 12.403151497082479 ], [ 71.92662600985139, 12.37387459447292 ], [ 71.919837128027083, 12.316375651855619 ], [ 71.895662417790618, 12.285552868493188 ] ] ], [ [ [ 73.010326225826077, 8.302522945938463 ], [ 73.085282870918789, 8.324038266365299 ], [ 73.049886335628429, 8.261878896168279 ], [ 73.01048923528225, 8.270073068618585 ], [ 73.010326225826077, 8.302522945938463 ] ] ], [ [ [ 73.641200030840551, 10.054080854831557 ], [ 73.620215882512511, 10.103152906823945 ], [ 73.660246494487509, 10.155047668843423 ], [ 73.665929177196318, 10.13800950850236 ], [ 73.641200030840551, 10.054080854831557 ] ] ], [ [ [ 72.632555381370025, 10.578309656531205 ], [ 72.650981177488958, 10.561101691075505 ], [ 72.617454487517037, 10.538991463270927 ], [ 72.632555381370025, 10.578309656531205 ] ] ], [ [ [ 72.531823146538827, 10.779164073021457 ], [ 72.535915082194862, 10.783254752811859 ], [ 72.537783351175335, 10.782441605565344 ], [ 72.531823146538827, 10.779164073021457 ] ] ], [ [ [ 73.65881259977003, 10.814192193273621 ], [ 73.699757301393603, 10.81646832655704 ], [ 73.703875619603835, 10.8114818847765 ], [ 73.66301989274082, 10.801565612184234 ], [ 73.65881259977003, 10.814192193273621 ] ] ], [ [ [ 72.720309280912815, 11.111796648271751 ], [ 72.718921948131893, 11.126087167522952 ], [ 72.735155570047979, 11.135268669246663 ], [ 72.733130769104577, 11.124641149258048 ], [ 72.720309280912815, 11.111796648271751 ] ] ], [ [ [ 72.79190608090498, 11.257907698896112 ], [ 72.778093948815695, 11.214107047190531 ], [ 72.762373117266549, 11.180727589195465 ], [ 72.779547117184492, 11.240369627872116 ], [ 72.79190608090498, 11.257907698896112 ] ] ], [ [ [ 74.092197073977445, 11.203187619405799 ], [ 74.000686180591046, 11.25023444523327 ], [ 73.965056744318957, 11.305959029954927 ], [ 73.972701408873348, 11.34365414087911 ], [ 74.012078055549409, 11.348536335484848 ], [ 74.089973290672077, 11.297792731190873 ], [ 74.123133452412162, 11.234720610804271 ], [ 74.092197073977445, 11.203187619405799 ] ] ], [ [ [ 73.007777808764146, 11.467490359715596 ], [ 72.998756950077322, 11.483899482015319 ], [ 73.000685831710598, 11.497441014921545 ], [ 73.011149882635806, 11.486953728564597 ], [ 73.007777808764146, 11.467490359715596 ] ] ], [ [ [ 72.716300060257524, 11.703830876000019 ], [ 72.709110090631782, 11.679229455343465 ], [ 72.70052753399375, 11.683689343650647 ], [ 72.716300060257524, 11.703830876000019 ] ] ] ] } },
{ "type": "Feature", "properties": { "ST_NM": "Madhya Pradesh", "state_id": "madhya_pradesh" }, "geometry": { "type": "MultiPolygon", "coordinates": [ [ [ [ 76.797501855112998, 21.595078503772264 ], [ 76.764983835387156, 21.520254672228425 ], [ 76.793885629048575, 21.487533356485908 ], [ 76.786239979881344, 21.464154653336426 ], [ 76.745367027055579, 21.440822681630028 ], [ 76.734016772279503, 21.406518342666335 ], [ 76.626204311028332, 21.332856939250167 ], [ 76.662796007271353, 21.280225966397104 ], [ 76.660203611520075, 21.245659957958228 ], [ 76.644246547659506, 21.245569032142292 ], [ 76.624985430376455, 21.190544926731256 ], [ 76.560848981045993, 21.203678234026835 ], [ 76.530602741233182, 21.187165932476969 ], [ 76.492484384605874, 21.195689301864647 ], [ 76.453899637750723, 21.112806017832206 ], [ 76.412926706970325, 21.105201498207322 ], [ 76.377373516990829, 21.075264990957628 ], [ 76.282551309170913, 21.073254610854754 ], [ 76.262874616606624, 21.092624914641092 ], [ 76.169175441482295, 21.08374425881809 ], [ 76.16901014225634, 21.103323380764174 ], [ 76.136135339262211, 21.124098661918847 ], [ 76.140398027601933, 21.137947717619927 ], [ 76.114392744320085, 21.162503607077173 ], [ 76.127882005351395, 21.175768050266495 ], [ 76.167424553465764, 21.168579019253212 ], [ 76.173316904609891, 21.186130024290904 ], [ 76.164633141325425, 21.221974254345408 ], [ 76.144950770783296, 21.235887400828748 ], [ 76.159807880352446, 21.256921215391422 ], [ 76.099179350346418, 21.371609510104268 ], [ 76.052769376394565, 21.350401387494777 ], [ 75.968951766964238, 21.391641302038312 ], [ 75.888136713392186, 21.397304238216247 ], [ 75.832519950926383, 21.380995084309454 ], [ 75.732572116033751, 21.391028336397497 ], [ 75.672899078600622, 21.378072924927203 ], [ 75.608238638825441, 21.392731519653648 ], [ 75.547299539014688, 21.370247266030685 ], [ 75.467377926559379, 21.391963469101785 ], [ 75.397159026005028, 21.380770973056272 ], [ 75.360051103491671, 21.40101681913573 ], [ 75.300413156737534, 21.387075778337881 ], [ 75.298147545970224, 21.413469616006125 ], [ 75.218152777136865, 21.408712556979175 ], [ 75.113154777693026, 21.457416393272091 ], [ 75.055722197056767, 21.562756744206769 ], [ 74.899475630765892, 21.628098875838717 ], [ 74.862355513003479, 21.631921152028895 ], [ 74.828941060733428, 21.608547523398681 ], [ 74.786323156729111, 21.608814250962268 ], [ 74.588112875684374, 21.661895095624931 ], [ 74.580156185281496, 21.683189850304903 ], [ 74.555515199466583, 21.68015767464496 ], [ 74.549042087973035, 21.716465804499016 ], [ 74.507754383979062, 21.724852753049543 ], [ 74.514444098692479, 21.761787193785402 ], [ 74.500241007487546, 21.805250138783205 ], [ 74.524278051463227, 21.906779988681812 ], [ 74.490100807997024, 21.952502334983691 ], [ 74.44524373042988, 21.969170660471228 ], [ 74.432886065174912, 21.997516481527587 ], [ 74.450571240724202, 22.000290922262661 ], [ 74.442698607583083, 22.024539564799714 ], [ 74.384785787158592, 22.018256378016076 ], [ 74.350963084613213, 21.977317400023633 ], [ 74.298210437790829, 21.965628648968707 ], [ 74.285807255798815, 21.934008705396696 ], [ 74.196440142933639, 21.923956335218467 ], [ 74.141693423521772, 21.952412904091432 ], [ 74.149574249538617, 21.984750966767663 ], [ 74.100583950768467, 21.997326149403008 ], [ 74.09330019603523, 22.013844765238876 ], [ 74.17664680010094, 22.084866133982722 ], [ 74.15054305368551, 22.103787401701357 ], [ 74.126053804172571, 22.096030670332873 ], [ 74.118681008917974, 22.211170060086801 ], [ 74.071539042475393, 22.22021407678232 ], [ 74.087425450336767, 22.242013365417083 ], [ 74.05495005161788, 22.284084551803286 ], [ 74.067919991352525, 22.358545926561707 ], [ 74.108024578793902, 22.369854601909115 ], [ 74.130367938498608, 22.33055472953944 ], [ 74.187291426771623, 22.320097372981078 ], [ 74.203145817328931, 22.365758216765169 ], [ 74.223437262085014, 22.356648703143268 ], [ 74.221831867492781, 22.376309197023886 ], [ 74.24210027721513, 22.375616171794931 ], [ 74.254522501519645, 22.398095002215484 ], [ 74.290801613045161, 22.392498480566392 ], [ 74.250555777400905, 22.431108446884704 ], [ 74.201026273836206, 22.43527693084911 ], [ 74.187257980582942, 22.47599825319281 ], [ 74.183059985629725, 22.44228035798583 ], [ 74.157350103092256, 22.430320312827813 ], [ 74.140509329220365, 22.454880233548487 ], [ 74.119165533290115, 22.419023949614829 ], [ 74.101184122886565, 22.431640690340362 ], [ 74.099504132648221, 22.466051989588454 ], [ 74.074163131315643, 22.463897226516931 ], [ 74.081421593348765, 22.506754089943957 ], [ 74.054874628955503, 22.508813785767124 ], [ 74.038949394180577, 22.489118832159107 ], [ 74.030686277212467, 22.506658088649633 ], [ 74.040702671044315, 22.540392305034366 ], [ 74.062918954313432, 22.549138858589068 ], [ 74.149686940852732, 22.515562723046731 ], [ 74.191733876318239, 22.554946464774456 ], [ 74.186634417987875, 22.565482358269037 ], [ 74.21044602301312, 22.56549952507336 ], [ 74.262219950987202, 22.642800488666204 ], [ 74.378250940133782, 22.636493887047539 ], [ 74.400429128743738, 22.728502696905558 ], [ 74.436751944656578, 22.783274946504903 ], [ 74.436740240772735, 22.807167573801472 ], [ 74.462556735529333, 22.812766895012057 ], [ 74.476629919365649, 22.856305493402353 ], [ 74.449192955804847, 22.921673383104942 ], [ 74.397917029372778, 22.897112872338244 ], [ 74.359507953750594, 22.930857523415096 ], [ 74.339100967969429, 22.962474468395133 ], [ 74.368359498105477, 22.977790028801778 ], [ 74.320319357807961, 23.060464116388722 ], [ 74.388976134843205, 23.109682847267482 ], [ 74.465214237834033, 23.082860834120698 ], [ 74.510365419643591, 23.086380477585781 ], [ 74.540841842029479, 23.104412434182478 ], [ 74.54392757358859, 23.12957337880184 ], [ 74.6064648119971, 23.142242431328761 ], [ 74.667787321605417, 23.198839328851044 ], [ 74.714261095556367, 23.191966871158705 ], [ 74.744542285691281, 23.209373735156429 ], [ 74.744660763329193, 23.229962374897823 ], [ 74.693730011323083, 23.220389742542643 ], [ 74.720962648512369, 23.239786951956841 ], [ 74.699939335021455, 23.269431134193407 ], [ 74.644901177929839, 23.257073321222897 ], [ 74.570424334614472, 23.298314502198355 ], [ 74.551905659949313, 23.279973438561385 ], [ 74.516710796752122, 23.326203281478431 ], [ 74.541206256262043, 23.336136618537541 ], [ 74.544350069938304, 23.361235492421102 ], [ 74.569326107330298, 23.375162479234721 ], [ 74.572681315788955, 23.41992085141646 ], [ 74.597184798039009, 23.427116928409809 ], [ 74.612180208814635, 23.458690128648559 ], [ 74.653643749512241, 23.461705338489114 ], [ 74.699741672841057, 23.500895912722857 ], [ 74.732827426233044, 23.497707123984263 ], [ 74.784354901346617, 23.545139830683887 ], [ 74.802265648484024, 23.531148736781081 ], [ 74.844913747058726, 23.55122706734392 ], [ 74.905752294824964, 23.619920076281627 ], [ 74.939536855919812, 23.627301557675697 ], [ 74.90741378047565, 23.679773935776858 ], [ 74.940506724052071, 23.731770961705159 ], [ 74.929918138633028, 23.791103062390441 ], [ 74.910293788318967, 23.797747650997238 ], [ 74.905711278349614, 23.87081013020255 ], [ 74.921474410357604, 23.932579981634209 ], [ 74.968994203256671, 23.97652810886941 ], [ 74.993412905530008, 24.026466513874905 ], [ 74.959973464954345, 24.106873776500521 ], [ 74.936603105916504, 24.120571160909162 ], [ 74.927953659823544, 24.153955369344256 ], [ 74.900753003748022, 24.17112846093422 ], [ 74.881544145578346, 24.210346670767244 ], [ 74.906363339984182, 24.230536061768845 ], [ 74.894819977648595, 24.258491688878983 ], [ 74.870214175027215, 24.27755213961759 ], [ 74.853767987739062, 24.266840919812921 ], [ 74.753040908572913, 24.279637680803734 ], [ 74.783985877121225, 24.313734858435534 ], [ 74.787422147660763, 24.368573828616022 ], [ 74.858859508139261, 24.464152303514382 ], [ 74.818893488163766, 24.458817441357986 ], [ 74.817507409922982, 24.488034667935604 ], [ 74.779573406213544, 24.480293479607354 ], [ 74.712421429336459, 24.507940311710989 ], [ 74.757363170538071, 24.551551376452519 ], [ 74.748646405637828, 24.593744610985798 ], [ 74.790895773117953, 24.607640878019058 ], [ 74.784253520541597, 24.633652364866641 ], [ 74.818023164267245, 24.6685204237493 ], [ 74.814278685758566, 24.682995610903511 ], [ 74.776146637988759, 24.684624109317298 ], [ 74.790596764412626, 24.723505732953232 ], [ 74.780989734054742, 24.73963138049394 ], [ 74.804167826343502, 24.751704958853615 ], [ 74.800389463373335, 24.792498234100346 ], [ 74.850880413520827, 24.695449086964572 ], [ 74.893894175613312, 24.652107619084003 ], [ 74.944031508531396, 24.657077400782143 ], [ 74.96343749454357, 24.697504557393923 ], [ 75.001238400569122, 24.705105610213423 ], [ 74.994832309374871, 24.749350128244387 ], [ 75.021686731271814, 24.749350985061085 ], [ 75.022866274624874, 24.769445217025975 ], [ 75.008559635206083, 24.792664248328602 ], [ 74.918235264805247, 24.783886099250104 ], [ 74.87929720879967, 24.809933400854334 ], [ 74.85979923560383, 24.809835565235222 ], [ 74.850054909445944, 24.789451598650064 ], [ 74.838691444648134, 24.805270706172418 ], [ 74.86025673948599, 24.825784607927979 ], [ 74.825409021306797, 24.911616848184043 ], [ 74.834086555597892, 24.964241589774065 ], [ 74.854627727398338, 24.97148860959884 ], [ 74.86860029019131, 24.933694209058064 ], [ 74.886148886136809, 24.946487177927622 ], [ 74.902002610310717, 24.936451511959472 ], [ 74.913951954681337, 24.895794789189548 ], [ 74.950232537070846, 24.891455736430583 ], [ 74.946278491636434, 24.874571135586926 ], [ 75.045043307374172, 24.855778025268844 ], [ 75.05804176250011, 24.878467740136589 ], [ 75.120709023034649, 24.885495344399413 ], [ 75.117279860291831, 24.957581046314608 ], [ 75.121784264598659, 24.972206553377877 ], [ 75.166465907885751, 24.988052262812001 ], [ 75.161271343617159, 25.041859816329872 ], [ 75.175954469117286, 25.050168946764035 ], [ 75.202771743992983, 25.030842145526268 ], [ 75.348074971294068, 25.038990169470953 ], [ 75.354027424311113, 25.021338932958241 ], [ 75.321341633651514, 25.002732174764631 ], [ 75.339839288186425, 24.959309666240141 ], [ 75.316104429048224, 24.89667921155948 ], [ 75.278156536449856, 24.972997269162111 ], [ 75.268537851114331, 24.958199628362046 ], [ 75.29528331453497, 24.919436857530027 ], [ 75.269188828436725, 24.910503614977152 ], [ 75.263573598152192, 24.885961904209587 ], [ 75.313484781057753, 24.865708407608942 ], [ 75.328203000214714, 24.883239835182611 ], [ 75.374271717412569, 24.874164795211286 ], [ 75.426653051273732, 24.888883765744193 ], [ 75.419470642954266, 24.860050835085119 ], [ 75.307839530298537, 24.809598010643754 ], [ 75.281048468527331, 24.849783368002957 ], [ 75.22938843036205, 24.855488964138264 ], [ 75.252049402528584, 24.892003266377966 ], [ 75.22546446914042, 24.886368076792557 ], [ 75.210221747881164, 24.906355490380371 ], [ 75.203318830196437, 24.880564462125029 ], [ 75.229725339445977, 24.844101900478069 ], [ 75.253941271191906, 24.833483146363857 ], [ 75.248705404453659, 24.818165959330784 ], [ 75.208317990638506, 24.806300210315598 ], [ 75.187329508514352, 24.764447340019256 ], [ 75.218741548316487, 24.718784256226442 ], [ 75.225897649198572, 24.731829663517452 ], [ 75.269160218668318, 24.729040386457505 ], [ 75.454132618328799, 24.68937309718115 ], [ 75.584407426671731, 24.718721781287861 ], [ 75.615847021121667, 24.684423404373295 ], [ 75.762547328143327, 24.760665886955206 ], [ 75.789088804708769, 24.761369655242845 ], [ 75.841719563476957, 24.725685897466757 ], [ 75.830028362233591, 24.667341661687239 ], [ 75.851706772358128, 24.648891321770925 ], [ 75.830951009286721, 24.609214880723496 ], [ 75.841182005301008, 24.591551940982587 ], [ 75.8663381743401, 24.608747499236635 ], [ 75.887234043011645, 24.577570925793371 ], [ 75.92031380530743, 24.567286302702843 ], [ 75.909505675451527, 24.548021659980186 ], [ 75.927923377932672, 24.529220842213839 ], [ 75.893860167213262, 24.505439074986104 ], [ 75.914656081751005, 24.488264523274012 ], [ 75.911757319556273, 24.451992323564401 ], [ 75.849882506475723, 24.414876925094124 ], [ 75.815124276684671, 24.432709404877105 ], [ 75.817722657380202, 24.461026311253608 ], [ 75.793713509858719, 24.471129217559621 ], [ 75.786127773288982, 24.447771909365485 ], [ 75.751194901714911, 24.424391269883543 ], [ 75.757716908790854, 24.405292493020596 ], [ 75.729275858977303, 24.401276587169644 ], [ 75.740259675522069, 24.343988115859112 ], [ 75.76742694997597, 24.306675283763973 ], [ 75.813627668551746, 24.299426124103366 ], [ 75.815053909494424, 24.252873454147203 ], [ 75.829268886078964, 24.242403193164254 ], [ 75.775777452608409, 24.21692457385754 ], [ 75.74560141778386, 24.135678747793534 ], [ 75.77846910971175, 24.135024718846893 ], [ 75.791771781461421, 24.105865656195878 ], [ 75.80459895998105, 24.114374682399045 ], [ 75.814399000458366, 24.098925553987002 ], [ 75.838053297221947, 24.107390407670366 ], [ 75.835960464733844, 24.07147803803517 ], [ 75.781715136200546, 24.058171460454954 ], [ 75.764015951805675, 23.994080370224239 ], [ 75.70224842851556, 23.965238116061183 ], [ 75.671055336023031, 24.029722671027159 ], [ 75.636469807600051, 23.996038169543048 ], [ 75.58546286892107, 23.988177063271429 ], [ 75.568561070411207, 24.018968551976016 ], [ 75.515929442585218, 24.045014143876507 ], [ 75.466146980014045, 23.977079872571363 ], [ 75.457792798334879, 23.917114678945644 ], [ 75.562057577961625, 23.856274960896041 ], [ 75.577616608005272, 23.837837516475805 ], [ 75.557453414422071, 23.822268129532404 ], [ 75.584740999163785, 23.811531408097295 ], [ 75.583934745410161, 23.796692974981532 ], [ 75.653378870575821, 23.798233680495134 ], [ 75.686053417492985, 23.756850706171903 ], [ 75.700320126115244, 23.788098071953172 ], [ 75.689048496417684, 23.815489850647694 ], [ 75.719548362232018, 23.815260762390793 ], [ 75.730881550938236, 23.854422048200007 ], [ 75.699852779997329, 23.873327701497818 ], [ 75.704097069895099, 23.900252494386589 ], [ 75.751587462024091, 23.8862047479384 ], [ 75.763460140327396, 23.853080999374576 ], [ 75.778930677650948, 23.850051014745034 ], [ 75.796141336056635, 23.87046588915878 ], [ 75.862735928371478, 23.891704338608303 ], [ 75.88071277018426, 23.880661287265774 ], [ 75.978147882947709, 23.928970116047449 ], [ 75.982570635759927, 23.970390533364732 ], [ 75.962605587244468, 23.993468569287518 ], [ 75.962577467988368, 24.02136792706068 ], [ 76.004620588914122, 24.031202375023085 ], [ 76.049568443013285, 24.071599557968575 ], [ 76.137474094305531, 24.091161200171815 ], [ 76.124183752998391, 24.192227441076273 ], [ 76.157431912125475, 24.239559692791644 ], [ 76.146000741318559, 24.281076378650095 ], [ 76.172290723423529, 24.291854792309341 ], [ 76.188605631320726, 24.327255115541934 ], [ 76.209365097962973, 24.306657829847413 ], [ 76.197755254003908, 24.280553221803476 ], [ 76.218626726459647, 24.212586303989333 ], [ 76.250793553048283, 24.223673530821564 ], [ 76.285936366066267, 24.21145596615008 ], [ 76.292853028384599, 24.232763671036409 ], [ 76.330177356175867, 24.249323972781024 ], [ 76.417815622734224, 24.203110861530696 ], [ 76.42702025180472, 24.22263233319666 ], [ 76.456699527060067, 24.212491867903559 ], [ 76.473441987148078, 24.227055679409808 ], [ 76.534953905944064, 24.159138652897248 ], [ 76.583349949913966, 24.176326659931949 ], [ 76.569383740139841, 24.196438808253653 ], [ 76.601083277800669, 24.225532259958609 ], [ 76.591728239307301, 24.245172543900591 ], [ 76.617685353819212, 24.237783222580855 ], [ 76.620110955986036, 24.258434731297754 ], [ 76.672154773245296, 24.262948752564835 ], [ 76.696879973330425, 24.280593651615263 ], [ 76.706378004187286, 24.244375489182925 ], [ 76.677994519295268, 24.1890443778485 ], [ 76.704954944229002, 24.167058235250206 ], [ 76.758898815338441, 24.167695179853286 ], [ 76.805041361072171, 24.115955088092463 ], [ 76.860015478322751, 24.134539509488302 ], [ 76.904025630619287, 24.126701593678522 ], [ 76.920275651869332, 24.184277690607249 ], [ 76.937346772934774, 24.182417725352394 ], [ 76.948651314535837, 24.201828507454149 ], [ 76.878388734306597, 24.266608810952473 ], [ 76.844368818833857, 24.334210329417591 ], [ 76.841176952758019, 24.356189985558746 ], [ 76.856545092572759, 24.370332051014717 ], [ 76.840139115246501, 24.412020439590702 ], [ 76.855390156798421, 24.430822531434298 ], [ 76.842180931719483, 24.44602526787094 ], [ 76.855664943518136, 24.464528321594365 ], [ 76.818925622500061, 24.529764002322093 ], [ 76.870623904391962, 24.544734906171502 ], [ 76.883980675032106, 24.520689166028891 ], [ 76.917362611760922, 24.538933549153896 ], [ 76.919084057947956, 24.483045141615978 ], [ 76.969796032308395, 24.456249051271438 ], [ 77.006089686803477, 24.473270202043679 ], [ 77.036587584561786, 24.52412985723663 ], [ 77.054974101979624, 24.52187392629488 ], [ 77.069428720893697, 24.565225572242937 ], [ 77.064255158251996, 24.637695663748765 ], [ 77.031480807040111, 24.70616326495503 ], [ 76.976744136294741, 24.726916644951523 ], [ 76.956514699209208, 24.76069418834744 ], [ 76.914075898832522, 24.742072792118194 ], [ 76.851886617601281, 24.745683313179658 ], [ 76.851354424711658, 24.765262935725659 ], [ 76.80618280715133, 24.815093674491365 ], [ 76.836323021667397, 24.835488630170069 ], [ 76.931328713575326, 24.844985277726796 ], [ 76.953805477682295, 24.86806337864823 ], [ 76.91868563632778, 24.883069864604547 ], [ 76.925745463254955, 24.911953243732633 ], [ 76.896070701336427, 24.914861451375149 ], [ 76.859226541474513, 25.00546110940844 ], [ 76.879406985077694, 25.008259332069848 ], [ 76.886990292300908, 25.029236762062947 ], [ 76.973740658208044, 25.051039453960541 ], [ 76.998875926968452, 25.075030239511566 ], [ 77.082466249240412, 25.053061999127763 ], [ 77.119763684666438, 25.064145207449744 ], [ 77.14550897503409, 25.091235009864072 ], [ 77.163086275599284, 25.083312902772565 ], [ 77.17499572745821, 25.10873886159645 ], [ 77.267785595161982, 25.114249201189494 ], [ 77.308394412244979, 25.078872493083225 ], [ 77.392361042712082, 25.116930404702714 ], [ 77.404235502696849, 25.108240483075122 ], [ 77.396458202986423, 25.183128995435709 ], [ 77.423797519855668, 25.187954973092189 ], [ 77.412220722555503, 25.221200934209207 ], [ 77.355461921572214, 25.266673705156336 ], [ 77.378441061688079, 25.289180489694616 ], [ 77.377657168741791, 25.315099240716506 ], [ 77.369628397660961, 25.327872728307341 ], [ 77.3422511752687, 25.320468810810098 ], [ 77.367290966024086, 25.407796774710505 ], [ 77.311220226128341, 25.431253465957298 ], [ 77.28887064306798, 25.418445825043761 ], [ 77.226001057334486, 25.368321122473162 ], [ 77.220712065629641, 25.319409728722292 ], [ 77.203836278095309, 25.325437981652385 ], [ 77.210813886931419, 25.30634970092035 ], [ 77.081003742925589, 25.334638064555691 ], [ 77.044808862112177, 25.320020289747674 ], [ 77.029614834465292, 25.296082239706095 ], [ 76.96407263894389, 25.29217893581 ], [ 76.947109302538991, 25.270377137043511 ], [ 76.898486146190464, 25.317426105403172 ], [ 76.848185624444284, 25.325572340516487 ], [ 76.77519187280177, 25.307265604644044 ], [ 76.60749199269884, 25.384108131598339 ], [ 76.59394463528929, 25.426607287448007 ], [ 76.569236745798264, 25.437532276270588 ], [ 76.525317750750958, 25.52506749361487 ], [ 76.519852585303113, 25.628792438905521 ], [ 76.504561032083018, 25.643459273002804 ], [ 76.51595635267131, 25.667935265614688 ], [ 76.482920652306518, 25.690177654315676 ], [ 76.487574341972675, 25.713238937151402 ], [ 76.535892050848531, 25.729044275805052 ], [ 76.534654603202682, 25.793032882391969 ], [ 76.598251539692171, 25.869171685392359 ], [ 76.632166166185073, 25.865840622395012 ], [ 76.651773084711749, 25.903815886584766 ], [ 76.739064248731438, 25.89747185819698 ], [ 76.768205583231236, 25.916960613384958 ], [ 76.761737411991021, 25.93658637770352 ], [ 76.812204232061333, 25.947852097632733 ], [ 76.846236425617064, 26.00611923925652 ], [ 76.836424179207711, 26.02442740487453 ], [ 76.876523127242422, 26.051260870521332 ], [ 76.893952222261589, 26.088114903997166 ], [ 76.992361473303163, 26.127081051123696 ], [ 77.041175265991683, 26.176626160912235 ], [ 77.098208087302282, 26.18554985321822 ], [ 77.130646439310425, 26.23258238674892 ], [ 77.20979641676125, 26.232010443224613 ], [ 77.296793193517118, 26.290155003049076 ], [ 77.341666347512188, 26.351759173149201 ], [ 77.373282452285437, 26.36603301853604 ], [ 77.439537116836576, 26.359496169561606 ], [ 77.434873404566176, 26.401396357362035 ], [ 77.530131466661757, 26.409359329659544 ], [ 77.675202127951778, 26.502697385477891 ], [ 77.721523530738096, 26.498627448589023 ], [ 77.751964305867602, 26.539606979215868 ], [ 77.820689831809787, 26.549141159651892 ], [ 77.82817911333062, 26.594155744707422 ], [ 77.887229519975421, 26.614593921118239 ], [ 77.902477322677427, 26.656491947870617 ], [ 77.955840957605872, 26.659321100507729 ], [ 78.000238584383041, 26.696899246345179 ], [ 78.093818996944535, 26.677299608492063 ], [ 78.09730148206576, 26.732328867279776 ], [ 78.124260619940401, 26.748846866443646 ], [ 78.103886060234089, 26.766027351146828 ], [ 78.11376532328012, 26.794964202791789 ], [ 78.184399971393063, 26.785696182992346 ], [ 78.17589903882876, 26.826142676016261 ], [ 78.231370355737297, 26.831392897194409 ], [ 78.269279975594415, 26.815145303567977 ], [ 78.29053547594286, 26.858266115513558 ], [ 78.359887223717251, 26.868535345538742 ], [ 78.398224902281825, 26.819074211664368 ], [ 78.434406943068765, 26.826486750867346 ], [ 78.459283422955437, 26.792229780741021 ], [ 78.574394093335783, 26.751880244535684 ], [ 78.610540601864443, 26.750255054899466 ], [ 78.629056587527373, 26.769387204826177 ], [ 78.667647572679712, 26.763416402901345 ], [ 78.698753125918017, 26.790208976503973 ], [ 78.730149691769697, 26.791886650669802 ], [ 78.73162736845245, 26.773532089413759 ], [ 78.749775633773041, 26.786702047748072 ], [ 78.775073600370376, 26.758733203491513 ], [ 78.820108917399367, 26.759680474693841 ], [ 78.873628016024043, 26.698893742908066 ], [ 78.912686288758337, 26.707596883535295 ], [ 78.956876171173576, 26.690977428728079 ], [ 78.946620027317095, 26.656931144574347 ], [ 79.006070896016595, 26.675241544905813 ], [ 78.995929546129432, 26.638439982411537 ], [ 79.014348213647153, 26.604747641234599 ], [ 78.98667818734431, 26.586707485230779 ], [ 78.988241441863295, 26.568366067036127 ], [ 78.999994495233366, 26.576594230795354 ], [ 79.015373926727264, 26.552100115868956 ], [ 79.006597243340153, 26.545243778292562 ], [ 79.029182931383957, 26.545969400403198 ], [ 79.069546298557327, 26.497627282454861 ], [ 79.05700265444537, 26.450402430188408 ], [ 79.135349571542989, 26.43917861593896 ], [ 79.125777883922979, 26.41150036460882 ], [ 79.095355421991627, 26.412196613994052 ], [ 79.098973643348572, 26.373784064373023 ], [ 79.08524565211043, 26.360417707948486 ], [ 79.142236501090338, 26.339382335369951 ], [ 79.124122180447443, 26.329508681559926 ], [ 79.135037006144842, 26.310468819953279 ], [ 79.102269049610371, 26.306370091100039 ], [ 79.091954695282098, 26.266857102634987 ], [ 79.075654018451473, 26.282054628842729 ], [ 79.045371455167952, 26.261428070669361 ], [ 79.070999741263293, 26.241381464232337 ], [ 79.065364777479672, 26.227346741542117 ], [ 79.037899474752209, 26.226526864683766 ], [ 79.018685905725008, 26.246226914480797 ], [ 78.992567740146541, 26.237454966269819 ], [ 79.028995122802201, 26.20412665365134 ], [ 78.983994762847459, 26.187262918585567 ], [ 79.011629691496651, 26.167440304551377 ], [ 79.0089227733027, 26.149465255628499 ], [ 78.973533219313936, 26.150262373838821 ], [ 78.950828237940726, 26.133625221803566 ], [ 79.011285686644968, 26.07631662360329 ], [ 78.952380505490439, 26.031493623319168 ], [ 78.951205867820505, 25.985251497452936 ], [ 78.931616361202913, 25.975434372394247 ], [ 78.937495925221938, 25.943946685658045 ], [ 78.884264991172302, 25.910247085830417 ], [ 78.890523221698913, 25.864881427488569 ], [ 78.854444683803052, 25.855110037730391 ], [ 78.854014527259324, 25.833385563892428 ], [ 78.873549431035897, 25.82897772442578 ], [ 78.86968164585835, 25.793847931112797 ], [ 78.819017535110348, 25.824740913009535 ], [ 78.808199572241676, 25.807510176099601 ], [ 78.830016085229317, 25.80986123991276 ], [ 78.82824237404202, 25.794047566111949 ], [ 78.807278832874147, 25.793998766978611 ], [ 78.783453215033802, 25.756155520868795 ], [ 78.754443222316795, 25.743743992110325 ], [ 78.818943222203202, 25.669190694108888 ], [ 78.812752590442329, 25.619301107092966 ], [ 78.684443749658556, 25.588832582611392 ], [ 78.656002508201425, 25.560384280068554 ], [ 78.616002495025214, 25.583804095085238 ], [ 78.588523475672744, 25.559044821045578 ], [ 78.493530961410684, 25.576935446869292 ], [ 78.462401536874424, 25.546676202579057 ], [ 78.436535457615491, 25.55856958745585 ], [ 78.415815340545578, 25.527636385642325 ], [ 78.427841807833033, 25.472380863379726 ], [ 78.384435142868426, 25.443154709319856 ], [ 78.354609729583899, 25.449602171304946 ], [ 78.337247342410421, 25.395789977838206 ], [ 78.302423457540613, 25.369606472343605 ], [ 78.338182889460541, 25.331552992566571 ], [ 78.314900042010549, 25.305828146725844 ], [ 78.352034623090333, 25.292792171254462 ], [ 78.369090667255648, 25.260302253021337 ], [ 78.361375767726656, 25.24096952665883 ], [ 78.404602660149692, 25.212659787317989 ], [ 78.392180451370393, 25.19008746947128 ], [ 78.453314804445029, 25.163967017349876 ], [ 78.425099872992462, 25.148455778307152 ], [ 78.449732075400163, 25.123744368543385 ], [ 78.402091741099071, 25.125499254344845 ], [ 78.334447425976975, 25.083751164033515 ], [ 78.344702146957616, 25.022359287868198 ], [ 78.334144101730146, 24.994600454906333 ], [ 78.171691889373619, 24.876839624082947 ], [ 78.170104664917574, 24.852209400047002 ], [ 78.215290111944711, 24.808213084718773 ], [ 78.232141926773707, 24.771737664947818 ], [ 78.226682139388942, 24.742555478661604 ], [ 78.274744095465024, 24.662358807317741 ], [ 78.262931506790167, 24.643890683458658 ], [ 78.276078658067007, 24.61066344154014 ], [ 78.26504079660566, 24.553519705502577 ], [ 78.23029542155254, 24.536673714105923 ], [ 78.22582439343438, 24.518124802161754 ], [ 78.246272910118904, 24.504944588647962 ], [ 78.245721298264158, 24.484833826130807 ], [ 78.275727255945554, 24.471571798042877 ], [ 78.27296597857611, 24.442784780285212 ], [ 78.367091465161224, 24.381267270203882 ], [ 78.33206776633449, 24.325139248738385 ], [ 78.388443177949611, 24.269501907304186 ], [ 78.440925178585303, 24.293231205026384 ], [ 78.446460587468337, 24.321074698745534 ], [ 78.474019793191147, 24.334889829280126 ], [ 78.511661707001252, 24.389467709242858 ], [ 78.584759054620989, 24.352644137158126 ], [ 78.629145440249118, 24.30546987226629 ], [ 78.628044522106478, 24.281892606292143 ], [ 78.660785483114196, 24.269399698574681 ], [ 78.675460191010472, 24.240703493427866 ], [ 78.705213857993172, 24.230180511184017 ], [ 78.738637574053868, 24.249518317483602 ], [ 78.75229228775386, 24.234985563649087 ], [ 78.766718750809744, 24.254200915817226 ], [ 78.798104287392349, 24.176023221970844 ], [ 78.819977256088634, 24.20605238223019 ], [ 78.830711507333319, 24.197082150177685 ], [ 78.885369511540361, 24.218841269931684 ], [ 78.885627431301728, 24.249768137787733 ], [ 78.91829298902627, 24.272254130785686 ], [ 78.91435587246994, 24.296960561042432 ], [ 78.973556950375396, 24.349374228798307 ], [ 78.99112840468068, 24.437003727273549 ], [ 78.951132865333548, 24.438888733631636 ], [ 78.915300009510972, 24.462360666876688 ], [ 78.907667351669105, 24.483943479382546 ], [ 78.920543343312644, 24.496393846894016 ], [ 78.937467932072792, 24.480125806234412 ], [ 78.973174397467886, 24.492538855160991 ], [ 78.950936552920609, 24.505077599741824 ], [ 78.951465237061598, 24.551735661931222 ], [ 78.919950312026842, 24.57679355496753 ], [ 78.888538638207962, 24.635143106316562 ], [ 78.873344192576681, 24.640923459009421 ], [ 78.859170123499538, 24.616384223712277 ], [ 78.845814160908247, 24.623655572282626 ], [ 78.837605078794439, 24.604340417785874 ], [ 78.783578645584285, 24.588532508376641 ], [ 78.75613529515762, 24.600398781763229 ], [ 78.746768063476267, 24.655341681925933 ], [ 78.779153486105898, 24.69948971055069 ], [ 78.771380070092164, 24.790279694224825 ], [ 78.787377776311288, 24.810247746352914 ], [ 78.771359256377607, 24.856596235995045 ], [ 78.675226334043813, 24.897580525238787 ], [ 78.660559699817838, 24.93935904368135 ], [ 78.647336561056221, 24.935499007231094 ], [ 78.628886154305064, 24.960026623868711 ], [ 78.648865546225835, 25.056544112647067 ], [ 78.604088966735475, 25.092890980702041 ], [ 78.60069267791917, 25.152375100790639 ], [ 78.568507023770565, 25.222383104008703 ], [ 78.575609471352337, 25.253524212754265 ], [ 78.50370010337349, 25.288738399935639 ], [ 78.460972975504021, 25.265485879107267 ], [ 78.434303541927576, 25.28353987632315 ], [ 78.447567483378037, 25.29901870560327 ], [ 78.474046959987604, 25.287883154126828 ], [ 78.499205174357201, 25.318690336947739 ], [ 78.50727888827754, 25.29900235617432 ], [ 78.532132212368381, 25.301402928202318 ], [ 78.548527725240419, 25.321472833882307 ], [ 78.532254855827389, 25.357856872977262 ], [ 78.583339542976248, 25.346791255618008 ], [ 78.568275523992611, 25.390523479705291 ], [ 78.595513731055945, 25.386943298108559 ], [ 78.610716590095279, 25.411896146541761 ], [ 78.635813304240401, 25.401294185796111 ], [ 78.640932822598401, 25.432874133742757 ], [ 78.659983911420127, 25.438817945857025 ], [ 78.693071904729038, 25.442611668377459 ], [ 78.708707758029433, 25.42369158579632 ], [ 78.67634502700227, 25.398722835969338 ], [ 78.663768538659923, 25.414962480880071 ], [ 78.665122376000127, 25.382831354021842 ], [ 78.716290302146888, 25.37362131296948 ], [ 78.720851313320296, 25.347873899824151 ], [ 78.771650515736866, 25.353294387990434 ], [ 78.76695244513769, 25.396938284305239 ], [ 78.748864281759495, 25.39344759298649 ], [ 78.750464486503802, 25.407550473211465 ], [ 78.820302894978653, 25.42529127321718 ], [ 78.796837399787208, 25.43686973887316 ], [ 78.762427077591198, 25.428690174836991 ], [ 78.732009249566772, 25.458128845749062 ], [ 78.739139146107647, 25.495445669534892 ], [ 78.763944522626957, 25.470968726841058 ], [ 78.796944229436704, 25.478329120758957 ], [ 78.837315736219438, 25.460532014892138 ], [ 78.853190826612547, 25.449246025461409 ], [ 78.821279348446581, 25.44115560176051 ], [ 78.841656939003386, 25.427320647186075 ], [ 78.864622577924507, 25.461988253745044 ], [ 78.835805094416187, 25.504792633447337 ], [ 78.883532750695935, 25.519124013091034 ], [ 78.876536130438666, 25.545958015225395 ], [ 78.893107306569121, 25.555568359311408 ], [ 78.91794557818308, 25.554139612111534 ], [ 78.924408436108152, 25.536106024859439 ], [ 78.933264041679109, 25.554765582841725 ], [ 78.949299588014583, 25.546253329772043 ], [ 78.949478927533391, 25.525976269638861 ], [ 78.923937098457344, 25.515575821183401 ], [ 78.943163040304285, 25.474878843471146 ], [ 78.910704591978558, 25.44181140813534 ], [ 78.936621208941403, 25.42322346025415 ], [ 78.967646115614755, 25.433783304165114 ], [ 78.985977503875873, 25.370950007764986 ], [ 78.936050992495723, 25.346743041616765 ], [ 78.899867359095012, 25.370218104906616 ], [ 78.938576318485588, 25.372045765732626 ], [ 78.95682633953507, 25.395079870042448 ], [ 78.882155404115622, 25.382559213628621 ], [ 78.845085094151869, 25.347081683605673 ], [ 78.850839411987323, 25.327292481328762 ], [ 78.790543760809925, 25.298111726334582 ], [ 78.818955796788003, 25.294784568515663 ], [ 78.812869532861441, 25.265889000916744 ], [ 78.84900131566701, 25.22416219282135 ], [ 78.87974476995943, 25.283177177863951 ], [ 78.863758164385018, 25.311902610973974 ], [ 78.883877043257471, 25.339387462124623 ], [ 78.926281212344605, 25.340931873902434 ], [ 78.935010039565086, 25.326660088022752 ], [ 78.963209317506212, 25.342711195931169 ], [ 78.960190773563582, 25.306844801277649 ], [ 78.977439292830155, 25.280207360235408 ], [ 78.954914003863522, 25.278687822327129 ], [ 78.953535221770423, 25.258774614426976 ], [ 78.922559750370539, 25.270683273367663 ], [ 78.898987471309411, 25.240464665342063 ], [ 78.879471965985402, 25.245781189944442 ], [ 78.884357586655838, 25.157229312435621 ], [ 78.955651720007296, 25.215210800745961 ], [ 79.003144079018611, 25.191009644443653 ], [ 79.002045543649828, 25.228793180107665 ], [ 78.978522250068039, 25.239946307549864 ], [ 78.994167320750293, 25.269963370874009 ], [ 79.012387500780591, 25.271981429679773 ], [ 79.019506800044368, 25.243271892205531 ], [ 79.063847656002196, 25.220779148906587 ], [ 79.031948955231798, 25.181648550304292 ], [ 79.043129046403692, 25.168991348243704 ], [ 79.029077753073665, 25.138299561026127 ], [ 79.050373572132031, 25.133274147306221 ], [ 79.091695046627663, 25.187625920331104 ], [ 79.127829679112551, 25.159305653296681 ], [ 79.115187876355463, 25.138843386744337 ], [ 79.131708756709415, 25.107034308973994 ], [ 79.18671590260773, 25.112877390337296 ], [ 79.174180922642975, 25.137510017833158 ], [ 79.19229684747431, 25.146291168546771 ], [ 79.213795575858398, 25.108957578640833 ], [ 79.245827361736247, 25.111574925961008 ], [ 79.251005915536368, 25.135983762142477 ], [ 79.221358476415773, 25.143556414033455 ], [ 79.253325061086485, 25.157144885055114 ], [ 79.266693505678717, 25.148461158605134 ], [ 79.265556164326028, 25.119234662143079 ], [ 79.284031345756389, 25.11548242724654 ], [ 79.322086146666592, 25.147091192050826 ], [ 79.286345277640351, 25.192566848297286 ], [ 79.281171638249731, 25.243252568550279 ], [ 79.332940895772524, 25.217601342436666 ], [ 79.340168666631683, 25.196015912875012 ], [ 79.354557188695097, 25.209417392671202 ], [ 79.336722420345623, 25.225066943313319 ], [ 79.348744805978981, 25.225651853973222 ], [ 79.347727828113648, 25.267892214526597 ], [ 79.322299218930226, 25.256527589690567 ], [ 79.295366072759805, 25.285345764728046 ], [ 79.278717501208618, 25.261614570099997 ], [ 79.264093612506471, 25.274568661929852 ], [ 79.267760028658515, 25.305319077257845 ], [ 79.31189714978288, 25.334923683966903 ], [ 79.353571424405786, 25.328128151362478 ], [ 79.338407959653466, 25.289166855988906 ], [ 79.357378049978152, 25.283553419626788 ], [ 79.360619015973299, 25.260526689831856 ], [ 79.373381074495171, 25.263220663429085 ], [ 79.375110757734689, 25.289450357827423 ], [ 79.422989214144749, 25.254394718543601 ], [ 79.465152852468776, 25.2790474154279 ], [ 79.49814315096171, 25.265543613044407 ], [ 79.46689599287231, 25.264638431392303 ], [ 79.434676999070192, 25.220249842754569 ], [ 79.450360547011584, 25.207775648951003 ], [ 79.41720074396703, 25.203965405943379 ], [ 79.39145961852968, 25.165509762182168 ], [ 79.406700843057109, 25.108738004265316 ], [ 79.422699969862279, 25.134362715215499 ], [ 79.438735168799468, 25.130668109540345 ], [ 79.438642298690255, 25.102797506889843 ], [ 79.476004448832086, 25.129742391773455 ], [ 79.468107661768869, 25.091654428599497 ], [ 79.49746113754378, 25.078091096714626 ], [ 79.573233277592436, 25.172848968420464 ], [ 79.597404366896072, 25.142613893437638 ], [ 79.610516753817123, 25.150099286780421 ], [ 79.605579369026046, 25.126785192684125 ], [ 79.62775360926716, 25.138018008934939 ], [ 79.673904550094548, 25.122504851680205 ], [ 79.753426263434164, 25.139295650172389 ], [ 79.857024097306393, 25.09248418045938 ], [ 79.855494458297628, 25.128865828634417 ], [ 79.880043679731969, 25.14398156886428 ], [ 79.85505531962734, 25.235589787172309 ], [ 79.910352076762692, 25.252318111596146 ], [ 79.921412410384562, 25.228871924152703 ], [ 79.950567159610642, 25.267289622237371 ], [ 80.00474019621366, 25.264094111888951 ], [ 80.028834970265919, 25.338553506607887 ], [ 80.091421519869655, 25.351249918971138 ], [ 80.131440375238014, 25.333886609120967 ], [ 80.167354940179891, 25.373088618251945 ], [ 80.196087843072434, 25.379113730049191 ], [ 80.202155367793466, 25.411659296111186 ], [ 80.253425719075224, 25.400361705494845 ], [ 80.264128142279688, 25.424166690554781 ], [ 80.318992049786274, 25.382842260800359 ], [ 80.312203917488176, 25.284483863988292 ], [ 80.349151884209974, 25.274222087633976 ], [ 80.386198592050832, 25.233197104208479 ], [ 80.407234329143378, 25.238661693127796 ], [ 80.431822401030416, 25.169905352276803 ], [ 80.359377015853738, 25.140644403043105 ], [ 80.355603896128869, 25.12577226655414 ], [ 80.376875149629257, 25.111137936095162 ], [ 80.350046114167512, 25.089256738041055 ], [ 80.353071418956077, 25.054368933021614 ], [ 80.311396972182123, 25.043100634788562 ], [ 80.289559194498821, 25.055824244823313 ], [ 80.274898678865668, 25.02603510299863 ], [ 80.32208519091671, 24.999356845259946 ], [ 80.366847607247763, 25.021931779955207 ], [ 80.395402936533984, 25.00831003404442 ], [ 80.37379288874034, 25.053583744419758 ], [ 80.448785870665972, 25.07792265307916 ], [ 80.478242136220643, 25.040589522842907 ], [ 80.501741699382592, 25.037515941846312 ], [ 80.454354529132928, 25.041188584013135 ], [ 80.433644026547, 25.026555242176453 ], [ 80.466246154983835, 25.000098665508954 ], [ 80.460324073843296, 24.98261313333138 ], [ 80.48131811286656, 24.976282025220019 ], [ 80.521470801476255, 25.008711878705313 ], [ 80.550304444236872, 25.002650920248378 ], [ 80.548478960289899, 25.031753362144965 ], [ 80.502268317744097, 25.041247572529013 ], [ 80.508089817165114, 25.085446892681336 ], [ 80.482579918062328, 25.097691693571704 ], [ 80.517623476186202, 25.096908710669133 ], [ 80.551536063640313, 25.063590601851534 ], [ 80.570568054001683, 25.087371733964098 ], [ 80.614914075987741, 25.068147969728642 ], [ 80.595941099006865, 25.105022597373111 ], [ 80.609615304524908, 25.118734158728895 ], [ 80.602780294256121, 25.151132550693227 ], [ 80.640562405139164, 25.119221328910374 ], [ 80.609510211352656, 25.100348432488531 ], [ 80.628192528842803, 25.08554662615327 ], [ 80.643393773180506, 25.093523198502712 ], [ 80.664459457158472, 25.070442500115686 ], [ 80.687431640873683, 25.077828789189731 ], [ 80.681709965328082, 25.050199453961028 ], [ 80.735365383350882, 25.067873118797504 ], [ 80.784112069917086, 25.057785613135909 ], [ 80.784179280354749, 25.08036982919446 ], [ 80.733429832030453, 25.093983364049411 ], [ 80.733567173626128, 25.118886714879707 ], [ 80.707850262624447, 25.133109594301626 ], [ 80.807825635289305, 25.142454058068765 ], [ 80.835934388797966, 25.10638858250627 ], [ 80.844577708711796, 25.188697741101837 ], [ 80.886357835518467, 25.191644701186185 ], [ 80.913204457557669, 25.15640399800818 ], [ 80.873228543518991, 25.119745093696601 ], [ 80.878864937660992, 25.067202702219507 ], [ 80.834862813922129, 25.035335647422645 ], [ 80.856338577887598, 24.994344889421452 ], [ 80.826781050741502, 24.969835064928319 ], [ 80.798102632297457, 24.967967294227087 ], [ 80.810313132677479, 24.940682580110842 ], [ 80.908183297290009, 24.935871166499489 ], [ 80.90543375010644, 24.952993019526033 ], [ 80.944993749381979, 24.968791584585269 ], [ 80.963368924700916, 24.922063091414749 ], [ 80.980411693331092, 24.935940761963451 ], [ 81.024956141617736, 24.928843423688686 ], [ 81.017700239875694, 24.950674200650592 ], [ 81.084620447658409, 24.948663113130173 ], [ 81.140614126613642, 24.888579589109796 ], [ 81.169648035346881, 24.954970971448677 ], [ 81.207171014262329, 24.931267534244373 ], [ 81.192634980866103, 24.925732092810524 ], [ 81.220812921346663, 24.931042962233118 ], [ 81.209956078578884, 24.992181968614972 ], [ 81.269891490139813, 25.064891992284519 ], [ 81.254030321608866, 25.101935691860024 ], [ 81.283155312155714, 25.149777370971158 ], [ 81.277512268652984, 25.164083876005407 ], [ 81.314786230112617, 25.162356403686054 ], [ 81.323029035138958, 25.112709937476495 ], [ 81.321354066144494, 25.159927691429942 ], [ 81.338340184339714, 25.168874841159724 ], [ 81.399609627429427, 25.119608247156908 ], [ 81.43860685641701, 25.130120717237432 ], [ 81.446724295359061, 25.106960732229911 ], [ 81.409217189809908, 25.104271139824011 ], [ 81.492081325584266, 25.071534744635791 ], [ 81.515957630738967, 25.103391117657186 ], [ 81.481266984275308, 25.133647001587928 ], [ 81.49800654823548, 25.13076544154206 ], [ 81.503831745596472, 25.148874845320314 ], [ 81.533063046071561, 25.140192234744813 ], [ 81.538442244770692, 25.159881131912002 ], [ 81.518023346992933, 25.183539361799806 ], [ 81.574851775770014, 25.192285877795623 ], [ 81.596459707157962, 25.180350096696582 ], [ 81.590214687158834, 25.164840167412393 ], [ 81.618420576868445, 25.170241793193782 ], [ 81.62742383427836, 25.156262381601543 ], [ 81.600532589633687, 25.132998178918374 ], [ 81.609621118473456, 25.096861497969321 ], [ 81.625156955490539, 25.119268299297911 ], [ 81.640348988886274, 25.099945167274072 ], [ 81.602172726455493, 25.076470806053472 ], [ 81.612722410783718, 25.057439645132597 ], [ 81.667070198141431, 25.076447903701592 ], [ 81.690255106743621, 25.040546322539377 ], [ 81.740760671812126, 25.045519304147462 ], [ 81.797567360608269, 25.007032004536079 ], [ 81.837735337195966, 25.016238493058459 ], [ 81.894488928819385, 24.989801748973253 ], [ 81.906810743685682, 25.006591048146724 ], [ 81.920346144065974, 24.92798821061939 ], [ 81.904726526585506, 24.889605207338061 ], [ 81.96740464960061, 24.827819489320468 ], [ 82.01314880520809, 24.847910173964824 ], [ 82.090127820304474, 24.819427533546136 ], [ 82.1204239909639, 24.789631953468657 ], [ 82.140478742282866, 24.801859507351686 ], [ 82.167626873938687, 24.789669120880525 ], [ 82.204220793718079, 24.821924286394783 ], [ 82.187250253158481, 24.802067041716231 ], [ 82.216957503905419, 24.795216017724293 ], [ 82.217695926307755, 24.778955500805868 ], [ 82.19758708505853, 24.779728880558572 ], [ 82.203881548089839, 24.761222931858011 ], [ 82.181088307144705, 24.737046246067418 ], [ 82.221938492184165, 24.726191476383391 ], [ 82.207695187544374, 24.74956154692898 ], [ 82.231014006253062, 24.749251451602106 ], [ 82.229146130258854, 24.764538686510537 ], [ 82.24656983790382, 24.751926293517837 ], [ 82.25187425419503, 24.773248727908381 ], [ 82.238093156480986, 24.667243057964722 ], [ 82.261209533311387, 24.663715008074913 ], [ 82.271549312638072, 24.68401730064631 ], [ 82.304577459659498, 24.667667904152857 ], [ 82.302045453014117, 24.611452584219045 ], [ 82.337897081697406, 24.62148907236611 ], [ 82.368959104134063, 24.599779321607148 ], [ 82.417289963858352, 24.595660595590029 ], [ 82.409766053834531, 24.681530197916441 ], [ 82.42832258658612, 24.702969067903407 ], [ 82.453012673549992, 24.694124833209916 ], [ 82.456999811902904, 24.67567167749192 ], [ 82.526571387945964, 24.676168088263346 ], [ 82.537405770247233, 24.649832519824237 ], [ 82.666075688902055, 24.698323826899749 ], [ 82.704076206052022, 24.67370970663579 ], [ 82.703280076483509, 24.642279408052318 ], [ 82.770887688873401, 24.643742696876267 ], [ 82.768159722942286, 24.597938997186599 ], [ 82.80446149337952, 24.597908768705192 ], [ 82.808830145147979, 24.550891123224062 ], [ 82.754091686419798, 24.539695539942215 ], [ 82.749265603813157, 24.552748616544068 ], [ 82.720592272903616, 24.554358258118832 ], [ 82.723673296443067, 24.511480022715471 ], [ 82.74458996316298, 24.497985066056344 ], [ 82.731784220426903, 24.47456499599275 ], [ 82.740700553489532, 24.431033684467362 ], [ 82.715124113927914, 24.383502119411936 ], [ 82.726474536586039, 24.369571815625559 ], [ 82.76854904109301, 24.371428908942661 ], [ 82.772047970831295, 24.290912198993617 ], [ 82.757823496076881, 24.234673412770825 ], [ 82.734900637970441, 24.221792955631024 ], [ 82.744015351115237, 24.166958672805237 ], [ 82.728212006800675, 24.137629314762734 ], [ 82.678721081716503, 24.157038651954128 ], [ 82.665268928917456, 24.133386166345243 ], [ 82.716240343137045, 24.07945984151155 ], [ 82.774081080357291, 24.076610586244239 ], [ 82.749797652075813, 24.020196287375196 ], [ 82.805050943964559, 24.004005271327113 ], [ 82.815531994376371, 23.961983259447866 ], [ 82.755857021289472, 23.92120787173922 ], [ 82.664266135634534, 23.906722918711491 ], [ 82.653880553104216, 23.887604854249851 ], [ 82.667937663074085, 23.86925521153124 ], [ 82.637251981464161, 23.837927352201234 ], [ 82.53508160887101, 23.822931052475838 ], [ 82.552240913131342, 23.793105893435623 ], [ 82.504376419410733, 23.783932916183158 ], [ 82.46776270269649, 23.810212822427097 ], [ 82.335965288690517, 23.802363001211575 ], [ 82.263036229636427, 23.820508390262692 ], [ 82.233874494699663, 23.805544204871129 ], [ 82.207010302063196, 23.830476182857993 ], [ 82.211649922945341, 23.851530212098648 ], [ 82.170154381935404, 23.818502603238848 ], [ 82.053134440548789, 23.819031653344751 ], [ 82.008490899647782, 23.861482367077709 ], [ 81.958457816653834, 23.851200453375881 ], [ 81.92420060708416, 23.87125361959599 ], [ 81.901840192496138, 23.842342596786882 ], [ 81.819450652582844, 23.807743419006822 ], [ 81.726795928854372, 23.838558643643513 ], [ 81.730743137308991, 23.857094402392804 ], [ 81.71041521672575, 23.861494654854067 ], [ 81.669352833702504, 23.923582195571505 ], [ 81.604634544220133, 23.88698895975643 ], [ 81.622580777969361, 23.870770914088318 ], [ 81.605098292793613, 23.859942804627046 ], [ 81.613550508078973, 23.836243196275852 ], [ 81.635816789620279, 23.83239224862265 ], [ 81.650243837034836, 23.802690974358541 ], [ 81.647341767348124, 23.769273047156062 ], [ 81.681764681057629, 23.752164974146062 ], [ 81.694959538527627, 23.719601515447533 ], [ 81.650761421018572, 23.658617494790839 ], [ 81.620865873801094, 23.659245706234287 ], [ 81.610291654389528, 23.598357708367466 ], [ 81.577330531854102, 23.586961348696995 ], [ 81.584661158625707, 23.553247613632255 ], [ 81.613287223157315, 23.548884353155131 ], [ 81.614614034030396, 23.505338863463578 ], [ 81.635810795117735, 23.488860766509752 ], [ 81.662134915708776, 23.530010712004231 ], [ 81.700686907169526, 23.521841186913402 ], [ 81.743645849400792, 23.565918115643633 ], [ 81.812244967873482, 23.544386679567499 ], [ 81.834782478866629, 23.509915006365677 ], [ 81.923961837248058, 23.530781180753266 ], [ 81.956561606913581, 23.495503258704296 ], [ 81.98369310710379, 23.41201103412946 ], [ 82.023560833073105, 23.422436112460428 ], [ 82.022109492286191, 23.386879714634411 ], [ 82.053312767694649, 23.376880196326773 ], [ 82.064356656036963, 23.3925309657706 ], [ 82.106065258763493, 23.396725027413478 ], [ 82.118476749057407, 23.35493573099609 ], [ 82.145395655120723, 23.360944423472439 ], [ 82.165647444197134, 23.332487250356436 ], [ 82.19342192186906, 23.324598101856417 ], [ 82.193949545151028, 23.276933354301089 ], [ 82.150010138245875, 23.226996653757748 ], [ 82.144847141001364, 23.164345604427275 ], [ 82.161272978706577, 23.157431772749831 ], [ 82.158572985930419, 23.141161752440858 ], [ 82.123375958794895, 23.103244839571616 ], [ 82.07464143773052, 23.116206739174491 ], [ 82.031581021016279, 23.079506575557886 ], [ 81.945583179566015, 23.077122997529251 ], [ 81.925897365416077, 23.040325776340193 ], [ 81.944689708091957, 23.008896788898831 ], [ 81.947703955064384, 22.95658348279288 ], [ 81.867448501462377, 22.914462949346014 ], [ 81.863763865596539, 22.890361693948186 ], [ 81.776818330554065, 22.872954398143708 ], [ 81.768260474583798, 22.833826160627364 ], [ 81.791685072742396, 22.766225601137428 ], [ 81.753989315283647, 22.726114720649779 ], [ 81.770119641063474, 22.663322671518884 ], [ 81.747896283605371, 22.647801403073064 ], [ 81.730307726141717, 22.675890889365949 ], [ 81.714389506454424, 22.649334527225033 ], [ 81.663890148297583, 22.631679883166825 ], [ 81.648729043960529, 22.607236015893751 ], [ 81.656019725059025, 22.56870981910291 ], [ 81.630890269629433, 22.564018825406421 ], [ 81.623118701648053, 22.538789097120343 ], [ 81.570375753964655, 22.550711696810243 ], [ 81.564241884705396, 22.531882443675553 ], [ 81.526370323186043, 22.539660052734657 ], [ 81.487132285473578, 22.493015700643419 ], [ 81.445342973899329, 22.493606197057865 ], [ 81.455312170102587, 22.467098257254644 ], [ 81.431702962148847, 22.478915645140944 ], [ 81.426194168027621, 22.453924854230269 ], [ 81.40379597597412, 22.441022146096987 ], [ 81.385993261115857, 22.504896637552172 ], [ 81.330192648879191, 22.523848890946184 ], [ 81.31120928267525, 22.481308512554552 ], [ 81.282714276506525, 22.49893640524785 ], [ 81.225602861433259, 22.451163059454981 ], [ 81.187265190042751, 22.489578499507136 ], [ 81.117173987941797, 22.440544539670224 ], [ 81.108116832291287, 22.382742610944447 ], [ 81.120988869880776, 22.294024540653847 ], [ 81.091805263989897, 22.246428703784659 ], [ 81.026560272584959, 22.228835504605392 ], [ 81.022886662679127, 22.132493497395437 ], [ 80.977885358704853, 22.114417794078509 ], [ 81.010774988363707, 22.096712035919516 ], [ 81.006251048698033, 22.061367766006843 ], [ 80.994833878500998, 22.048357023596211 ], [ 80.97047173530359, 22.058190897097752 ], [ 80.957585768851388, 22.112740971625595 ], [ 80.917894234464825, 22.118851527456886 ], [ 80.852787119850575, 21.960765275872603 ], [ 80.825446234794768, 21.956634322341355 ], [ 80.843553137515144, 21.935545857086069 ], [ 80.830785932937573, 21.897815030827779 ], [ 80.846577221530765, 21.875384077934672 ], [ 80.838678884470013, 21.804886073847463 ], [ 80.818167144672799, 21.747637820119987 ], [ 80.789686210224744, 21.739698949685945 ], [ 80.749905671306252, 21.758023244336979 ], [ 80.725458306600643, 21.711952974396635 ], [ 80.714430601648601, 21.664252295194039 ], [ 80.729380862281587, 21.622997872078184 ], [ 80.716157245469645, 21.587026570471487 ], [ 80.737588231479137, 21.53909051342092 ], [ 80.737164317944334, 21.472528675036269 ], [ 80.65517886471288, 21.326995787769224 ], [ 80.600025849315841, 21.325351045543652 ], [ 80.526249656010023, 21.389957451698333 ], [ 80.492276033520909, 21.397974979790408 ], [ 80.455092741363245, 21.402624269182105 ], [ 80.447172917807094, 21.372429808989921 ], [ 80.410129489223991, 21.376782211600702 ], [ 80.395810854021377, 21.407607093118987 ], [ 80.418057158061202, 21.438407706649549 ], [ 80.37733520640684, 21.520998472862381 ], [ 80.331136436463339, 21.548675273935288 ], [ 80.32688651910243, 21.573496762615509 ], [ 80.298597106019315, 21.577911030566799 ], [ 80.266898477224913, 21.619934082472394 ], [ 80.194824321508193, 21.633898334415406 ], [ 80.154456891496253, 21.605998232802065 ], [ 80.121513035173479, 21.606686456032168 ], [ 80.070081296095907, 21.554280340631422 ], [ 80.03471791185423, 21.556998471795424 ], [ 80.000012289537565, 21.534369385309745 ], [ 79.972700411239757, 21.556868814735594 ], [ 79.942815948692044, 21.556370339470831 ], [ 79.922218328421806, 21.524076295321446 ], [ 79.863435915346486, 21.530451339542264 ], [ 79.798117428798193, 21.580814275729622 ], [ 79.738885844772184, 21.601854497987016 ], [ 79.664335780584764, 21.576618127416673 ], [ 79.653682700492965, 21.556477748234283 ], [ 79.542714229830324, 21.543442039625752 ], [ 79.543641793246493, 21.568181119875739 ], [ 79.511887524488159, 21.589401419313919 ], [ 79.504253892715738, 21.611469698460297 ], [ 79.517701782599119, 21.630212977174288 ], [ 79.494624995696824, 21.67312175871043 ], [ 79.42177007242816, 21.690368292880354 ], [ 79.400718983388302, 21.673511693596318 ], [ 79.354932325636113, 21.677777466764049 ], [ 79.234497049732965, 21.722657460625079 ], [ 79.225691205627427, 21.649623655388776 ], [ 79.153556515750353, 21.659261282939163 ], [ 79.093742885677656, 21.597960830766311 ], [ 79.015119105632962, 21.600205500564154 ], [ 79.000008799658616, 21.617425221966151 ], [ 78.918693048251271, 21.591000883710329 ], [ 78.91708782467758, 21.569574622824781 ], [ 78.933288728588394, 21.558979557937857 ], [ 78.909867830850928, 21.553519849308625 ], [ 78.946107084085867, 21.512465923754515 ], [ 78.937275119667916, 21.486190780302799 ], [ 78.901184607482918, 21.49931542348363 ], [ 78.88525162763014, 21.483723121992139 ], [ 78.789895939024774, 21.487813913318433 ], [ 78.777458477900296, 21.465823644314305 ], [ 78.7517233991626, 21.492508796207762 ], [ 78.729388752354595, 21.463037348155641 ], [ 78.689227818188471, 21.480570217028522 ], [ 78.58990106560087, 21.485413118947999 ], [ 78.571554357464791, 21.514178057179432 ], [ 78.513517255872785, 21.526848743575556 ], [ 78.485312872197028, 21.504550372745374 ], [ 78.434934788857461, 21.500151237206719 ], [ 78.418332746331117, 21.576039952954833 ], [ 78.427412470155645, 21.600219694412729 ], [ 78.38430498278818, 21.616876472807078 ], [ 78.365725572576125, 21.57655757892973 ], [ 78.341506654876184, 21.588748277004289 ], [ 78.308786967518046, 21.569665708224402 ], [ 78.270760321904248, 21.59245595538632 ], [ 78.260028839038768, 21.583425060716923 ], [ 78.273895818725151, 21.568917873285919 ], [ 78.181768296034477, 21.55487226257107 ], [ 78.1738121056935, 21.49673400595869 ], [ 77.984436805075561, 21.401025418282707 ], [ 77.885876419662338, 21.375888991723492 ], [ 77.803245141831908, 21.410421172679154 ], [ 77.797314289114723, 21.388878842233868 ], [ 77.708954326027438, 21.357199256528201 ], [ 77.694843630725259, 21.395141222545579 ], [ 77.670877656061393, 21.369577400552245 ], [ 77.654607605947376, 21.391452197655465 ], [ 77.605103183318533, 21.391597232206145 ], [ 77.608365517663813, 21.365057622557284 ], [ 77.587956919022716, 21.362536702165563 ], [ 77.530580142471081, 21.419002415590111 ], [ 77.513921545293982, 21.374773048288784 ], [ 77.490375849316678, 21.375744226291975 ], [ 77.472640377623264, 21.454799073969689 ], [ 77.441625612138097, 21.470785140180279 ], [ 77.423201227779913, 21.53649492464098 ], [ 77.460863797124048, 21.554365938620347 ], [ 77.570520871735383, 21.52762451981425 ], [ 77.610733137058261, 21.540643393117865 ], [ 77.574545419097333, 21.560457736868219 ], [ 77.574903749785889, 21.624805454287042 ], [ 77.545746458924981, 21.698700422336685 ], [ 77.478932091916391, 21.769018156352558 ], [ 77.404465438810391, 21.753736680568558 ], [ 77.283102648387896, 21.75876605666307 ], [ 77.286270147173155, 21.721778180706941 ], [ 77.227607469235835, 21.7154290010461 ], [ 77.21038144582289, 21.691564906469026 ], [ 77.174359223901419, 21.724776474135155 ], [ 77.160663994963073, 21.710928811121349 ], [ 77.071764002216625, 21.719302172522131 ], [ 76.90346766761779, 21.598378030463767 ], [ 76.854410382477013, 21.612569721526992 ], [ 76.835759160765107, 21.590621281039791 ], [ 76.797501855112998, 21.595078503772264 ] ], [ [ 77.651030771813112, 25.906085210552078 ], [ 77.656269300386796, 25.911027645108234 ], [ 77.656259633379932, 25.911018525259749 ], [ 77.651030771813112, 25.906085210552078 ] ], [ [ 80.529169595414388, 23.082286697559553 ], [ 80.527764883238646, 23.079528963098213 ], [ 80.527764909237135, 23.079528993394202 ], [ 80.529169595414388, 23.082286697559553 ] ], [ [ 80.976662665816093, 24.067838165713727 ], [ 80.985800646083348, 24.078148843316487 ], [ 80.985800669352997, 24.078148869870308 ], [ 80.976662665816093, 24.067838165713727 ] ], [ [ 81.19785290340991, 23.289450578224304 ], [ 81.193463940742447, 23.289506861623551 ], [ 81.197852903834246, 23.289450577318433 ], [ 81.19785290340991, 23.289450578224304 ] ], [ [ 81.202973585474624, 23.278518126175264 ], [ 81.199040470783103, 23.286915350061388 ], [ 81.197860649554045, 23.289434041694918 ], [ 81.202973585474624, 23.278518126175264 ] ], [ [ 82.306730804075627, 24.598874742162877 ], [ 82.306730862008322, 24.598874771681711 ], [ 82.299451373120746, 24.59592395636594 ], [ 82.306730804075627, 24.598874742162877 ] ], [ [ 80.440796085883363, 24.995093834216334 ], [ 80.457317201853513, 25.004088601392063 ], [ 80.437997386734779, 25.000146767820961 ], [ 80.440796085883363, 24.995093834216334 ] ], [ [ 79.391584505658486, 25.083227597297377 ], [ 79.363574492374838, 25.141909660190695 ], [ 79.352217248997221, 25.118809269594596 ], [ 79.381161754501932, 25.099017948109267 ], [ 79.381201619089751, 25.062463910933221 ], [ 79.351386718741381, 25.061082901819184 ], [ 79.359487641372851, 25.039832339400995 ], [ 79.375605529906039, 25.05033556203297 ], [ 79.413138834313955, 25.033640111091191 ], [ 79.426072445398873, 25.05249193054118 ], [ 79.391584505658486, 25.083227597297377 ] ], [ [ 79.356575194084783, 25.174291122306688 ], [ 79.373927982124144, 25.177717639662529 ], [ 79.3627075963484, 25.186612652310384 ], [ 79.356575194084783, 25.174291122306688 ] ] ], [ [ [ 74.177755328710916, 22.388477652572533 ], [ 74.158971170511634, 22.413040169642546 ], [ 74.172608991406506, 22.418668316759106 ], [ 74.177755328710916, 22.388477652572533 ] ] ], [ [ [ 80.485388801869675, 25.073855932357478 ], [ 80.489925674304345, 25.059512620792177 ], [ 80.482916792324858, 25.055566928750984 ], [ 80.477712556990753, 25.066646298495016 ], [ 80.485388801869675, 25.073855932357478 ] ] ] ] } },
{ "type": "Feature", "properties": { "ST_NM": "Maharashtra", "state_id": "maharashtra" }, "geometry": { "type": "MultiPolygon", "coordinates": [ [ [ [ 73.456492715834145, 16.03778996713206 ], [ 73.460802866394118, 16.046449880431958 ], [ 73.461776074168171, 16.035730840198408 ], [ 73.456492715834145, 16.03778996713206 ] ] ], [ [ [ 74.690651837973732, 16.687414330793157 ], [ 74.655415383527725, 16.639193291105883 ], [ 74.688431169392658, 16.608919421709384 ], [ 74.637636312834815, 16.608399072263929 ], [ 74.631174170798616, 16.577396509086011 ], [ 74.618687557409729, 16.583566886021391 ], [ 74.586588971475393, 16.557208124355014 ], [ 74.554155175304672, 16.561396943111127 ], [ 74.564330078975857, 16.58285968869183 ], [ 74.544288188396166, 16.593801541622398 ], [ 74.545871871919303, 16.634803663548592 ], [ 74.49219911075933, 16.628217513866904 ], [ 74.471485210674629, 16.66233587520691 ], [ 74.456869290227459, 16.646053686977631 ], [ 74.466544120697577, 16.6063996289075 ], [ 74.397278980166504, 16.580269641634896 ], [ 74.383663746171365, 16.529549158318854 ], [ 74.356188403208876, 16.540361021224047 ], [ 74.359247343847898, 16.558683745856886 ], [ 74.322870559030818, 16.555080634144566 ], [ 74.307516851547575, 16.50374267242174 ], [ 74.300280107973748, 16.530795384669965 ], [ 74.282898866505505, 16.524192593253858 ], [ 74.269587657553856, 16.54613574735933 ], [ 74.279017176365883, 16.505011372476684 ], [ 74.246281402973622, 16.496518888200104 ], [ 74.26197513747934, 16.477683194737672 ], [ 74.293233608438499, 16.504271219200675 ], [ 74.289627911582315, 16.460684851066404 ], [ 74.33239362825023, 16.453841303923028 ], [ 74.336199578789717, 16.402215361713175 ], [ 74.361477126563088, 16.400192551164125 ], [ 74.355303966258447, 16.366495485173747 ], [ 74.336601464588043, 16.392399968461653 ], [ 74.318931234601791, 16.380972242707728 ], [ 74.327923510955657, 16.342273249980384 ], [ 74.316491183662038, 16.326893968514323 ], [ 74.330822532578068, 16.32515896577452 ], [ 74.342312765741596, 16.293265247255221 ], [ 74.325312375227341, 16.287978316261725 ], [ 74.327385538099108, 16.269880849269494 ], [ 74.353523979843246, 16.281418668667989 ], [ 74.346905691408494, 16.293633141865417 ], [ 74.415154259174798, 16.28240722725911 ], [ 74.4164822266778, 16.259284461757598 ], [ 74.478348388839294, 16.248604401554303 ], [ 74.507674210631038, 16.203135238176277 ], [ 74.480084611723754, 16.148921688805032 ], [ 74.483387936498559, 16.08930208451596 ], [ 74.428630619245467, 16.112564615274479 ], [ 74.374814581442578, 16.080207932523169 ], [ 74.361914643282958, 16.054923639261965 ], [ 74.383903818983583, 16.037111382673327 ], [ 74.430406330838508, 16.058712694542052 ], [ 74.464504666074276, 16.042550420446108 ], [ 74.429333081497418, 15.953229265689773 ], [ 74.385778950106825, 15.903236498235119 ], [ 74.405620217746744, 15.854707125419864 ], [ 74.387365927726719, 15.853880754103614 ], [ 74.367959034852674, 15.893684836897643 ], [ 74.338265093013817, 15.854142953438759 ], [ 74.383240668052707, 15.846243276373407 ], [ 74.360211941612405, 15.817616376574417 ], [ 74.358684584348097, 15.77581608670309 ], [ 74.323429910211047, 15.772533349430754 ], [ 74.285665233820339, 15.741466530494645 ], [ 74.267417303796719, 15.755263398700047 ], [ 74.243399857516238, 15.743337931890615 ], [ 74.220528907326226, 15.787779902988452 ], [ 74.197475877017951, 15.755528031278969 ], [ 74.1605618211387, 15.751365437219997 ], [ 74.123351183152081, 15.720048021500677 ], [ 74.126357964861171, 15.680553552505042 ], [ 74.089115311532225, 15.673001515367927 ], [ 74.115476272784392, 15.647398840952523 ], [ 74.031618153148798, 15.623016501919905 ], [ 74.020196277038252, 15.606793620831443 ], [ 73.967960665339618, 15.631095232099389 ], [ 73.963264838223324, 15.689369545130612 ], [ 73.937162818135107, 15.743612388306808 ], [ 73.873930048993941, 15.751423661415446 ], [ 73.864902489089346, 15.797377647743961 ], [ 73.824264869412588, 15.739837964606229 ], [ 73.784231136279132, 15.725752310271742 ], [ 73.749088329496502, 15.734830577617151 ], [ 73.727755207125327, 15.719340139142069 ], [ 73.67573430597345, 15.727968300446662 ], [ 73.658964370025629, 15.748979835080625 ], [ 73.688937614076849, 15.754581330934835 ], [ 73.666448130510858, 15.764719262927306 ], [ 73.633174847319594, 15.85112596993892 ], [ 73.617705478678971, 15.853380699472599 ], [ 73.589525750820457, 15.910170627163286 ], [ 73.507622669644462, 15.943350814530012 ], [ 73.509233212205814, 15.962229420877613 ], [ 73.487591931802427, 15.974947943013721 ], [ 73.486503021794505, 16.037576038343875 ], [ 73.458595809040432, 16.057053213123975 ], [ 73.474121262357244, 16.095991431247938 ], [ 73.472421963688021, 16.158588881077851 ], [ 73.461459370905658, 16.110315227761614 ], [ 73.386300115572737, 16.335493777447759 ], [ 73.390549609164495, 16.356129414129011 ], [ 73.405118418280537, 16.353649317465699 ], [ 73.420506644454505, 16.36476273773274 ], [ 73.381601933509359, 16.357569037888759 ], [ 73.37196540712155, 16.378668540838724 ], [ 73.469526527391693, 16.415067577928145 ], [ 73.369760998107964, 16.393796814266253 ], [ 73.31923675585314, 16.512830714370349 ], [ 73.314578619509462, 16.538762689019656 ], [ 73.346344778898867, 16.572308933913238 ], [ 73.32600389417648, 16.582824392496271 ], [ 73.324242523618281, 16.603401832428563 ], [ 73.354964904868964, 16.591000020429934 ], [ 73.34337465733114, 16.609812248111613 ], [ 73.367755960205571, 16.624665817733895 ], [ 73.379058797801974, 16.594332146672745 ], [ 73.403128581852002, 16.586363916394721 ], [ 73.385447576487053, 16.598737648944002 ], [ 73.392366456195759, 16.626678306178139 ], [ 73.370035854342262, 16.636150285100104 ], [ 73.343959058220491, 16.61614007058332 ], [ 73.324171055993176, 16.635738138981917 ], [ 73.328593381689572, 16.678320798034193 ], [ 73.345415168577688, 16.690568827960057 ], [ 73.322532304705163, 16.690904565999357 ], [ 73.311763156442453, 16.716253606400329 ], [ 73.302637194175418, 16.754336870724529 ], [ 73.317644944966943, 16.797092295807154 ], [ 73.293491811698914, 16.834276763082205 ], [ 73.292803989556646, 16.883163478871317 ], [ 73.315351490807785, 16.887977896045811 ], [ 73.282363833631521, 16.893071064522402 ], [ 73.29467572835037, 16.974927043408858 ], [ 73.328706624026779, 16.950295740013861 ], [ 73.333705534704563, 16.967886025881448 ], [ 73.272740525501703, 16.984959132018034 ], [ 73.282090209614466, 17.013611339039262 ], [ 73.260633430941127, 17.017997005281039 ], [ 73.257882187130306, 17.04644302337973 ], [ 73.280455433829189, 17.039704040394863 ], [ 73.29169140814794, 17.070526822566006 ], [ 73.312394063073612, 17.076780429751551 ], [ 73.292935997136752, 17.080060728178921 ], [ 73.27138607094966, 17.114296803653698 ], [ 73.277465662673379, 17.155342030120675 ], [ 73.239100486170244, 17.194242366671105 ], [ 73.248950841987053, 17.219710158426594 ], [ 73.219732526734902, 17.275070300873647 ], [ 73.189859303530653, 17.299426850785107 ], [ 73.231786120585369, 17.298411020658435 ], [ 73.246049068402499, 17.317149309465552 ], [ 73.223735631676576, 17.326932287280169 ], [ 73.226261737793806, 17.356134079668657 ], [ 73.205883687309552, 17.387458662712401 ], [ 73.188048249395379, 17.383736793716313 ], [ 73.168597003443452, 17.403738978212996 ], [ 73.204460335205923, 17.439417607953093 ], [ 73.188528369252438, 17.446397650890429 ], [ 73.182604035743012, 17.510342981056247 ], [ 73.14129002984312, 17.556553567499364 ], [ 73.160102311635839, 17.590825645524763 ], [ 73.117040341779202, 17.689535964414404 ], [ 73.138080978912498, 17.718639569597524 ], [ 73.09328638338576, 17.834467791217428 ], [ 73.130237360768731, 17.831341552551837 ], [ 73.092131540161304, 17.838732313562392 ], [ 73.080300253579537, 17.89436457075843 ], [ 73.055971842978451, 17.893437951716813 ], [ 73.055310795845529, 17.918125477346926 ], [ 73.03362746088861, 17.936456516270045 ], [ 73.006838473770557, 18.021823230650465 ], [ 73.046587708704976, 18.043867529807631 ], [ 73.017552047647456, 18.030183304387485 ], [ 72.992315972117538, 18.049592410205115 ], [ 73.001620792701019, 18.073730656392517 ], [ 72.970796143000229, 18.129200055185422 ], [ 72.985830419974619, 18.157764926862985 ], [ 72.976221002373507, 18.199153568012477 ], [ 72.950345925921823, 18.218669938404371 ], [ 72.932115939278688, 18.21410348637097 ], [ 72.932710045696041, 18.280701735388853 ], [ 72.962522158463983, 18.316165082231482 ], [ 72.913399323796099, 18.359333573682751 ], [ 72.926146215693564, 18.383793763877076 ], [ 72.892071030042473, 18.45926632927484 ], [ 72.909665197279267, 18.501016277089267 ], [ 72.904059064712428, 18.535693680863805 ], [ 72.933300846575506, 18.534405369830083 ], [ 72.861714904485112, 18.639375207348461 ], [ 72.852483617453572, 18.699195215794436 ], [ 72.864948202135622, 18.804341014881718 ], [ 72.807545215962065, 18.895808194278562 ], [ 72.822276938368901, 18.943148463293948 ], [ 72.787649227104964, 18.939476874391975 ], [ 72.820199787334204, 19.018710089674691 ], [ 72.827115399737721, 19.111977724046341 ], [ 72.806706361121456, 19.137375160485597 ], [ 72.783634863369784, 19.125174714166395 ], [ 72.794637310483552, 19.18275093754702 ], [ 72.778989863688039, 19.216130209414718 ], [ 72.781283086673866, 19.267696580960465 ], [ 72.800084436738459, 19.330324379835588 ], [ 72.755247151485179, 19.378439933593654 ], [ 72.748652071375588, 19.485927765378221 ], [ 72.709592882230794, 19.553075877218173 ], [ 72.721185372066216, 19.616527040102657 ], [ 72.694884420592672, 19.656857938445704 ], [ 72.713944686770176, 19.693409523223952 ], [ 72.695512909714921, 19.716925163582349 ], [ 72.676071196576004, 19.71404795998502 ], [ 72.669815270922399, 19.759348413111727 ], [ 72.685722031703264, 19.792706477927371 ], [ 72.722745594401033, 19.819067519857956 ], [ 72.682452985651139, 19.804657148987754 ], [ 72.665067037245507, 19.821691193904691 ], [ 72.658982581037492, 19.808674233398524 ], [ 72.642929839786788, 19.851153269645405 ], [ 72.644397374317151, 19.869048399800587 ], [ 72.655860961639547, 19.860495152837071 ], [ 72.672767576390385, 19.873326147848363 ], [ 72.650448038933945, 19.942412394532056 ], [ 72.684335965005616, 19.96036181767931 ], [ 72.707967027733034, 19.968361276815134 ], [ 72.723909059517126, 19.951542718173894 ], [ 72.75372978437079, 19.882425475992061 ], [ 72.773549358353733, 19.899026003717751 ], [ 72.769284463082457, 19.946478564504496 ], [ 72.753264654292295, 19.953986792285463 ], [ 72.768820192220588, 19.958921226397067 ], [ 72.760024505776812, 19.981494365113452 ], [ 72.719540641609257, 19.979002820700245 ], [ 72.724945098018864, 20.036319460424536 ], [ 72.711779256835328, 20.036688311433444 ], [ 72.704233654787004, 20.081041499750945 ], [ 72.729275337005134, 20.136806669491197 ], [ 72.79032555802651, 20.125744353670914 ], [ 72.790561686725212, 20.149202078287601 ], [ 72.823990165521053, 20.145315290376971 ], [ 72.822295296118085, 20.184243199884566 ], [ 72.83843356966274, 20.189897784289411 ], [ 72.839060476729102, 20.208572523378891 ], [ 72.860872155493254, 20.208842786706889 ], [ 72.863451818957941, 20.226402927104782 ], [ 72.917559336706447, 20.223887092713557 ], [ 72.9597382833918, 20.212790248030469 ], [ 72.97602210474605, 20.171760643539585 ], [ 72.962453383489887, 20.131283125397506 ], [ 72.978522590840072, 20.113677066732585 ], [ 73.006886037130613, 20.135380675566083 ], [ 72.99955615647248, 20.110833188899342 ], [ 73.03472427004499, 20.072177282409701 ], [ 73.048728307186551, 20.068324044072458 ], [ 73.050212599178082, 20.099433273607254 ], [ 73.088175382905987, 20.093990342290247 ], [ 73.153272704675047, 20.073355372311863 ], [ 73.171459098004888, 20.05185066820971 ], [ 73.222961457517286, 20.140724180188943 ], [ 73.249897132916303, 20.124743480801357 ], [ 73.284239343770793, 20.153926563256313 ], [ 73.284718161088534, 20.193890414777037 ], [ 73.301867467784675, 20.207217520457522 ], [ 73.343741313033362, 20.198434650007187 ], [ 73.358569839764598, 20.213305729640261 ], [ 73.365282845601982, 20.192602549695522 ], [ 73.386380291965637, 20.209074700231096 ], [ 73.389155795996544, 20.195908268235513 ], [ 73.418027796044072, 20.201441725950623 ], [ 73.411624844544875, 20.256860408713624 ], [ 73.428249098004159, 20.281949000070984 ], [ 73.406105972962081, 20.38138267826535 ], [ 73.382809755928108, 20.372735090920717 ], [ 73.382604021000247, 20.390033503682904 ], [ 73.421179414808009, 20.414170466180188 ], [ 73.467654143695853, 20.494715395659632 ], [ 73.463976213385081, 20.513739292896975 ], [ 73.492592577008935, 20.539887547750745 ], [ 73.473572096066036, 20.543032953262536 ], [ 73.472638374932984, 20.583250877721607 ], [ 73.432028927987162, 20.59481278145611 ], [ 73.394301907855919, 20.642327165482232 ], [ 73.431650741106267, 20.664512916130171 ], [ 73.445554533846675, 20.7101073076863 ], [ 73.474582040002829, 20.716833578514713 ], [ 73.490396208172342, 20.653033136865361 ], [ 73.530502832957382, 20.673405433355313 ], [ 73.555141537496169, 20.646917610497393 ], [ 73.599660825384788, 20.635781211410333 ], [ 73.629179904862923, 20.578769102153622 ], [ 73.663227593437782, 20.561786119279446 ], [ 73.693664856683711, 20.577788260065233 ], [ 73.741027490260109, 20.566724983647049 ], [ 73.78004872122645, 20.601569069552948 ], [ 73.831489370712603, 20.615010965543973 ], [ 73.838634676595888, 20.666291612298902 ], [ 73.818640004621898, 20.672854678130982 ], [ 73.81586559782258, 20.693053470978718 ], [ 73.856959917610808, 20.693482542131438 ], [ 73.879058228146505, 20.728761838132122 ], [ 73.914501381858329, 20.72264641076676 ], [ 73.943248810708283, 20.741389446837164 ], [ 73.932044695434982, 20.759875500672685 ], [ 73.938891688400403, 20.839174337275001 ], [ 73.924822017840555, 20.847445490793472 ], [ 73.921127634543282, 20.898133992487853 ], [ 73.888752339949889, 20.939186733731891 ], [ 73.909205922949454, 20.963835699964957 ], [ 73.900253276822681, 20.982157330387409 ], [ 73.847408913457386, 20.998166351271369 ], [ 73.79619851080966, 21.045005659521124 ], [ 73.811319020000141, 21.083801852940336 ], [ 73.763763731041706, 21.067362641136679 ], [ 73.733794158571641, 21.08400759911552 ], [ 73.746012813364942, 21.113214183277513 ], [ 73.732225668755817, 21.100473087400044 ], [ 73.703856616278443, 21.118197461475443 ], [ 73.686553211571891, 21.100188452911013 ], [ 73.653013533139685, 21.107617121666273 ], [ 73.650807269159372, 21.120286367832581 ], [ 73.621688020862408, 21.119417593260383 ], [ 73.622081265628836, 21.140907586159987 ], [ 73.581663614829154, 21.153492795893868 ], [ 73.58117419978629, 21.167199935521054 ], [ 73.606147468863114, 21.175327794848538 ], [ 73.630481650534421, 21.152380993381069 ], [ 73.629421682102645, 21.131914846436537 ], [ 73.674499952150384, 21.151309048261442 ], [ 73.730067785239399, 21.137415012914719 ], [ 73.735053052214781, 21.166224498710392 ], [ 73.777231871357841, 21.164126819448768 ], [ 73.789952314778603, 21.180777785594291 ], [ 73.816269079126954, 21.170943485781944 ], [ 73.829699126552569, 21.194172948511095 ], [ 73.812519456743956, 21.202876264058663 ], [ 73.826011149358962, 21.266433803769615 ], [ 73.886053236837085, 21.261320948730624 ], [ 73.942779759054275, 21.296377138120963 ], [ 73.947261305726343, 21.401157413688114 ], [ 73.963157084311504, 21.390828645861415 ], [ 74.043288345977146, 21.418105822274157 ], [ 74.062038013413414, 21.480566916285547 ], [ 74.073043499767053, 21.45643761528321 ], [ 74.105972483278236, 21.44669464087686 ], [ 74.123997379564585, 21.462090965442599 ], [ 74.218008879611986, 21.457474081731423 ], [ 74.226439703584447, 21.47828898742841 ], [ 74.253069794570706, 21.462197814653862 ], [ 74.323462658070355, 21.494120101019504 ], [ 74.33133347410913, 21.538569728387447 ], [ 74.311564831845359, 21.541522007777822 ], [ 74.304854449587296, 21.56567919394956 ], [ 74.26570028420474, 21.534038811714819 ], [ 74.234707882438585, 21.548720645223646 ], [ 74.200620727316277, 21.527683600815617 ], [ 74.177180967235756, 21.560247040275279 ], [ 74.020381169882398, 21.551267556856356 ], [ 73.978195213246764, 21.540735701475501 ], [ 73.980353818226078, 21.520054612432244 ], [ 73.960926877595369, 21.537786985059533 ], [ 73.951831913264868, 21.515205694600915 ], [ 73.904896612227603, 21.518954110093052 ], [ 73.855009731364746, 21.494671946570172 ], [ 73.81736574305414, 21.599529541438745 ], [ 73.781723358479525, 21.623944467068043 ], [ 73.88009327146348, 21.643821783543107 ], [ 73.890931408500123, 21.699012148020707 ], [ 73.825642951338196, 21.761678436486221 ], [ 73.839475650484019, 21.789435046196353 ], [ 73.826600744173803, 21.809620152825506 ], [ 73.807992757481955, 21.808914817565295 ], [ 73.81069413465957, 21.827353809070974 ], [ 73.874285908130986, 21.837341697205851 ], [ 74.133798002409648, 21.951726193610511 ], [ 74.197445433585344, 21.923831476947996 ], [ 74.286738945561041, 21.934269671784921 ], [ 74.300569971917753, 21.967362243288854 ], [ 74.345677611588101, 21.974523864795113 ], [ 74.384785787158592, 22.018256378016076 ], [ 74.43218721862128, 22.029028358855232 ], [ 74.450475760892573, 22.004186696872463 ], [ 74.432816294847967, 22.00026850674454 ], [ 74.44524373042988, 21.969170660471228 ], [ 74.490100807997024, 21.952502334983691 ], [ 74.524278051463227, 21.906779988681812 ], [ 74.500241007487546, 21.805250138783205 ], [ 74.508292906626323, 21.723053156885403 ], [ 74.548368406027947, 21.7170217395315 ], [ 74.553924768476278, 21.68161767937697 ], [ 74.580879335279988, 21.682801387297985 ], [ 74.587264010919597, 21.662230740015659 ], [ 74.790342384169833, 21.608297130880008 ], [ 74.829843491060828, 21.60882947756685 ], [ 74.862355513003479, 21.631921152028895 ], [ 74.899475630765892, 21.628098875838717 ], [ 75.055722197056767, 21.562756744206769 ], [ 75.121038479039441, 21.451189663109894 ], [ 75.218152777136865, 21.408712556979175 ], [ 75.298147545970224, 21.413469616006125 ], [ 75.300413156737534, 21.387075778337881 ], [ 75.360051103491671, 21.40101681913573 ], [ 75.397159026005028, 21.380770973056272 ], [ 75.467377926559379, 21.391963469101785 ], [ 75.547299539014688, 21.370247266030685 ], [ 75.608238638825441, 21.392731519653648 ], [ 75.672899078600622, 21.378072924927203 ], [ 75.959596779535929, 21.393855275811752 ], [ 76.052769376394565, 21.350401387494777 ], [ 76.099179350346418, 21.371609510104268 ], [ 76.159807880352446, 21.256921215391422 ], [ 76.144950770783296, 21.235887400828748 ], [ 76.164633141325425, 21.221974254345408 ], [ 76.173316904609891, 21.186130024290904 ], [ 76.167424553465764, 21.168579019253212 ], [ 76.114761776173225, 21.168309587004774 ], [ 76.136135339262211, 21.124098661918847 ], [ 76.16901014225634, 21.103323380764174 ], [ 76.169175441482295, 21.08374425881809 ], [ 76.262874616606624, 21.092624914641092 ], [ 76.282551309170913, 21.073254610854754 ], [ 76.377373516990829, 21.075264990957628 ], [ 76.412926706970325, 21.105201498207322 ], [ 76.453899637750723, 21.112806017832206 ], [ 76.492484384605874, 21.195689301864647 ], [ 76.530602741233182, 21.187165932476969 ], [ 76.560848981045993, 21.203678234026835 ], [ 76.624985430376455, 21.190544926731256 ], [ 76.644246547659506, 21.245569032142292 ], [ 76.660203611520075, 21.245659957958228 ], [ 76.662796007271353, 21.280225966397104 ], [ 76.626204311028332, 21.332856939250167 ], [ 76.734016772279503, 21.406518342666335 ], [ 76.745367027055579, 21.440822681630028 ], [ 76.786239979881344, 21.464154653336426 ], [ 76.793885629048575, 21.487533356485908 ], [ 76.764983835387156, 21.520254672228425 ], [ 76.789934089238002, 21.537724553024052 ], [ 76.782346357757504, 21.560045115843518 ], [ 76.797501855112998, 21.595078503772264 ], [ 76.835759160765107, 21.590621281039791 ], [ 76.854410382477013, 21.612569721526992 ], [ 76.90346766761779, 21.598378030463767 ], [ 77.075074224039184, 21.720422791314935 ], [ 77.160663994963073, 21.710928811121349 ], [ 77.174359223901419, 21.724776474135155 ], [ 77.21038144582289, 21.691564906469026 ], [ 77.227607469235835, 21.7154290010461 ], [ 77.286270147173155, 21.721778180706941 ], [ 77.289396440148934, 21.760269379144084 ], [ 77.404465438810391, 21.753736680568558 ], [ 77.478932091916391, 21.769018156352558 ], [ 77.545746458924981, 21.698700422336685 ], [ 77.574903749785889, 21.624805454287042 ], [ 77.574545419097333, 21.560457736868219 ], [ 77.610733137058261, 21.540643393117865 ], [ 77.570520871735383, 21.52762451981425 ], [ 77.460863797124048, 21.554365938620347 ], [ 77.420249220146772, 21.530861738654117 ], [ 77.441625612138097, 21.470785140180279 ], [ 77.472640377623264, 21.454799073969689 ], [ 77.490375849316678, 21.375744226291975 ], [ 77.513921545293982, 21.374773048288784 ], [ 77.530580142471081, 21.419002415590111 ], [ 77.587956919022716, 21.362536702165563 ], [ 77.608365517663813, 21.365057622557284 ], [ 77.605103183318533, 21.391597232206145 ], [ 77.654607605947376, 21.391452197655465 ], [ 77.670877656061393, 21.369577400552245 ], [ 77.694843630725259, 21.395141222545579 ], [ 77.708954326027438, 21.357199256528201 ], [ 77.73763965752967, 21.362849515756789 ], [ 77.750269832821544, 21.382326885040921 ], [ 77.797314289114723, 21.388878842233868 ], [ 77.803245141831908, 21.410421172679154 ], [ 77.885876419662338, 21.375888991723492 ], [ 77.94285919360513, 21.385132206389418 ], [ 78.1738121056935, 21.49673400595869 ], [ 78.185443315306017, 21.556833354780494 ], [ 78.273895818725151, 21.568917873285919 ], [ 78.260028839038768, 21.583425060716923 ], [ 78.270760321904248, 21.59245595538632 ], [ 78.308786967518046, 21.569665708224402 ], [ 78.341506654876184, 21.588748277004289 ], [ 78.365725572576125, 21.57655757892973 ], [ 78.38430498278818, 21.616876472807078 ], [ 78.427412470155645, 21.600219694412729 ], [ 78.418332746331117, 21.576039952954833 ], [ 78.434934788857461, 21.500151237206719 ], [ 78.485312872197028, 21.504550372745374 ], [ 78.513517255872785, 21.526848743575556 ], [ 78.571554357464791, 21.514178057179432 ], [ 78.58990106560087, 21.485413118947999 ], [ 78.689227818188471, 21.480570217028522 ], [ 78.729388752354595, 21.463037348155641 ], [ 78.7517233991626, 21.492508796207762 ], [ 78.777458477900296, 21.465823644314305 ], [ 78.789895939024774, 21.487813913318433 ], [ 78.88525162763014, 21.483723121992139 ], [ 78.901184607482918, 21.49931542348363 ], [ 78.937275119667916, 21.486190780302799 ], [ 78.946107084085867, 21.512465923754515 ], [ 78.909867830850928, 21.553519849308625 ], [ 78.933288728588394, 21.558979557937857 ], [ 78.91708782467758, 21.569574622824781 ], [ 78.918693048251271, 21.591000883710329 ], [ 79.000008799658616, 21.617425221966151 ], [ 79.015119105632962, 21.600205500564154 ], [ 79.093742885677656, 21.597960830766311 ], [ 79.153556515750353, 21.659261282939163 ], [ 79.225691205627427, 21.649623655388776 ], [ 79.234497049732965, 21.722657460625079 ], [ 79.354932325636113, 21.677777466764049 ], [ 79.400718983388302, 21.673511693596318 ], [ 79.42177007242816, 21.690368292880354 ], [ 79.494624995696824, 21.67312175871043 ], [ 79.517701782599119, 21.630212977174288 ], [ 79.504253892715738, 21.611469698460297 ], [ 79.511887524488159, 21.589401419313919 ], [ 79.543641793246493, 21.568181119875739 ], [ 79.542714229830324, 21.543442039625752 ], [ 79.653682700492965, 21.556477748234283 ], [ 79.664335780584764, 21.576618127416673 ], [ 79.738885844772184, 21.601854497987016 ], [ 79.798117428798193, 21.580814275729622 ], [ 79.863435915346486, 21.530451339542264 ], [ 79.922218328421806, 21.524076295321446 ], [ 79.942815948692044, 21.556370339470831 ], [ 79.972700411239757, 21.556868814735594 ], [ 80.000012289537565, 21.534369385309745 ], [ 80.03471791185423, 21.556998471795424 ], [ 80.070081296095907, 21.554280340631422 ], [ 80.121513035173479, 21.606686456032168 ], [ 80.154456891496253, 21.605998232802065 ], [ 80.194824321508193, 21.633898334415406 ], [ 80.266898477224913, 21.619934082472394 ], [ 80.298597106019315, 21.577911030566799 ], [ 80.32688651910243, 21.573496762615509 ], [ 80.331136436463339, 21.548675273935288 ], [ 80.37733520640684, 21.520998472862381 ], [ 80.418057158061202, 21.438407706649549 ], [ 80.395810854021377, 21.407607093118987 ], [ 80.410129489223991, 21.376782211600702 ], [ 80.447172917807094, 21.372429808989921 ], [ 80.455092741363245, 21.402624269182105 ], [ 80.492276033520909, 21.397974979790408 ], [ 80.526249656010023, 21.389957451698333 ], [ 80.600025849315841, 21.325351045543652 ], [ 80.670456035413224, 21.325492934225213 ], [ 80.679836426087832, 21.298972232583317 ], [ 80.6391089800521, 21.248014866506409 ], [ 80.564633729669751, 21.204645766548762 ], [ 80.527565493134972, 21.204193913838733 ], [ 80.514447641774069, 21.183122814360551 ], [ 80.464079441873068, 21.17348780477759 ], [ 80.445426536404355, 21.122109509487984 ], [ 80.456028914606648, 21.112686163680063 ], [ 80.440082347196835, 21.097884125398359 ], [ 80.454125621972196, 21.03746797040699 ], [ 80.430532461590673, 21.010459790191717 ], [ 80.462345737749601, 20.933132507871594 ], [ 80.548697167694584, 20.935030863235934 ], [ 80.562753968514158, 20.820986087615164 ], [ 80.552398910322836, 20.766750320311342 ], [ 80.587020653179039, 20.685181989343562 ], [ 80.514458094031369, 20.656105003345939 ], [ 80.488441853251388, 20.618640851422239 ], [ 80.518769733456097, 20.586743480494558 ], [ 80.574209204089939, 20.61405521293576 ], [ 80.629257523043407, 20.605584352843067 ], [ 80.601638068599883, 20.448364262245761 ], [ 80.610400082232488, 20.435232216941788 ], [ 80.592984252135921, 20.39763213877232 ], [ 80.624756036872583, 20.335824654267256 ], [ 80.548961676046645, 20.308967061542276 ], [ 80.51776728500532, 20.271737081301122 ], [ 80.472347229463523, 20.273705751527352 ], [ 80.389815393364884, 20.243758881596211 ], [ 80.420869479721489, 20.192382879036302 ], [ 80.392892303167514, 20.164981478492987 ], [ 80.400721781533264, 20.146230539289881 ], [ 80.446540441840384, 20.131406135810359 ], [ 80.458255128056422, 20.147147331813027 ], [ 80.504970362719362, 20.141262665989384 ], [ 80.547349847116109, 20.112262640186028 ], [ 80.553161708774013, 20.068222491080874 ], [ 80.539556582818363, 20.006532397208865 ], [ 80.552573600889502, 19.989827978000807 ], [ 80.527399299789721, 19.933588538171012 ], [ 80.48747010074689, 19.930468812567007 ], [ 80.450657156844485, 19.955254603891117 ], [ 80.413229209852275, 19.935072463177477 ], [ 80.414643298007036, 19.908517453269994 ], [ 80.489643036492751, 19.901613067991718 ], [ 80.504546078883706, 19.871534805353729 ], [ 80.438655737991454, 19.81310003805466 ], [ 80.404511152309979, 19.81898597395854 ], [ 80.40167126487043, 19.797369092488761 ], [ 80.459460504289865, 19.795763848647244 ], [ 80.48513152594947, 19.775333346016748 ], [ 80.487268649529227, 19.798328762560747 ], [ 80.46656136745392, 19.814170731005568 ], [ 80.476178275099272, 19.827492480331223 ], [ 80.549509524605099, 19.822197162979787 ], [ 80.546750797829219, 19.77759158205502 ], [ 80.673024619066609, 19.695500576641283 ], [ 80.664034194546929, 19.61567946591822 ], [ 80.728238439070623, 19.611896929146919 ], [ 80.771553300339576, 19.588428225063037 ], [ 80.773699467351449, 19.571945004204476 ], [ 80.834939241333942, 19.56639325869736 ], [ 80.852731558551355, 19.532963356147452 ], [ 80.892925735252305, 19.513132945835448 ], [ 80.899465633747369, 19.469639464709584 ], [ 80.87487701791764, 19.447426398608883 ], [ 80.795281623356104, 19.430600920339774 ], [ 80.820118929429597, 19.38674778674536 ], [ 80.852429878740196, 19.364993522861639 ], [ 80.756632147053224, 19.290830745592341 ], [ 80.695969881246882, 19.287518509036989 ], [ 80.67921069939672, 19.330378642184179 ], [ 80.617437823473594, 19.31101798438706 ], [ 80.575046164388169, 19.404585552187378 ], [ 80.521048969041345, 19.351886660025073 ], [ 80.482781281679735, 19.338705962216689 ], [ 80.444229963370617, 19.264815790321194 ], [ 80.39051025319867, 19.242854204389776 ], [ 80.393838939937837, 19.192832497882971 ], [ 80.332009639759022, 19.145345407299718 ], [ 80.329302529337937, 19.078794120232711 ], [ 80.296019879338388, 19.050218320925442 ], [ 80.300589209381286, 19.025573684507588 ], [ 80.274907087436262, 18.991327213845441 ], [ 80.274840382459644, 18.93289596712594 ], [ 80.343032979627367, 18.860442840373441 ], [ 80.355103585013381, 18.820348614156956 ], [ 80.301457927515244, 18.794970571564399 ], [ 80.279107474191832, 18.766611560913773 ], [ 80.249433822544376, 18.764115717676741 ], [ 80.274847759170669, 18.722436819594147 ], [ 80.253959900581478, 18.705782786897025 ], [ 80.215151928377679, 18.704880857925446 ], [ 80.196214433153131, 18.680020081168674 ], [ 80.165325801442592, 18.700306555193226 ], [ 80.113755661139479, 18.681845287566922 ], [ 80.019406602553929, 18.770812754877731 ], [ 79.938958862691393, 18.788345540520506 ], [ 79.900918232965353, 18.83463875919573 ], [ 79.932454452485558, 18.841360800361887 ], [ 79.945943888642958, 18.86268903874787 ], [ 79.941355901409239, 19.025212927586313 ], [ 79.922954710765396, 19.050810715884246 ], [ 79.866373394338908, 19.038034973671373 ], [ 79.864814336006191, 19.107389617656466 ], [ 79.950038800551994, 19.17388092321357 ], [ 79.926948448776614, 19.22956916734055 ], [ 79.96857780922852, 19.300578432685864 ], [ 79.979804470558818, 19.403952475909716 ], [ 79.946912223749536, 19.467298643773255 ], [ 79.834800103218498, 19.539543631646616 ], [ 79.82315384452356, 19.571483073675935 ], [ 79.791952021281588, 19.595987493360788 ], [ 79.746804842679296, 19.605471913999203 ], [ 79.719383163637673, 19.585657033450609 ], [ 79.64610313885396, 19.577255484647228 ], [ 79.622176487428945, 19.560878843023289 ], [ 79.604423642275933, 19.506084881532104 ], [ 79.558811085904139, 19.522282355452784 ], [ 79.548958346970437, 19.550705022371773 ], [ 79.521253606165672, 19.544116693307952 ], [ 79.519679837869006, 19.520266351026827 ], [ 79.476657641487705, 19.499624795833082 ], [ 79.447446955944741, 19.535599771441465 ], [ 79.419760676399974, 19.53553560919713 ], [ 79.375117482649728, 19.573177895593751 ], [ 79.320286207348474, 19.567420636403746 ], [ 79.310842698900785, 19.5919956062734 ], [ 79.249804769417864, 19.614291278096125 ], [ 79.242575168447047, 19.528668338381419 ], [ 79.212780972904085, 19.493558098255068 ], [ 79.228882618884867, 19.469741119158801 ], [ 79.18368897615369, 19.462589772568972 ], [ 79.146096713530426, 19.502910821251163 ], [ 79.110536149327245, 19.514481097748071 ], [ 79.108637637503932, 19.529668425106319 ], [ 79.024018320102044, 19.541568395503191 ], [ 78.998478558315242, 19.563586550040696 ], [ 78.96013864875853, 19.553351089103671 ], [ 78.986123421398929, 19.586582658201717 ], [ 78.968442995991765, 19.618754144053121 ], [ 78.974529835163665, 19.650617441665531 ], [ 78.921412781183264, 19.669037827582155 ], [ 78.864227969163224, 19.65756824835481 ], [ 78.851016211387162, 19.759449286980971 ], [ 78.81295833529289, 19.759054133794898 ], [ 78.790188529140536, 19.779757678477409 ], [ 78.721677879479358, 19.76776056076357 ], [ 78.701092309204427, 19.79060606253098 ], [ 78.608696004406795, 19.818272673934494 ], [ 78.531194523289471, 19.822350563539665 ], [ 78.498807962450073, 19.79385190259655 ], [ 78.481036113717835, 19.817011154302332 ], [ 78.402384176323196, 19.836943492723169 ], [ 78.388847987718606, 19.879702623394866 ], [ 78.340879857525181, 19.883615051090221 ], [ 78.327572287021951, 19.895368151222353 ], [ 78.339733725205164, 19.910494449212873 ], [ 78.314776976890855, 19.913107002959059 ], [ 78.298683238252593, 19.849991286863183 ], [ 78.343631455422241, 19.83967655282304 ], [ 78.34059912466023, 19.819158170896792 ], [ 78.365156107398107, 19.806292946140186 ], [ 78.372421288606816, 19.781670742447815 ], [ 78.349940924866956, 19.714241055834371 ], [ 78.320661657215851, 19.691221853360496 ], [ 78.290379251981079, 19.690314129665044 ], [ 78.274272757961157, 19.66380082669728 ], [ 78.315611844089759, 19.604954734343622 ], [ 78.315787321846855, 19.572600684352793 ], [ 78.283693108495555, 19.559017718398589 ], [ 78.313556473215726, 19.457404437282317 ], [ 78.186607667765429, 19.412703178786526 ], [ 78.184052671570896, 19.354019438574333 ], [ 78.201643953154488, 19.332789428411534 ], [ 78.190901564442413, 19.250513260018035 ], [ 78.174511998122597, 19.237496743008567 ], [ 78.154158414950615, 19.231199830723774 ], [ 78.086560666374439, 19.255825667255948 ], [ 78.05538144856294, 19.242790207351842 ], [ 78.049975678191686, 19.271850556153328 ], [ 77.952962275278949, 19.34209155595617 ], [ 77.864751464441994, 19.30291769762918 ], [ 77.865810398443273, 19.284903748062572 ], [ 77.909692654222013, 19.268085241844958 ], [ 77.871305638166135, 19.256116676259619 ], [ 77.850436090302068, 19.197889405707908 ], [ 77.862318456320679, 19.181712718100428 ], [ 77.83494800296603, 19.136633840253204 ], [ 77.852052809724469, 19.091131690508533 ], [ 77.806464953348538, 19.102956311194717 ], [ 77.800997544050631, 19.052367727490203 ], [ 77.765441671808389, 19.063055783588926 ], [ 77.761131337761242, 19.029601889067376 ], [ 77.771143923061032, 18.982543806722454 ], [ 77.821016505869025, 18.983538445129778 ], [ 77.81656730258463, 18.950663990393114 ], [ 77.857692489046897, 18.95353683009154 ], [ 77.844434725513636, 18.91259643014234 ], [ 77.885596197991063, 18.909862392744998 ], [ 77.903276353833874, 18.869334162121721 ], [ 77.948284539338886, 18.843772752166888 ], [ 77.946717500282176, 18.823805741227542 ], [ 77.911669763034027, 18.830983941122117 ], [ 77.841409451920825, 18.808883278756621 ], [ 77.790330690671112, 18.68566456395726 ], [ 77.761488201511568, 18.708563277257404 ], [ 77.736654811823996, 18.6774996105738 ], [ 77.733510955076724, 18.644268923959746 ], [ 77.751940856866668, 18.606928460602884 ], [ 77.740340769497706, 18.556479074262711 ], [ 77.66125019445002, 18.528835475587073 ], [ 77.652472497222632, 18.554202778882264 ], [ 77.600827258626836, 18.54908584101932 ], [ 77.605020222127223, 18.523530465688943 ], [ 77.58980833846779, 18.504518427291675 ], [ 77.604646050817266, 18.475858332225307 ], [ 77.580038043344388, 18.485392755433903 ], [ 77.574150713856042, 18.468486744769024 ], [ 77.549673585910753, 18.464988562064594 ], [ 77.588768118928101, 18.447119294466681 ], [ 77.537962908601529, 18.444023988544561 ], [ 77.529376245847459, 18.428989364942257 ], [ 77.558695243245921, 18.419533116031364 ], [ 77.522953344690677, 18.350989005686795 ], [ 77.573799843068159, 18.31002277824291 ], [ 77.553502331087998, 18.293192239048594 ], [ 77.512955845639624, 18.308514192554817 ], [ 77.513667591577445, 18.280259176674488 ], [ 77.468756105480026, 18.261757737296797 ], [ 77.440216977167879, 18.283785571206124 ], [ 77.439649379409545, 18.308193187969646 ], [ 77.365637412622092, 18.309923577002511 ], [ 77.358522579422711, 18.320131022880673 ], [ 77.401514827135614, 18.349115726341555 ], [ 77.394993892232989, 18.367511285265937 ], [ 77.413310640721505, 18.39010553691433 ], [ 77.372857559450352, 18.402231230319639 ], [ 77.372724859658859, 18.449113420989189 ], [ 77.345100380549283, 18.4317437038621 ], [ 77.320369775969127, 18.455190561523583 ], [ 77.316234804042296, 18.440796994794947 ], [ 77.24302706958926, 18.410041046322664 ], [ 77.23566160753272, 18.387549743363593 ], [ 77.247860912214705, 18.37202279293783 ], [ 77.212734299354949, 18.315224037602238 ], [ 77.198150815001028, 18.314179555566898 ], [ 77.208954568237957, 18.279489274335326 ], [ 77.173205814515811, 18.282360198535464 ], [ 77.152642310691505, 18.218113001939923 ], [ 77.098065900043537, 18.196629818585912 ], [ 77.118902440305192, 18.169183131904497 ], [ 77.111458305960454, 18.154287175860095 ], [ 77.060112306030305, 18.153913700090133 ], [ 77.035205381843525, 18.185268140610724 ], [ 77.026356610968122, 18.164190331473492 ], [ 77.000059769342911, 18.168336547590741 ], [ 76.990148949805473, 18.189926140130197 ], [ 76.956291975580228, 18.186312263780028 ], [ 76.924681821190873, 18.11758727903177 ], [ 76.970519868117762, 18.098648108385806 ], [ 76.949236042151057, 18.075315472480249 ], [ 76.956859632451355, 18.041282572762075 ], [ 76.91986172304459, 18.034808229569862 ], [ 76.918616049803276, 17.916813150751175 ], [ 76.88326099557392, 17.894770039562669 ], [ 76.81014022874345, 17.884753861538499 ], [ 76.804683238985774, 17.869999247396937 ], [ 76.776376218033718, 17.878614440507235 ], [ 76.767739637814572, 17.90004183518456 ], [ 76.742381281373355, 17.899597209861952 ], [ 76.739188461815374, 17.85869255140426 ], [ 76.790048388758024, 17.828180013805522 ], [ 76.764576278428933, 17.78884845546289 ], [ 76.717403301306391, 17.783621494635121 ], [ 76.729348565664111, 17.738775277064271 ], [ 76.699814253169663, 17.727794161542512 ], [ 76.692199554205729, 17.681754240310529 ], [ 76.664728739312551, 17.689632402929881 ], [ 76.615872850943688, 17.769943959307167 ], [ 76.574555742930926, 17.703851428679435 ], [ 76.574615352044219, 17.761613158045417 ], [ 76.524870761466715, 17.760457288198523 ], [ 76.524821885047658, 17.716849192826256 ], [ 76.487449120464873, 17.715113130336729 ], [ 76.490387413607195, 17.662324658147877 ], [ 76.429644707913496, 17.646044327690596 ], [ 76.416591928199921, 17.605863680528145 ], [ 76.332329593719564, 17.59647455393241 ], [ 76.340730876781862, 17.544249717282032 ], [ 76.366909450375488, 17.523890380043394 ], [ 76.344218756038487, 17.496082247377956 ], [ 76.375877144668252, 17.495273251527074 ], [ 76.331506969257049, 17.47057122149667 ], [ 76.334391543962866, 17.434069362422015 ], [ 76.374018988339003, 17.436246904807231 ], [ 76.362838436721674, 17.376959452386107 ], [ 76.409034020491362, 17.371214726666231 ], [ 76.411635555205777, 17.349643987134588 ], [ 76.382630455651693, 17.313774242708298 ], [ 76.353102878430008, 17.312539231925378 ], [ 76.344402109341459, 17.35183033042733 ], [ 76.313710663352097, 17.345145955348141 ], [ 76.317917848136261, 17.331335783440533 ], [ 76.276478148028986, 17.332391371791303 ], [ 76.270751462692601, 17.358354093060921 ], [ 76.250513420505186, 17.359706564254353 ], [ 76.244838249314796, 17.376463978067971 ], [ 76.172595691255907, 17.350490916999465 ], [ 76.176053474398728, 17.29902515718603 ], [ 76.164062547585146, 17.302139254321979 ], [ 76.163409190423778, 17.342667641404958 ], [ 76.121309116953654, 17.368045331404904 ], [ 76.078722117381901, 17.331766314482532 ], [ 76.05442658622863, 17.355964638180801 ], [ 75.930650033425948, 17.325722259071473 ], [ 75.893035408518941, 17.355177580578566 ], [ 75.886569779213431, 17.418812586392555 ], [ 75.861228626765026, 17.387354147854516 ], [ 75.855218261069595, 17.4091433285828 ], [ 75.823841876244956, 17.424286554477167 ], [ 75.814165901869501, 17.375331686442824 ], [ 75.801406329190158, 17.371577957387814 ], [ 75.735864243930081, 17.42328843585279 ], [ 75.689864740709893, 17.413974661033691 ], [ 75.676163081944921, 17.459287292197512 ], [ 75.634061319465161, 17.478787422022236 ], [ 75.60853570769558, 17.420856609115688 ], [ 75.614225793464399, 17.393203615107403 ], [ 75.576837140818597, 17.384264991291239 ], [ 75.583151656357188, 17.35115391652721 ], [ 75.611534191538169, 17.343695776317045 ], [ 75.604380151972336, 17.304682980750005 ], [ 75.658503029855652, 17.262941542083272 ], [ 75.660749741370793, 17.209896149259436 ], [ 75.62655076951286, 17.17169119760673 ], [ 75.652266505710415, 17.114773700485237 ], [ 75.672805070075754, 17.115203358764585 ], [ 75.677223799721858, 17.095865125011976 ], [ 75.677151562763669, 17.064571821754811 ], [ 75.642366942001175, 17.038116851775811 ], [ 75.670971959555331, 17.037468672534409 ], [ 75.67336991851549, 16.962081285180886 ], [ 75.643684106739784, 16.952835238619048 ], [ 75.60918404722004, 16.971379824092214 ], [ 75.608024077493567, 17.004830129360407 ], [ 75.574189537960066, 17.00950244667299 ], [ 75.568737610370547, 16.965357877854764 ], [ 75.531125654011163, 16.968369760408514 ], [ 75.490612204762371, 16.944604009105255 ], [ 75.465923631778523, 16.986986987435372 ], [ 75.428901651962079, 16.965114460602081 ], [ 75.392497577019, 16.978009807289975 ], [ 75.34289126689292, 16.954146562287892 ], [ 75.285807278204331, 16.956364625753356 ], [ 75.280146473879455, 16.875908612652278 ], [ 75.212964189817654, 16.842000944463958 ], [ 75.180188791286724, 16.843681445374568 ], [ 75.186671253431214, 16.87511872011687 ], [ 75.137943854714138, 16.875129483829216 ], [ 75.135193426224731, 16.894496070516038 ], [ 75.094591346053562, 16.915416171184447 ], [ 75.087016209713667, 16.950155491659281 ], [ 75.028270560035338, 16.927173002272564 ], [ 75.026664399892837, 16.943022783100549 ], [ 74.999958846092497, 16.947307518445108 ], [ 74.982003140096069, 16.930499874728142 ], [ 74.934381454816588, 16.942440950536817 ], [ 74.922982341412748, 16.927079377407775 ], [ 74.963389844552367, 16.906873787830378 ], [ 74.96021311020958, 16.879401525909557 ], [ 74.907861650343108, 16.857454984343903 ], [ 74.919787195799231, 16.771542401213242 ], [ 74.850651997372708, 16.772344731369877 ], [ 74.774385221856335, 16.75015154345343 ], [ 74.731832279359381, 16.717411570413841 ], [ 74.693252093292912, 16.716761550410215 ], [ 74.690651837973732, 16.687414330793157 ] ], [ [ 74.265573161073306, 15.819193028188437 ], [ 74.266379570295086, 15.793179342813714 ], [ 74.309106801003779, 15.798563100352087 ], [ 74.289746733360204, 15.83079594648294 ], [ 74.265573161073306, 15.819193028188437 ] ], [ [ 77.275114405227555, 18.449892068530712 ], [ 77.293949572642887, 18.458249885839798 ], [ 77.300949956186983, 18.476736019200622 ], [ 77.274899144818463, 18.474858362417741 ], [ 77.275114405227555, 18.449892068530712 ] ] ], [ [ [ 73.383494551648099, 16.616023972896848 ], [ 73.386043523425641, 16.621669584285868 ], [ 73.388467288410581, 16.618049872872835 ], [ 73.383494551648099, 16.616023972896848 ] ] ], [ [ [ 72.734305838159514, 19.462029583961669 ], [ 72.730648317864762, 19.455154530067606 ], [ 72.72957615986401, 19.464292757588378 ], [ 72.734305838159514, 19.462029583961669 ] ] ] ] } },
{ "type": "Feature", "properties": { "ST_NM": "Manipur", "state_id": "manipur" }, "geometry": { "type": "Polygon", "coordinates": [ [ [ 94.400985314457344, 24.481300435118541 ], [ 94.401392073197911, 24.414631247804547 ], [ 94.364293602652126, 24.398138602000106 ], [ 94.383566164907464, 24.378143290400324 ], [ 94.349209086842592, 24.335610159970742 ], [ 94.323842024909524, 24.332621678227682 ], [ 94.32542817444174, 24.286082170163535 ], [ 94.292562723247485, 24.233572543264472 ], [ 94.281112250301121, 24.173614133561909 ], [ 94.260095219447663, 24.161532505293074 ], [ 94.257004498374641, 24.083330308797262 ], [ 94.244485428364726, 24.056351811576782 ], [ 94.230373089609984, 24.060734050415395 ], [ 94.242603055956167, 24.038033795357599 ], [ 94.191754175440508, 23.95893115890469 ], [ 94.19320819148848, 23.931630551031247 ], [ 94.168028962038747, 23.929069168076623 ], [ 94.158672863704723, 23.846763909554721 ], [ 94.126066779932259, 23.836859049972169 ], [ 94.093413740991437, 23.887749132013731 ], [ 94.053973707229304, 23.891890094528652 ], [ 94.015142408313253, 23.928358199925839 ], [ 93.966898111437757, 23.928482106351566 ], [ 93.911506462635515, 23.952140475648545 ], [ 93.805767584062039, 23.928077541253693 ], [ 93.754787434285006, 24.004590499696299 ], [ 93.737798878896754, 23.994316118926982 ], [ 93.618671939830975, 24.009692190534007 ], [ 93.601458718143988, 23.965073843414473 ], [ 93.561585074625285, 23.985167744751053 ], [ 93.552981574633449, 23.960824305887119 ], [ 93.506792289073871, 23.944624658339457 ], [ 93.467040799700257, 23.969756657369565 ], [ 93.423049771191771, 24.067628532617359 ], [ 93.349865081260788, 24.108509287796007 ], [ 93.352264105119318, 24.093770392236035 ], [ 93.332453450605897, 24.086268442420586 ], [ 93.335777966128759, 24.049528908708425 ], [ 93.286648909657572, 24.047791457583948 ], [ 93.253752597307241, 24.020105242974683 ], [ 93.265102319297995, 24.05654770119148 ], [ 93.246563719015413, 24.081670810580022 ], [ 93.225251135114831, 24.08291077449454 ], [ 93.215279393888309, 24.046458252515304 ], [ 93.168440579007594, 24.051452180652753 ], [ 93.168487705579025, 24.067800385316765 ], [ 93.140874380390386, 24.083353945422488 ], [ 93.099603404265196, 24.041733775272824 ], [ 93.101045446330346, 24.070662527724103 ], [ 93.078259775470244, 24.099672638932727 ], [ 93.05247905706436, 24.087448294251921 ], [ 92.973771403425914, 24.113944704038502 ], [ 93.004352742790246, 24.157464533000756 ], [ 93.001982946294305, 24.194377377877569 ], [ 93.021207087417466, 24.206870470398059 ], [ 93.007239805456848, 24.27732262368977 ], [ 93.042412833554394, 24.340161991703198 ], [ 93.020638890752068, 24.34363991684631 ], [ 93.023448999116468, 24.38727415725274 ], [ 92.999645548200121, 24.400128697932317 ], [ 93.038267508141161, 24.407904501918182 ], [ 93.047681275291765, 24.472241725747182 ], [ 93.034961562129666, 24.493735910740352 ], [ 93.071915227635202, 24.557800239758397 ], [ 93.060378461451947, 24.571577415954788 ], [ 93.106188128424705, 24.580208984764365 ], [ 93.074692881317858, 24.592946576475661 ], [ 93.104027389061812, 24.671997987883397 ], [ 93.075244754259217, 24.707115751200899 ], [ 93.106624271590292, 24.738566622579601 ], [ 93.109237695808687, 24.806408495674724 ], [ 93.12210116906185, 24.816480088845033 ], [ 93.15232588720346, 24.786365005610023 ], [ 93.196703201218583, 24.807758234647288 ], [ 93.196602264603285, 24.852995443004698 ], [ 93.228486007082211, 24.873745424972594 ], [ 93.238408996300493, 24.911463400356272 ], [ 93.2526760148981, 24.915234785630854 ], [ 93.239425586589974, 24.935282335094488 ], [ 93.261824316971257, 24.947770187488398 ], [ 93.250999484060927, 24.977846126105625 ], [ 93.262802637572875, 25.000656045377088 ], [ 93.246445877431697, 25.000074335663232 ], [ 93.248355242618885, 25.015239319988492 ], [ 93.267704131608212, 25.046087773965464 ], [ 93.304085755086462, 25.044331149734926 ], [ 93.335288249952356, 25.092137422229243 ], [ 93.352663313216397, 25.178081455938244 ], [ 93.403199533883353, 25.259289728997228 ], [ 93.473625396876429, 25.305372170499261 ], [ 93.476306518979214, 25.275113057394467 ], [ 93.510313463359012, 25.271615722910052 ], [ 93.504635222543257, 25.240134545490168 ], [ 93.554151678558199, 25.24643638199079 ], [ 93.607333915557589, 25.197830683284785 ], [ 93.692187598813774, 25.357268732768688 ], [ 93.717435905515899, 25.357222087689262 ], [ 93.808417618426432, 25.461080391431107 ], [ 93.80351403415257, 25.49454798299584 ], [ 93.765306472167879, 25.495495875765048 ], [ 93.771383288735109, 25.536413076497354 ], [ 93.891409504503301, 25.563796648660883 ], [ 93.964580289125465, 25.551789991783028 ], [ 94.009738289430601, 25.566430140475948 ], [ 94.014091986167784, 25.59126284691191 ], [ 94.085167017138062, 25.554679455676158 ], [ 94.091292531674313, 25.527644621474966 ], [ 94.137849114168773, 25.518505477603735 ], [ 94.159259364138293, 25.550029259262672 ], [ 94.193963709443167, 25.547123810453897 ], [ 94.189787179620566, 25.525467621381516 ], [ 94.213848590227528, 25.494850630261759 ], [ 94.285676199034867, 25.506159449089289 ], [ 94.312408297484978, 25.488835832629366 ], [ 94.419099171038567, 25.536818536190729 ], [ 94.428887627686592, 25.586902548396626 ], [ 94.472913991610113, 25.615739398930753 ], [ 94.50420463555507, 25.611012278806218 ], [ 94.571872540026533, 25.691584800790082 ], [ 94.594437927386906, 25.685154193224871 ], [ 94.574867621956287, 25.638583824273969 ], [ 94.593944455418452, 25.637684926478236 ], [ 94.554438136165601, 25.579683955118718 ], [ 94.556037834302003, 25.506574921467259 ], [ 94.631438302241918, 25.459236332516493 ], [ 94.680847389711104, 25.453174664801598 ], [ 94.674616335093916, 25.41401913006229 ], [ 94.642805178282558, 25.395098599418439 ], [ 94.600200595958242, 25.292215253366109 ], [ 94.583567654849404, 25.209237352089403 ], [ 94.607011854777198, 25.184461111024852 ], [ 94.743570170421989, 25.129587551277442 ], [ 94.748545900395115, 25.056446729287071 ], [ 94.739997591707805, 25.018171706154607 ], [ 94.700903837313646, 24.971269256745018 ], [ 94.716782079657918, 24.935377855947756 ], [ 94.635538042837652, 24.835443770292102 ], [ 94.622470129125702, 24.78889900031945 ], [ 94.630907961106161, 24.757997890641878 ], [ 94.608419478017098, 24.715185270626176 ], [ 94.588571645128084, 24.704053107589392 ], [ 94.579282560741987, 24.724493914642 ], [ 94.574157985631615, 24.705221606706942 ], [ 94.548626751402026, 24.709774145476295 ], [ 94.529036955889893, 24.625634599319032 ], [ 94.463064586209057, 24.568955416370581 ], [ 94.427111529038967, 24.486797010320654 ], [ 94.400985314457344, 24.481300435118541 ] ] ] } },
{ "type": "Feature", "properties": { "ST_NM": "Meghalaya", "state_id": "meghalaya" }, "geometry": { "type": "Polygon", "coordinates": [ [ [ 91.084465112960572, 25.201352210324117 ], [ 90.857725822678674, 25.159079181538679 ], [ 90.783022728110225, 25.183197754609328 ], [ 90.734969914316551, 25.15411731718056 ], [ 90.677805619362445, 25.166957166029658 ], [ 90.658012079961551, 25.192579951049503 ], [ 90.639200610649098, 25.172631604013802 ], [ 90.513262580837264, 25.167895083748952 ], [ 90.447441241845965, 25.14324014789668 ], [ 90.334579055147714, 25.191156602303678 ], [ 90.11521606313805, 25.223675689618801 ], [ 89.975060324357386, 25.300490748640165 ], [ 89.910918415998992, 25.307292810592678 ], [ 89.87742675149299, 25.286709221028502 ], [ 89.837685852690115, 25.295492519121893 ], [ 89.818548151607061, 25.388103388976322 ], [ 89.856088025999696, 25.476617584146751 ], [ 89.879389829024831, 25.491510906535755 ], [ 89.87066414239824, 25.539789832970001 ], [ 89.890313982003065, 25.558046493463113 ], [ 89.970314564432641, 25.571842396426778 ], [ 89.983049104692029, 25.590859998554038 ], [ 90.005988100621693, 25.584311999857416 ], [ 90.022300280830834, 25.608498024903017 ], [ 89.950918351604997, 25.658941428122073 ], [ 89.899562065550057, 25.744220129203992 ], [ 89.937611163584222, 25.744641071956885 ], [ 89.95936389757027, 25.77453068679387 ], [ 89.948760698450698, 25.824531230724297 ], [ 90.012471177647157, 25.846855830809222 ], [ 90.026054788747004, 25.865537276475699 ], [ 90.008939711345235, 25.878696836445247 ], [ 90.046256438534044, 25.890745655612648 ], [ 90.122818285432217, 25.961208446126609 ], [ 90.157529129476103, 25.964638094472981 ], [ 90.186588346695004, 25.944375887226926 ], [ 90.212508248214249, 25.961486712179578 ], [ 90.328303403959296, 25.974250101561406 ], [ 90.368967315139514, 26.010145905731047 ], [ 90.40043053995025, 26.013955764197835 ], [ 90.432493277870563, 25.988846738241264 ], [ 90.481154608038125, 26.015035990685792 ], [ 90.538194513214094, 25.957776606713118 ], [ 90.516224238426787, 25.896018007113913 ], [ 90.586133795108381, 25.959518198210951 ], [ 90.632614244536583, 25.937137166607954 ], [ 90.610094965554637, 25.911998777586831 ], [ 90.628362707220646, 25.898607896792374 ], [ 90.630910531660447, 25.916699561793941 ], [ 90.689602398364514, 25.950472627662755 ], [ 90.750939576713535, 25.956949631530456 ], [ 90.743982044764593, 25.914848171829743 ], [ 90.781471344367972, 25.907897625852563 ], [ 90.813323073406195, 25.951748878489258 ], [ 90.840131955224649, 25.937775258276609 ], [ 90.886333609819758, 25.951297955386277 ], [ 90.922386997228926, 25.91283327350029 ], [ 90.919178688908943, 25.942678597211319 ], [ 90.94605161530373, 25.947074427123873 ], [ 90.970631625467064, 25.886668064396797 ], [ 91.032338429186453, 25.887487971653226 ], [ 91.003832404104742, 25.821720553658281 ], [ 91.0521375406543, 25.848248103456811 ], [ 91.081545697337276, 25.852037971868533 ], [ 91.052902072954481, 25.828339767301713 ], [ 91.066234493721737, 25.81979884919199 ], [ 91.15579360971735, 25.849425353283337 ], [ 91.181913233075591, 25.842092602810663 ], [ 91.199363910292604, 25.858332739762176 ], [ 91.182735290247351, 25.775658117969176 ], [ 91.194723937923655, 25.728914253450839 ], [ 91.226569731749194, 25.722727772449566 ], [ 91.278303997282265, 25.746197701590248 ], [ 91.336286121445227, 25.838046303946715 ], [ 91.42152473321444, 25.853849229340838 ], [ 91.446987905913005, 25.840130609428687 ], [ 91.527946136916952, 25.871923759856998 ], [ 91.532305266802467, 25.888707914261353 ], [ 91.510344613808584, 25.866488915016269 ], [ 91.477354805288854, 25.870309209832353 ], [ 91.533928571996768, 25.922751215187319 ], [ 91.538511367551635, 25.933028058363391 ], [ 91.504263536429647, 25.919806997940807 ], [ 91.521153627073275, 25.957191782474368 ], [ 91.553903343468264, 25.973909051728743 ], [ 91.578541833142168, 26.032106531857057 ], [ 91.599723041934894, 26.016025940480244 ], [ 91.634787595069355, 26.021351851294849 ], [ 91.627305781723209, 25.984830622044463 ], [ 91.640495883259504, 25.963782213934003 ], [ 91.613676710872795, 25.938879715652853 ], [ 91.671744165359499, 25.904284631056534 ], [ 91.722614287356791, 25.952918693195222 ], [ 91.733824767758648, 26.058063514529838 ], [ 91.792899686687576, 26.085819742028093 ], [ 91.821858192812584, 26.117520053605247 ], [ 91.878251701020389, 26.096438509230147 ], [ 91.872559817678251, 26.050897514841289 ], [ 91.885594570533684, 26.028693776685817 ], [ 91.91927821391333, 26.020115191795949 ], [ 91.924366353694523, 25.998169362690437 ], [ 91.993314089021553, 26.039610463940473 ], [ 92.055026258091146, 26.031336932903528 ], [ 92.135214636445127, 26.044310666560477 ], [ 92.180418125560351, 26.077888185118379 ], [ 92.182515871941291, 26.066877723261175 ], [ 92.243179159550223, 26.060842458235388 ], [ 92.299278647496266, 26.077391798870703 ], [ 92.158253116676804, 25.943165898200302 ], [ 92.165582895303999, 25.910147946659428 ], [ 92.227289439126181, 25.905328209298968 ], [ 92.181689066662315, 25.868493105613663 ], [ 92.154860112913468, 25.811100363303147 ], [ 92.16227557751381, 25.670172194525996 ], [ 92.230563932667508, 25.714453066349463 ], [ 92.334980799196146, 25.723326960495729 ], [ 92.38653843913616, 25.751598692513358 ], [ 92.434511377218911, 25.72941945211176 ], [ 92.435614693303577, 25.685485050854837 ], [ 92.466687598591022, 25.680375864304814 ], [ 92.502818436904633, 25.6207752305097 ], [ 92.558678419681343, 25.609754551650703 ], [ 92.573453042957937, 25.558147564282571 ], [ 92.603521260480278, 25.555066678642138 ], [ 92.654375589018571, 25.589800568320587 ], [ 92.661516724505731, 25.567936142064053 ], [ 92.645544237676262, 25.535054913495557 ], [ 92.576473416895254, 25.488146632201115 ], [ 92.568244924492333, 25.465191207929962 ], [ 92.598982925923764, 25.46931812818708 ], [ 92.609848004174495, 25.414202415093104 ], [ 92.65499383036601, 25.432931582903841 ], [ 92.660772265018878, 25.407932123196282 ], [ 92.674448965037001, 25.41470002419809 ], [ 92.718678395998367, 25.372457682595428 ], [ 92.73759158392626, 25.378687772927169 ], [ 92.761030257431813, 25.332669592738824 ], [ 92.784800489553476, 25.329897154997731 ], [ 92.792603424754688, 25.282510749333525 ], [ 92.765013925063684, 25.246720662549244 ], [ 92.804710684427349, 25.216623375781786 ], [ 92.667293324099177, 25.174579537126302 ], [ 92.622005518404919, 25.115283716534524 ], [ 92.52519101307179, 25.137770378904083 ], [ 92.543398632570458, 25.097312970710121 ], [ 92.484840178440749, 25.105868800888416 ], [ 92.463727633464956, 25.034963383224159 ], [ 92.425344759853601, 25.029520508618436 ], [ 92.347903062614606, 25.049943107316796 ], [ 92.336494414038953, 25.081890182066481 ], [ 92.300347949830396, 25.071482319706263 ], [ 92.232428410540336, 25.096545091973724 ], [ 92.212328836996534, 25.111100950473134 ], [ 92.222304171046645, 25.121074183201042 ], [ 92.190697902221913, 25.135409825826816 ], [ 92.192846857079445, 25.121691769287388 ], [ 92.178958042106032, 25.122718765664469 ], [ 92.125470459163509, 25.165308281328173 ], [ 92.065223359713599, 25.18725996831548 ], [ 92.005182385063108, 25.187050316419597 ], [ 91.98623624250763, 25.170972574118135 ], [ 91.950143686705587, 25.182702873494286 ], [ 91.749683470736585, 25.171087080784975 ], [ 91.746998354947877, 25.148038178205987 ], [ 91.707840760274493, 25.156168280728483 ], [ 91.645043052690028, 25.123745623764968 ], [ 91.603965701994071, 25.146364507633933 ], [ 91.60589378597389, 25.173103276606476 ], [ 91.480483355394782, 25.13451980397322 ], [ 91.416880317142002, 25.171880640585254 ], [ 91.341355008299459, 25.173065710116752 ], [ 91.267625828383089, 25.206203842908153 ], [ 91.137685673746574, 25.192377870424956 ], [ 91.084465112960572, 25.201352210324117 ] ] ] } },
{ "type": "Feature", "properties": { "ST_NM": "Mizoram", "state_id": "mizoram" }, "geometry": { "type": "Polygon", "coordinates": [ [ [ 92.86525735867734, 22.06334550592803 ], [ 92.70577359715908, 22.15183917223089 ], [ 92.691312426574882, 22.075670088418882 ], [ 92.681627118760247, 22.103776021619211 ], [ 92.6821011737335, 22.01639719875865 ], [ 92.610130731064459, 21.978982652077782 ], [ 92.601094719899095, 22.062020474568229 ], [ 92.564991623544245, 22.128235158002859 ], [ 92.584275571237441, 22.144054954783016 ], [ 92.608525087442388, 22.126538563841866 ], [ 92.614421790539566, 22.169100184336074 ], [ 92.599677934876027, 22.180837087820027 ], [ 92.579825382107316, 22.278690715103576 ], [ 92.52062682781883, 22.701218595636924 ], [ 92.510465558082046, 22.735090752033067 ], [ 92.480539043093827, 22.750681205181639 ], [ 92.448643528468892, 22.892659875493504 ], [ 92.375432492909056, 22.933729198184711 ], [ 92.396715729832124, 23.055017001544698 ], [ 92.366625999597503, 23.105186576653846 ], [ 92.357410832891745, 23.234173295190136 ], [ 92.40547927549612, 23.242492689846738 ], [ 92.391843679654428, 23.307239542435578 ], [ 92.373102275130961, 23.328517925019927 ], [ 92.385359509321646, 23.36007579456771 ], [ 92.365454173342457, 23.37511707754479 ], [ 92.347976338949834, 23.434699232522963 ], [ 92.332529654021982, 23.429514360970128 ], [ 92.310021568033847, 23.590440333227345 ], [ 92.29500141657735, 23.596634679068693 ], [ 92.302266692150766, 23.623751230411013 ], [ 92.279868753129634, 23.637783677455179 ], [ 92.294791868929579, 23.693648222962015 ], [ 92.268483749839348, 23.724393941893769 ], [ 92.258906799965587, 23.813382579840876 ], [ 92.286281087596421, 23.815114288774112 ], [ 92.274270043723703, 23.847409993835925 ], [ 92.291491496586318, 23.869759749128534 ], [ 92.31969642686569, 23.864091425818842 ], [ 92.330663311034641, 23.910026582716309 ], [ 92.311033133933151, 23.958820388800333 ], [ 92.328647891197093, 23.987854029034718 ], [ 92.313768944424424, 24.032929113753156 ], [ 92.336558240989419, 24.144936187775343 ], [ 92.296465946736149, 24.24991860917536 ], [ 92.422079309641276, 24.251077223703309 ], [ 92.418626249861092, 24.192343757748926 ], [ 92.4361620402006, 24.150393559621325 ], [ 92.48040739531838, 24.139201988871775 ], [ 92.485420059226385, 24.160070314695666 ], [ 92.531030397455936, 24.175200758992261 ], [ 92.55018970543307, 24.243638253307264 ], [ 92.61107028620458, 24.25097173440701 ], [ 92.623815533284684, 24.330255237399108 ], [ 92.648536886208547, 24.326297557917513 ], [ 92.690156122193173, 24.352262667395113 ], [ 92.764748167372545, 24.518163757678607 ], [ 92.800208832961118, 24.41629901085685 ], [ 92.830708584478245, 24.397693365386999 ], [ 92.828321436044746, 24.374966567292198 ], [ 92.862215790784404, 24.396622521979829 ], [ 92.904438415941399, 24.391495835253984 ], [ 92.91081274583307, 24.409938587962937 ], [ 92.934935001331752, 24.392531655322014 ], [ 92.979439117323182, 24.406590047791642 ], [ 93.023448999116468, 24.38727415725274 ], [ 93.020638890752068, 24.34363991684631 ], [ 93.042412833554394, 24.340161991703198 ], [ 93.005701912175013, 24.250805944892623 ], [ 93.025544556477342, 24.229429584520162 ], [ 92.975278577720857, 24.111750097782963 ], [ 93.05247905706436, 24.087448294251921 ], [ 93.078259775470244, 24.099672638932727 ], [ 93.101045446330346, 24.070662527724103 ], [ 93.099603404265196, 24.041733775272824 ], [ 93.146571496628056, 24.08463808568273 ], [ 93.168440579007594, 24.051452180652753 ], [ 93.215279393888309, 24.046458252515304 ], [ 93.225251135114831, 24.08291077449454 ], [ 93.246563719015413, 24.081670810580022 ], [ 93.265102319297995, 24.05654770119148 ], [ 93.253752597307241, 24.020105242974683 ], [ 93.286648909657572, 24.047791457583948 ], [ 93.335777966128759, 24.049528908708425 ], [ 93.332753663002634, 23.983087721603269 ], [ 93.369282503895604, 23.936594440831296 ], [ 93.39694085362774, 23.926267910063359 ], [ 93.403334370248572, 23.757554690881229 ], [ 93.414940936758811, 23.708081234612695 ], [ 93.442632597965698, 23.67831844671192 ], [ 93.42620448152725, 23.649482401011319 ], [ 93.42558092175797, 23.534196335884729 ], [ 93.405436991031493, 23.504475590816522 ], [ 93.394969963228974, 23.429348256638434 ], [ 93.411958537778958, 23.384005863956808 ], [ 93.396471368637592, 23.360311988031775 ], [ 93.363557072663156, 23.350604850709363 ], [ 93.392324825991295, 23.220363394148205 ], [ 93.371539843556107, 23.146455578452645 ], [ 93.39120269298148, 23.134719124885596 ], [ 93.362583476495701, 23.112876545608461 ], [ 93.330180009671054, 23.031965213711757 ], [ 93.295302815246714, 23.00219234726185 ], [ 93.250824919854338, 23.002988583493611 ], [ 93.192186992445755, 23.05694618701197 ], [ 93.165597474563896, 23.045730000258903 ], [ 93.139669698561718, 23.057377773555014 ], [ 93.130757004993214, 23.044296530407923 ], [ 93.126991644539515, 22.997599645302238 ], [ 93.166021071930757, 22.915892662987716 ], [ 93.136462102474823, 22.910009572717943 ], [ 93.113843550971183, 22.813211233888225 ], [ 93.096965806328214, 22.807380913129698 ], [ 93.110306572143188, 22.741210828014825 ], [ 93.093069599495266, 22.708093910408955 ], [ 93.143079127189765, 22.583075490821088 ], [ 93.109163887343357, 22.528865791566076 ], [ 93.131096415965089, 22.516964046858686 ], [ 93.139470161109145, 22.460284560400439 ], [ 93.172763092103764, 22.448261685104452 ], [ 93.188119175030764, 22.424173271022546 ], [ 93.205756257811046, 22.258023853367963 ], [ 93.14368923499292, 22.238251126585833 ], [ 93.167016520781928, 22.197156938432762 ], [ 93.151621085926308, 22.175337246822274 ], [ 93.078868189453402, 22.205718747830197 ], [ 93.044022730853087, 22.195048855404156 ], [ 93.044249851033953, 22.136133373414175 ], [ 93.062862820809016, 22.099485609594947 ], [ 93.013334169390546, 22.103033645361844 ], [ 92.997312026676354, 22.048034016854391 ], [ 93.003924374825829, 21.977539758617485 ], [ 92.953176537221921, 22.027697961495306 ], [ 92.932039183494965, 22.017883740564184 ], [ 92.908279394419083, 21.944190125242905 ], [ 92.86525735867734, 22.06334550592803 ] ] ] } },
{ "type": "Feature", "properties": { "ST_NM": "NCT of Delhi", "state_id": "nct_of_delhi" }, "geometry": { "type": "Polygon", "coordinates": [ [ [ 77.303756207513644, 28.561264438305184 ], [ 77.347651785785828, 28.503455393869181 ], [ 77.316728246018045, 28.485191441211544 ], [ 77.287900807447031, 28.492677906822067 ], [ 77.252444006212556, 28.47915064567805 ], [ 77.235496596804026, 28.45856822564237 ], [ 77.250341564990435, 28.423401864411939 ], [ 77.175378696570306, 28.403052135245247 ], [ 77.127934006533167, 28.437064448307424 ], [ 77.117377419773661, 28.488521191935334 ], [ 77.082186397840232, 28.514969729422507 ], [ 77.058448432421116, 28.509950156564734 ], [ 77.015781764218048, 28.537520967096555 ], [ 77.005622537744387, 28.531655257826593 ], [ 77.01519124948031, 28.509187790973435 ], [ 76.978096938999585, 28.522354668094167 ], [ 76.888890648998, 28.503906424160505 ], [ 76.842514357482244, 28.577422597419602 ], [ 76.86444686291388, 28.58724614495722 ], [ 76.887657597958636, 28.632525240430876 ], [ 76.943672492340838, 28.632492501025634 ], [ 76.927275918373255, 28.652127844819315 ], [ 76.957102956060339, 28.672006049929216 ], [ 76.964504431085942, 28.700214302077242 ], [ 76.951172437165198, 28.711890679258342 ], [ 76.952371350871488, 28.815574517806848 ], [ 76.993636789187974, 28.833955941949693 ], [ 77.041706092069475, 28.831609861967735 ], [ 77.059993184245343, 28.86800385153041 ], [ 77.086123621192897, 28.879321705537276 ], [ 77.138837555703887, 28.860133425229559 ], [ 77.149460113305878, 28.836399908015032 ], [ 77.17490730047335, 28.85535417182215 ], [ 77.215152788298482, 28.857591132498012 ], [ 77.227639165395615, 28.829950566257871 ], [ 77.223926656431658, 28.808163422382506 ], [ 77.204882393075664, 28.810023818129128 ], [ 77.207169612488002, 28.789949943276 ], [ 77.234930323685631, 28.782273792343755 ], [ 77.295090383072676, 28.707033041050199 ], [ 77.333703853412956, 28.71041555057635 ], [ 77.321304686717596, 28.639186522546499 ], [ 77.346252794569111, 28.603392151011704 ], [ 77.317164253905048, 28.591442137128972 ], [ 77.303756207513644, 28.561264438305184 ] ] ] } },
{ "type": "Feature", "properties": { "ST_NM": "Nagaland", "state_id": "nagaland" }, "geometry": { "type": "Polygon", "coordinates": [ [ [ 93.964580289125465, 25.551789991783028 ], [ 93.836009421429196, 25.558551792847407 ], [ 93.819227900275735, 25.539899294590455 ], [ 93.770194812214328, 25.535885353577513 ], [ 93.765306472167879, 25.495495875765048 ], [ 93.80351403415257, 25.49454798299584 ], [ 93.808417618426432, 25.461080391431107 ], [ 93.717435905515899, 25.357222087689262 ], [ 93.692187598813774, 25.357268732768688 ], [ 93.607333915557589, 25.197830683284785 ], [ 93.554151678558199, 25.24643638199079 ], [ 93.504635222543257, 25.240134545490168 ], [ 93.510313463359012, 25.271615722910052 ], [ 93.476306518979214, 25.275113057394467 ], [ 93.45156259827985, 25.34034679524849 ], [ 93.477916282255919, 25.375990663042415 ], [ 93.461649521742814, 25.430875156468236 ], [ 93.395812243037781, 25.460430417919049 ], [ 93.352371957781813, 25.533981798849805 ], [ 93.331832750000672, 25.543276943338892 ], [ 93.406886358766926, 25.592831849884227 ], [ 93.427603689734624, 25.627795806747461 ], [ 93.499955830987034, 25.652744457466518 ], [ 93.573327135747036, 25.756934292319713 ], [ 93.605622205980268, 25.763535046950739 ], [ 93.641091035409431, 25.813964391033405 ], [ 93.705526099651962, 25.844561522835829 ], [ 93.687842855966068, 25.905447539815928 ], [ 93.751991029000592, 25.932277165511479 ], [ 93.773164660550378, 25.961904000621143 ], [ 93.798355327753711, 25.905490744879181 ], [ 93.779772580596173, 25.842097444437005 ], [ 93.79567082490793, 25.810085206043777 ], [ 93.842252462676086, 25.858289444056997 ], [ 93.882569550389377, 25.841498719062852 ], [ 93.915769547473886, 25.883205235866733 ], [ 93.979225932236645, 25.915120471702021 ], [ 93.954893589785243, 26.002896618466977 ], [ 93.991171990632182, 26.068184354366679 ], [ 94.004999809545879, 26.168879917007079 ], [ 94.108351511649829, 26.321941353651784 ], [ 94.175778584279072, 26.339650849022206 ], [ 94.164777760164739, 26.355585960024648 ], [ 94.186993471570773, 26.456035588457166 ], [ 94.282776482481651, 26.55898929459622 ], [ 94.294278574472074, 26.476079017274589 ], [ 94.316799848090085, 26.458200874539987 ], [ 94.351440305067186, 26.503872748669483 ], [ 94.399778588407159, 26.527506136305799 ], [ 94.415228136857976, 26.578488549371446 ], [ 94.408311735562023, 26.609596175280242 ], [ 94.462923211935291, 26.630641639661945 ], [ 94.468413183711036, 26.6650166034987 ], [ 94.498715570078943, 26.668864020795322 ], [ 94.54552241440939, 26.706003523491958 ], [ 94.57509395052098, 26.686044999118792 ], [ 94.605083622316769, 26.712204589618942 ], [ 94.593756589308697, 26.721157283806356 ], [ 94.604580617077559, 26.734299847304278 ], [ 94.628672219402716, 26.713572187293643 ], [ 94.686949007575365, 26.72743012828969 ], [ 94.746155719105673, 26.776917022777962 ], [ 94.756713332367937, 26.767018240529229 ], [ 94.802567197243633, 26.800757176617605 ], [ 94.797023541710544, 26.813249393163396 ], [ 94.886698975955397, 26.927161694179777 ], [ 94.928639454358759, 26.946748027298078 ], [ 94.986023382159075, 26.912723248302225 ], [ 95.021676956890659, 26.919800560832037 ], [ 95.110366458011413, 26.961181610902127 ], [ 95.195870233020216, 27.037159786661839 ], [ 95.195450530430932, 26.984114973439429 ], [ 95.215251988343965, 26.964416795263794 ], [ 95.23388990335819, 26.884726495861194 ], [ 95.184545929441015, 26.858774297910038 ], [ 95.208593483919032, 26.844588209717642 ], [ 95.199023263995997, 26.833806057602345 ], [ 95.215025193549252, 26.792156148555975 ], [ 95.244758456168881, 26.781015551586194 ], [ 95.215927655425858, 26.728993862216925 ], [ 95.237296401889012, 26.679843368244189 ], [ 95.154372663880068, 26.613130108605219 ], [ 95.154077018792279, 26.574389549838497 ], [ 95.114365091633474, 26.541634757749467 ], [ 95.120314808116646, 26.523391285980953 ], [ 95.065780859989346, 26.450404127652131 ], [ 95.105570189984746, 26.423483877495261 ], [ 95.104097881234395, 26.394704194540779 ], [ 95.135007600643831, 26.381191703469721 ], [ 95.120283606977296, 26.231893718105976 ], [ 95.141518196889422, 26.20734577182888 ], [ 95.117000374386024, 26.162051433920233 ], [ 95.119423492998294, 26.102768305659993 ], [ 95.18442791787983, 26.07316831858676 ], [ 95.105127307761578, 25.961033414142214 ], [ 95.035384677707171, 25.928099487253338 ], [ 95.020531288721841, 25.903034721013846 ], [ 95.014020630278424, 25.865029556115818 ], [ 95.050265873738866, 25.797999237213656 ], [ 95.05095068075903, 25.755448250374556 ], [ 94.93598825762524, 25.662015793382601 ], [ 94.918021617267669, 25.604118548570316 ], [ 94.887323116460522, 25.586139239866359 ], [ 94.903295137513481, 25.560076319281801 ], [ 94.85136951113266, 25.556400896713836 ], [ 94.810797460344318, 25.488505079253706 ], [ 94.771069117406242, 25.474516733104487 ], [ 94.755031098327279, 25.485302245606729 ], [ 94.668181914688248, 25.448833355344266 ], [ 94.631438302241918, 25.459236332516493 ], [ 94.556037834302003, 25.506574921467259 ], [ 94.554438136165601, 25.579683955118718 ], [ 94.593944455418452, 25.637684926478236 ], [ 94.574867621956287, 25.638583824273969 ], [ 94.594437927386906, 25.685154193224871 ], [ 94.571872540026533, 25.691584800790082 ], [ 94.50420463555507, 25.611012278806218 ], [ 94.472913991610113, 25.615739398930753 ], [ 94.428887627686592, 25.586902548396626 ], [ 94.419099171038567, 25.536818536190729 ], [ 94.312408297484978, 25.488835832629366 ], [ 94.285676199034867, 25.506159449089289 ], [ 94.213848590227528, 25.494850630261759 ], [ 94.189787179620566, 25.525467621381516 ], [ 94.193963709443167, 25.547123810453897 ], [ 94.159259364138293, 25.550029259262672 ], [ 94.137849114168773, 25.518505477603735 ], [ 94.091292531674313, 25.527644621474966 ], [ 94.085167017138062, 25.554679455676158 ], [ 94.014091986167784, 25.59126284691191 ], [ 94.006769222029817, 25.564978449520304 ], [ 93.964580289125465, 25.551789991783028 ] ] ] } },
{ "type": "Feature", "properties": { "ST_NM": "Odisha", "state_id": "odisha" }, "geometry": { "type": "MultiPolygon", "coordinates": [ [ [ [ 82.489835376142878, 18.546195457465274 ], [ 82.369595042883603, 18.417738798701453 ], [ 82.388031090914069, 18.365394382809534 ], [ 82.342801008658199, 18.325108091266834 ], [ 82.357126050438708, 18.314178578023 ], [ 82.392728243649628, 18.326744175760243 ], [ 82.401384306031829, 18.314514924060774 ], [ 82.380280925771004, 18.282217576239695 ], [ 82.345281962563647, 18.274324660169249 ], [ 82.329730941276168, 18.230612898487699 ], [ 82.34124747595213, 18.223974437290291 ], [ 82.314534062198348, 18.203845633723652 ], [ 82.318744503873475, 18.182839830150648 ], [ 82.357185781304864, 18.170144314735275 ], [ 82.372775531295048, 18.143252236720208 ], [ 82.366053557588799, 18.133505716869202 ], [ 82.341849180475279, 18.150715635604922 ], [ 82.352127378203008, 18.08348397810698 ], [ 82.338302734575578, 18.048938649187104 ], [ 82.330353277246843, 18.058684029302125 ], [ 82.314081114664191, 18.046316467740429 ], [ 82.306418664343482, 18.070403906246113 ], [ 82.275474228015625, 18.05670690756796 ], [ 82.269646195110738, 17.99095909396166 ], [ 82.185967299201153, 18.018960737674547 ], [ 82.168866413418328, 18.051907041691809 ], [ 82.140906007551806, 18.043897926774463 ], [ 82.13560967264263, 18.059238995927068 ], [ 82.080716303225628, 18.073780991997609 ], [ 82.068241946894261, 18.053281051928252 ], [ 82.033162778894393, 18.065971631545438 ], [ 81.960311947159184, 18.00021954369727 ], [ 81.809588199107523, 17.944102024571073 ], [ 81.711752720255731, 17.869170251689795 ], [ 81.696845919770524, 17.892765430965206 ], [ 81.671622260375074, 17.884874614035439 ], [ 81.619727928160401, 17.82335413108876 ], [ 81.577316247448209, 17.835791972706296 ], [ 81.489740672753967, 17.810682649358096 ], [ 81.467986218916337, 17.83246771812378 ], [ 81.393506106409006, 17.814285493492893 ], [ 81.402304315973339, 17.892686808185044 ], [ 81.44575192616216, 17.883582936150287 ], [ 81.453703180833216, 17.933716674482771 ], [ 81.485755849732271, 17.977513112376226 ], [ 81.482293285094883, 18.035896860232416 ], [ 81.517020669485035, 18.099724073362331 ], [ 81.530946013202154, 18.164466797043826 ], [ 81.513086084210954, 18.190943418115705 ], [ 81.536236973302124, 18.26610496467022 ], [ 81.601660516838422, 18.308304931250088 ], [ 81.666936437309644, 18.318197293253871 ], [ 81.666358137529258, 18.346330294198751 ], [ 81.753197903587107, 18.352500844180707 ], [ 81.77033613182769, 18.418352527042856 ], [ 81.852533569898384, 18.488562970782372 ], [ 81.866145763870932, 18.52003051076408 ], [ 81.90502359863325, 18.53538980062449 ], [ 81.916783206220984, 18.571184369209778 ], [ 81.955103350337495, 18.566135999295021 ], [ 81.962706822447345, 18.59367080621379 ], [ 81.896526248621399, 18.627796422173983 ], [ 81.893502764878832, 18.657072112305872 ], [ 81.955591306925001, 18.635688643452607 ], [ 81.965287882610241, 18.690184326503061 ], [ 82.041849346924124, 18.725602294671418 ], [ 82.08670557035353, 18.718958153942378 ], [ 82.092915042520829, 18.73928591991044 ], [ 82.104615476097322, 18.730276851872819 ], [ 82.111100848637221, 18.726146378914123 ], [ 82.130215745948163, 18.722751961939824 ], [ 82.127810339282348, 18.708035795025413 ], [ 82.130215745948192, 18.722751961939878 ], [ 82.092915042520872, 18.739285919910458 ], [ 82.089500024555207, 18.762663122200308 ], [ 82.137170325870784, 18.764499020398375 ], [ 82.169230090932899, 18.797768665275839 ], [ 82.166240064670944, 18.876123934950044 ], [ 82.180767856148123, 18.901925327832714 ], [ 82.247580221728413, 18.917146808415509 ], [ 82.233032475969253, 19.021054956465434 ], [ 82.202048252755105, 19.066570209086876 ], [ 82.220048850505293, 19.09685245275972 ], [ 82.206469243157528, 19.100452665109628 ], [ 82.207663921419453, 19.123705295234799 ], [ 82.184150914180748, 19.131257318160237 ], [ 82.177740237047431, 19.119072329943435 ], [ 82.167700261103676, 19.132653515377967 ], [ 82.182701236294406, 19.151384220620798 ], [ 82.172045066170313, 19.160762662886782 ], [ 82.186692226154094, 19.164996505522367 ], [ 82.163593056721595, 19.202559533666886 ], [ 82.159594246790107, 19.27136121381313 ], [ 82.191005880262026, 19.325535348000436 ], [ 82.148648924417856, 19.36761866411344 ], [ 82.17418434598487, 19.371651237865798 ], [ 82.190845639182527, 19.423257745693771 ], [ 82.17501413543485, 19.435455393436644 ], [ 82.127086038220966, 19.429462088332556 ], [ 82.104652843449699, 19.466540560001281 ], [ 82.099809360856952, 19.515202472120251 ], [ 82.030140386426112, 19.507093986151837 ], [ 82.053871676513708, 19.543867701496918 ], [ 82.045223580784182, 19.708846464654627 ], [ 82.067481052075536, 19.787913599936285 ], [ 81.987785887574901, 19.800472930822718 ], [ 81.967976490764883, 19.859299162448391 ], [ 81.857206119117791, 19.912399432663076 ], [ 81.844854202383587, 19.954322700323075 ], [ 81.874080685747131, 20.040169132053425 ], [ 81.948871056818021, 20.106337992639677 ], [ 82.017506687676573, 20.049070859171419 ], [ 82.031973504847855, 20.014398224225641 ], [ 82.065458803192001, 20.054187243303911 ], [ 82.123670416698019, 20.014857346472937 ], [ 82.173414182693094, 20.002693594743 ], [ 82.186058644213304, 19.982669657322642 ], [ 82.238216951711649, 20.002695163487257 ], [ 82.269295154848237, 19.976254861846083 ], [ 82.305854300911093, 19.888360953155498 ], [ 82.347095454116669, 19.835015418338855 ], [ 82.396435455222019, 19.886777078622085 ], [ 82.450010927096045, 19.908010948365376 ], [ 82.60112165527751, 19.869815311744311 ], [ 82.578898323547293, 19.827715683237589 ], [ 82.592713964105684, 19.776494974789909 ], [ 82.630619114103865, 19.794762369526659 ], [ 82.653368703041949, 19.830779687223764 ], [ 82.710330729797192, 19.836499890199583 ], [ 82.725110656101293, 19.876212768339151 ], [ 82.708125296391501, 19.89863557908636 ], [ 82.715057665834095, 19.995389627839344 ], [ 82.639327451320966, 20.005145324675123 ], [ 82.605957822787673, 19.990697827885672 ], [ 82.398424909140559, 20.064277069900669 ], [ 82.38647065213766, 20.149143484914823 ], [ 82.421131846073564, 20.206717843625821 ], [ 82.412598005029139, 20.267849656204842 ], [ 82.436735932835262, 20.2872709729847 ], [ 82.401276427100186, 20.339696403841764 ], [ 82.436639281021996, 20.429806924838086 ], [ 82.417531184349343, 20.47724591168279 ], [ 82.395562327311026, 20.456476717959994 ], [ 82.387945657562781, 20.513711829246773 ], [ 82.331458487964213, 20.55759385476092 ], [ 82.375663990270553, 20.627696651952252 ], [ 82.342530946047461, 20.761884804723262 ], [ 82.354001500690686, 20.887002525557243 ], [ 82.366425140101754, 20.86974303533859 ], [ 82.40879618928156, 20.865687134155227 ], [ 82.422930211812357, 20.829800351923478 ], [ 82.46644473457593, 20.827215959395314 ], [ 82.489308381220752, 20.858656065843928 ], [ 82.493038355941536, 20.906782954366488 ], [ 82.560303456722067, 20.944750076355515 ], [ 82.629672026372916, 21.039748967373658 ], [ 82.616736033054806, 21.074302060619054 ], [ 82.652377369776119, 21.104965568200424 ], [ 82.643279724929613, 21.152443946382739 ], [ 82.759621110211569, 21.162839071079425 ], [ 82.796177582008596, 21.142444046717486 ], [ 82.819803564510181, 21.161723517521935 ], [ 82.886554896161826, 21.152336308553284 ], [ 82.963370884527279, 21.178766413849633 ], [ 82.972441368257051, 21.159081555603549 ], [ 83.00026719613831, 21.157628658020784 ], [ 83.047877327102711, 21.122396294234356 ], [ 83.127117706239375, 21.104636647246309 ], [ 83.200013573270638, 21.143018360388513 ], [ 83.225586812111757, 21.263506863853781 ], [ 83.249672420701955, 21.279817572134732 ], [ 83.274918814478127, 21.272005287508563 ], [ 83.282014419478642, 21.293956487512002 ], [ 83.261416663041658, 21.322905888405458 ], [ 83.277242409169233, 21.378281546445194 ], [ 83.382013065470474, 21.343361135655933 ], [ 83.409842028181487, 21.351845333317737 ], [ 83.400954506778433, 21.402754197738854 ], [ 83.357481969740419, 21.447179021831392 ], [ 83.34181409287423, 21.498645380341095 ], [ 83.387883524120568, 21.615686491142657 ], [ 83.448387297009475, 21.652200677175276 ], [ 83.459921257086549, 21.608203238062412 ], [ 83.491680782114287, 21.628564744698387 ], [ 83.490215955727365, 21.642588055551588 ], [ 83.426915723803916, 21.677875121017472 ], [ 83.435129302657529, 21.695174112253252 ], [ 83.463486623335498, 21.697183657931266 ], [ 83.491269846823883, 21.744379999686281 ], [ 83.47431896429147, 21.785471992322414 ], [ 83.498065489089413, 21.817243515213899 ], [ 83.543686922392396, 21.796707196133614 ], [ 83.538376441361322, 21.834605857862055 ], [ 83.580646429925537, 21.832409358071871 ], [ 83.591584442602283, 21.846333962058932 ], [ 83.578642296826388, 21.874555037763614 ], [ 83.607590256521704, 21.913474310818948 ], [ 83.56048675379273, 21.934737651777091 ], [ 83.542304578044039, 21.965985161182378 ], [ 83.555694226302961, 22.009134151951766 ], [ 83.539601534689794, 22.036419383216053 ], [ 83.550143642422185, 22.061730674013443 ], [ 83.607436689191772, 22.067890626489543 ], [ 83.564403703684249, 22.102268389027167 ], [ 83.652858976191126, 22.226750160788256 ], [ 83.700106038889274, 22.247679933446996 ], [ 83.759879842912156, 22.245089886558684 ], [ 83.868061014163246, 22.345943026731636 ], [ 84.011220469130009, 22.369901094346844 ], [ 84.048553127970322, 22.466223425231618 ], [ 83.983132479643217, 22.504220586945269 ], [ 83.987130032533329, 22.523983887784134 ], [ 84.064599531576306, 22.512204423113573 ], [ 84.113094233914325, 22.476008791941322 ], [ 84.141881484014718, 22.47312933282624 ], [ 84.142835364156724, 22.422939073342093 ], [ 84.1594295200712, 22.403237782548342 ], [ 84.201026888328187, 22.374203250935544 ], [ 84.253449245021685, 22.37613210503239 ], [ 84.29609191707668, 22.339836147197328 ], [ 84.432890438620646, 22.351421003334483 ], [ 84.454650945925309, 22.381661894096666 ], [ 84.484376588148805, 22.386267906144731 ], [ 84.483459971985468, 22.408541352108372 ], [ 84.533390524744433, 22.422595771415725 ], [ 84.638791740351223, 22.431284136632399 ], [ 84.668289763087046, 22.416605920547816 ], [ 84.750499782351071, 22.417493313995042 ], [ 84.759326956901106, 22.444710683472422 ], [ 84.81440355933519, 22.449592248509536 ], [ 84.839135838886833, 22.429165388568698 ], [ 84.883096159463932, 22.446025965037244 ], [ 84.886808557328578, 22.420419315848971 ], [ 84.900341121744191, 22.420850460094233 ], [ 84.953795073593213, 22.453902015087248 ], [ 84.961100686492301, 22.44175071443566 ], [ 85.068944868210266, 22.481268877454209 ], [ 85.080075352266263, 22.469556934962842 ], [ 85.063498553824743, 22.447615380468125 ], [ 85.089513308628298, 22.381480338853425 ], [ 85.080485498781954, 22.351661754817673 ], [ 85.099375237910166, 22.34419306417945 ], [ 85.094375025445814, 22.317231863848207 ], [ 85.120428007444076, 22.317368506728737 ], [ 85.120853653835979, 22.293674867894076 ], [ 85.076928833632849, 22.275354439256343 ], [ 85.075888318581008, 22.233916836205772 ], [ 85.031833104326878, 22.157354295681955 ], [ 85.030170243833851, 22.115407633501601 ], [ 84.98695426275188, 22.094692291001227 ], [ 84.993880888506581, 22.080201613594951 ], [ 85.050310170490945, 22.1141372870336 ], [ 85.101824869619435, 22.102941930327596 ], [ 85.125239990204321, 22.070036737364696 ], [ 85.16189247526836, 22.074035292805817 ], [ 85.177141914576083, 22.051819270521744 ], [ 85.178789337698987, 22.07178512458194 ], [ 85.217046802265472, 22.046840031637888 ], [ 85.22118767839585, 22.014422835952782 ], [ 85.237227181202769, 22.004015344107525 ], [ 85.306327982770824, 22.110669930681492 ], [ 85.329237276119002, 22.128583921951112 ], [ 85.367575042148843, 22.125073936709946 ], [ 85.369412672584986, 22.158137933420996 ], [ 85.416472569843464, 22.159670017902105 ], [ 85.545600761454907, 22.090367417935518 ], [ 85.59712142541342, 22.07827354694988 ], [ 85.650612166748658, 22.094119515826595 ], [ 85.687455000885251, 22.052705376567214 ], [ 85.751967184878893, 22.073798562329351 ], [ 85.807940813106967, 22.114706154947829 ], [ 85.836588934419908, 22.08092102201843 ], [ 85.793804430626381, 22.081107282692155 ], [ 85.766635589338321, 21.993776293474099 ], [ 85.824177893645043, 21.974133902591277 ], [ 85.896919871253701, 21.982663599819407 ], [ 85.911199643513243, 21.970800159168046 ], [ 85.918013826377887, 22.008905559944051 ], [ 85.948330690635331, 22.023221223905676 ], [ 86.006175828785288, 22.11294466265316 ], [ 86.000354286878036, 22.135718992158662 ], [ 86.032421999691479, 22.189085364595378 ], [ 85.975544352387729, 22.247141069677721 ], [ 86.014226931518962, 22.296352847377314 ], [ 86.049001570885196, 22.309860786804016 ], [ 86.014152366950114, 22.31360652411988 ], [ 86.02616336621692, 22.333026696336646 ], [ 85.998643592592686, 22.341759285245995 ], [ 86.026987106915954, 22.378596027267097 ], [ 86.014501572298897, 22.4277916339379 ], [ 85.959316014668232, 22.459363267389879 ], [ 85.975076097961662, 22.503117962785922 ], [ 86.027818124865348, 22.523877746569049 ], [ 86.024127465019106, 22.546921372848274 ], [ 86.044257890302291, 22.566853831676994 ], [ 86.113025124460236, 22.488319521611793 ], [ 86.285347513374788, 22.449067197996854 ], [ 86.358191637606339, 22.349146288198963 ], [ 86.438733709973661, 22.305364481031521 ], [ 86.443768076203298, 22.327165889133184 ], [ 86.505285726238725, 22.344739297992533 ], [ 86.537665669227835, 22.302053264634107 ], [ 86.583707158538218, 22.301697525673301 ], [ 86.596166688949623, 22.278751182239013 ], [ 86.650743040139147, 22.26532911962056 ], [ 86.656305622992761, 22.237201230388379 ], [ 86.726060558734986, 22.220879453248319 ], [ 86.720528815767409, 22.147647019347975 ], [ 86.79534192918301, 22.158106349241756 ], [ 86.802104800915671, 22.130340493920187 ], [ 86.836966732863729, 22.0993746599536 ], [ 86.971896139940682, 22.082062247434688 ], [ 87.030826309112541, 22.033150200815218 ], [ 87.039064205098327, 21.993653725935019 ], [ 87.002720934398852, 21.912101100185929 ], [ 87.034967174273746, 21.869983791001541 ], [ 87.099293189116025, 21.865031953976484 ], [ 87.098214182430169, 21.912507246473805 ], [ 87.161030458632681, 21.933491584078148 ], [ 87.17545725321564, 21.977120543138795 ], [ 87.199685146089337, 21.958105763063827 ], [ 87.239385155257438, 21.958925742695204 ], [ 87.256903178736991, 21.922408115317221 ], [ 87.239336408562949, 21.900238775979563 ], [ 87.276034151632061, 21.808193703964715 ], [ 87.356480182109266, 21.790555892127816 ], [ 87.374476439181677, 21.764942445028673 ], [ 87.387667638707967, 21.775709437898168 ], [ 87.447958766686327, 21.765759892942846 ], [ 87.447213653588619, 21.733962788825028 ], [ 87.469431476256744, 21.731277605045449 ], [ 87.475076601288507, 21.712134717128119 ], [ 87.462895322964286, 21.649999239513608 ], [ 87.48630765934449, 21.630956534668041 ], [ 87.490202144075255, 21.602647451949469 ], [ 87.437634287924425, 21.580637163249019 ], [ 87.410079586397472, 21.544871688597585 ], [ 87.384476266039599, 21.572893480644328 ], [ 87.338480623756368, 21.576327542402549 ], [ 87.373560813910885, 21.562461707752483 ], [ 87.396564353568309, 21.532169011850673 ], [ 87.223062630324449, 21.535239341664557 ], [ 87.150240503013052, 21.507884189622626 ], [ 87.088359549025057, 21.458943851646922 ], [ 87.070158526369923, 21.462062788286719 ], [ 87.052647856202142, 21.428709503482249 ], [ 86.951482870276223, 21.357754112677405 ], [ 86.865640642793267, 21.22178774535282 ], [ 86.843591843199619, 21.161507437266803 ], [ 86.854236112016821, 21.095827208791547 ], [ 86.979179573330725, 20.86003759106654 ], [ 86.980086593673732, 20.822435256394812 ], [ 86.970514772995472, 20.790887172897428 ], [ 86.892151990010419, 20.792493709422715 ], [ 86.879960824017871, 20.808169054673048 ], [ 86.794436935046875, 20.745237025921782 ], [ 86.821852640347331, 20.731353506642044 ], [ 86.830768802369832, 20.754955954180229 ], [ 86.863244471300973, 20.773941660279206 ], [ 86.90472773557083, 20.761809681383422 ], [ 86.985149982170057, 20.772205269311424 ], [ 86.999330345382177, 20.762962094205871 ], [ 87.006575671501182, 20.713084902636631 ], [ 86.903211212729829, 20.709622126010636 ], [ 86.96894300904728, 20.705965064251732 ], [ 86.965819862419266, 20.688452853915614 ], [ 87.056140204879895, 20.710737379831215 ], [ 86.822754256246157, 20.556385351413905 ], [ 86.769683318763455, 20.505300467529896 ], [ 86.754536782742846, 20.517100372933907 ], [ 86.751503595578313, 20.473546598707138 ], [ 86.725653963971112, 20.479435202237465 ], [ 86.738579444869643, 20.46029339352954 ], [ 86.733186732658339, 20.410526392048233 ], [ 86.712046353408866, 20.395377796355007 ], [ 86.72710519715406, 20.377332117177989 ], [ 86.738658055427493, 20.396257392681228 ], [ 86.746198553317029, 20.377966506657124 ], [ 86.776519070608643, 20.389402794134298 ], [ 86.783854303659965, 20.325938127598018 ], [ 86.538253782389276, 20.179954740613713 ], [ 86.479818980645405, 20.09167016999076 ], [ 86.429008698112838, 20.052806784810969 ], [ 86.407206320643894, 20.006002068927089 ], [ 86.382075695414926, 20.00119017450756 ], [ 86.368228098585419, 19.974919844693336 ], [ 86.375186732279516, 19.951663025522926 ], [ 86.245848359258929, 19.908338232605807 ], [ 86.228115163374369, 19.932840763936159 ], [ 86.232469831387348, 19.89826468277548 ], [ 86.211575120577322, 19.887963496258337 ], [ 85.908729326440067, 19.819870898005664 ], [ 85.696374892667478, 19.751335274203743 ], [ 85.350921703490229, 19.583861070852663 ], [ 85.127076215994421, 19.427137481248071 ], [ 85.090073866437407, 19.377484949426215 ], [ 84.91503103373438, 19.265696421217584 ], [ 84.824821509664162, 19.17425674018433 ], [ 84.768581905266771, 19.080022728193761 ], [ 84.704635394731866, 19.117670746374955 ], [ 84.712291170159972, 19.157789255830139 ], [ 84.672104150746392, 19.165471647298755 ], [ 84.66827942147556, 19.130661920706817 ], [ 84.598998476740235, 19.132589293630915 ], [ 84.626973329452824, 19.085383532306754 ], [ 84.655851945670506, 19.093088323792593 ], [ 84.671713736231425, 19.075218389460609 ], [ 84.661652851588258, 19.061258417632615 ], [ 84.619878166959992, 19.063738334340655 ], [ 84.597314646263371, 19.022357955308173 ], [ 84.573321422586844, 19.073893182098384 ], [ 84.496656112597023, 19.029827302216368 ], [ 84.478935134143669, 18.990167783677546 ], [ 84.42244394751998, 19.022686541243864 ], [ 84.44795506930403, 18.975883374220114 ], [ 84.422939455008844, 18.94702628477291 ], [ 84.436729000004291, 18.922729472040505 ], [ 84.405198845628064, 18.895198785689317 ], [ 84.372714153416453, 18.905287855850187 ], [ 84.395018341891557, 18.886763970308404 ], [ 84.358853893324138, 18.892246005417419 ], [ 84.378980403643041, 18.876318841443322 ], [ 84.369830354802474, 18.860189280760313 ], [ 84.343443050478129, 18.875775375385118 ], [ 84.351538066607986, 18.821130265788085 ], [ 84.319955262347676, 18.788421356226468 ], [ 84.291404376244216, 18.79999946266437 ], [ 84.259705382904656, 18.781671714450791 ], [ 84.224231932526436, 18.796399107175048 ], [ 84.089402774755285, 18.753733524361717 ], [ 84.034691320142798, 18.811115369202316 ], [ 83.947457486563749, 18.805440268860742 ], [ 83.90966714547514, 18.825685049562331 ], [ 83.894575468313519, 18.814177643421605 ], [ 83.844794908199589, 18.873310339936555 ], [ 83.847947320353725, 18.912577386838819 ], [ 83.824609768287459, 18.917888107478309 ], [ 83.82244460877024, 18.961574501794832 ], [ 83.795963896308436, 19.016070693441641 ], [ 83.747249960005618, 18.986706157196053 ], [ 83.787766258573754, 18.916188784953842 ], [ 83.753534258816416, 18.926566569896533 ], [ 83.733977804199313, 18.983815944208725 ], [ 83.71342289657052, 18.993462891429324 ], [ 83.730913700648586, 19.020076840503187 ], [ 83.704717339408461, 19.024623511956985 ], [ 83.630929097297951, 19.161424424938271 ], [ 83.601988175525548, 19.128161005766806 ], [ 83.612119948824542, 19.096088626618595 ], [ 83.59214057007128, 19.087626800367563 ], [ 83.586495595891677, 19.057748822580251 ], [ 83.565375646367357, 19.059312408387701 ], [ 83.554157517252534, 19.081705391063029 ], [ 83.56002950241691, 19.055127025357393 ], [ 83.539147376565921, 19.013416899136352 ], [ 83.503174597520299, 19.019038036598769 ], [ 83.501315316700342, 19.034718369882274 ], [ 83.521430549567185, 19.032714859257148 ], [ 83.513143984340701, 19.072618193177505 ], [ 83.501387749090611, 19.060948717823276 ], [ 83.480995654065126, 19.085547593694937 ], [ 83.467160503488216, 19.077459736657715 ], [ 83.485737669383283, 19.029091507199634 ], [ 83.482371691990565, 19.008258960766284 ], [ 83.456300333194818, 19.007551960530272 ], [ 83.463286711466282, 18.953632872903512 ], [ 83.416594471531269, 18.987805662163545 ], [ 83.41665210114455, 19.00407340788038 ], [ 83.370153344217044, 19.002572299007863 ], [ 83.354167789973815, 19.017675536696313 ], [ 83.337020818791075, 18.995990390294764 ], [ 83.313126049732034, 18.997461165187246 ], [ 83.340308040692889, 18.951272956765024 ], [ 83.327776328657478, 18.933751875869348 ], [ 83.34693171065669, 18.924170662744075 ], [ 83.35286304986704, 18.964192740515784 ], [ 83.36891815229626, 18.9613193535954 ], [ 83.388088559850985, 18.931288959368374 ], [ 83.356881330818055, 18.94178523775156 ], [ 83.358035387534869, 18.923912315877317 ], [ 83.391762547304779, 18.907746133192745 ], [ 83.381763143605781, 18.893980466374728 ], [ 83.41860493452441, 18.864948417749702 ], [ 83.404196038435884, 18.838909259211846 ], [ 83.380733011765869, 18.829410849903695 ], [ 83.366786430954051, 18.840166931111469 ], [ 83.330957404557068, 18.806472043891688 ], [ 83.287446656398856, 18.797769903584481 ], [ 83.274073175871081, 18.765224600849933 ], [ 83.227376106739541, 18.7739615945884 ], [ 83.213070117017992, 18.724091662700005 ], [ 83.192021678454125, 18.733668875818751 ], [ 83.171851933620189, 18.721847148023301 ], [ 83.173192401727704, 18.700921469930961 ], [ 83.154943767831639, 18.700892109158076 ], [ 83.147035732843904, 18.669047792700951 ], [ 83.092135907464638, 18.663995484472991 ], [ 83.083868739838977, 18.611784307027506 ], [ 83.057764401718316, 18.622148436126622 ], [ 83.049207568233385, 18.605015348518236 ], [ 83.062069364120021, 18.594794931184254 ], [ 83.0349871574536, 18.576289584161884 ], [ 83.040615647140555, 18.556268278339246 ], [ 83.097462779126431, 18.546379047764333 ], [ 83.023618446660748, 18.45299313308027 ], [ 83.045514628436536, 18.443446449271278 ], [ 83.04565544328733, 18.427594766233085 ], [ 83.068028019730548, 18.437275975473938 ], [ 83.074715683736599, 18.400997326105937 ], [ 83.061629616486698, 18.384050185387082 ], [ 83.02542125882286, 18.393195537773408 ], [ 82.984706360635187, 18.36361902698485 ], [ 82.911035541551087, 18.364522175378625 ], [ 82.893176911660134, 18.387166955516193 ], [ 82.892867032000083, 18.42123284225346 ], [ 82.853174067693203, 18.418202902923611 ], [ 82.807420372804756, 18.447719364881266 ], [ 82.784478591914251, 18.428021381347151 ], [ 82.801569408410899, 18.403375974991263 ], [ 82.775376602033532, 18.339581022777281 ], [ 82.667185263567205, 18.29506440211054 ], [ 82.653687780458995, 18.248980218026986 ], [ 82.635278101205927, 18.237277954525666 ], [ 82.589116795481232, 18.278495098965891 ], [ 82.599297523425264, 18.300307474203294 ], [ 82.584794069810982, 18.315120544581418 ], [ 82.610489957485356, 18.32558061562986 ], [ 82.60484241803448, 18.349136624119637 ], [ 82.619610340295594, 18.354734181505762 ], [ 82.607334587885589, 18.379832971911071 ], [ 82.540606762291191, 18.401535516015144 ], [ 82.562046048354262, 18.445666015440565 ], [ 82.538435679332963, 18.442303429339631 ], [ 82.524401407228311, 18.463818546272478 ], [ 82.531375845576406, 18.511777965700617 ], [ 82.489700779564203, 18.522837968827105 ], [ 82.489835376142878, 18.546195457465274 ] ], [ [ 84.504149810005899, 20.398964744976048 ], [ 84.519802261858445, 20.372473497818458 ], [ 84.503845570160493, 20.364823211742774 ], [ 84.485456198752743, 20.350940775072036 ], [ 84.487540408970403, 20.342327587670031 ], [ 84.489402968655511, 20.33870929230428 ], [ 84.506188738892646, 20.334832253933207 ], [ 84.485456230147804, 20.350940780567861 ], [ 84.519802294234481, 20.372473503277796 ], [ 84.504149810005899, 20.398964744976048 ] ], [ [ 84.510072557248137, 20.339631905129302 ], [ 84.511638415736456, 20.328157084341015 ], [ 84.516469434025993, 20.320801364899687 ], [ 84.513013474411537, 20.340069704100404 ], [ 84.510072557248137, 20.339631905129302 ] ], [ [ 84.532877529247443, 20.324377032052418 ], [ 84.532877562586421, 20.324377037479074 ], [ 84.526433514795841, 20.328882212838895 ], [ 84.532877529247443, 20.324377032052418 ] ], [ [ 84.54401911215551, 20.326781974587625 ], [ 84.545821264375178, 20.274850437569821 ], [ 84.545521892679645, 20.252557866042878 ], [ 84.547472388958084, 20.244470632988026 ], [ 84.587156680929866, 20.17388908842533 ], [ 84.575750912847326, 20.16982911886625 ], [ 84.559047400676747, 20.161096969345646 ], [ 84.559480242282021, 20.155822778795208 ], [ 84.564472845484289, 20.146054144934965 ], [ 84.564428187417974, 20.140778510099654 ], [ 84.564472879752614, 20.146054150323788 ], [ 84.559047434948724, 20.16109697473582 ], [ 84.58715671621097, 20.173889094697916 ], [ 84.547472423251079, 20.244470638381319 ], [ 84.553430937737716, 20.287531128823709 ], [ 84.546486125343506, 20.321783113393487 ], [ 84.54401911215551, 20.326781974587625 ] ], [ [ 84.510552733773693, 20.153003709397669 ], [ 84.508555999097894, 20.148835668084065 ], [ 84.508139685238149, 20.142874552815183 ], [ 84.506159528260909, 20.140481055455577 ], [ 84.508139717557853, 20.142874558275757 ], [ 84.510552766095898, 20.153003714857789 ], [ 84.517911819072509, 20.155029765062778 ], [ 84.510552733773693, 20.153003709397669 ] ], [ [ 84.435562792203356, 20.202396411304409 ], [ 84.429230967637309, 20.185472405133073 ], [ 84.43568133292969, 20.155863006641297 ], [ 84.440764003071692, 20.150565917814387 ], [ 84.432578587761085, 20.144300108999708 ], [ 84.440764033444765, 20.150565923347518 ], [ 84.435562792203356, 20.202396411304409 ] ], [ [ 84.4279275131681, 20.145010786267807 ], [ 84.415159284715742, 20.119916028396471 ], [ 84.41500826938595, 20.104216986608652 ], [ 84.411295948790965, 20.099137695480739 ], [ 84.410492071409678, 20.090601706652695 ], [ 84.403188886431181, 20.087306820738331 ], [ 84.401030905612132, 20.076658966956927 ], [ 84.401921450798227, 20.072535676009696 ], [ 84.411140591890344, 20.06538201924295 ], [ 84.411951513895062, 20.057987199204991 ], [ 84.415515306887073, 20.053782524358805 ], [ 84.405022711514675, 20.048161403591294 ], [ 84.41551533626486, 20.053782529925314 ], [ 84.403188915815846, 20.087306826307469 ], [ 84.410492100795381, 20.090601712220447 ], [ 84.411918304884239, 20.093684058152665 ], [ 84.415008298774836, 20.104216992175541 ], [ 84.415159314108095, 20.119916033963435 ], [ 84.429084313129479, 20.130907271043508 ], [ 84.4279275131681, 20.145010786267807 ] ], [ [ 84.398823146990921, 20.047562818000142 ], [ 84.362628107168462, 20.030269158915537 ], [ 84.371415527905455, 20.03325554040352 ], [ 84.398823146990921, 20.047562818000142 ] ], [ [ 84.356230511153115, 20.036373849504834 ], [ 84.341162126719624, 20.014741322719406 ], [ 84.341054921770606, 20.0120501029899 ], [ 84.356230511153115, 20.036373849504834 ] ], [ [ 84.337514178113224, 20.013263597919515 ], [ 84.330927432995168, 20.006234307714472 ], [ 84.331984549372649, 20.000601226173963 ], [ 84.330785231863487, 19.999470550930027 ], [ 84.324574374842186, 19.987809528355626 ], [ 84.331738753444142, 19.979442844858106 ], [ 84.336526541899971, 19.977420823697098 ], [ 84.32457440125674, 19.987809533105704 ], [ 84.331984576761798, 20.000601230894503 ], [ 84.330927460385368, 20.006234312435279 ], [ 84.337514178113224, 20.013263597919515 ] ], [ [ 84.355753467203556, 19.989085212769691 ], [ 84.377247208190667, 19.965883015091048 ], [ 84.381975988826767, 19.962249823029641 ], [ 84.393182137431495, 19.95509457138867 ], [ 84.398250417355186, 19.955728943732776 ], [ 84.377247236545827, 19.965883019774576 ], [ 84.372628302494846, 19.97286915234751 ], [ 84.359453331256944, 19.987703464187675 ], [ 84.355753467203556, 19.989085212769691 ] ], [ [ 84.406090259393935, 19.959885683727492 ], [ 84.406090288750605, 19.959885689295316 ], [ 84.401319443850042, 19.960458902103209 ], [ 84.406090259393935, 19.959885683727492 ] ], [ [ 84.421826722113551, 19.954630996534931 ], [ 84.41565122881002, 19.958444023978114 ], [ 84.415651206622485, 19.958444013985599 ], [ 84.421826722113551, 19.954630996534931 ] ], [ [ 84.453449050894548, 19.950298210495855 ], [ 84.453449082193828, 19.950298215996206 ], [ 84.433836806399796, 19.958269348988118 ], [ 84.453449050894548, 19.950298210495855 ] ], [ [ 84.465579236330811, 19.952424688594309 ], [ 84.458083025631751, 19.904400537244598 ], [ 84.46251792991977, 19.877322743944916 ], [ 84.457829639709175, 19.870682281645113 ], [ 84.462821484739024, 19.85896388129424 ], [ 84.445971859236408, 19.843433275688383 ], [ 84.445435594246646, 19.840610657705952 ], [ 84.451017482935754, 19.835069877651787 ], [ 84.445842948534576, 19.830393056487956 ], [ 84.451017514207948, 19.83506988315191 ], [ 84.44597189051035, 19.84343328118964 ], [ 84.462821516017314, 19.858963886792033 ], [ 84.457829670990009, 19.870682287144032 ], [ 84.462517961202281, 19.877322749442925 ], [ 84.458083056920501, 19.904400542743669 ], [ 84.469981701961316, 19.939152648727912 ], [ 84.465579236330811, 19.952424688594309 ] ], [ [ 84.433435603175411, 19.837260982896815 ], [ 84.424264346901765, 19.834954955301459 ], [ 84.433435605027285, 19.837260981276213 ], [ 84.433435603175411, 19.837260982896815 ] ], [ [ 84.356156350807282, 19.863005766864408 ], [ 84.349217872814592, 19.860634282906759 ], [ 84.356156353647506, 19.863005762838451 ], [ 84.356156350807282, 19.863005766864408 ] ], [ [ 84.307892244210862, 19.905591354585294 ], [ 84.278116417982943, 19.878209393422157 ], [ 84.234798016670709, 19.867660990308522 ], [ 84.278116443403221, 19.878209398207762 ], [ 84.307892244210862, 19.905591354585294 ] ], [ [ 84.213983482424524, 19.864351028804428 ], [ 84.195284495884209, 19.859829406213287 ], [ 84.21398349238676, 19.86435103038864 ], [ 84.213983482424524, 19.864351028804428 ] ], [ [ 84.185256659943974, 19.859702522605666 ], [ 84.202114550018365, 19.834666709358761 ], [ 84.185939051764095, 19.821256418775278 ], [ 84.202114573486455, 19.834666714211878 ], [ 84.185256659943974, 19.859702522605666 ] ], [ [ 84.174108758321509, 19.81962816865013 ], [ 84.168577803312758, 19.803681190804589 ], [ 84.174373626718392, 19.792257134284558 ], [ 84.16680286730174, 19.785896318856189 ], [ 84.174373649207681, 19.792257139169063 ], [ 84.168577825803752, 19.803681195690032 ], [ 84.174518737276912, 19.811315114023966 ], [ 84.174108758321509, 19.81962816865013 ] ], [ [ 84.133529534954732, 19.776213370885078 ], [ 84.162002171635038, 19.734163122869095 ], [ 84.156683718015699, 19.725032128259254 ], [ 84.158442397083533, 19.722903207484784 ], [ 84.162002194114095, 19.734163127755192 ], [ 84.133529534954732, 19.776213370885078 ] ], [ [ 84.203421707646854, 19.730403977367004 ], [ 84.189743025197373, 19.70290961849663 ], [ 84.200880184891503, 19.683466817194255 ], [ 84.218917992051146, 19.672456691092489 ], [ 84.189743048641745, 19.702909623351019 ], [ 84.203421731096569, 19.730403982219379 ], [ 84.191752133144391, 19.73472050290999 ], [ 84.184739459561627, 19.735862443349145 ], [ 84.203421707646854, 19.730403977367004 ] ], [ [ 84.222341860882267, 19.674243849072255 ], [ 84.247052146582746, 19.641876807846636 ], [ 84.237909504622237, 19.636271221841284 ], [ 84.237014626886975, 19.63436419843692 ], [ 84.237163569516014, 19.627902945954403 ], [ 84.236319772331925, 19.627143431934449 ], [ 84.23716359488715, 19.627902950745607 ], [ 84.23790952999498, 19.636271226632442 ], [ 84.247052171956895, 19.641876812636244 ], [ 84.239229424644151, 19.66300888819848 ], [ 84.222341860882267, 19.674243849072255 ] ], [ [ 84.23586864177912, 19.608957505659365 ], [ 84.22920007135059, 19.615994866055505 ], [ 84.235868616411636, 19.608957500868048 ], [ 84.234660353545593, 19.597013543006359 ], [ 84.241073114836453, 19.575250312039255 ], [ 84.238833749969302, 19.571757374575252 ], [ 84.241073140197727, 19.575250316829486 ], [ 84.23586864177912, 19.608957505659365 ] ], [ [ 82.856362667893592, 19.195177747695588 ], [ 82.861404586792332, 19.205308814162329 ], [ 82.856637515205179, 19.203526244033235 ], [ 82.856362667893592, 19.195177747695588 ] ], [ [ 82.863508326217328, 19.206095473852635 ], [ 82.871772353280491, 19.200140711258651 ], [ 82.863508326217371, 19.206095473852649 ], [ 82.863508326217328, 19.206095473852635 ] ], [ [ 82.87884511842455, 19.18405344065232 ], [ 82.87884511842455, 19.184053440652313 ], [ 82.878860013502134, 19.184022530723478 ], [ 82.87884511842455, 19.18405344065232 ] ], [ [ 83.536960958228264, 19.857804561618845 ], [ 83.531300161014158, 19.855564958350232 ], [ 83.536960960906669, 19.857804560926432 ], [ 83.536960958228264, 19.857804561618845 ] ], [ [ 83.598095580977727, 19.828258801314604 ], [ 83.598095569255392, 19.828258798840487 ], [ 83.588998872674054, 19.822694087044145 ], [ 83.598095580977727, 19.828258801314604 ] ], [ [ 83.663282583690545, 19.664041244190543 ], [ 83.669635526962779, 19.672432079675112 ], [ 83.671402380111445, 19.67651976920374 ], [ 83.675210164096981, 19.680189386009843 ], [ 83.689525247494984, 19.68746120053363 ], [ 83.663282583690545, 19.664041244190543 ] ], [ [ 83.740533404718207, 19.654501201286411 ], [ 83.761189099064609, 19.674648307995444 ], [ 83.763804583134686, 19.679478649394998 ], [ 83.772772245639686, 19.714187600790339 ], [ 83.740533404718207, 19.654501201286411 ] ], [ [ 83.80877035226689, 19.716813560769086 ], [ 83.792659132592064, 19.711579329632201 ], [ 83.808770357181629, 19.716813560906733 ], [ 83.80877035226689, 19.716813560769086 ] ], [ [ 83.912610909135552, 19.674082483097859 ], [ 83.920567025813298, 19.679171750130834 ], [ 83.916240920242188, 19.67774846232523 ], [ 83.912610892546567, 19.674082479858068 ], [ 83.904617202421562, 19.672330245475816 ], [ 83.912610909135552, 19.674082483097859 ] ], [ [ 83.99951341280854, 19.625876649791962 ], [ 83.984668438699629, 19.621371944920398 ], [ 83.999513425478114, 19.625876652103244 ], [ 83.99951341280854, 19.625876649791962 ] ], [ [ 84.012303655434621, 19.620725164858797 ], [ 84.019224844764111, 19.624922274646917 ], [ 84.011239086648459, 19.617578423802968 ], [ 84.012303655434621, 19.620725164858797 ] ], [ [ 84.028860370954646, 19.632416400776528 ], [ 84.022794693346214, 19.624926838882423 ], [ 84.028860386071884, 19.632416399404036 ], [ 84.028860370954646, 19.632416400776528 ] ], [ [ 84.061177874318091, 19.630153799767879 ], [ 84.047871787076517, 19.625144532009003 ], [ 84.061177882062495, 19.630153799004397 ], [ 84.061177874318091, 19.630153799767879 ] ], [ [ 84.079072128754106, 19.624638690970002 ], [ 84.075880992698615, 19.623377421711215 ], [ 84.079072131324196, 19.624638687919663 ], [ 84.079072128754106, 19.624638690970002 ] ], [ [ 84.094725594687603, 19.617427636472623 ], [ 84.094725573227905, 19.617427632468644 ], [ 84.090639773694846, 19.616565875050831 ], [ 84.094725594687603, 19.617427636472623 ] ], [ [ 84.119507882373327, 19.630122950322338 ], [ 84.119507860910844, 19.630122946321872 ], [ 84.113980398447765, 19.626884461262669 ], [ 84.119507882373327, 19.630122950322338 ] ], [ [ 84.164571666941157, 19.580796006023956 ], [ 84.170082309414127, 19.587706908957486 ], [ 84.167140030096391, 19.586031684293015 ], [ 84.164571643519054, 19.58079600116637 ], [ 84.162051290721053, 19.579582193322384 ], [ 84.164571666941157, 19.580796006023956 ] ], [ [ 84.200521838112152, 19.591026996619103 ], [ 84.182571470391153, 19.586567856373659 ], [ 84.200521841513378, 19.591026996228837 ], [ 84.200521838112152, 19.591026996619103 ] ], [ [ 82.179559423193481, 19.222832661850521 ], [ 82.179559423193552, 19.222832661850532 ], [ 82.181818702655264, 19.223361811461636 ], [ 82.179559423193481, 19.222832661850521 ] ], [ [ 82.208157760243694, 19.233338308740361 ], [ 82.208157760243608, 19.23333830874029 ], [ 82.207506852717756, 19.230539771738826 ], [ 82.208157760243694, 19.233338308740361 ] ], [ [ 82.219755673713834, 19.238859245035385 ], [ 82.219755673713792, 19.238859245035371 ], [ 82.220664338562969, 19.237774128419552 ], [ 82.219755673713834, 19.238859245035385 ] ], [ [ 82.221547295304958, 19.230291440027145 ], [ 82.221547295304958, 19.230291440027138 ], [ 82.221570944244405, 19.230653917470658 ], [ 82.221547295304958, 19.230291440027145 ] ], [ [ 82.228610705624334, 19.218981261864602 ], [ 82.228610705624362, 19.218981261864599 ], [ 82.229475983931991, 19.22084134887282 ], [ 82.228610705624334, 19.218981261864602 ] ], [ [ 82.240306360133161, 19.224590798619879 ], [ 82.240306360133275, 19.224590798619886 ], [ 82.241672574227664, 19.226216106987579 ], [ 82.240306360133161, 19.224590798619879 ] ], [ [ 82.294558760655661, 19.191435055253919 ], [ 82.294558760655676, 19.191435055253923 ], [ 82.294143439239335, 19.191989196166759 ], [ 82.294558760655661, 19.191435055253919 ] ], [ [ 82.300668616300882, 19.198227947433175 ], [ 82.298148539552912, 19.192205950661329 ], [ 82.302658828279448, 19.198706966538005 ], [ 82.300668616300882, 19.198227947433175 ] ], [ [ 82.323621555191778, 19.211829206621417 ], [ 82.323621555191735, 19.211829206621339 ], [ 82.323700046874706, 19.205215775495073 ], [ 82.322789747282272, 19.202888508248133 ], [ 82.322654724044, 19.19897519526339 ], [ 82.323700046874819, 19.205215775495162 ], [ 82.323621555191778, 19.211829206621417 ] ], [ [ 82.327792640711181, 19.218192411828706 ], [ 82.327792640711152, 19.218192411828714 ], [ 82.325916823408917, 19.216171906420865 ], [ 82.327792640711181, 19.218192411828706 ] ], [ [ 82.329600601603133, 19.217840933951798 ], [ 82.329600601603204, 19.217840933951777 ], [ 82.330845701806467, 19.217598862727723 ], [ 82.329600601603133, 19.217840933951798 ] ], [ [ 82.341007727587481, 19.205402719178778 ], [ 82.341007727587453, 19.205402719178778 ], [ 82.341210420799712, 19.205381571437432 ], [ 82.341007727587481, 19.205402719178778 ] ], [ [ 82.367180930861451, 19.203977026636583 ], [ 82.367180930861423, 19.203977026636604 ], [ 82.365850136054036, 19.202929704486465 ], [ 82.367180930861451, 19.203977026636583 ] ], [ [ 82.380221439650313, 19.203401012388788 ], [ 82.38022143965037, 19.203401012388781 ], [ 82.382070991787927, 19.204028742514542 ], [ 82.380221439650313, 19.203401012388788 ] ], [ [ 82.396951025580222, 19.209100925623176 ], [ 82.396951025580279, 19.209100925623147 ], [ 82.397910741368534, 19.208748949516242 ], [ 82.396951025580222, 19.209100925623176 ] ], [ [ 82.405235994646318, 19.187947727494663 ], [ 82.404382730141194, 19.192266342743508 ], [ 82.404887349394002, 19.196142525082333 ], [ 82.405235994646318, 19.187947727494663 ] ], [ [ 82.447213512038843, 19.176872094276519 ], [ 82.447213512038772, 19.176872094276568 ], [ 82.442479262299912, 19.172902567670778 ], [ 82.447213512038843, 19.176872094276519 ] ], [ [ 82.460072527936688, 19.182353011920885 ], [ 82.458833605748694, 19.179552993952527 ], [ 82.462213588506174, 19.183144041741052 ], [ 82.460072527936688, 19.182353011920885 ] ], [ [ 82.470620243357743, 19.177769620425931 ], [ 82.4706202433577, 19.17776962042592 ], [ 82.471248009390621, 19.177659418853025 ], [ 82.470620243357743, 19.177769620425931 ] ], [ [ 82.516996625340141, 19.202520174669893 ], [ 82.501361601608892, 19.187818844654149 ], [ 82.492929172468735, 19.181822476251725 ], [ 82.501361601608892, 19.187818844654146 ], [ 82.516996625340141, 19.202520174669893 ] ], [ [ 82.528367146135395, 19.200282570098409 ], [ 82.528367146135267, 19.20028257009843 ], [ 82.527264554214639, 19.198488384565131 ], [ 82.528367146135395, 19.200282570098409 ] ], [ [ 82.532553314665392, 19.204100950118612 ], [ 82.532302584951097, 19.204188225151491 ], [ 82.532302584951083, 19.204188225151483 ], [ 82.532553314665392, 19.204100950118612 ] ], [ [ 82.540500558447604, 19.198078498944369 ], [ 82.541032771321255, 19.197841264958008 ], [ 82.540500558447576, 19.198078498944394 ], [ 82.540500558447604, 19.198078498944369 ] ], [ [ 82.55050895063566, 19.195702580797391 ], [ 82.550508950635674, 19.195702580797388 ], [ 82.553146163643646, 19.197126661647765 ], [ 82.55050895063566, 19.195702580797391 ] ], [ [ 82.548766791200279, 19.205742982065214 ], [ 82.548766791200265, 19.205742982065214 ], [ 82.551917743103985, 19.199543552449803 ], [ 82.548766791200279, 19.205742982065214 ] ], [ [ 82.551469344463428, 19.20551282431018 ], [ 82.551469344463385, 19.205512824310176 ], [ 82.553985222427983, 19.204321088156146 ], [ 82.551469344463428, 19.20551282431018 ] ], [ [ 82.573663738407788, 19.203384317955226 ], [ 82.573663738407674, 19.203384317955202 ], [ 82.572259646988627, 19.200745383336141 ], [ 82.573663738407788, 19.203384317955226 ] ], [ [ 82.578681448124868, 19.19787870384123 ], [ 82.578681448124826, 19.197878703841241 ], [ 82.579445361611377, 19.197324316370654 ], [ 82.578681448124868, 19.19787870384123 ] ], [ [ 82.581922903817883, 19.195526313872563 ], [ 82.582277384126087, 19.195628173362177 ], [ 82.581922903817883, 19.195526313872566 ], [ 82.581922903817883, 19.195526313872563 ] ], [ [ 82.589676087129618, 19.201544293528698 ], [ 82.584936252164368, 19.196392195890553 ], [ 82.589676087129718, 19.201544293528638 ], [ 82.589676087129618, 19.201544293528698 ] ], [ [ 82.592047311896224, 19.198675188477335 ], [ 82.591779104605493, 19.200313658107298 ], [ 82.591779104605465, 19.200313658107316 ], [ 82.592047311896224, 19.198675188477335 ] ], [ [ 82.600291118492223, 19.190613468778469 ], [ 82.600291118492208, 19.19061346877848 ], [ 82.596524258856448, 19.191542445403332 ], [ 82.600291118492223, 19.190613468778469 ] ], [ [ 82.613878434280124, 19.183486750776407 ], [ 82.613878434280096, 19.183486750776417 ], [ 82.612926502594263, 19.183168771079082 ], [ 82.613878434280124, 19.183486750776407 ] ], [ [ 82.625501740906088, 19.150220752702591 ], [ 82.625501740906145, 19.150220752702523 ], [ 82.628674714915633, 19.150608288338589 ], [ 82.625501740906088, 19.150220752702591 ] ], [ [ 82.642729624416802, 19.15156766752682 ], [ 82.638010524578831, 19.148478751246092 ], [ 82.643172775112291, 19.157959816216696 ], [ 82.642729624416802, 19.15156766752682 ] ], [ [ 82.639270883819748, 19.172200224700639 ], [ 82.63927088381979, 19.172200224700703 ], [ 82.63933140359012, 19.175269596198262 ], [ 82.639270883819748, 19.172200224700639 ] ], [ [ 82.642056491328077, 19.176486219512377 ], [ 82.662359475276176, 19.186205899933782 ], [ 82.65494458550971, 19.187624517839438 ], [ 82.642056491328077, 19.176486219512377 ] ], [ [ 82.679566385344557, 19.195906327233786 ], [ 82.66947884024637, 19.184516652545256 ], [ 82.6795663853446, 19.195906327233757 ], [ 82.679566385344557, 19.195906327233786 ] ], [ [ 82.683364621139162, 19.187664025540357 ], [ 82.684229375406545, 19.187441897634457 ], [ 82.683364621139162, 19.187664025540375 ], [ 82.683364621139162, 19.187664025540357 ] ], [ [ 82.708112796615211, 19.178213960873389 ], [ 82.708112796615183, 19.178213960873393 ], [ 82.708616150823843, 19.178123053727084 ], [ 82.708112796615211, 19.178213960873389 ] ], [ [ 82.723867207058134, 19.17342526182259 ], [ 82.723867207058049, 19.173425261822615 ], [ 82.725288452647447, 19.172085460571331 ], [ 82.723867207058134, 19.17342526182259 ] ], [ [ 82.723409823192895, 19.169943951111879 ], [ 82.723409823192867, 19.169943951111975 ], [ 82.723447734231414, 19.169716928279136 ], [ 82.723409823192895, 19.169943951111879 ] ], [ [ 82.72455934020887, 19.161190440326571 ], [ 82.726485936185284, 19.164377167113948 ], [ 82.726485936185256, 19.164377167113972 ], [ 82.72455934020887, 19.161190440326571 ] ], [ [ 82.741760665293384, 19.15987104686559 ], [ 82.74170018853259, 19.171076226221764 ], [ 82.741760665293299, 19.15987104686559 ], [ 82.740043882658568, 19.159002395952761 ], [ 82.741760665293384, 19.15987104686559 ] ], [ [ 82.746308455903247, 19.178980802496632 ], [ 82.746308455903218, 19.178980802496614 ], [ 82.745364067211895, 19.17774662403367 ], [ 82.746308455903247, 19.178980802496632 ] ], [ [ 82.77407570820229, 19.166249518566655 ], [ 82.793561636011319, 19.166605158283723 ], [ 82.789631164953292, 19.17064128784347 ], [ 82.786746125384582, 19.171338412299558 ], [ 82.77407570820229, 19.166249518566655 ] ], [ [ 82.792568608403741, 19.158555353525305 ], [ 82.792568608403712, 19.158555353525401 ], [ 82.792601310066857, 19.158312494076938 ], [ 82.792568608403741, 19.158555353525305 ] ], [ [ 82.801753143118844, 19.149474007328536 ], [ 82.804731449686471, 19.152848586433585 ], [ 82.80175314311883, 19.14947400732855 ], [ 82.801753143118844, 19.149474007328536 ] ], [ [ 82.818235059552222, 19.170375915996193 ], [ 82.81823505955218, 19.170375915996232 ], [ 82.814045625048209, 19.167108309026641 ], [ 82.818235059552222, 19.170375915996193 ] ], [ [ 82.830392391173518, 19.160909771024194 ], [ 82.827220555318874, 19.173360758406876 ], [ 82.827055783244646, 19.16699362933435 ], [ 82.830392391173476, 19.160909771024127 ], [ 82.829936293777592, 19.148106270517598 ], [ 82.830392391173518, 19.160909771024194 ] ], [ [ 82.835139931379842, 19.179053747091757 ], [ 82.835793395472265, 19.180389890948533 ], [ 82.835139931379828, 19.179053747091761 ], [ 82.835139931379842, 19.179053747091757 ] ], [ [ 82.836227362300704, 19.189319041122921 ], [ 82.837405710722805, 19.18562289278422 ], [ 82.836905299118428, 19.190161212933031 ], [ 82.836227362300704, 19.189319041122921 ] ], [ [ 82.840643897519314, 19.192448955418246 ], [ 82.842641684682107, 19.200033486900388 ], [ 82.84264168468205, 19.200033486900416 ], [ 82.840643897519314, 19.192448955418246 ] ], [ [ 82.878840117762309, 19.18399767588113 ], [ 82.881466282411978, 19.184599983519995 ], [ 82.878840117762309, 19.183997675881173 ], [ 82.878840117762309, 19.18399767588113 ] ], [ [ 82.887011573425866, 19.181910129508367 ], [ 82.888441607381949, 19.181098808330187 ], [ 82.887011573425823, 19.181910129508427 ], [ 82.887011573425866, 19.181910129508367 ] ], [ [ 82.89965264159963, 19.167520177444828 ], [ 82.899652641599644, 19.167520177444818 ], [ 82.899629930803954, 19.16801673365682 ], [ 82.89965264159963, 19.167520177444828 ] ], [ [ 82.904933376390957, 19.161913166447288 ], [ 82.904947275283462, 19.162089881908869 ], [ 82.904947275283448, 19.162089881908877 ], [ 82.904933376390957, 19.161913166447288 ] ], [ [ 82.912076345486895, 19.159922556033926 ], [ 82.904680429342534, 19.158697107727377 ], [ 82.904680429342534, 19.158697107727335 ], [ 82.912076345486895, 19.159922556033926 ] ], [ [ 82.918874868733582, 19.162551060407349 ], [ 82.916312968822268, 19.160305489850309 ], [ 82.921087517334584, 19.163104870384338 ], [ 82.918874868733582, 19.162551060407349 ] ], [ [ 82.931776045655283, 19.160276011601514 ], [ 82.93177604565534, 19.160276011601468 ], [ 82.934531710874751, 19.161296207956973 ], [ 82.931776045655283, 19.160276011601514 ] ], [ [ 82.934720070883316, 19.161331204863234 ], [ 82.934601736041898, 19.161322132521324 ], [ 82.934601736041884, 19.16132213252132 ], [ 82.934720070883316, 19.161331204863234 ] ], [ [ 82.977073863826007, 19.171955291605347 ], [ 82.977073863825936, 19.1719552916053 ], [ 82.974529342481105, 19.167720085499798 ], [ 82.977073863826007, 19.171955291605347 ] ], [ [ 82.979527988008741, 19.173651010145523 ], [ 82.979527988008712, 19.173651010145544 ], [ 82.978108335379488, 19.172670077191547 ], [ 82.979527988008741, 19.173651010145523 ] ], [ [ 82.986569679535634, 19.134018837105994 ], [ 82.986569679535549, 19.13401883710608 ], [ 82.984905834984772, 19.133448795772953 ], [ 82.986569679535634, 19.134018837105994 ] ], [ [ 83.010309909306784, 19.098274381116426 ], [ 83.010309909306798, 19.098274381116415 ], [ 83.010295651893344, 19.099755501165397 ], [ 83.010309909306784, 19.098274381116426 ] ], [ [ 83.025784632925095, 19.090520881096346 ], [ 83.025784632925081, 19.090520881096268 ], [ 83.026456661405433, 19.089461367824359 ], [ 83.025784632925095, 19.090520881096346 ] ], [ [ 83.029721134497763, 19.077456104342065 ], [ 83.030327787539477, 19.077847326100379 ], [ 83.030327787539477, 19.07784732610039 ], [ 83.029721134497763, 19.077456104342065 ] ], [ [ 83.021448229817722, 19.069580339740856 ], [ 83.021448229817679, 19.06958033974098 ], [ 83.021466802989124, 19.068628229387379 ], [ 83.021448229817722, 19.069580339740856 ] ], [ [ 83.068925321708363, 19.04665781141431 ], [ 83.063750812894497, 19.044193877216983 ], [ 83.070445535708487, 19.048630068930841 ], [ 83.068925321708363, 19.04665781141431 ] ], [ [ 83.070304928303528, 19.064719270173608 ], [ 83.071742553358931, 19.052284387697657 ], [ 83.073248735515904, 19.058322068009375 ], [ 83.070304928303528, 19.064719270173608 ] ], [ [ 83.086843713652641, 19.086690318513096 ], [ 83.076182680858878, 19.080942988483237 ], [ 83.073982826385503, 19.071884283077672 ], [ 83.076182680858949, 19.08094298848323 ], [ 83.086843713652641, 19.086690318513096 ] ], [ [ 83.100394392921416, 19.108722829402936 ], [ 83.092491219169546, 19.092817143968801 ], [ 83.091540510956321, 19.09169407441399 ], [ 83.092491219169688, 19.092817143968773 ], [ 83.100394392921544, 19.10872282940295 ], [ 83.102106989427725, 19.11008509878895 ], [ 83.100394392921416, 19.108722829402936 ] ], [ [ 83.113296379112313, 19.102666758352626 ], [ 83.113296379112228, 19.102666758352598 ], [ 83.116124862456971, 19.098072920536506 ], [ 83.113296379112313, 19.102666758352626 ] ], [ [ 83.126939736206452, 19.091175920827538 ], [ 83.128287368969367, 19.092030910974593 ], [ 83.126939736206396, 19.091175920827538 ], [ 83.126939736206452, 19.091175920827538 ] ], [ [ 83.135956943497717, 19.121474392310745 ], [ 83.136597988547791, 19.132337330972149 ], [ 83.136181981782073, 19.130475451637697 ], [ 83.135956943497703, 19.121474392310716 ], [ 83.134304152085676, 19.112784934125898 ], [ 83.132996982316442, 19.098210892523138 ], [ 83.132255048471762, 19.096630902932873 ], [ 83.132996982316513, 19.098210892523241 ], [ 83.135956943497717, 19.121474392310745 ] ], [ [ 83.147858806944015, 19.134538510410618 ], [ 83.147040947225719, 19.134848011520301 ], [ 83.153169529822009, 19.126160257235242 ], [ 83.147858806944015, 19.134538510410618 ] ], [ [ 83.163494756966799, 19.125572876639183 ], [ 83.163494756966884, 19.125572876639183 ], [ 83.164790850439843, 19.128320040887676 ], [ 83.163494756966799, 19.125572876639183 ] ], [ [ 83.180868991321617, 19.145129988987968 ], [ 83.170670844267534, 19.13797314946488 ], [ 83.180868991321731, 19.145129988987943 ], [ 83.180868991321617, 19.145129988987968 ] ], [ [ 83.183126819409779, 19.135774533740054 ], [ 83.174884359554724, 19.125053838423533 ], [ 83.180493896696959, 19.129341727838824 ], [ 83.182422708655935, 19.133249430147369 ], [ 83.183126819409779, 19.135774533740054 ] ], [ [ 83.181247151236505, 19.112243945934949 ], [ 83.182875359769653, 19.112929970019749 ], [ 83.181247151236462, 19.11224394593496 ], [ 83.181247151236505, 19.112243945934949 ] ], [ [ 83.200575815307204, 19.132674841502862 ], [ 83.202053111601231, 19.137877754895044 ], [ 83.202053111601202, 19.137877754895058 ], [ 83.200575815307204, 19.132674841502862 ] ], [ [ 83.192372349205584, 19.141209113763978 ], [ 83.192372349205584, 19.141209113763892 ], [ 83.201769301049254, 19.138061110400528 ], [ 83.192372349205584, 19.141209113763978 ] ], [ [ 83.201622743976131, 19.148889944762068 ], [ 83.195945846165131, 19.149214055612415 ], [ 83.191774690138516, 19.148569285227218 ], [ 83.195945846165273, 19.14921405561239 ], [ 83.200863293492489, 19.148740579031255 ], [ 83.201622743976131, 19.148889944762068 ] ], [ [ 83.199396558557396, 19.164201589324819 ], [ 83.199396558557282, 19.164201589324783 ], [ 83.204741104789633, 19.149660818221118 ], [ 83.199396558557396, 19.164201589324819 ] ], [ [ 83.221086769306723, 19.161864926382709 ], [ 83.206505852409762, 19.166435998555464 ], [ 83.205618710245801, 19.166549114445615 ], [ 83.220794164345591, 19.161717798127938 ], [ 83.221086769306723, 19.161864926382709 ] ], [ [ 83.249718338508032, 19.162739781548137 ], [ 83.249184102430362, 19.162942343441461 ], [ 83.259901888797557, 19.164169333013454 ], [ 83.249718338508032, 19.162739781548137 ] ], [ [ 83.258406373595861, 19.15832425256561 ], [ 83.258406373595847, 19.158324252565649 ], [ 83.257620440698432, 19.15714228484622 ], [ 83.258406373595861, 19.15832425256561 ] ], [ [ 83.244932111407124, 19.128771602114341 ], [ 83.223639674773153, 19.135389429972975 ], [ 83.223857958180631, 19.12840487824564 ], [ 83.225597912043952, 19.12441799293163 ], [ 83.228841649633509, 19.12269432883139 ], [ 83.23445172877895, 19.122939297447179 ], [ 83.244103848847658, 19.126493732151499 ], [ 83.244932111407124, 19.128771602114341 ] ], [ [ 83.195312854474267, 19.112810961576628 ], [ 83.196252350647455, 19.113482314579493 ], [ 83.196252350647512, 19.113482314579585 ], [ 83.195312854474267, 19.112810961576628 ] ], [ [ 83.177181924858075, 19.09157652948403 ], [ 83.177181924858104, 19.091576529484019 ], [ 83.1796845971095, 19.094673946311659 ], [ 83.177181924858075, 19.09157652948403 ] ], [ [ 83.183859375335629, 19.092076051453414 ], [ 83.183859375335601, 19.092076051453375 ], [ 83.187123440917262, 19.092568011223953 ], [ 83.183859375335629, 19.092076051453414 ] ], [ [ 83.190023251016513, 19.091658489425718 ], [ 83.189191595780727, 19.092879723402103 ], [ 83.189191595780713, 19.092879723402099 ], [ 83.190023251016513, 19.091658489425718 ] ], [ [ 83.190512542887774, 19.087772020524106 ], [ 83.190778334406346, 19.090549696441556 ], [ 83.190778334406332, 19.090549696441581 ], [ 83.190512542887774, 19.087772020524106 ] ], [ [ 83.194921916875856, 19.074882625456226 ], [ 83.194003357159872, 19.063757230153993 ], [ 83.195716557048897, 19.070791227557837 ], [ 83.194944002056459, 19.074848466655034 ], [ 83.194921916875856, 19.074882625456226 ] ], [ [ 83.201076832316971, 19.00006083744411 ], [ 83.201076832316971, 19.000060837444096 ], [ 83.201328738156448, 18.998982384649651 ], [ 83.201076832316971, 19.00006083744411 ] ], [ [ 83.204021440373765, 18.977868389996377 ], [ 83.204021440373765, 18.977868389996331 ], [ 83.206461862054766, 18.975797733008395 ], [ 83.204021440373765, 18.977868389996377 ] ], [ [ 83.239722024722468, 18.992625742148725 ], [ 83.241538135103127, 18.972644540681483 ], [ 83.239634313685201, 18.969747956956212 ], [ 83.241538135103269, 18.972644540681472 ], [ 83.239722024722468, 18.992625742148725 ] ], [ [ 83.239313208870314, 19.013866768641325 ], [ 83.240754734690981, 19.000116150275073 ], [ 83.238805185977753, 19.023298478670217 ], [ 83.239313208870314, 19.013866768641325 ] ], [ [ 83.260049832183384, 19.035320886677205 ], [ 83.26004983218337, 19.035320886677141 ], [ 83.263405189673691, 19.042285879687849 ], [ 83.260049832183384, 19.035320886677205 ] ], [ [ 83.269354207093201, 19.056511985649788 ], [ 83.269226978891197, 19.086911191415425 ], [ 83.271551389742172, 19.094734510101272 ], [ 83.262631983642024, 19.069975679044251 ], [ 83.26357536478541, 19.065087773830541 ], [ 83.269354207093201, 19.056511985649788 ] ], [ [ 83.281575565622859, 19.122324922719162 ], [ 83.277332767456457, 19.114191159821097 ], [ 83.27556116449162, 19.108229546142301 ], [ 83.281575565622859, 19.122324922719162 ] ], [ [ 83.28460397649016, 19.124000152250527 ], [ 83.283976354715165, 19.123652978474187 ], [ 83.285312629534587, 19.124392141754093 ], [ 83.28460397649016, 19.124000152250527 ] ], [ [ 83.286116169707228, 19.117761922829036 ], [ 83.286116169707213, 19.117761922829061 ], [ 83.28617809016761, 19.11758621354252 ], [ 83.286116169707228, 19.117761922829036 ] ], [ [ 83.288249351875891, 19.114132961331016 ], [ 83.287290441000707, 19.114429738768301 ], [ 83.289125077063559, 19.114598940282473 ], [ 83.288249351875891, 19.114132961331016 ] ], [ [ 83.299346986157246, 19.121417090292287 ], [ 83.299346986157232, 19.121417090292312 ], [ 83.297663608883511, 19.120179470268464 ], [ 83.299346986157246, 19.121417090292287 ] ], [ [ 83.302557206839637, 19.114457727774795 ], [ 83.302557206839595, 19.114457727774777 ], [ 83.303309779672759, 19.114612424136723 ], [ 83.302557206839637, 19.114457727774795 ] ], [ [ 83.332163927637282, 19.100570392270072 ], [ 83.332163927637225, 19.100570392270143 ], [ 83.329732898042408, 19.100812855154981 ], [ 83.332163927637282, 19.100570392270072 ] ], [ [ 83.344542539903728, 19.054649969962771 ], [ 83.343615585914876, 19.059150699087755 ], [ 83.346583469623539, 19.051297987867827 ], [ 83.344542539903728, 19.054649969962771 ] ], [ [ 83.363721477976199, 19.049108520761262 ], [ 83.360666332351059, 19.05061181548907 ], [ 83.357086008056314, 19.051003331920821 ], [ 83.363721477976199, 19.049108520761262 ] ], [ [ 83.362373263433241, 19.041665586938031 ], [ 83.353597407589405, 19.034426343083283 ], [ 83.353597407589376, 19.034426343083222 ], [ 83.362373263433241, 19.041665586938031 ] ], [ [ 83.348693657165029, 19.01956201869174 ], [ 83.350566675738506, 19.029077010291314 ], [ 83.351761279393386, 19.031185521640673 ], [ 83.348693657165029, 19.01956201869174 ] ], [ [ 82.147446279190149, 18.691943059907381 ], [ 82.142700048355323, 18.702290117729945 ], [ 82.127275002738827, 18.707376663717817 ], [ 82.142700048355266, 18.702290117729927 ], [ 82.147446279190149, 18.691943059907381 ] ], [ [ 82.148370763072521, 18.659444255599016 ], [ 82.143347223315914, 18.670437251488067 ], [ 82.139931397969747, 18.673606790208282 ], [ 82.13544192964136, 18.675874113438354 ], [ 82.148370763072521, 18.659444255599016 ] ], [ [ 82.163247143032436, 18.665386917333819 ], [ 82.163247143032308, 18.665386917333777 ], [ 82.1663114944743, 18.653208959273677 ], [ 82.163247143032436, 18.665386917333819 ] ], [ [ 82.19442295270396, 18.636020062306638 ], [ 82.176056513432343, 18.633070389299235 ], [ 82.175574224640002, 18.638950259384103 ], [ 82.166603551814248, 18.649812435029006 ], [ 82.176056513432329, 18.633070389299185 ], [ 82.19442295270396, 18.636020062306638 ] ], [ [ 82.214538702424278, 18.655079135737658 ], [ 82.201181552086538, 18.650775557934733 ], [ 82.211781078827528, 18.651351389053318 ], [ 82.214538702424278, 18.655079135737658 ] ], [ [ 82.22526056089157, 18.668859775391809 ], [ 82.222249107395555, 18.667253258660821 ], [ 82.22526056089157, 18.668859775391802 ], [ 82.22526056089157, 18.668859775391809 ] ], [ [ 82.23290448460736, 18.624789779251536 ], [ 82.238241417878072, 18.621589185963408 ], [ 82.241986596021107, 18.621073653067686 ], [ 82.232904484607388, 18.624789779251614 ], [ 82.230565554651037, 18.634643524793262 ], [ 82.234722027825569, 18.6414629277931 ], [ 82.233997728846191, 18.650007917011692 ], [ 82.227124094677066, 18.664838898696608 ], [ 82.233997728846077, 18.650007917011685 ], [ 82.23056555465098, 18.634643524793326 ], [ 82.23290448460736, 18.624789779251536 ] ], [ [ 82.243168314651257, 18.611145699864988 ], [ 82.242684910409082, 18.615206915937744 ], [ 82.243168314651243, 18.611145699864991 ], [ 82.243168314651257, 18.611145699864988 ] ], [ [ 82.246987939557513, 18.609344205655393 ], [ 82.244456863093674, 18.610537966745934 ], [ 82.246987939557442, 18.609344205655358 ], [ 82.246987939557513, 18.609344205655393 ] ], [ [ 82.255619197656017, 18.61325009996574 ], [ 82.249434087159528, 18.610451158302567 ], [ 82.255619197656003, 18.613250099965576 ], [ 82.255619197656017, 18.61325009996574 ] ], [ [ 82.254375978387969, 18.602258094050715 ], [ 82.274747102654445, 18.586969613494123 ], [ 82.255017478389917, 18.607929959019966 ], [ 82.254375978387969, 18.602258094050715 ] ], [ [ 82.286759921170542, 18.584880212042865 ], [ 82.300748935112267, 18.578971221187032 ], [ 82.292495673543499, 18.582457734851289 ], [ 82.286759921170542, 18.584880212042865 ] ], [ [ 82.329436029246281, 18.598542129404283 ], [ 82.319084719041484, 18.582079524652329 ], [ 82.314976461252584, 18.578198459772711 ], [ 82.319084719041456, 18.58207952465224 ], [ 82.329436029246281, 18.598542129404283 ] ], [ [ 82.338071269556082, 18.600406925617474 ], [ 82.345057617332657, 18.60772490369067 ], [ 82.333462052212212, 18.599924467210787 ], [ 82.338071269556082, 18.600406925617474 ] ], [ [ 82.384030181188592, 18.614262345720011 ], [ 82.384030181188507, 18.614262345720135 ], [ 82.371827329480766, 18.620881967009666 ], [ 82.365516791464358, 18.623277110898186 ], [ 82.364453218462302, 18.623115666007394 ], [ 82.384030181188592, 18.614262345720011 ] ], [ [ 82.400481714041518, 18.608490326324727 ], [ 82.400481714041533, 18.608490326324656 ], [ 82.410345644672674, 18.595024664626372 ], [ 82.400481714041518, 18.608490326324727 ] ], [ [ 82.419088109105147, 18.604883553898183 ], [ 82.423562664443168, 18.60574554281315 ], [ 82.417092687530172, 18.602633314219176 ], [ 82.419088109105147, 18.604883553898183 ] ], [ [ 82.429553815647921, 18.603518976937437 ], [ 82.429553815647907, 18.603518976937419 ], [ 82.435615497804037, 18.602579215825841 ], [ 82.429553815647921, 18.603518976937437 ] ], [ [ 82.441526909496588, 18.600385279976706 ], [ 82.441526909496446, 18.600385279976567 ], [ 82.447282851388408, 18.599372466777432 ], [ 82.441526909496588, 18.600385279976706 ] ], [ [ 82.446758849983283, 18.594170017588944 ], [ 82.444228855135052, 18.569051440585952 ], [ 82.440682809743606, 18.564522342200235 ], [ 82.444228855135179, 18.569051440586009 ], [ 82.446758849983283, 18.594170017588944 ] ], [ [ 82.435120507436423, 18.560209921562279 ], [ 82.435120507436523, 18.560209921562262 ], [ 82.434616571753864, 18.5642554105108 ], [ 82.435120507436423, 18.560209921562279 ] ], [ [ 82.40885909552415, 18.546837168419895 ], [ 82.414098576665992, 18.557527074266261 ], [ 82.416915301957005, 18.564362523340353 ], [ 82.410377906508799, 18.553917688577656 ], [ 82.40885909552415, 18.546837168419895 ] ], [ [ 82.430938954512769, 18.493944135582037 ], [ 82.416498064236066, 18.50372270879609 ], [ 82.406532193426756, 18.519354742929167 ], [ 82.416498064235967, 18.503722708796111 ], [ 82.430938954512769, 18.493944135582037 ] ], [ [ 83.675337404357577, 20.428733667180062 ], [ 83.695478277184407, 20.416095232110759 ], [ 83.680225991233442, 20.429073234902681 ], [ 83.675337404357577, 20.428733667180062 ] ], [ [ 83.746389175614567, 20.42218611607143 ], [ 83.729326452568316, 20.433099058452136 ], [ 83.722246194621263, 20.434655369263133 ], [ 83.729326439789233, 20.433099055092015 ], [ 83.746389175614567, 20.42218611607143 ] ], [ [ 83.770173273161106, 20.414413193920414 ], [ 83.778885879478409, 20.411985503611781 ], [ 83.770173286914357, 20.414413197252369 ], [ 83.760621979554372, 20.425140007695379 ], [ 83.755041584331096, 20.42794792374475 ], [ 83.750566293285303, 20.428428261660006 ], [ 83.770173273161106, 20.414413193920414 ] ], [ [ 83.809712894462407, 20.432175250441919 ], [ 83.794478854865844, 20.435230389163948 ], [ 83.793316114263718, 20.438939327173067 ], [ 83.787677656623117, 20.443129724085601 ], [ 83.809712894462407, 20.432175250441919 ] ], [ [ 83.819255626495149, 20.451800788100751 ], [ 83.814579364570449, 20.452104151681844 ], [ 83.826717835523027, 20.449954114633528 ], [ 83.819255626495149, 20.451800788100751 ] ], [ [ 83.796315179424539, 20.509694746863854 ], [ 83.806410112600645, 20.511001958807412 ], [ 83.806410114082112, 20.511001960545862 ], [ 83.796315179424539, 20.509694746863854 ] ], [ [ 83.8302063638249, 20.547191956273018 ], [ 83.823767341276081, 20.547448741130854 ], [ 83.840055282104629, 20.543259570125553 ], [ 83.8302063638249, 20.547191956273018 ] ], [ [ 83.911609870399431, 20.578388382429761 ], [ 83.894563534119087, 20.580121179995565 ], [ 83.880589795229483, 20.580024384477934 ], [ 83.872744934376911, 20.579031709753885 ], [ 83.911609870399431, 20.578388382429761 ] ], [ [ 83.917126772223327, 20.616332660174436 ], [ 83.938043207419497, 20.603271234784867 ], [ 83.934812368165993, 20.599768111629036 ], [ 83.932690598450634, 20.594119833549872 ], [ 83.934303507351473, 20.589201368577406 ], [ 83.938205247664342, 20.585694660152537 ], [ 83.943191767230147, 20.582527206860835 ], [ 83.949789247590402, 20.580973179470444 ], [ 83.938043223149037, 20.603271238050581 ], [ 83.919874602777426, 20.616720748786982 ], [ 83.917126772223327, 20.616332660174436 ] ], [ [ 83.972516413030547, 20.586259428050578 ], [ 84.00056598082449, 20.570331661865144 ], [ 84.006991962034718, 20.569607661679473 ], [ 84.01621502122363, 20.570924318667792 ], [ 84.000565998503745, 20.570331665071954 ], [ 83.985560791073993, 20.58140433077001 ], [ 83.978823659959644, 20.584803729616233 ], [ 83.972516413030547, 20.586259428050578 ] ], [ [ 84.084756002255517, 20.591792962162749 ], [ 84.056045067008029, 20.595518337395557 ], [ 84.056045062153103, 20.595518335271862 ], [ 84.084756002255517, 20.591792962162749 ] ], [ [ 84.145678598138119, 20.583952664780973 ], [ 84.134526300196285, 20.589781609710268 ], [ 84.118151241167453, 20.587933230630718 ], [ 84.104038234185595, 20.599177658049314 ], [ 84.09686258506602, 20.597810248955646 ], [ 84.118151220526116, 20.587933226599166 ], [ 84.145678598138119, 20.583952664780973 ] ], [ [ 84.178376113525914, 20.604572373378687 ], [ 84.188884574517687, 20.590753505092561 ], [ 84.1888845956681, 20.590753509704591 ], [ 84.178376113525914, 20.604572373378687 ] ], [ [ 84.221504402752643, 20.587168313978193 ], [ 84.194492898833346, 20.591976448236611 ], [ 84.194492879530273, 20.591976444027409 ], [ 84.221504402752643, 20.587168313978193 ] ], [ [ 84.30358838889974, 20.692759785253024 ], [ 84.342696585479246, 20.674607165423442 ], [ 84.35593641894387, 20.672842115024537 ], [ 84.34269661203129, 20.674607170173477 ], [ 84.339740891287406, 20.68288231336113 ], [ 84.334175551387375, 20.68911672469704 ], [ 84.326953374091559, 20.692546222681983 ], [ 84.319093704738648, 20.694429545773438 ], [ 84.30358838889974, 20.692759785253024 ] ], [ [ 84.374758203629654, 20.64468854253677 ], [ 84.385670779958986, 20.60222727420263 ], [ 84.380256507332476, 20.595117106450381 ], [ 84.383592757756261, 20.560055930421708 ], [ 84.384056823799739, 20.556362044716263 ], [ 84.390511348117244, 20.544763865670831 ], [ 84.391417665027134, 20.536732745968493 ], [ 84.393192774699841, 20.531344272592239 ], [ 84.39794379190198, 20.527340432515953 ], [ 84.409009176521181, 20.523424090678873 ], [ 84.422912772787754, 20.520439512502637 ], [ 84.435310312179709, 20.508571744582579 ], [ 84.427403860975772, 20.488197360196093 ], [ 84.429198332851101, 20.483452084843051 ], [ 84.465482573562198, 20.441708183728359 ], [ 84.458048166776919, 20.429602396840014 ], [ 84.460893360809322, 20.421329752476105 ], [ 84.460647334020379, 20.402385854972334 ], [ 84.462899054049373, 20.396798907381953 ], [ 84.469083587070386, 20.392106232863366 ], [ 84.48743902326926, 20.386680277564537 ], [ 84.462899084479659, 20.396798912911894 ], [ 84.465482604002901, 20.441708189258058 ], [ 84.429198362293874, 20.483452089490207 ], [ 84.435310341628266, 20.508571749228679 ], [ 84.422912802238514, 20.520439517151189 ], [ 84.393192802200716, 20.531344277304065 ], [ 84.385670807474298, 20.602227278916125 ], [ 84.374758231153379, 20.644688547252422 ], [ 84.360110529717701, 20.668947935485953 ], [ 84.360759174993944, 20.673805911263489 ], [ 84.358978784835131, 20.676158179405714 ], [ 84.36011050316614, 20.668947930739055 ], [ 84.374758203629654, 20.64468854253677 ] ], [ [ 83.780840910593398, 20.21336343744747 ], [ 83.771237400961496, 20.208311570398596 ], [ 83.777078320200374, 20.210210046914181 ], [ 83.780840910593398, 20.21336343744747 ] ], [ [ 83.767637947614304, 20.164830666951069 ], [ 83.767637961341691, 20.164830670282477 ], [ 83.763003884698975, 20.165409729060265 ], [ 83.767637947614304, 20.164830666951069 ] ], [ [ 83.723932479466868, 20.131050617603748 ], [ 83.723932492216804, 20.131050620963368 ], [ 83.719543373074231, 20.1325188024677 ], [ 83.723932479466868, 20.131050617603748 ] ], [ [ 83.678146939788093, 20.112588904155679 ], [ 83.687689161026952, 20.105275083906253 ], [ 83.692642539229894, 20.102414632938114 ], [ 83.696495549667119, 20.101470903707167 ], [ 83.710997522329336, 20.102434837834316 ], [ 83.678146939788093, 20.112588904155679 ] ], [ [ 83.613634143224047, 20.104237483768472 ], [ 83.601865634738843, 20.103894609252222 ], [ 83.592435321711264, 20.111912713907667 ], [ 83.589369462444097, 20.113561255085056 ], [ 83.584127686980693, 20.114666617094578 ], [ 83.601865623964841, 20.103894606754086 ], [ 83.613634132449718, 20.104237481271245 ], [ 83.617996286147104, 20.098729529634149 ], [ 83.635655682175951, 20.089886501558013 ], [ 83.613634143224047, 20.104237483768472 ] ], [ [ 83.583432082767516, 20.09823771104216 ], [ 83.583432080498497, 20.098237709103014 ], [ 83.586781671282822, 20.098458372764043 ], [ 83.583432082767516, 20.09823771104216 ] ], [ [ 83.555122183035166, 20.051470066958746 ], [ 83.555122180524336, 20.051470063334605 ], [ 83.562524508895521, 20.050463567710359 ], [ 83.555122183035166, 20.051470066958746 ] ], [ [ 83.528033600293213, 20.016818717157197 ], [ 83.528033598536041, 20.016818716100627 ], [ 83.539505094593537, 20.018916532164084 ], [ 83.528033600293213, 20.016818717157197 ] ] ], [ [ [ 86.380582273286308, 19.973491733702733 ], [ 86.42368249764273, 20.009957259705285 ], [ 86.427479149808832, 20.009457665749558 ], [ 86.389367841079491, 19.963512295131942 ], [ 86.380582273286308, 19.973491733702733 ] ] ], [ [ [ 86.433724555693772, 20.024574278453226 ], [ 86.430398864390668, 20.037850067860486 ], [ 86.433423651763732, 20.038386561921456 ], [ 86.433724555693772, 20.024574278453226 ] ] ], [ [ [ 86.787817679212367, 20.36128498610293 ], [ 86.798020237243463, 20.371234277743437 ], [ 86.789464469494064, 20.358269025322869 ], [ 86.787817679212367, 20.36128498610293 ] ] ], [ [ [ 86.80411232826772, 20.370291683465364 ], [ 86.809268435784304, 20.396780210496836 ], [ 86.807408341120734, 20.369460215708532 ], [ 86.80411232826772, 20.370291683465364 ] ] ], [ [ [ 86.79335379647506, 20.394982758280321 ], [ 86.800097210065744, 20.443517191518151 ], [ 86.8001565265929, 20.491085313451521 ], [ 86.811607364292414, 20.445402406818122 ], [ 86.79335379647506, 20.394982758280321 ] ] ], [ [ [ 87.052604959760004, 20.733406630948863 ], [ 87.060849904685426, 20.738676935213938 ], [ 87.060160930548605, 20.734843840116127 ], [ 87.052604959760004, 20.733406630948863 ] ] ], [ [ [ 87.079413516992744, 20.744380067041224 ], [ 87.072485551865995, 20.731344863734673 ], [ 87.074508531066655, 20.746856789981109 ], [ 87.079413516992744, 20.744380067041224 ] ] ], [ [ [ 87.087297802927651, 20.757146526373688 ], [ 87.09424274825399, 20.764963419745769 ], [ 87.095039890090092, 20.757454350679513 ], [ 87.087297802927651, 20.757146526373688 ] ] ], [ [ [ 86.991600173747244, 20.783459609270892 ], [ 86.990518689459122, 20.776517863483825 ], [ 86.985908306512187, 20.783050750011988 ], [ 86.991600173747244, 20.783459609270892 ] ] ], [ [ [ 86.879932345378251, 20.78171012783525 ], [ 86.939581055771697, 20.784245340743102 ], [ 86.954977939958951, 20.77720176375799 ], [ 86.879932345378251, 20.78171012783525 ] ] ], [ [ [ 87.076738776641164, 20.775489726925461 ], [ 87.06970202052112, 20.788041146206588 ], [ 87.076294242142353, 20.794289342009876 ], [ 87.076738776641164, 20.775489726925461 ] ] ], [ [ [ 86.995676926392576, 20.807234688020596 ], [ 86.995942411423954, 20.792242896554917 ], [ 86.990479058519824, 20.802474356529121 ], [ 86.995676926392576, 20.807234688020596 ] ] ], [ [ [ 86.995378862978356, 20.847559876931484 ], [ 86.988150133896298, 20.861237924353027 ], [ 86.994110766758055, 20.864814122464335 ], [ 86.995378862978356, 20.847559876931484 ] ] ] ] } },
{ "type": "Feature", "properties": { "ST_NM": "Puducherry", "state_id": "puducherry" }, "geometry": { "type": "MultiPolygon", "coordinates": [ [ [ [ 75.536467390650046, 11.693045980849437 ], [ 75.529136467054386, 11.705315064715785 ], [ 75.540186518044933, 11.70933413134537 ], [ 75.544222889180475, 11.703473844306648 ], [ 75.536467390650046, 11.693045980849437 ] ] ], [ [ [ 75.557516986025192, 11.718223284021537 ], [ 75.528330968849332, 11.720236066863297 ], [ 75.535743995469502, 11.758312999875514 ], [ 75.546119859497082, 11.757653164405765 ], [ 75.557516986025192, 11.718223284021537 ] ] ], [ [ [ 79.676001726758898, 11.813712836717304 ], [ 79.690543743476283, 11.802743230069401 ], [ 79.675739445395521, 11.801549173241815 ], [ 79.676001726758898, 11.813712836717304 ] ] ], [ [ [ 79.646298702442408, 11.816204128441814 ], [ 79.651054302249932, 11.843112355785557 ], [ 79.670019756230943, 11.814905579708881 ], [ 79.646298702442408, 11.816204128441814 ] ] ], [ [ [ 79.601980316503955, 11.882583854595158 ], [ 79.662909553166713, 11.866801118220959 ], [ 79.655790926891498, 11.851644127483311 ], [ 79.626805377859682, 11.85239237266606 ], [ 79.629032586699395, 11.867227001651601 ], [ 79.602421431470901, 11.856514752982232 ], [ 79.601980316503955, 11.882583854595158 ] ] ], [ [ [ 79.688935620778025, 11.971887965918841 ], [ 79.675722573406631, 11.947927996776574 ], [ 79.655297332271772, 11.953597080478483 ], [ 79.662548565442464, 11.968175424976211 ], [ 79.688935620778025, 11.971887965918841 ] ] ], [ [ [ 79.654292921050541, 12.023789566227643 ], [ 79.637944826647171, 11.977122119105077 ], [ 79.643466609179768, 11.944719909007398 ], [ 79.668663546369913, 11.937137237634182 ], [ 79.672494519384728, 11.914745418234688 ], [ 79.633031303021241, 11.900860464072444 ], [ 79.620073227889918, 11.924433097930965 ], [ 79.62047786335242, 12.009347662795033 ], [ 79.6276719274518, 12.030438590527314 ], [ 79.654292921050541, 12.023789566227643 ] ] ], [ [ [ 79.748880858103703, 11.002283212299583 ], [ 79.800494151074076, 10.98271724141979 ], [ 79.818511667190137, 11.001631126759369 ], [ 79.851577181746649, 10.992327712670981 ], [ 79.848609236030313, 10.879845732181439 ], [ 79.835514894956646, 10.873765821306483 ], [ 79.848848738197816, 10.87078725561887 ], [ 79.849480388720991, 10.827004410678915 ], [ 79.810523067080453, 10.854997884067119 ], [ 79.825535982432129, 10.864443785698333 ], [ 79.806907136334544, 10.877233436561736 ], [ 79.826329092988431, 10.882968810789784 ], [ 79.784257351662177, 10.888174671543696 ], [ 79.790430770707715, 10.904983544582924 ], [ 79.769117867267553, 10.8962281303965 ], [ 79.765175472852263, 10.910569779283769 ], [ 79.760267682154989, 10.897294548480787 ], [ 79.760187686057989, 10.914690263979825 ], [ 79.721346109121271, 10.934091336226968 ], [ 79.738322859071999, 10.950557425498262 ], [ 79.721434015169194, 10.950395053832468 ], [ 79.72069768089699, 10.967048835979318 ], [ 79.762639563452836, 10.958647601326522 ], [ 79.748880858103703, 11.002283212299583 ] ] ], [ [ [ 79.764465009882045, 11.822835969102126 ], [ 79.807563517340526, 11.83210117926207 ], [ 79.795096468820688, 11.784856665014983 ], [ 79.763448909257377, 11.790417686761572 ], [ 79.755148844603966, 11.774196779552547 ], [ 79.71250414620377, 11.789296169836881 ], [ 79.736517293710278, 11.808594351260329 ], [ 79.730195420796235, 11.83780344683113 ], [ 79.764465009882045, 11.822835969102126 ] ] ], [ [ [ 79.693939054052024, 11.821058547269553 ], [ 79.703978242817129, 11.812052931131328 ], [ 79.693334729648726, 11.812747576405549 ], [ 79.693939054052024, 11.821058547269553 ] ] ], [ [ [ 79.69381872405026, 12.033404938414794 ], [ 79.731864094935062, 11.989716005887663 ], [ 79.749574810231678, 12.008609552610414 ], [ 79.764580413075365, 12.000475641877856 ], [ 79.757368179445592, 11.981390551200672 ], [ 79.730646505078553, 11.98174440116679 ], [ 79.748587264430427, 11.961565906995208 ], [ 79.751967799385781, 11.921566580576036 ], [ 79.786843530693289, 11.960845133011288 ], [ 79.802636714724215, 11.952858647547124 ], [ 79.814760327420501, 11.978775584999152 ], [ 79.840504791776397, 11.954588881882257 ], [ 79.808126259811871, 11.834093205650268 ], [ 79.797026437180236, 11.854846091463807 ], [ 79.767409436608474, 11.838976075457193 ], [ 79.764997081897164, 11.875009742297964 ], [ 79.742974872013448, 11.84678459164113 ], [ 79.745549265501765, 11.861324538013525 ], [ 79.718969584013934, 11.852684306965486 ], [ 79.710825202083882, 11.887714969633347 ], [ 79.674140873620956, 11.879940268421668 ], [ 79.694924360032758, 11.893550976806942 ], [ 79.697874024046001, 11.91898347594157 ], [ 79.717620957434193, 11.91682667801131 ], [ 79.706611861268954, 11.892727288492281 ], [ 79.730489111411671, 11.889354812760104 ], [ 79.739995185547997, 11.905901680953633 ], [ 79.721022846257355, 11.943015148080105 ], [ 79.709595534540398, 11.94560483232323 ], [ 79.712842817876975, 11.930972527554369 ], [ 79.693148729687337, 11.95075487104941 ], [ 79.716484114962924, 11.96644687802066 ], [ 79.713956762380718, 11.986299073837859 ], [ 79.659036528836197, 11.987315972776974 ], [ 79.659156097480803, 12.006752990533572 ], [ 79.69381872405026, 12.033404938414794 ] ], [ [ 79.771087295649366, 11.900911099009688 ], [ 79.784499427686868, 11.861950070455581 ], [ 79.797632865741832, 11.897488696717749 ], [ 79.771087295649366, 11.900911099009688 ] ] ], [ [ [ 79.793106934501324, 12.017267461992498 ], [ 79.804122368873024, 12.025300610997741 ], [ 79.80665131745242, 12.021871757961897 ], [ 79.793106934501324, 12.017267461992498 ] ] ], [ [ [ 79.842265044335136, 12.010641666782917 ], [ 79.850043810626588, 12.050200347087141 ], [ 79.875025534847268, 12.043307295505835 ], [ 79.857857009268827, 12.004583557037458 ], [ 79.842265044335136, 12.010641666782917 ] ] ], [ [ [ 82.220518082405093, 16.738976608756747 ], [ 82.290245642295346, 16.733897707201923 ], [ 82.303241981976811, 16.75417280885771 ], [ 82.312358596771801, 16.734027504584613 ], [ 82.294735539284858, 16.708653015344034 ], [ 82.263019406597067, 16.700903345465864 ], [ 82.184174880342482, 16.73610137894131 ], [ 82.227200287892543, 16.762687908950571 ], [ 82.220518082405093, 16.738976608756747 ] ] ] ] } },
{ "type": "Feature", "properties": { "ST_NM": "Punjab", "state_id": "punjab" }, "geometry": { "type": "Polygon", "coordinates": [ [ [ 75.720538507725024, 29.809311576492345 ], [ 75.707985749753561, 29.752239019716537 ], [ 75.666935609798017, 29.773182537763358 ], [ 75.635862422291282, 29.770394792153681 ], [ 75.623658713740639, 29.743632241603347 ], [ 75.579184036430007, 29.739860310375121 ], [ 75.566834098309144, 29.763115103231709 ], [ 75.54060851296515, 29.770049556116103 ], [ 75.522074934855198, 29.757410252435353 ], [ 75.45466074592035, 29.80537227854602 ], [ 75.454137394743668, 29.78368869143776 ], [ 75.407482894957781, 29.758587161273979 ], [ 75.38890934477314, 29.708870287225505 ], [ 75.34541833712882, 29.691490037824241 ], [ 75.360482591993772, 29.656861132018133 ], [ 75.327734483129305, 29.668347196897525 ], [ 75.317453267522566, 29.630203643756541 ], [ 75.29042905701742, 29.607785206633434 ], [ 75.314343205459878, 29.586089667197502 ], [ 75.305864654369529, 29.565685219586847 ], [ 75.233156900098038, 29.543881678849925 ], [ 75.22090404599669, 29.580184505132433 ], [ 75.231020260747925, 29.604329597703071 ], [ 75.183127396826805, 29.627968510273512 ], [ 75.167670074250296, 29.660662245102166 ], [ 75.20519861188113, 29.685660886870537 ], [ 75.203671463294071, 29.723132680857002 ], [ 75.241050202471001, 29.74996045113863 ], [ 75.208071378062627, 29.794209194531049 ], [ 75.211087903281253, 29.828011764802717 ], [ 75.192525975901404, 29.836760703567734 ], [ 75.165540477853881, 29.817908560485865 ], [ 75.164089014195042, 29.779081326987399 ], [ 75.145493476165541, 29.778482047406882 ], [ 75.134992508845656, 29.803761360585955 ], [ 75.100212170450405, 29.804866803216932 ], [ 75.11721335946487, 29.824734325267801 ], [ 75.091339739742679, 29.84764773519348 ], [ 75.114394006719209, 29.871438417845649 ], [ 75.095027226878287, 29.913452287437973 ], [ 75.075630525888343, 29.877372922283431 ], [ 75.04761702296797, 29.880170881249171 ], [ 74.999938960480748, 29.854919150628213 ], [ 74.925854025061781, 29.947877135923672 ], [ 74.895310379608972, 29.937891681008011 ], [ 74.904461910580096, 29.951714277453725 ], [ 74.891614923501436, 29.967168439869763 ], [ 74.859704175764506, 29.958008026934735 ], [ 74.811254814904316, 29.991585770941818 ], [ 74.733943874730798, 29.961026869304689 ], [ 74.700707640593734, 29.968521507411143 ], [ 74.649644998592194, 29.921817356152303 ], [ 74.649358456253552, 29.903258034700066 ], [ 74.595493043547805, 29.914205277888275 ], [ 74.534348186274073, 29.951190468468464 ], [ 73.900208718728891, 29.971404613169721 ], [ 73.890962931707634, 30.012645300840884 ], [ 73.907612762992926, 30.055055861399026 ], [ 73.976071070522622, 30.12247890825558 ], [ 73.97768339286776, 30.185665418940019 ], [ 73.967561276159117, 30.263176733633799 ], [ 73.885374651957775, 30.365350139131714 ], [ 73.972085854262914, 30.433543345890282 ], [ 73.930607692443402, 30.438994697860494 ], [ 73.935202613432196, 30.489369555004391 ], [ 73.959388538301681, 30.45944155309364 ], [ 73.98872097136757, 30.510408961467427 ], [ 74.020403649277071, 30.513269362016661 ], [ 74.012674848888039, 30.531976535362464 ], [ 74.049008570403913, 30.540943550889871 ], [ 74.056147310854357, 30.522424076020169 ], [ 74.078020835982528, 30.52705488544871 ], [ 74.092869524139672, 30.550358496899932 ], [ 74.078343755541326, 30.556407438125991 ], [ 74.103156451905861, 30.576837348364098 ], [ 74.101602805962258, 30.614331620980074 ], [ 74.120073319645456, 30.607403924799684 ], [ 74.129041557307247, 30.633646870014886 ], [ 74.150947107706486, 30.632569437673798 ], [ 74.19933931565663, 30.668639869931226 ], [ 74.233007810200618, 30.723181295196852 ], [ 74.287016060458129, 30.735273142503399 ], [ 74.264130005853275, 30.773179852009189 ], [ 74.308534955425102, 30.783909593559077 ], [ 74.296940670181073, 30.800823819989223 ], [ 74.32748482990381, 30.848796151325004 ], [ 74.384605415435544, 30.862667328934588 ], [ 74.364189864220933, 30.878772313513444 ], [ 74.372294352355524, 30.894945702475344 ], [ 74.426831129426631, 30.91221548096188 ], [ 74.413421788974205, 30.926507517310725 ], [ 74.428860922976838, 30.927117020370687 ], [ 74.425147948919189, 30.942927928353757 ], [ 74.46049358707009, 30.952930112741921 ], [ 74.459673887101488, 30.96966571565164 ], [ 74.506736041605265, 30.966425117158263 ], [ 74.548408396015816, 30.992979832263757 ], [ 74.543665718084242, 31.013530044075726 ], [ 74.56558438392949, 31.054211808263979 ], [ 74.59180772284698, 31.058282843695608 ], [ 74.605967341320493, 31.041342491791216 ], [ 74.668087125284998, 31.055090914469389 ], [ 74.706624356849801, 31.095955349116469 ], [ 74.689561748709536, 31.131230709472938 ], [ 74.643381902946686, 31.121999057282299 ], [ 74.633664885650134, 31.137801919667261 ], [ 74.604538304336657, 31.134191330193175 ], [ 74.604882776102755, 31.088188898547241 ], [ 74.563963810941885, 31.086505823801534 ], [ 74.555516596940791, 31.12266717139909 ], [ 74.51668008767507, 31.13958422459784 ], [ 74.513448508698644, 31.182731702317582 ], [ 74.534549518819276, 31.2487226616309 ], [ 74.523504916340002, 31.273574323295932 ], [ 74.544556337615859, 31.30429708528635 ], [ 74.530355490451782, 31.316268397036286 ], [ 74.60251363037267, 31.422723397561711 ], [ 74.631251028109659, 31.430004135388575 ], [ 74.651987353712627, 31.41725460720237 ], [ 74.642108547123229, 31.445837885470016 ], [ 74.65495426729278, 31.462702247649151 ], [ 74.639372634843525, 31.487911814653796 ], [ 74.579099732195942, 31.502251582308173 ], [ 74.616843179072177, 31.535470851254125 ], [ 74.618981344186381, 31.570527948811748 ], [ 74.557814973952574, 31.61158809673972 ], [ 74.536075615148704, 31.680922780340151 ], [ 74.486036196635453, 31.722434652103662 ], [ 74.565206611537292, 31.755033656515696 ], [ 74.569305079967336, 31.829582735843651 ], [ 74.594084178472798, 31.8454134492262 ], [ 74.612830868498961, 31.886988983140455 ], [ 74.640309326459672, 31.884738352880451 ], [ 74.6737286308948, 31.919995634471384 ], [ 74.723072663566015, 31.921074043284456 ], [ 74.721459031791554, 31.937119807799483 ], [ 74.759948363522426, 31.953352764486628 ], [ 74.823192040770905, 31.956559035382142 ], [ 74.832503385432759, 31.998914831653384 ], [ 74.879297592544759, 32.025280981096337 ], [ 74.876526377676271, 32.046526712678457 ], [ 74.928614400355215, 32.066533115983241 ], [ 75.013419258849268, 32.034998266642503 ], [ 75.072297355006057, 32.063168311899858 ], [ 75.106635044249288, 32.060347516151644 ], [ 75.130822141662591, 32.083633093480351 ], [ 75.179002034187505, 32.068654397687183 ], [ 75.210010244266783, 32.117332656856291 ], [ 75.239657085183254, 32.090936520663853 ], [ 75.265478383459666, 32.100195098248719 ], [ 75.283042917222431, 32.142780965802849 ], [ 75.321681473179751, 32.174653731844934 ], [ 75.313861644390286, 32.19592632121622 ], [ 75.327713628249512, 32.214108080309032 ], [ 75.378200685275289, 32.235139246299099 ], [ 75.382123789789375, 32.269253708562772 ], [ 75.327371243851445, 32.297328989619835 ], [ 75.340530333280128, 32.343551544248726 ], [ 75.430249502065095, 32.324740207685586 ], [ 75.487583843467178, 32.340410881206815 ], [ 75.483048544616054, 32.317897387318887 ], [ 75.505506571635109, 32.310491499489878 ], [ 75.516470761491377, 32.276250907952125 ], [ 75.544609568840201, 32.349134249524887 ], [ 75.727201913276915, 32.418106903222117 ], [ 75.761743938799455, 32.47631243766071 ], [ 75.820226627046438, 32.486910841781615 ], [ 75.888637549060334, 32.57603039690246 ], [ 75.866914270308314, 32.507658382347351 ], [ 75.947984911393277, 32.416305899163447 ], [ 75.859562907994672, 32.37892198753449 ], [ 75.751795302374859, 32.27344336676321 ], [ 75.691174088617601, 32.263816791866276 ], [ 75.637778980498496, 32.234553803003536 ], [ 75.635346503850698, 32.184979243458102 ], [ 75.676948165543664, 32.164363853835617 ], [ 75.646197718151242, 32.119193625990711 ], [ 75.593643813222229, 32.081439570287387 ], [ 75.613410086312498, 32.06569504939069 ], [ 75.664300662734334, 32.076770355824323 ], [ 75.70475702441037, 32.061023120230253 ], [ 75.799164084293523, 31.993530054295366 ], [ 75.909423320198698, 31.948728760298518 ], [ 75.986143523100267, 31.813163952916071 ], [ 75.936449091770655, 31.815885154222194 ], [ 76.017093953861917, 31.644918429102464 ], [ 76.058346164498417, 31.601247948099363 ], [ 76.167526639892188, 31.411807211283001 ], [ 76.148930201973457, 31.359538353353603 ], [ 76.180204820137078, 31.339161486715938 ], [ 76.186663185089898, 31.304390097549728 ], [ 76.31004485637213, 31.316670787865995 ], [ 76.309958319996525, 31.339711750422762 ], [ 76.350689756897992, 31.350441409315742 ], [ 76.329954608519714, 31.399900904056299 ], [ 76.373336182970831, 31.413095352044344 ], [ 76.377365109068393, 31.438835159057639 ], [ 76.404544506142969, 31.394725918082965 ], [ 76.393388823041803, 31.388568744103019 ], [ 76.462301423712219, 31.303191102920533 ], [ 76.445126932666412, 31.280058399741826 ], [ 76.48075123359304, 31.307384378577197 ], [ 76.502593000709567, 31.270505981850246 ], [ 76.528297064744692, 31.28016057287477 ], [ 76.532086508869028, 31.259367660800855 ], [ 76.551214314321257, 31.280995386130353 ], [ 76.548930264779187, 31.252375678456389 ], [ 76.584567087990337, 31.277143683417687 ], [ 76.615641014416966, 31.247833442210183 ], [ 76.594555658229297, 31.213259628442202 ], [ 76.63995317265308, 31.223949598850588 ], [ 76.649399387507856, 31.20982138632861 ], [ 76.60428507942315, 31.179727773339074 ], [ 76.603112670706807, 31.124516718954684 ], [ 76.639521927681372, 31.106984999911006 ], [ 76.612627456124599, 31.050280237147643 ], [ 76.623643503343345, 31.000907289615231 ], [ 76.676184088379841, 30.967694364716863 ], [ 76.726171467103242, 30.959903209193431 ], [ 76.860158008828236, 30.788690392568821 ], [ 76.841472872846978, 30.759959340597813 ], [ 76.814712788564094, 30.758973012775016 ], [ 76.811083174652794, 30.781489155690299 ], [ 76.794217741412169, 30.770102782883843 ], [ 76.764221305614001, 30.793138870056307 ], [ 76.703812855571442, 30.756422578442983 ], [ 76.70384626583872, 30.742986202245234 ], [ 76.751570264138252, 30.685371197149642 ], [ 76.807463970818318, 30.665455551042804 ], [ 76.832951764300873, 30.681946335491858 ], [ 76.831909407110132, 30.656679008413452 ], [ 76.847880902498972, 30.651888887228424 ], [ 76.875386700774442, 30.675330776783415 ], [ 76.871664638542583, 30.636649901816806 ], [ 76.926488918003457, 30.595625857960727 ], [ 76.911600948755733, 30.584352494994789 ], [ 76.91891153753096, 30.554293350680922 ], [ 76.897967723457796, 30.536334513601052 ], [ 76.933240191225408, 30.513878352121651 ], [ 76.925232679331145, 30.489508827276655 ], [ 76.901750512177955, 30.480459882340416 ], [ 76.901596718927621, 30.436943751048346 ], [ 76.917885146631946, 30.400475693981686 ], [ 76.944121254437178, 30.39282337813842 ], [ 76.899828750590757, 30.354160523382383 ], [ 76.877423578371193, 30.404623078649536 ], [ 76.845152170743447, 30.429772938700083 ], [ 76.821109022386096, 30.407769836524327 ], [ 76.783436142114454, 30.414257337658015 ], [ 76.775992734604714, 30.435717648919251 ], [ 76.737773141633838, 30.416433559602599 ], [ 76.739124246730995, 30.401006319369216 ], [ 76.712670184096453, 30.389627526801021 ], [ 76.730597849890344, 30.373102759070512 ], [ 76.723854684014313, 30.361128180960439 ], [ 76.751019340214029, 30.355610211376099 ], [ 76.727611042353686, 30.328877902396645 ], [ 76.687025188100478, 30.321963515343306 ], [ 76.674769940413924, 30.295562831393081 ], [ 76.635116640269587, 30.287432684410454 ], [ 76.622067102569062, 30.266657882184688 ], [ 76.559827675444922, 30.261046536805196 ], [ 76.54463494388402, 30.223253032546001 ], [ 76.596203811546104, 30.252601788787413 ], [ 76.624171208692147, 30.22699522497669 ], [ 76.616404033180487, 30.21118953169324 ], [ 76.651069700239802, 30.201909548415099 ], [ 76.653843778986086, 30.185206041848243 ], [ 76.635319184016225, 30.145347394468828 ], [ 76.545490114979472, 30.078794999773894 ], [ 76.512938400495784, 30.072684445517922 ], [ 76.502647760129108, 30.093231281061357 ], [ 76.463885935918441, 30.096846375386704 ], [ 76.42216879252247, 30.198562871868138 ], [ 76.392912562036742, 30.17954282150297 ], [ 76.413508568010414, 30.15397774614998 ], [ 76.396398677911293, 30.142073655071385 ], [ 76.401826781274835, 30.123778997969733 ], [ 76.337668448599942, 30.145588596767777 ], [ 76.360692886471213, 30.123963086442114 ], [ 76.334617392250522, 30.104542827014303 ], [ 76.26283886783429, 30.115435459545004 ], [ 76.215589282778794, 30.155430100879894 ], [ 76.223617458372516, 30.13156512657768 ], [ 76.202268979490086, 30.131500919320526 ], [ 76.266663327895671, 30.100996211207271 ], [ 76.209886414334989, 30.034378315546395 ], [ 76.226940451439646, 30.02355091536834 ], [ 76.202379399459232, 30.012862611703071 ], [ 76.215202544051465, 29.940487384114785 ], [ 76.190227502129986, 29.942679399675832 ], [ 76.177539102876295, 29.925077972692762 ], [ 76.193276431777207, 29.919626807943455 ], [ 76.195852086165374, 29.884939342774501 ], [ 76.253253523121174, 29.8652910648117 ], [ 76.127383617786251, 29.792798373290189 ], [ 76.088640973717702, 29.802235258912823 ], [ 76.085265334866335, 29.777685170348764 ], [ 76.052320732710456, 29.745247230107537 ], [ 76.02841189774179, 29.75258712471922 ], [ 75.98329214008298, 29.728927442670219 ], [ 75.944716751361938, 29.729162537470444 ], [ 75.907970432999434, 29.752225731260953 ], [ 75.874459949663688, 29.749078664830755 ], [ 75.839786227748434, 29.80917614955294 ], [ 75.806770856756387, 29.804027524170486 ], [ 75.782363044590653, 29.822347877519352 ], [ 75.720538507725024, 29.809311576492345 ] ], [ [ 75.566203451114802, 30.147985451642498 ], [ 75.578971278068707, 30.143410603420698 ], [ 75.578759443015613, 30.143486517837641 ], [ 75.566203451114802, 30.147985451642498 ] ], [ [ 74.953854229741822, 30.888259268499926 ], [ 74.952126487906781, 30.884329742894273 ], [ 74.955171330862754, 30.891254639953591 ], [ 74.953854229741822, 30.888259268499926 ] ], [ [ 76.533353366524437, 30.765078671193319 ], [ 76.533353288204751, 30.765078746278046 ], [ 76.5405123095383, 30.758185537451656 ], [ 76.533353366524437, 30.765078671193319 ] ], [ [ 76.567600135473583, 30.868295536098028 ], [ 76.559815654854518, 30.865268830118982 ], [ 76.567826206362554, 30.868383426967977 ], [ 76.567600135473583, 30.868295536098028 ] ], [ [ 76.690594584799115, 30.923624095584174 ], [ 76.685562842958191, 30.918457650342955 ], [ 76.693038047989361, 30.926132735316514 ], [ 76.690594584799115, 30.923624095584174 ] ], [ [ 76.087821002775968, 30.527240363341704 ], [ 76.082880438333831, 30.520584010555545 ], [ 76.082880436508745, 30.520584003197733 ], [ 76.087821002775968, 30.527240363341704 ] ], [ [ 76.082880435804981, 30.520584000360472 ], [ 76.082880433276117, 30.520583990165381 ], [ 76.102283707473902, 30.519954540240271 ], [ 76.082880435804981, 30.520584000360472 ] ] ] } },
{ "type": "Feature", "properties": { "ST_NM": "Rajasthan", "state_id": "rajasthan" }, "geometry": { "type": "Polygon", "coordinates": [ [ [ 73.95945802650354, 23.379592164486727 ], [ 73.935775384868222, 23.339655719274816 ], [ 73.891003924076571, 23.335435307918679 ], [ 73.828854000632631, 23.445134018989933 ], [ 73.779645008068655, 23.433081803988696 ], [ 73.761277596387799, 23.457061601612338 ], [ 73.722522163346397, 23.411218665271139 ], [ 73.700592248731738, 23.454370787795728 ], [ 73.649410392595001, 23.439171161482918 ], [ 73.628902746362868, 23.451099968544767 ], [ 73.654740876385674, 23.5027827240691 ], [ 73.633471363973655, 23.546721775330468 ], [ 73.657248609111647, 23.621547650197453 ], [ 73.615449738179862, 23.650144949346473 ], [ 73.573596477020374, 23.654161826835679 ], [ 73.528368929431636, 23.612414980718057 ], [ 73.509559070037582, 23.615724111828179 ], [ 73.497176255547515, 23.632766397103449 ], [ 73.504741530564289, 23.702251988781356 ], [ 73.47541020985571, 23.707945034453115 ], [ 73.416571989685991, 23.778414750721822 ], [ 73.396048862402722, 23.783100879006646 ], [ 73.371842890382126, 23.765839976402784 ], [ 73.357049996347769, 23.790846121325902 ], [ 73.368691523949835, 23.82110350021803 ], [ 73.355893977264103, 23.853824983359445 ], [ 73.382708072261224, 23.904928193566331 ], [ 73.421026746143411, 23.930144825658402 ], [ 73.415996083294388, 23.981759387527525 ], [ 73.401472262381375, 23.989671334710465 ], [ 73.410285541116963, 24.050180141980182 ], [ 73.366088837276564, 24.087184747979979 ], [ 73.370019456739399, 24.127334383766122 ], [ 73.331590812767431, 24.114391758117502 ], [ 73.328843798726695, 24.072948366140313 ], [ 73.28716919703848, 24.026751050655434 ], [ 73.241801526610914, 24.01016802319074 ], [ 73.194863467711386, 24.051009957950598 ], [ 73.21987547257352, 24.097719187799274 ], [ 73.10999941906077, 24.138323410539918 ], [ 73.078513498953356, 24.184797567600413 ], [ 73.087643352005387, 24.220685748594377 ], [ 73.107194438792533, 24.230862611565911 ], [ 73.096895896510986, 24.237498868647815 ], [ 73.14117242616777, 24.307553272760416 ], [ 73.176941819574111, 24.301116294303291 ], [ 73.189370443763025, 24.343180835062107 ], [ 73.207522605009999, 24.333788155022809 ], [ 73.22805309338294, 24.364180633354984 ], [ 73.207513784743412, 24.374989109014116 ], [ 73.16634347359205, 24.350319653956085 ], [ 73.08118563625456, 24.394317723611319 ], [ 73.104672680057817, 24.426116270635664 ], [ 73.090797426495485, 24.494575790145102 ], [ 73.047295031322392, 24.465198552804694 ], [ 73.018035415460801, 24.46511773599072 ], [ 73.008972230962982, 24.4824322325994 ], [ 72.996466564364795, 24.470682841079412 ], [ 72.977037174018506, 24.451146246973064 ], [ 72.986619028312688, 24.420963683893685 ], [ 72.959129371491812, 24.383861810393864 ], [ 72.987348732462166, 24.364011458102482 ], [ 72.919554671418709, 24.326524779066268 ], [ 72.86366386228616, 24.366152555516575 ], [ 72.727684246009261, 24.361944835814839 ], [ 72.688606558525294, 24.420072012737489 ], [ 72.692488074641616, 24.458004650033544 ], [ 72.583448442393617, 24.473575028980854 ], [ 72.53946082110221, 24.508056342673708 ], [ 72.506398951501893, 24.448662251491143 ], [ 72.495205159971619, 24.451597317340376 ], [ 72.502268058301155, 24.411196448650902 ], [ 72.459117068299619, 24.408502542622973 ], [ 72.431144536724204, 24.461991950003931 ], [ 72.437062675677836, 24.505726016261907 ], [ 72.380720707559377, 24.502139066500401 ], [ 72.352355763142, 24.554242714885042 ], [ 72.32925105221355, 24.560479077888072 ], [ 72.331355081738266, 24.545935878320208 ], [ 72.289316716333616, 24.540335739454434 ], [ 72.284282559591588, 24.560202356777332 ], [ 72.265831493815114, 24.552131859737234 ], [ 72.245163255723099, 24.582202920143708 ], [ 72.273547879757075, 24.60196936245584 ], [ 72.320389051593452, 24.588689944967534 ], [ 72.348339175804199, 24.619868135240903 ], [ 72.3094796562102, 24.610753474211879 ], [ 72.224183407413562, 24.635002911085905 ], [ 72.204733233023077, 24.614744225734789 ], [ 72.159371796520816, 24.616807390491122 ], [ 72.144689466910606, 24.636459848340508 ], [ 72.11488438225507, 24.634408628328526 ], [ 72.078694810253822, 24.655313321716179 ], [ 72.079164351844753, 24.699593096269208 ], [ 72.046306008916389, 24.708482440404783 ], [ 71.99470783827708, 24.685809802804052 ], [ 71.986778219167405, 24.655978640067715 ], [ 71.937495259354108, 24.629771667243475 ], [ 71.912052973154985, 24.649280358603345 ], [ 71.913409834162735, 24.67043429954219 ], [ 71.86967299986199, 24.678382769330955 ], [ 71.851372252624898, 24.607423891432635 ], [ 71.804633203280488, 24.625224273881766 ], [ 71.808054169085892, 24.658094891821911 ], [ 71.791938306981535, 24.673994863367227 ], [ 71.653973456183948, 24.637169039557342 ], [ 71.608951953464683, 24.674757509563992 ], [ 71.480275527113747, 24.678379243292696 ], [ 71.374526071863897, 24.626545117422232 ], [ 71.342488441691714, 24.658225818245963 ], [ 71.288903645902053, 24.612805530926362 ], [ 71.1099736458265, 24.674526423811557 ], [ 71.063496198905213, 24.718080451313778 ], [ 71.014355478126816, 24.827524274992083 ], [ 70.936308825494763, 24.941284191469766 ], [ 70.885518853242473, 25.151174084183602 ], [ 70.757576189871315, 25.272695809445153 ], [ 70.735465160032973, 25.328848065802866 ], [ 70.665337806709161, 25.397572810247702 ], [ 70.679452682369245, 25.525660304010604 ], [ 70.667772922054397, 25.532249227982881 ], [ 70.673114575868439, 25.66923330589108 ], [ 70.657982368242202, 25.705805503068646 ], [ 70.608945498671517, 25.7154281170396 ], [ 70.527774054053793, 25.685867307486948 ], [ 70.39073281239537, 25.67355796360599 ], [ 70.276059055996271, 25.709260916199096 ], [ 70.099271485544278, 25.935461610545033 ], [ 70.086414872082159, 26.087857251344168 ], [ 70.147461680302285, 26.170363731217833 ], [ 70.174014731558145, 26.242003718926949 ], [ 70.165701624140539, 26.300886958246089 ], [ 70.184191292665147, 26.375441599471596 ], [ 70.173299523205259, 26.551099190416057 ], [ 70.11785974211287, 26.588395421302966 ], [ 70.064332038396032, 26.600175196385855 ], [ 69.879365045035811, 26.580561666980056 ], [ 69.804437066572518, 26.597635770665644 ], [ 69.710903467045583, 26.661997356650481 ], [ 69.514688317874203, 26.741957900404419 ], [ 69.48436528535855, 26.8080019269335 ], [ 69.51518710560606, 27.01386861763196 ], [ 69.589685207928682, 27.182938016808009 ], [ 69.871666910125143, 27.409184201928323 ], [ 69.940787276462984, 27.502492335347501 ], [ 70.024647408604721, 27.561316902166844 ], [ 70.134688951380937, 27.807023972486128 ], [ 70.224886979924946, 27.898386081786686 ], [ 70.310259997699333, 27.948879150915591 ], [ 70.37178338305624, 28.010833320559804 ], [ 70.496723320583982, 28.036582614145068 ], [ 70.592453009118259, 28.009644908681089 ], [ 70.677013686048483, 27.923949174455796 ], [ 70.687444806206869, 27.828150309317877 ], [ 70.744588888877203, 27.743051480658991 ], [ 70.767854825500351, 27.724898737882423 ], [ 70.882538011616177, 27.708226072119441 ], [ 71.272631134934045, 27.850177735308094 ], [ 71.409752024905089, 27.873468282665172 ], [ 71.658850471599379, 27.875565417682161 ], [ 71.898657037140296, 27.963213703202896 ], [ 71.935039208798102, 28.132694263141072 ], [ 71.999082960481644, 28.214112715895837 ], [ 72.1287130383229, 28.308797721571864 ], [ 72.205206390628192, 28.390358193031986 ], [ 72.302115887100541, 28.673431587137475 ], [ 72.388863922475821, 28.768799209897018 ], [ 72.716397973117509, 28.93890978519055 ], [ 72.947406609957028, 29.030399725783933 ], [ 72.998805838190236, 29.142690360464254 ], [ 73.095676231816753, 29.25206114241216 ], [ 73.27867085596462, 29.559696827675726 ], [ 73.39971129137264, 29.940688844287227 ], [ 73.619980739169449, 30.024630398271338 ], [ 73.796337297321656, 30.068146533882658 ], [ 73.975912231661724, 30.196434231727189 ], [ 73.976071070522622, 30.12247890825558 ], [ 73.903995461213995, 30.048257530866337 ], [ 73.890207104029372, 29.997674722718468 ], [ 73.900208718728891, 29.971404613169721 ], [ 74.52874607424117, 29.942987944438613 ], [ 74.514640614876257, 29.907392733955824 ], [ 74.54331745136075, 29.902176713661252 ], [ 74.563132970619563, 29.865109810777145 ], [ 74.542029684142008, 29.838783732497269 ], [ 74.501098551819027, 29.826092100814151 ], [ 74.474584211546116, 29.787161936779501 ], [ 74.481236891269475, 29.743580444197136 ], [ 74.535123003506669, 29.740783114484358 ], [ 74.596051197414866, 29.767803496006447 ], [ 74.614794612049408, 29.752114193987641 ], [ 74.575511636290258, 29.562642980726856 ], [ 74.623363500213756, 29.526117387020118 ], [ 74.587698598073715, 29.457646124022872 ], [ 74.551578652141728, 29.465689797429231 ], [ 74.537819499031627, 29.448677946291653 ], [ 74.53997710639598, 29.424087952826092 ], [ 74.566498996194824, 29.417666143930841 ], [ 74.605339840462776, 29.361085891775915 ], [ 74.604344735149851, 29.327185264197649 ], [ 74.650423386368971, 29.329972546055711 ], [ 74.658881399962567, 29.371161147150058 ], [ 74.765428481679535, 29.354501382386651 ], [ 74.818487253888023, 29.396940564929153 ], [ 74.85011437326861, 29.402466371948144 ], [ 74.936156571620174, 29.362820621049 ], [ 74.95992414182426, 29.324175499600418 ], [ 74.949016754203555, 29.30291662795161 ], [ 74.961983774636934, 29.279999875493807 ], [ 74.99993384661137, 29.269725119264471 ], [ 75.048910049036294, 29.28503570955333 ], [ 75.087005201065864, 29.230213523671953 ], [ 75.117134146997017, 29.224480538006244 ], [ 75.122743406156502, 29.24060011180682 ], [ 75.189092023691614, 29.266218903398688 ], [ 75.232553405914032, 29.232436988314507 ], [ 75.328586202770651, 29.290798003891044 ], [ 75.324131191197296, 29.233286873693096 ], [ 75.354523999850016, 29.223414533086927 ], [ 75.367248640292317, 29.251873382969166 ], [ 75.405044287081751, 29.259124417769943 ], [ 75.395359052474632, 29.218420440195342 ], [ 75.409843853404766, 29.186034413686361 ], [ 75.378090297173301, 29.167142535965024 ], [ 75.370223659668838, 29.139796996734574 ], [ 75.405295578206974, 29.125542191342674 ], [ 75.389751755928657, 29.1078382007965 ], [ 75.389614143689059, 29.067406038599479 ], [ 75.439268121676264, 29.061718857592542 ], [ 75.44368179976945, 29.013503087733284 ], [ 75.520087213154028, 29.007655265560366 ], [ 75.525461646818655, 28.97218691355706 ], [ 75.506426992875788, 28.938294215628538 ], [ 75.475875228684416, 28.923101459319046 ], [ 75.497198314095442, 28.895110132143401 ], [ 75.496704193218093, 28.856420421922579 ], [ 75.522048969171806, 28.833311521174959 ], [ 75.507120102096991, 28.784373208767377 ], [ 75.537477560638436, 28.746926376003859 ], [ 75.564075367150238, 28.611122447256349 ], [ 75.626453614117395, 28.598632630324762 ], [ 75.637408159255983, 28.542360529944194 ], [ 75.786561839873116, 28.453717480783876 ], [ 75.778566355181653, 28.403725340350025 ], [ 75.81088970645115, 28.410283829683618 ], [ 75.897565399661687, 28.389585490915067 ], [ 75.930722553637182, 28.364796458523927 ], [ 75.935714069837829, 28.34095880529209 ], [ 75.96464632076642, 28.334185186638958 ], [ 75.96296967870633, 28.314353846285783 ], [ 75.975946085621445, 28.319887883180971 ], [ 76.02701191699299, 28.276684881688034 ], [ 76.019419865980609, 28.237460357070368 ], [ 76.061253113231857, 28.219876632083487 ], [ 76.05327620727941, 28.198569488170374 ], [ 76.073833499198713, 28.194579187961988 ], [ 76.101081430229456, 28.150797786038467 ], [ 76.073188048874101, 28.140074242494812 ], [ 76.074527108118446, 28.163385508172603 ], [ 76.035879024373514, 28.168381243852412 ], [ 75.943992608386125, 28.089277319569639 ], [ 75.989995806722916, 28.075912069685501 ], [ 75.992430488410136, 28.046414697731549 ], [ 76.023639704337228, 28.084495293075236 ], [ 76.043610813083873, 28.069597481891122 ], [ 76.013286772382045, 28.050181778390773 ], [ 76.01797281120021, 28.032348764748125 ], [ 75.977828280480054, 28.0266388641679 ], [ 75.998368192696361, 28.005822179113338 ], [ 75.964184603154777, 27.996708589770304 ], [ 75.963217990732431, 27.984339379879458 ], [ 75.994697570097003, 27.980282812059855 ], [ 75.970847103912931, 27.932622150773028 ], [ 75.946195553168423, 27.946792066864056 ], [ 75.931243612052015, 27.928804845960663 ], [ 75.936443163226784, 27.912495356662994 ], [ 75.985063715676162, 27.904901574775174 ], [ 75.970647894967286, 27.860372608264242 ], [ 76.057271255395776, 27.843397138396014 ], [ 76.087772744043392, 27.84656912776039 ], [ 76.095793974279772, 27.863945559986796 ], [ 76.180648790095034, 27.802841742689527 ], [ 76.231100544317982, 27.836267570291596 ], [ 76.200940799413914, 27.859289459218775 ], [ 76.206534539083492, 27.89436685214881 ], [ 76.174336160586961, 27.910481154802739 ], [ 76.187450738265596, 27.96825972739045 ], [ 76.162937865591459, 27.994446919211779 ], [ 76.182318187998362, 28.017351805718501 ], [ 76.221929143455171, 28.027088710997248 ], [ 76.185468014898717, 28.054710008192703 ], [ 76.273149049012034, 28.064088393808479 ], [ 76.305348219778338, 28.021264091022761 ], [ 76.345035534371661, 28.024924223090022 ], [ 76.362938777185803, 28.06945322687378 ], [ 76.305715743301647, 28.096370761000731 ], [ 76.34793860312007, 28.104978058179121 ], [ 76.364023184348454, 28.123712361274212 ], [ 76.286583675967606, 28.163931161309474 ], [ 76.297301709298196, 28.178023145430721 ], [ 76.344386533297651, 28.172639529186888 ], [ 76.38523047072016, 28.13330984049745 ], [ 76.479571126725872, 28.149889622148585 ], [ 76.506326679960807, 28.101726591747173 ], [ 76.469435752426349, 28.10704962233326 ], [ 76.4570367208281, 28.0883300190422 ], [ 76.506118562669471, 28.059834280201375 ], [ 76.466395203019843, 28.057114067338592 ], [ 76.462134167008458, 28.0448099337166 ], [ 76.546990301856823, 28.034161054454394 ], [ 76.546546109542405, 27.965575518629905 ], [ 76.607445354667277, 28.004823616613081 ], [ 76.668640864667864, 28.013976310589086 ], [ 76.659894175343354, 28.09171493682889 ], [ 76.690878227393199, 28.092698547820234 ], [ 76.718743709383219, 28.127268956788448 ], [ 76.747938464703537, 28.123925485897207 ], [ 76.800388975562512, 28.152080818874811 ], [ 76.814805124463717, 28.210725427649333 ], [ 76.872697627956811, 28.219429982475063 ], [ 76.875228896086682, 28.206305572179264 ], [ 76.908921524634081, 28.199532266505472 ], [ 76.893085901141674, 28.186434750702155 ], [ 76.970800601149222, 28.138705189140577 ], [ 76.927422565544362, 27.992312292768183 ], [ 76.927777246298078, 27.919551034094233 ], [ 76.947511825293887, 27.913705098512885 ], [ 76.935190993365012, 27.828893107588588 ], [ 76.912305959273084, 27.827351221596512 ], [ 76.892434706201243, 27.725603379601829 ], [ 76.922905190023755, 27.69548242340883 ], [ 76.889216843464894, 27.694061330736336 ], [ 76.910897955858189, 27.653189150866616 ], [ 76.94252984797248, 27.66974371730101 ], [ 76.978836178665517, 27.651763215058097 ], [ 77.002024811607882, 27.736310517494228 ], [ 77.037480386922113, 27.743959491190633 ], [ 77.061725898114801, 27.72243287722419 ], [ 77.087773295662231, 27.732954915769341 ], [ 77.075930375127882, 27.758320200929209 ], [ 77.029212156409585, 27.772713349795328 ], [ 77.046907362853418, 27.814627712970466 ], [ 77.135191565312326, 27.770986736703666 ], [ 77.160128494117998, 27.78632120580863 ], [ 77.15935503701067, 27.810070138236991 ], [ 77.189415277485239, 27.803147783015493 ], [ 77.177412257956362, 27.779396466625748 ], [ 77.202630603129762, 27.816424719428987 ], [ 77.240501086067582, 27.78025090786371 ], [ 77.27134468911926, 27.81055032635404 ], [ 77.304249523669455, 27.794263281249169 ], [ 77.321095429028603, 27.73308775735439 ], [ 77.306330537125788, 27.713091542610211 ], [ 77.342687919190013, 27.702310420729077 ], [ 77.351436150430175, 27.651581302376059 ], [ 77.319805012499145, 27.606086150532704 ], [ 77.358709392293619, 27.587782130835592 ], [ 77.338936545341099, 27.565491664287034 ], [ 77.343636123963947, 27.52440758822296 ], [ 77.39094480978838, 27.510903102071865 ], [ 77.404897868012895, 27.472168079733429 ], [ 77.438090148959802, 27.456385723748486 ], [ 77.423608981490233, 27.419709981491287 ], [ 77.440300574985301, 27.393506198728971 ], [ 77.505702665235418, 27.375663679565811 ], [ 77.582994542389486, 27.32100442474751 ], [ 77.622612696742237, 27.337661887771798 ], [ 77.621949941770509, 27.309024069201616 ], [ 77.600091543269713, 27.294829012863552 ], [ 77.652578363448143, 27.233139274514745 ], [ 77.647884261825013, 27.211533931390395 ], [ 77.681364841717937, 27.194607544931269 ], [ 77.662935698860821, 27.169834672662716 ], [ 77.613393013138634, 27.162753974897559 ], [ 77.598980921701425, 27.117368796282079 ], [ 77.506474948038218, 27.089520182720751 ], [ 77.525478181981555, 27.083817118655752 ], [ 77.529432314906245, 27.061544798444341 ], [ 77.573792026031882, 27.072319730830664 ], [ 77.565468552266069, 27.031217222880553 ], [ 77.591991978503202, 27.033624916869968 ], [ 77.635488721153465, 27.00979802315603 ], [ 77.665143071029973, 27.017007396437517 ], [ 77.681509905693275, 27.045826692700757 ], [ 77.711701796694697, 26.994574649149516 ], [ 77.730457484528898, 26.994598149283672 ], [ 77.734680128199514, 27.025797077825736 ], [ 77.763225918401517, 27.017003068629791 ], [ 77.744490902888899, 26.9824805792618 ], [ 77.656989661956771, 26.968104569419484 ], [ 77.430178003710168, 26.861415249394508 ], [ 77.425158123456967, 26.837195370726452 ], [ 77.446888434456639, 26.813545246839848 ], [ 77.436194082710784, 26.764513551072781 ], [ 77.458577221193167, 26.775062154601468 ], [ 77.471939565374612, 26.76394851071047 ], [ 77.455901498520319, 26.741149586494071 ], [ 77.501003722175753, 26.761374678645886 ], [ 77.488650362332749, 26.782185591689341 ], [ 77.505730756139371, 26.842311718425147 ], [ 77.528439561980221, 26.816367416205225 ], [ 77.608017275413985, 26.836827161696576 ], [ 77.612341677297024, 26.827132192691927 ], [ 77.686313896713855, 26.8726237063266 ], [ 77.723833389197125, 26.875617602231927 ], [ 77.726944936386673, 26.910689188789284 ], [ 77.761482616885203, 26.931991477892673 ], [ 77.829476663316868, 26.920445722951918 ], [ 77.898284919561689, 26.883693563980501 ], [ 77.908155356876804, 26.918777320078451 ], [ 77.950194943514305, 26.894014990965758 ], [ 78.014950078937332, 26.904858873868655 ], [ 78.036200420435677, 26.870348460093865 ], [ 78.030271345518145, 26.855084882926498 ], [ 78.056088343505806, 26.86900977082297 ], [ 78.050571233615827, 26.909621406810622 ], [ 78.109832506208591, 26.899179163537205 ], [ 78.10373358593553, 26.923235314189714 ], [ 78.121111844800836, 26.921669636366431 ], [ 78.123338669364372, 26.949029279648219 ], [ 78.213723759386426, 26.933060161098805 ], [ 78.224416149072809, 26.948107209649567 ], [ 78.270754517577132, 26.917668668103524 ], [ 78.234999809446947, 26.876803660287745 ], [ 78.199549014146925, 26.882782214463635 ], [ 78.22233775434232, 26.842706068414362 ], [ 78.211145510079064, 26.826506729584093 ], [ 78.169272361672711, 26.821233708859044 ], [ 78.188045946931283, 26.787770420463229 ], [ 78.108060138607769, 26.791226711555161 ], [ 78.103886060234089, 26.766027351146828 ], [ 78.124260619940401, 26.748846866443646 ], [ 78.09730148206576, 26.732328867279776 ], [ 78.093818996944535, 26.677299608492063 ], [ 78.000238584383041, 26.696899246345179 ], [ 77.955840957605872, 26.659321100507729 ], [ 77.902477322677427, 26.656491947870617 ], [ 77.887229519975421, 26.614593921118239 ], [ 77.82817911333062, 26.594155744707422 ], [ 77.820689831809787, 26.549141159651892 ], [ 77.751964305867602, 26.539606979215868 ], [ 77.721523530738096, 26.498627448589023 ], [ 77.675202127951778, 26.502697385477891 ], [ 77.530131466661757, 26.409359329659544 ], [ 77.434873404566176, 26.401396357362035 ], [ 77.443867772877837, 26.362630447837308 ], [ 77.373282452285437, 26.36603301853604 ], [ 77.341666347512188, 26.351759173149201 ], [ 77.296793193517118, 26.290155003049076 ], [ 77.20979641676125, 26.232010443224613 ], [ 77.130646439310425, 26.23258238674892 ], [ 77.098208087302197, 26.185549853218131 ], [ 77.041175265991598, 26.176626160912132 ], [ 76.99236147330322, 26.127081051123604 ], [ 76.893952222261547, 26.088114903997059 ], [ 76.87652312724228, 26.051260870521283 ], [ 76.83642417920764, 26.024427404874441 ], [ 76.846236425616993, 26.006119239256392 ], [ 76.812204232061205, 25.947852097632747 ], [ 76.761737411991035, 25.936586377703406 ], [ 76.768205583231207, 25.916960613384944 ], [ 76.751230454533911, 25.904136526330515 ], [ 76.651773084711621, 25.903815886584667 ], [ 76.632166166185016, 25.865840622394913 ], [ 76.598251539692058, 25.869171685392377 ], [ 76.534654603202583, 25.793032882391916 ], [ 76.535892050848446, 25.729044275805091 ], [ 76.487574341972689, 25.713238937151385 ], [ 76.482920652306476, 25.690177654315676 ], [ 76.515956352671324, 25.667935265614631 ], [ 76.50456103208289, 25.643459273002726 ], [ 76.519852585302985, 25.628792438905528 ], [ 76.525317750750972, 25.525067493614895 ], [ 76.569236745798207, 25.437532276270588 ], [ 76.593944635289304, 25.426607287448011 ], [ 76.607491992698797, 25.38410813159831 ], [ 76.775191872801784, 25.307265604644027 ], [ 76.84818562444417, 25.325572340516544 ], [ 76.898486146190479, 25.317426105403239 ], [ 76.947109302539062, 25.270377137043372 ], [ 76.964072638943833, 25.292178935809972 ], [ 77.029614834465235, 25.296082239706152 ], [ 77.044808862112092, 25.320020289747752 ], [ 77.081003742925589, 25.334638064555698 ], [ 77.210813886931433, 25.306349700920379 ], [ 77.203836278095267, 25.325437981652289 ], [ 77.220712065629527, 25.319409728722334 ], [ 77.226001057334358, 25.368321122473038 ], [ 77.28887064306798, 25.418445825043669 ], [ 77.311220226128285, 25.431253465957177 ], [ 77.367290966024044, 25.407796774710494 ], [ 77.342251175268615, 25.320468810810091 ], [ 77.369628397660833, 25.327872728307327 ], [ 77.377657168741678, 25.315099240716407 ], [ 77.378441061688008, 25.289180489694477 ], [ 77.3554619215721, 25.266673705156322 ], [ 77.412220722555375, 25.221200934209243 ], [ 77.423797519855555, 25.187954973092147 ], [ 77.39645820298648, 25.183128995435752 ], [ 77.40423550269675, 25.108240483075111 ], [ 77.392361042712096, 25.116930404702796 ], [ 77.308394412244965, 25.078872493083249 ], [ 77.267785595161982, 25.114249201189494 ], [ 77.17499572745821, 25.10873886159645 ], [ 77.163086275599284, 25.083312902772565 ], [ 77.14550897503409, 25.091235009864072 ], [ 77.119763684666438, 25.064145207449744 ], [ 77.082466249240412, 25.053061999127763 ], [ 76.998875926968452, 25.075030239511566 ], [ 76.973740658208044, 25.051039453960541 ], [ 76.886990292300908, 25.029236762062947 ], [ 76.879406985077694, 25.008259332069848 ], [ 76.859226541474513, 25.00546110940844 ], [ 76.896070701336427, 24.914861451375149 ], [ 76.925745463254955, 24.911953243732633 ], [ 76.91868563632778, 24.883069864604547 ], [ 76.953805477682295, 24.86806337864823 ], [ 76.931328713575326, 24.844985277726796 ], [ 76.836323021667397, 24.835488630170069 ], [ 76.80618280715133, 24.815093674491365 ], [ 76.851354424711658, 24.765262935725659 ], [ 76.851886617601281, 24.745683313179658 ], [ 76.914075898832522, 24.742072792118194 ], [ 76.956514699209208, 24.76069418834744 ], [ 76.976744136294741, 24.726916644951523 ], [ 77.031480807040111, 24.70616326495503 ], [ 77.064255158251996, 24.637695663748765 ], [ 77.069428720893697, 24.565225572242937 ], [ 77.054974101979624, 24.52187392629488 ], [ 77.036587584561786, 24.52412985723663 ], [ 77.006089686803477, 24.473270202043679 ], [ 76.969796032308395, 24.456249051271438 ], [ 76.919084057947956, 24.483045141615978 ], [ 76.917362611760922, 24.538933549153896 ], [ 76.883980675032106, 24.520689166028891 ], [ 76.870623904391962, 24.544734906171502 ], [ 76.818925622500061, 24.529764002322093 ], [ 76.855664943518136, 24.464528321594365 ], [ 76.842180931719483, 24.44602526787094 ], [ 76.855390156798421, 24.430822531434298 ], [ 76.840139115246501, 24.412020439590702 ], [ 76.856545092572759, 24.370332051014717 ], [ 76.841176952758019, 24.356189985558746 ], [ 76.844368818833857, 24.334210329417591 ], [ 76.878388734306597, 24.266608810952473 ], [ 76.948651314535837, 24.201828507454149 ], [ 76.937346772934774, 24.182417725352394 ], [ 76.920275651869332, 24.184277690607249 ], [ 76.904025630619287, 24.126701593678522 ], [ 76.860015478322751, 24.134539509488302 ], [ 76.805041361072171, 24.115955088092463 ], [ 76.758898815338441, 24.167695179853286 ], [ 76.704954944229002, 24.167058235250206 ], [ 76.677994519295268, 24.1890443778485 ], [ 76.706378004187286, 24.244375489182925 ], [ 76.696879973330425, 24.280593651615263 ], [ 76.672154773245296, 24.262948752564835 ], [ 76.620110955986036, 24.258434731297754 ], [ 76.617685353819212, 24.237783222580855 ], [ 76.591728239307301, 24.245172543900591 ], [ 76.601083277800669, 24.225532259958609 ], [ 76.569383740139841, 24.196438808253653 ], [ 76.583349949913966, 24.176326659931949 ], [ 76.534953905944064, 24.159138652897248 ], [ 76.473441987148078, 24.227055679409808 ], [ 76.456699527060067, 24.212491867903559 ], [ 76.42702025180472, 24.22263233319666 ], [ 76.417815622734224, 24.203110861530696 ], [ 76.330177356175867, 24.249323972781024 ], [ 76.292853028384599, 24.232763671036409 ], [ 76.285936366066267, 24.21145596615008 ], [ 76.250793553048283, 24.223673530821564 ], [ 76.218626726459647, 24.212586303989333 ], [ 76.197755254003908, 24.280553221803476 ], [ 76.209365097962973, 24.306657829847413 ], [ 76.188605631320726, 24.327255115541934 ], [ 76.172290723423529, 24.291854792309341 ], [ 76.146000741318559, 24.281076378650095 ], [ 76.157431912125475, 24.239559692791644 ], [ 76.124183752998391, 24.192227441076273 ], [ 76.137474094305531, 24.091161200171815 ], [ 76.049568443013285, 24.071599557968575 ], [ 76.004620588914122, 24.031202375023085 ], [ 75.962577467988368, 24.02136792706068 ], [ 75.962605587244468, 23.993468569287518 ], [ 75.982570635759927, 23.970390533364732 ], [ 75.978147882947709, 23.928970116047449 ], [ 75.88071277018426, 23.880661287265774 ], [ 75.862735928371478, 23.891704338608303 ], [ 75.796141336056635, 23.87046588915878 ], [ 75.778930677650948, 23.850051014745034 ], [ 75.763460140327396, 23.853080999374576 ], [ 75.751587462024091, 23.8862047479384 ], [ 75.704097069895099, 23.900252494386589 ], [ 75.699852779997329, 23.873327701497818 ], [ 75.730881550938236, 23.854422048200007 ], [ 75.719548362232018, 23.815260762390793 ], [ 75.689048496417684, 23.815489850647694 ], [ 75.700320126115244, 23.788098071953172 ], [ 75.686053417492985, 23.756850706171903 ], [ 75.653378870575821, 23.798233680495134 ], [ 75.583934745410161, 23.796692974981532 ], [ 75.584740999163785, 23.811531408097295 ], [ 75.557453414422071, 23.822268129532404 ], [ 75.577616608005272, 23.837837516475805 ], [ 75.562057577961625, 23.856274960896041 ], [ 75.457792798334879, 23.917114678945644 ], [ 75.466146980014045, 23.977079872571363 ], [ 75.515929442585218, 24.045014143876507 ], [ 75.568561070411207, 24.018968551976016 ], [ 75.58546286892107, 23.988177063271429 ], [ 75.636469807600051, 23.996038169543048 ], [ 75.671055336023031, 24.029722671027159 ], [ 75.70224842851556, 23.965238116061183 ], [ 75.764015951805675, 23.994080370224239 ], [ 75.781715136200546, 24.058171460454954 ], [ 75.835960464733844, 24.07147803803517 ], [ 75.838053297221947, 24.107390407670366 ], [ 75.814399000458366, 24.098925553987002 ], [ 75.80459895998105, 24.114374682399045 ], [ 75.791771781461421, 24.105865656195878 ], [ 75.77846910971175, 24.135024718846893 ], [ 75.74560141778386, 24.135678747793534 ], [ 75.775777452608409, 24.21692457385754 ], [ 75.829268886078964, 24.242403193164254 ], [ 75.815053909494424, 24.252873454147203 ], [ 75.813627668551746, 24.299426124103366 ], [ 75.76742694997597, 24.306675283763973 ], [ 75.740259675522069, 24.343988115859112 ], [ 75.729275858977303, 24.401276587169644 ], [ 75.757716908790854, 24.405292493020596 ], [ 75.751194901714911, 24.424391269883543 ], [ 75.786127773288982, 24.447771909365485 ], [ 75.793713509858719, 24.471129217559621 ], [ 75.817722657380202, 24.461026311253608 ], [ 75.815124276684671, 24.432709404877105 ], [ 75.849882506475723, 24.414876925094124 ], [ 75.911757319556273, 24.451992323564401 ], [ 75.914656081751005, 24.488264523274012 ], [ 75.893860167213262, 24.505439074986104 ], [ 75.927923377932672, 24.529220842213839 ], [ 75.909505675451527, 24.548021659980186 ], [ 75.92031380530743, 24.567286302702843 ], [ 75.887234043011645, 24.577570925793371 ], [ 75.8663381743401, 24.608747499236635 ], [ 75.841182005301008, 24.591551940982587 ], [ 75.830951009286721, 24.609214880723496 ], [ 75.851706772358128, 24.648891321770925 ], [ 75.830028362233591, 24.667341661687239 ], [ 75.841719563476957, 24.725685897466757 ], [ 75.789088804708769, 24.761369655242845 ], [ 75.762547328143327, 24.760665886955206 ], [ 75.615847021121667, 24.684423404373295 ], [ 75.584407426671731, 24.718721781287861 ], [ 75.454132618328799, 24.68937309718115 ], [ 75.269160218668318, 24.729040386457505 ], [ 75.225897649198572, 24.731829663517452 ], [ 75.218741548316487, 24.718784256226442 ], [ 75.187329508514352, 24.764447340019256 ], [ 75.208317990638506, 24.806300210315598 ], [ 75.248705404453659, 24.818165959330784 ], [ 75.253941271191906, 24.833483146363857 ], [ 75.229725339445977, 24.844101900478069 ], [ 75.203318830196437, 24.880564462125029 ], [ 75.210221747881164, 24.906355490380371 ], [ 75.22546446914042, 24.886368076792557 ], [ 75.252049402528584, 24.892003266377966 ], [ 75.22938843036205, 24.855488964138264 ], [ 75.281048468527331, 24.849783368002957 ], [ 75.307839530298537, 24.809598010643754 ], [ 75.419470642954266, 24.860050835085119 ], [ 75.426653051273732, 24.888883765744193 ], [ 75.374271717412569, 24.874164795211286 ], [ 75.328203000214714, 24.883239835182611 ], [ 75.313484781057753, 24.865708407608942 ], [ 75.263573598152192, 24.885961904209587 ], [ 75.269188828436725, 24.910503614977152 ], [ 75.29528331453497, 24.919436857530027 ], [ 75.268537851114331, 24.958199628362046 ], [ 75.278156536449856, 24.972997269162111 ], [ 75.316104429048224, 24.89667921155948 ], [ 75.339839288186425, 24.959309666240141 ], [ 75.321341633651514, 25.002732174764631 ], [ 75.354027424311113, 25.021338932958241 ], [ 75.348074971294068, 25.038990169470953 ], [ 75.202771743992983, 25.030842145526268 ], [ 75.175954469117286, 25.050168946764035 ], [ 75.161271343617159, 25.041859816329872 ], [ 75.166465907885751, 24.988052262812001 ], [ 75.121784264598659, 24.972206553377877 ], [ 75.117279860291831, 24.957581046314608 ], [ 75.120709023034649, 24.885495344399413 ], [ 75.05804176250011, 24.878467740136589 ], [ 75.045043307374172, 24.855778025268844 ], [ 74.946278491636434, 24.874571135586926 ], [ 74.950232537070846, 24.891455736430583 ], [ 74.913951954681337, 24.895794789189548 ], [ 74.91441852961735, 24.925082744485685 ], [ 74.886148886136809, 24.946487177927622 ], [ 74.86860029019131, 24.933694209058064 ], [ 74.847764349373378, 24.971068733003975 ], [ 74.824917786923891, 24.9253111805149 ], [ 74.857153113151824, 24.849987071840467 ], [ 74.85867406253692, 24.814623379988685 ], [ 74.838691444648134, 24.805270706172418 ], [ 74.850054909445944, 24.789451598650064 ], [ 74.85979923560383, 24.809835565235222 ], [ 74.918235264805247, 24.783886099250104 ], [ 75.008559635206083, 24.792664248328602 ], [ 75.021686731271814, 24.749350985061085 ], [ 74.994832309374871, 24.749350128244387 ], [ 75.001238400569122, 24.705105610213423 ], [ 74.96343749454357, 24.697504557393923 ], [ 74.944031508531396, 24.657077400782143 ], [ 74.893894175613312, 24.652107619084003 ], [ 74.850880413520827, 24.695449086964572 ], [ 74.800389463373335, 24.792498234100346 ], [ 74.804167826343502, 24.751704958853615 ], [ 74.780989734054742, 24.73963138049394 ], [ 74.790596764412626, 24.723505732953232 ], [ 74.776146637988759, 24.684624109317298 ], [ 74.814278685758566, 24.682995610903511 ], [ 74.818023164267245, 24.6685204237493 ], [ 74.784253520541597, 24.633652364866641 ], [ 74.790895773117953, 24.607640878019058 ], [ 74.748646405637828, 24.593744610985798 ], [ 74.757363170538071, 24.551551376452519 ], [ 74.712421429336459, 24.507940311710989 ], [ 74.779573406213544, 24.480293479607354 ], [ 74.817507409922982, 24.488034667935604 ], [ 74.818893488163766, 24.458817441357986 ], [ 74.858859508139261, 24.464152303514382 ], [ 74.787422147660763, 24.368573828616022 ], [ 74.783985877121225, 24.313734858435534 ], [ 74.753040908572913, 24.279637680803734 ], [ 74.853767987739062, 24.266840919812921 ], [ 74.870214175027215, 24.27755213961759 ], [ 74.894819977648595, 24.258491688878983 ], [ 74.906363339984182, 24.230536061768845 ], [ 74.881544145578346, 24.210346670767244 ], [ 74.900753003748022, 24.17112846093422 ], [ 74.927953659823544, 24.153955369344256 ], [ 74.936603105916504, 24.120571160909162 ], [ 74.959973464954345, 24.106873776500521 ], [ 74.993412905530008, 24.026466513874905 ], [ 74.968994203256671, 23.97652810886941 ], [ 74.921474410357604, 23.932579981634209 ], [ 74.905711278349614, 23.87081013020255 ], [ 74.910293788318967, 23.797747650997238 ], [ 74.929918138633028, 23.791103062390441 ], [ 74.940506724052071, 23.731770961705159 ], [ 74.90741378047565, 23.679773935776858 ], [ 74.939536855919812, 23.627301557675697 ], [ 74.905752294824964, 23.619920076281627 ], [ 74.844913747058726, 23.55122706734392 ], [ 74.802265648484024, 23.531148736781081 ], [ 74.784354901346617, 23.545139830683887 ], [ 74.732827426233044, 23.497707123984263 ], [ 74.699741672841057, 23.500895912722857 ], [ 74.653643749512241, 23.461705338489114 ], [ 74.612180208814635, 23.458690128648559 ], [ 74.597184798039009, 23.427116928409809 ], [ 74.572681315788955, 23.41992085141646 ], [ 74.569326107330298, 23.375162479234721 ], [ 74.544350069938304, 23.361235492421102 ], [ 74.541206256262043, 23.336136618537541 ], [ 74.516710796752122, 23.326203281478431 ], [ 74.551905659949313, 23.279973438561385 ], [ 74.570424334614472, 23.298314502198355 ], [ 74.644901177929839, 23.257073321222897 ], [ 74.699939335021455, 23.269431134193407 ], [ 74.720962648512369, 23.239786951956841 ], [ 74.693730011323083, 23.220389742542643 ], [ 74.744660763329193, 23.229962374897823 ], [ 74.744542285691281, 23.209373735156429 ], [ 74.714261095556367, 23.191966871158705 ], [ 74.667787321605417, 23.198839328851044 ], [ 74.6064648119971, 23.142242431328761 ], [ 74.54392757358859, 23.12957337880184 ], [ 74.540841842029479, 23.104412434182478 ], [ 74.510365419643591, 23.086380477585781 ], [ 74.465214237834033, 23.082860834120698 ], [ 74.388976134843205, 23.109682847267482 ], [ 74.320319357807961, 23.060464116388722 ], [ 74.280019072682165, 23.092824405542743 ], [ 74.285673837350544, 23.116535976128269 ], [ 74.243538012413197, 23.186099567122575 ], [ 74.20495488141917, 23.189940734578595 ], [ 74.183902167000355, 23.150447038485215 ], [ 74.152385507818721, 23.155705605673379 ], [ 74.119681173237339, 23.189571530353117 ], [ 74.136739725324034, 23.224792015533332 ], [ 74.131086990499369, 23.267425792704653 ], [ 74.098917423087045, 23.293763152121091 ], [ 74.041562800495484, 23.29418216864465 ], [ 74.02978185300627, 23.330451636916752 ], [ 73.987781184427561, 23.335792744202092 ], [ 73.95945802650354, 23.379592164486727 ] ], [ [ 74.326151825724651, 23.936349784297892 ], [ 74.32475093090207, 23.937377588357993 ], [ 74.314360494214426, 23.944999889241831 ], [ 74.326151825724651, 23.936349784297892 ] ], [ [ 74.266968164263972, 23.932688897837991 ], [ 74.258713306919404, 23.92980064026516 ], [ 74.275136880011388, 23.93554645714547 ], [ 74.266968164263972, 23.932688897837991 ] ], [ [ 76.489533544547953, 26.716276582042475 ], [ 76.49098185925601, 26.718868550315445 ], [ 76.4939443435523, 26.724170344334006 ], [ 76.489533544547953, 26.716276582042475 ] ], [ [ 76.810055992679452, 26.075923254474478 ], [ 76.810029872886616, 26.07584841803062 ], [ 76.810020055067127, 26.075820287526742 ], [ 76.810055992679452, 26.075923254474478 ] ] ] } },
{ "type": "Feature", "properties": { "ST_NM": "Sikkim", "state_id": "sikkim" }, "geometry": { "type": "Polygon", "coordinates": [ [ [ 88.790823787092677, 27.455304210858067 ], [ 88.847093545185828, 27.377942843575358 ], [ 88.866088785061478, 27.385654046845275 ], [ 88.897035687263298, 27.336204546878445 ], [ 88.929476885332576, 27.326114919869219 ], [ 88.906269447343931, 27.274756287597533 ], [ 88.808209993506836, 27.247377136205444 ], [ 88.795221489878614, 27.185621936652783 ], [ 88.73956396167145, 27.13713752328486 ], [ 88.698601870906316, 27.178469672987561 ], [ 88.663574309160296, 27.162179487932537 ], [ 88.598685801206599, 27.194200112649739 ], [ 88.527998022621233, 27.177900802501277 ], [ 88.537129349258493, 27.149884225412809 ], [ 88.439122464445475, 27.081326715023575 ], [ 88.331148672427219, 27.104583799665004 ], [ 88.311856771703631, 27.128272717075937 ], [ 88.239912710973357, 27.119421527561652 ], [ 88.186456023665812, 27.134337944924798 ], [ 88.159768832451391, 27.111336389303968 ], [ 88.096178681137459, 27.138351738835237 ], [ 88.082591864128858, 27.200415951777025 ], [ 88.016856899839823, 27.21643914881772 ], [ 88.065017090290638, 27.337909817092189 ], [ 88.044237384629241, 27.382734908838962 ], [ 88.070769509903826, 27.442971008814638 ], [ 88.047360320601555, 27.493289426222599 ], [ 88.083518463268504, 27.586748939656523 ], [ 88.151049252742482, 27.668641188266704 ], [ 88.157882705589017, 27.730182995495763 ], [ 88.198824554800098, 27.788098353269771 ], [ 88.176829586225637, 27.819165292862287 ], [ 88.202378868439524, 27.850301262050699 ], [ 88.134031390532002, 27.873055542390173 ], [ 88.122239251847844, 27.917087591967519 ], [ 88.1326278390097, 27.950395990358253 ], [ 88.147766523385513, 27.962963398252665 ], [ 88.197310305330632, 27.943196299057593 ], [ 88.212152462327879, 27.966133953699668 ], [ 88.238338410047916, 27.967437753626278 ], [ 88.252500330534446, 27.948076379975497 ], [ 88.353802345684358, 27.989065558039901 ], [ 88.39835397447969, 27.97767966470764 ], [ 88.491709727501473, 28.0452345364649 ], [ 88.547478386794324, 28.03856013114661 ], [ 88.563044190037189, 28.084511804324276 ], [ 88.62506292776736, 28.103377611781912 ], [ 88.615363371541804, 28.125889473481543 ], [ 88.62987109487662, 28.130679192115785 ], [ 88.675283800558802, 28.073802194716567 ], [ 88.759516340542277, 28.073059967439079 ], [ 88.837338974339602, 28.014936440630944 ], [ 88.844374834741487, 27.931766543110164 ], [ 88.869336172979558, 27.923240962808574 ], [ 88.893732843368795, 27.861115849004616 ], [ 88.862187688058938, 27.816289321972789 ], [ 88.87017708050837, 27.738769740710957 ], [ 88.846393425933911, 27.710234890268662 ], [ 88.854327061651972, 27.668657655412442 ], [ 88.817616777228963, 27.641673547995712 ], [ 88.81312961989741, 27.603001574062013 ], [ 88.77493503421114, 27.566498989291187 ], [ 88.79648246773047, 27.525886512674795 ], [ 88.790823787092677, 27.455304210858067 ] ] ] } },
{ "type": "Feature", "properties": { "ST_NM": "Tamil Nadu", "state_id": "tamil_nadu" }, "geometry": { "type": "MultiPolygon", "coordinates": [ [ [ [ 77.568685526882348, 8.126127663611939 ], [ 77.552933216551622, 8.077847033856163 ], [ 77.317507531250939, 8.121362837802952 ], [ 77.10005572678736, 8.291355916213941 ], [ 77.141181397527291, 8.33069695001017 ], [ 77.179022324817609, 8.320358967936183 ], [ 77.173841578295338, 8.359284634614143 ], [ 77.154960072225876, 8.353487740256138 ], [ 77.153913065211398, 8.38638397702055 ], [ 77.172836161117701, 8.385348564302488 ], [ 77.207740573967911, 8.442811642670899 ], [ 77.22863517343032, 8.445848151232632 ], [ 77.205349136620555, 8.501487451851542 ], [ 77.266554643930164, 8.50967847822271 ], [ 77.284119975370999, 8.545841638659612 ], [ 77.173333182051351, 8.74580230780373 ], [ 77.194586578508464, 8.743328333061683 ], [ 77.201014670902254, 8.769455023283562 ], [ 77.232728251776493, 8.784202296119103 ], [ 77.265029628043507, 8.840462946037137 ], [ 77.259376807544726, 8.873368731893459 ], [ 77.223920008294783, 8.901689237536241 ], [ 77.222338638143142, 8.925920702120736 ], [ 77.197952900330634, 8.924202927628938 ], [ 77.19759817582684, 8.955499343604597 ], [ 77.149264913274692, 9.020235823252612 ], [ 77.170842355180582, 9.045019308327175 ], [ 77.199239846426053, 9.045050121108286 ], [ 77.212902667550381, 9.097030611670984 ], [ 77.268841373833922, 9.151839671399731 ], [ 77.253514071890905, 9.187967483310768 ], [ 77.283709616386091, 9.21769770381273 ], [ 77.283496245589092, 9.299800482565168 ], [ 77.300191211729626, 9.309873155027827 ], [ 77.300755694934097, 9.336451689542788 ], [ 77.328035587348808, 9.336952557131616 ], [ 77.350696054946866, 9.440205456617843 ], [ 77.368062692075767, 9.458915076392367 ], [ 77.395102724320211, 9.460039839646699 ], [ 77.412687046214188, 9.505892350255122 ], [ 77.403111111983335, 9.526071662432605 ], [ 77.387057736844341, 9.517972632896672 ], [ 77.366784836035094, 9.535532034641131 ], [ 77.351981035634495, 9.566044107566814 ], [ 77.367369920926066, 9.597300696295255 ], [ 77.356903875651128, 9.604286990436043 ], [ 77.340834911798225, 9.572382785248173 ], [ 77.320212357088892, 9.602176800181107 ], [ 77.270841443852532, 9.573987997477513 ], [ 77.238536237398918, 9.581692755818125 ], [ 77.211488110506991, 9.613044881668856 ], [ 77.167292542048088, 9.61475525858199 ], [ 77.206990189550211, 9.695046461666836 ], [ 77.205170082654931, 9.724384943526413 ], [ 77.2234874892427, 9.730593146692703 ], [ 77.224926386393165, 9.788878344294336 ], [ 77.249146572110632, 9.797532066520818 ], [ 77.223923281295157, 9.823468717527351 ], [ 77.238616132936471, 9.857991602629806 ], [ 77.213950527685114, 9.874912187350805 ], [ 77.219231579870112, 9.903278613913272 ], [ 77.276179239352274, 9.972830105640556 ], [ 77.255477251430406, 10.009200074523893 ], [ 77.262662881864301, 10.029329965799516 ], [ 77.202341842691425, 10.10459640862752 ], [ 77.23935282205764, 10.127486172390055 ], [ 77.274130160170941, 10.128208699435977 ], [ 77.294617272307462, 10.216432587785945 ], [ 77.284061465525753, 10.233490402551604 ], [ 77.260566197578555, 10.229708103073378 ], [ 77.264502493951568, 10.262856447013098 ], [ 77.228214763904802, 10.314823617518909 ], [ 77.235818482907007, 10.349343008573927 ], [ 77.176425866421823, 10.355170985181482 ], [ 77.065141445741958, 10.294099778800677 ], [ 77.047081920564665, 10.280747854897296 ], [ 77.051875940246774, 10.256745124579819 ], [ 76.984000723369164, 10.217076753929963 ], [ 76.94079065628155, 10.237904909044895 ], [ 76.918438860958105, 10.233011943432293 ], [ 76.87499987813888, 10.275212479216826 ], [ 76.876910562717242, 10.29819946052722 ], [ 76.851160179986522, 10.285702657012772 ], [ 76.832165305412047, 10.303299410531487 ], [ 76.85173729559078, 10.36782046593223 ], [ 76.81946519925981, 10.422952344525855 ], [ 76.841517746121937, 10.593144376712551 ], [ 76.820316116198256, 10.602518801694803 ], [ 76.816587701606309, 10.634377369318869 ], [ 76.884453196281214, 10.637614140798753 ], [ 76.867156224619123, 10.683414181017296 ], [ 76.895415015274267, 10.715564281912402 ], [ 76.909086147533387, 10.779034586782362 ], [ 76.899764661780537, 10.808087143956826 ], [ 76.851716002090882, 10.81575762619504 ], [ 76.856448647095803, 10.834607657420927 ], [ 76.828628959645911, 10.869838745802124 ], [ 76.743438755382357, 10.888823061751562 ], [ 76.659506862959589, 10.931808368818219 ], [ 76.716836418189672, 11.039110998377515 ], [ 76.767476137675445, 11.032472062447095 ], [ 76.803045100716403, 11.050325464798314 ], [ 76.777695293791808, 11.040118999096816 ], [ 76.747479175232755, 11.055328985128263 ], [ 76.758385929259916, 11.082951391827855 ], [ 76.744397962069925, 11.101179247760758 ], [ 76.748932239462079, 11.129113731477423 ], [ 76.701176671167559, 11.152217295968434 ], [ 76.69896105657368, 11.17279229324576 ], [ 76.731166262715647, 11.192275546630361 ], [ 76.735533551641936, 11.216664380609755 ], [ 76.706792181100525, 11.239036718072329 ], [ 76.63269291549571, 11.19322412306888 ], [ 76.496770595727043, 11.210047944629961 ], [ 76.461769005908749, 11.187402133169885 ], [ 76.44699463740433, 11.201707058066736 ], [ 76.455296227665727, 11.237628051521805 ], [ 76.522628145431455, 11.269262918646545 ], [ 76.549293098793129, 11.299700214511173 ], [ 76.537592259334758, 11.310778111603906 ], [ 76.54717908686392, 11.358921487191783 ], [ 76.518351692697323, 11.353888573538951 ], [ 76.518939721726952, 11.368410365910345 ], [ 76.456981477130967, 11.388558812250354 ], [ 76.416551928669762, 11.421867483749296 ], [ 76.41873288785365, 11.440639225130932 ], [ 76.398853845667631, 11.434973934163176 ], [ 76.34169698266038, 11.465589718754631 ], [ 76.328894778374377, 11.451568158294284 ], [ 76.285810618107703, 11.481306169623121 ], [ 76.247740238430893, 11.46634447755749 ], [ 76.249970029121002, 11.535478930354675 ], [ 76.23310065122152, 11.571091808771516 ], [ 76.278449692881495, 11.599634046193477 ], [ 76.305542943118255, 11.571112816843948 ], [ 76.336267017354515, 11.595398546558453 ], [ 76.357902556832386, 11.589624852303638 ], [ 76.378563078169165, 11.600396512668157 ], [ 76.387888003664131, 11.629359109366224 ], [ 76.432792495696503, 11.630313520421232 ], [ 76.443571173848284, 11.644743577320501 ], [ 76.431375344570782, 11.666327780712658 ], [ 76.459375688958175, 11.662192825612658 ], [ 76.512340364250662, 11.705198967579873 ], [ 76.548743113658006, 11.677754796126655 ], [ 76.568571336077056, 11.617426638823121 ], [ 76.755413472263626, 11.618229735701187 ], [ 76.825937011730105, 11.605052583374253 ], [ 76.84683148054485, 11.582377908788953 ], [ 76.860435386611314, 11.609752268458376 ], [ 76.837831991186945, 11.651964052967303 ], [ 76.890228136558889, 11.732510080923324 ], [ 76.908980523496822, 11.791213317531117 ], [ 76.953888438120771, 11.789375906603674 ], [ 76.969129145775085, 11.773281668960884 ], [ 76.98227758170276, 11.809155265864838 ], [ 77.014024646092111, 11.811170434806321 ], [ 77.04139183748876, 11.792167152310908 ], [ 77.032078894357696, 11.772910812040575 ], [ 77.066357354033102, 11.785394793535906 ], [ 77.059948354502708, 11.766024398877102 ], [ 77.081603259874782, 11.733349698776809 ], [ 77.119416887179696, 11.721219409972425 ], [ 77.112831921328009, 11.771497242843152 ], [ 77.237390832248323, 11.792387149179913 ], [ 77.252085048583567, 11.811123157362042 ], [ 77.295278848217748, 11.807117874645485 ], [ 77.336789267047692, 11.767815953755509 ], [ 77.370221544934466, 11.78772688396786 ], [ 77.430195804011007, 11.759752197673073 ], [ 77.467169525017241, 11.848229315367652 ], [ 77.463567215977818, 11.897599051675536 ], [ 77.487759481697694, 11.885158051558522 ], [ 77.495148805343021, 11.941514364026926 ], [ 77.534522535609838, 11.930688948814511 ], [ 77.67594019166404, 11.949215389928099 ], [ 77.700611858610813, 12.019469521465954 ], [ 77.778155085766031, 12.118753689720945 ], [ 77.730407769848028, 12.180986096936294 ], [ 77.614673195669994, 12.204359017218176 ], [ 77.492716261632907, 12.199055568866704 ], [ 77.475830362139064, 12.211155175826875 ], [ 77.473583749930228, 12.252901562802348 ], [ 77.488512004912721, 12.278526280639618 ], [ 77.552940052707513, 12.292707124788954 ], [ 77.616591355733249, 12.369333362523035 ], [ 77.635284612847613, 12.486289535920539 ], [ 77.585309488818496, 12.47730772649326 ], [ 77.61633669651637, 12.508759830172005 ], [ 77.588405095893762, 12.51591577564513 ], [ 77.579818769943017, 12.566774415442934 ], [ 77.607566396804671, 12.629871220073138 ], [ 77.599974150190704, 12.666345027715339 ], [ 77.664064374521686, 12.683093227023033 ], [ 77.688252180876418, 12.658010126682607 ], [ 77.705388861145607, 12.660271010517633 ], [ 77.713742535700845, 12.682766932445871 ], [ 77.741410562757906, 12.673074226555507 ], [ 77.737215902569218, 12.691928827387251 ], [ 77.760258920136607, 12.696269143592689 ], [ 77.773030584672355, 12.723572122086047 ], [ 77.763014204887952, 12.734184582312274 ], [ 77.792907208966923, 12.747945193696864 ], [ 77.781551039019121, 12.768921615170505 ], [ 77.809435111938683, 12.795985222179413 ], [ 77.810908711622346, 12.829900247965863 ], [ 77.794715174298389, 12.842854793823975 ], [ 77.835485616882821, 12.8680934734969 ], [ 77.892292397679185, 12.867621282687407 ], [ 77.934382078761544, 12.887137929204011 ], [ 77.929781820265049, 12.872799433131087 ], [ 77.944601118113852, 12.865376293960459 ], [ 77.920633703711772, 12.829021662690682 ], [ 77.943198381216988, 12.822300071915535 ], [ 77.955744955847194, 12.858691627736301 ], [ 77.991780839814979, 12.805129875480478 ], [ 78.011887141047666, 12.804975301602566 ], [ 78.003667180276011, 12.823171675885506 ], [ 78.025280109405003, 12.855434956329265 ], [ 78.057183266380036, 12.851959559537118 ], [ 78.131418744225797, 12.77983000866552 ], [ 78.231643409694016, 12.762635916335809 ], [ 78.238315425638376, 12.725264572870604 ], [ 78.200909002801055, 12.69136189195526 ], [ 78.239244163352737, 12.683993332623057 ], [ 78.243781135614256, 12.70387643105424 ], [ 78.275627328954243, 12.702045916974866 ], [ 78.301777661372583, 12.663211176907565 ], [ 78.379908962754399, 12.622343222354871 ], [ 78.466539573282148, 12.622720937190312 ], [ 78.469330138009056, 12.672908026033957 ], [ 78.500276427012551, 12.67405578674823 ], [ 78.505051379403497, 12.714153187326836 ], [ 78.521504258032067, 12.709512512879941 ], [ 78.495925602770683, 12.745416965630911 ], [ 78.538127308443293, 12.711994490953845 ], [ 78.536131619985369, 12.690472915381344 ], [ 78.559468903484685, 12.696426902145161 ], [ 78.557225725719718, 12.754667512255315 ], [ 78.593642461641153, 12.781586482121702 ], [ 78.637223497072938, 12.92992342333336 ], [ 78.658275779219395, 12.929807013786899 ], [ 78.625047777553604, 12.989540125428139 ], [ 78.66250047231631, 13.028613716172512 ], [ 78.705250628559071, 13.015180362395114 ], [ 78.713869476353736, 13.066906137771557 ], [ 78.757548129881101, 13.056273922983435 ], [ 78.819664860112155, 13.088883157369716 ], [ 78.870037428770218, 13.082143214348539 ], [ 78.88771160971713, 13.097250083193195 ], [ 78.893732501202635, 13.030955703413726 ], [ 78.936517266182534, 13.029917930600552 ], [ 78.905252695844311, 13.046277771527713 ], [ 78.926157272827396, 13.078959238576132 ], [ 78.991447648155884, 13.087833673268291 ], [ 79.065320763972309, 13.049527334709765 ], [ 79.081180176649269, 13.02574438345248 ], [ 79.116539679526568, 13.035880895370743 ], [ 79.164975606869163, 13.019080774837304 ], [ 79.185377793069435, 13.031093559454842 ], [ 79.181633346502636, 13.064782853951483 ], [ 79.20110103153624, 13.096391713874032 ], [ 79.230467583613304, 13.115742893921015 ], [ 79.230444116178447, 13.147319581965963 ], [ 79.248891983244562, 13.138567969198997 ], [ 79.259388085540863, 13.159899729046469 ], [ 79.279607796339008, 13.153071457469355 ], [ 79.320265221832656, 13.108928062655323 ], [ 79.329038304946636, 13.131372444008615 ], [ 79.36693034492373, 13.141847295424219 ], [ 79.36004400266944, 13.175040526041609 ], [ 79.373513743394639, 13.168091496329142 ], [ 79.390651279390582, 13.194486852503523 ], [ 79.436129695958883, 13.199608466877548 ], [ 79.433934726906259, 13.220650000649179 ], [ 79.45781585827558, 13.228940873425749 ], [ 79.44838839388332, 13.241943434220188 ], [ 79.423124857324197, 13.224245409869246 ], [ 79.437227307576364, 13.293368022838958 ], [ 79.38667823034595, 13.314924657907474 ], [ 79.440989834315744, 13.335537298530213 ], [ 79.548058622117111, 13.323295039157916 ], [ 79.561093041635672, 13.27943096465769 ], [ 79.592696762355331, 13.257783522415323 ], [ 79.61356555403232, 13.280166085034836 ], [ 79.633225744748174, 13.271428320934124 ], [ 79.681019512057247, 13.294477708265438 ], [ 79.696868399068535, 13.269297079508775 ], [ 79.685905024151268, 13.242119019891437 ], [ 79.708637956894194, 13.246562183617547 ], [ 79.701381729813903, 13.220099234267567 ], [ 79.73547476786041, 13.234597293927726 ], [ 79.757106699213807, 13.207746624997146 ], [ 79.797629096821979, 13.236358846549731 ], [ 79.733851315768703, 13.28491408635254 ], [ 79.758734032302371, 13.292718799699944 ], [ 79.766612998876539, 13.315494227291197 ], [ 79.792418348437224, 13.294862823916015 ], [ 79.812892507882069, 13.317120946479362 ], [ 79.86382921223192, 13.316337437553027 ], [ 79.923332408148624, 13.356682533578638 ], [ 79.938198969153092, 13.348961321348339 ], [ 79.966229238608634, 13.387133731315291 ], [ 79.945050892602495, 13.417310874527059 ], [ 79.975820751410254, 13.430895613121214 ], [ 79.985959451569272, 13.480450547525132 ], [ 80.018410092632863, 13.500743097988829 ], [ 80.048599671022146, 13.497518646984604 ], [ 80.045268704924069, 13.514852016710346 ], [ 80.002644341261174, 13.522992705903521 ], [ 80.002125457540018, 13.539641475078758 ], [ 80.057925708242621, 13.534987965770631 ], [ 80.081944771778552, 13.550623341942362 ], [ 80.080465887127374, 13.491108165528631 ], [ 80.126246682619737, 13.507257654312371 ], [ 80.215624341935865, 13.48747756049297 ], [ 80.241806697448183, 13.467971637098627 ], [ 80.269692968384902, 13.563152697504124 ], [ 80.318762439930296, 13.456531462336638 ], [ 80.310933806233678, 13.432316420803041 ], [ 80.289005880930816, 13.440255698036886 ], [ 80.280867257653128, 13.427978442038688 ], [ 80.288888085191886, 13.402830351516753 ], [ 80.325121855773688, 13.38317137577237 ], [ 80.329333306998379, 13.438471386551065 ], [ 80.346305406902786, 13.293431102083149 ], [ 80.260222454253693, 12.937281474984992 ], [ 80.253865315494053, 12.766880832388633 ], [ 80.163834453670631, 12.517174522980214 ], [ 80.162427077274174, 12.470683821870054 ], [ 80.131058235197031, 12.447088268598577 ], [ 80.13823908398173, 12.432456160703763 ], [ 80.019148888484736, 12.282065322751896 ], [ 79.875025535147415, 12.043306962433373 ], [ 79.850043810626588, 12.050200347087141 ], [ 79.840902641492619, 12.013248341529792 ], [ 79.857856972097892, 12.004583149965924 ], [ 79.840504754199785, 11.954588883645133 ], [ 79.814760327420501, 11.978775584999152 ], [ 79.802636714724215, 11.952858647547124 ], [ 79.786843530693289, 11.960845133011288 ], [ 79.751967799385781, 11.921566580576036 ], [ 79.748587264430427, 11.961565906995208 ], [ 79.730646466451972, 11.98174399499346 ], [ 79.757368142574165, 11.981390145038223 ], [ 79.764580413075365, 12.000475641877856 ], [ 79.749574810231678, 12.008609552610414 ], [ 79.720746274625085, 11.991626185500547 ], [ 79.69381872405026, 12.033404938414794 ], [ 79.659156097480803, 12.006752990533572 ], [ 79.659036529654756, 11.987315639769648 ], [ 79.713956725484366, 11.986298740756332 ], [ 79.716484114962924, 11.96644687802066 ], [ 79.6931487304238, 11.95075453808407 ], [ 79.712842818566074, 11.930972194611792 ], [ 79.709595532565658, 11.945604462362661 ], [ 79.72102280576263, 11.943014778950308 ], [ 79.739994852269845, 11.905901577496216 ], [ 79.730489111411671, 11.889354812760104 ], [ 79.706611863101003, 11.892727288496019 ], [ 79.717620957434193, 11.91682667801131 ], [ 79.697874024046001, 11.91898347594157 ], [ 79.694924360032758, 11.893550976806942 ], [ 79.674140874402639, 11.87993993553842 ], [ 79.697138322189673, 11.887657346858235 ], [ 79.710825202990506, 11.887714974145963 ], [ 79.718969584013934, 11.852684306965486 ], [ 79.745549195660587, 11.861324168041429 ], [ 79.742974872013448, 11.84678459164113 ], [ 79.764997081897164, 11.875009742297964 ], [ 79.767409436608474, 11.838976075457193 ], [ 79.782357684439418, 11.855033957522981 ], [ 79.809313300777021, 11.84482920852615 ], [ 79.797008716279962, 11.823107092984021 ], [ 79.773534115754003, 11.821993718538955 ], [ 79.738716735545765, 11.842773923486584 ], [ 79.736516809954963, 11.808594549689362 ], [ 79.712504146355059, 11.789296096788098 ], [ 79.755148769683103, 11.774196705477253 ], [ 79.763448909257377, 11.790417686761572 ], [ 79.795096393763515, 11.784856664907457 ], [ 79.786446767559184, 11.739338019814133 ], [ 79.766979650059795, 11.744499501583988 ], [ 79.785581420631772, 11.729322961556239 ], [ 79.759292318707793, 11.563629840573471 ], [ 79.824679764634112, 11.364478229694701 ], [ 79.798700923659865, 11.368629247492773 ], [ 79.812392470102182, 11.344334050056945 ], [ 79.840129380560725, 11.35245641205112 ], [ 79.856806083271522, 11.012698141676012 ], [ 79.852489761720307, 10.987980570487984 ], [ 79.818511667190137, 11.001631126759369 ], [ 79.800494151074076, 10.98271724141979 ], [ 79.754220761388126, 11.004356489923451 ], [ 79.747209960864964, 10.986256837077761 ], [ 79.762639563452836, 10.958647601326522 ], [ 79.719934363901586, 10.960820342391239 ], [ 79.738322859071999, 10.950557425498262 ], [ 79.721346109121271, 10.934091336226968 ], [ 79.760187686057989, 10.914690263979825 ], [ 79.760267682154989, 10.897294548480787 ], [ 79.765175472852263, 10.910569779283769 ], [ 79.769117867267553, 10.8962281303965 ], [ 79.790430770707715, 10.904983544582924 ], [ 79.784257351662177, 10.888174671543696 ], [ 79.826329092988431, 10.882968810789784 ], [ 79.806907136334544, 10.877233436561736 ], [ 79.825535982432129, 10.864443785698333 ], [ 79.810523067080453, 10.854997884067119 ], [ 79.849479623322168, 10.827004391897104 ], [ 79.83576345811332, 10.811470708025215 ], [ 79.850147523586429, 10.809017411075315 ], [ 79.878712403980984, 10.287313482430251 ], [ 79.794811088302779, 10.271314137149345 ], [ 79.728648367893001, 10.329926249211441 ], [ 79.704122498314845, 10.328845808262363 ], [ 79.714794321782975, 10.311186321086513 ], [ 79.637886598659463, 10.338082291533855 ], [ 79.611570394922552, 10.319191366339938 ], [ 79.722958435209122, 10.289276922345319 ], [ 79.747529111815325, 10.300063090836414 ], [ 79.776383808256853, 10.275111269915053 ], [ 79.545406126314845, 10.307325950363543 ], [ 79.556289982849236, 10.329860930730778 ], [ 79.614798234639608, 10.334527694570664 ], [ 79.532773421017595, 10.355773576693323 ], [ 79.537840214389803, 10.326843920944217 ], [ 79.519326673480535, 10.311776531907315 ], [ 79.395524061382744, 10.32369351298054 ], [ 79.299005851211177, 10.264468194910158 ], [ 79.228834050571663, 10.145037139038878 ], [ 79.226925881225995, 10.092601575244348 ], [ 79.263471862729062, 10.03581417031703 ], [ 79.166970884529519, 9.942910361888 ], [ 79.120842858758039, 9.880574752474535 ], [ 79.120462165009059, 9.85174847965899 ], [ 78.987564242231855, 9.707266765082375 ], [ 78.925255423077502, 9.586380911947124 ], [ 78.91545923349689, 9.499642895437095 ], [ 78.894551621141787, 9.4786163038555 ], [ 78.929699618157372, 9.416416785062921 ], [ 79.051804628385469, 9.299971849901164 ], [ 79.188277606443805, 9.280931066700349 ], [ 79.08240970705863, 9.259214327790025 ], [ 78.965906911562683, 9.274549375046451 ], [ 78.904894779585987, 9.24823583926073 ], [ 78.856500284928202, 9.251868254652166 ], [ 78.724975577544598, 9.20876001738173 ], [ 78.720830556917647, 9.187329228640897 ], [ 78.65770521772464, 9.187468946439699 ], [ 78.650661619396956, 9.155395779007137 ], [ 78.575286761574162, 9.128212924988205 ], [ 78.528217602806237, 9.136116192735484 ], [ 78.422290394237933, 9.113391280211735 ], [ 78.27479360613161, 9.010759722116507 ], [ 78.213415256922559, 9.047960781531621 ], [ 78.216343764629372, 9.028605706343741 ], [ 78.244922430582136, 9.028342349932679 ], [ 78.267830595124636, 9.000840809544201 ], [ 78.212500336863513, 8.961582335336903 ], [ 78.172119303755167, 8.88038371746185 ], [ 78.165360490228423, 8.758371937638783 ], [ 78.198207770906691, 8.765185978179698 ], [ 78.199331527325427, 8.787901300348251 ], [ 78.205921967153685, 8.766914893590693 ], [ 78.193875408257966, 8.744896084667108 ], [ 78.169882189827902, 8.74347409288918 ], [ 78.14104057483901, 8.692949609289835 ], [ 78.126316216400042, 8.635222369226438 ], [ 78.141819463285231, 8.590809815523075 ], [ 78.124101283790907, 8.529516748332984 ], [ 78.133007993326586, 8.492364635087977 ], [ 78.067162089881123, 8.416292073013279 ], [ 78.067326746080496, 8.371262819766565 ], [ 77.976754378963733, 8.335884083116136 ], [ 77.88480621712236, 8.267390355764306 ], [ 77.814430797074735, 8.24616341814118 ], [ 77.786892089842013, 8.22567126205235 ], [ 77.780909829624505, 8.196609585092174 ], [ 77.734265709638123, 8.167683585666239 ], [ 77.646430807604446, 8.157257900715157 ], [ 77.568685526882348, 8.126127663611939 ] ], [ [ 79.69372163919283, 11.884004021026383 ], [ 79.693470694467408, 11.883871206395714 ], [ 79.695460970771691, 11.884924559867438 ], [ 79.69372163919283, 11.884004021026383 ] ], [ [ 79.773372830389633, 11.836642262070132 ], [ 79.775711186285434, 11.837572762002711 ], [ 79.775711260892919, 11.837573057973318 ], [ 79.773372830389633, 11.836642262070132 ] ], [ [ 77.149628616724598, 11.332792736310324 ], [ 77.139921138253015, 11.335183362932259 ], [ 77.144492308751694, 11.334057636508318 ], [ 77.149628616724598, 11.332792736310324 ] ], [ [ 78.138642485719757, 9.761698508984983 ], [ 78.140212927264614, 9.760758334271491 ], [ 78.133852544861043, 9.764566099891738 ], [ 78.138642485719757, 9.761698508984983 ] ], [ [ 79.67573944617294, 11.801548840449799 ], [ 79.6883146018574, 11.811791887272008 ], [ 79.676001726758898, 11.813712836717304 ], [ 79.67573944617294, 11.801548840449799 ] ], [ [ 79.436938129817051, 11.339995073557095 ], [ 79.434842817539476, 11.340254602577458 ], [ 79.434842822247873, 11.340254566580214 ], [ 79.436938129817051, 11.339995073557095 ] ], [ [ 79.496202899669598, 11.248004116959855 ], [ 79.497800174560368, 11.25705425471827 ], [ 79.497800137174266, 11.257054254586684 ], [ 79.496202899669598, 11.248004116959855 ] ], [ [ 79.259287855544727, 11.388405770245534 ], [ 79.257995229754542, 11.387732572647174 ], [ 79.25928792944552, 11.388405776032213 ], [ 79.259287855544727, 11.388405770245534 ] ], [ [ 79.701726502788489, 11.8202451472623 ], [ 79.693334730382034, 11.812747244502306 ], [ 79.703978243605761, 11.812052561348681 ], [ 79.701726502788489, 11.8202451472623 ] ], [ [ 79.803421321946928, 12.016893502213726 ], [ 79.79151283649729, 12.026975299267372 ], [ 79.790876741339602, 12.018514010544084 ], [ 79.803421321946928, 12.016893502213726 ] ], [ [ 79.688935620778025, 11.971887965918841 ], [ 79.659939558898984, 11.948987381720949 ], [ 79.675722574271376, 11.947927626818814 ], [ 79.688935620778025, 11.971887965918841 ] ], [ [ 79.6276719274518, 12.030438590527314 ], [ 79.620073266466605, 11.924432729005755 ], [ 79.626526572984787, 11.902395190878973 ], [ 79.641750593573917, 11.901175444734562 ], [ 79.672494520343065, 11.914745012230263 ], [ 79.668663546369913, 11.937137237634182 ], [ 79.643466609179768, 11.944719909007398 ], [ 79.637944887309857, 11.977122055185815 ], [ 79.654292921050541, 12.023789566227643 ], [ 79.6276719274518, 12.030438590527314 ] ], [ [ 79.646996972989413, 11.819750393250091 ], [ 79.670019719573418, 11.814905209836111 ], [ 79.657882135315674, 11.841157796760662 ], [ 79.646614214606913, 11.842433930875419 ], [ 79.646996972989413, 11.819750393250091 ] ], [ [ 79.599773625005042, 11.879803101469385 ], [ 79.602421432527848, 11.856514384044715 ], [ 79.629032525505281, 11.867226595553197 ], [ 79.626805378854186, 11.85239200283171 ], [ 79.650155572280511, 11.849034298123224 ], [ 79.664255773618876, 11.860290476116868 ], [ 79.64255690425864, 11.886065276053317 ], [ 79.599773625005042, 11.879803101469385 ] ] ], [ [ [ 78.186677772329247, 8.729830871396485 ], [ 78.192985089027133, 8.736135922153419 ], [ 78.191880898294755, 8.727295397915094 ], [ 78.186677772329247, 8.729830871396485 ] ] ], [ [ [ 78.210665707314348, 8.830449441772087 ], [ 78.218107020054063, 8.83543091582257 ], [ 78.217307453062759, 8.831163918991741 ], [ 78.210665707314348, 8.830449441772087 ] ] ], [ [ [ 78.228460228310922, 8.859525933303956 ], [ 78.232204415849964, 8.869380614106152 ], [ 78.233287910968755, 8.860778757674927 ], [ 78.228460228310922, 8.859525933303956 ] ] ], [ [ [ 78.251614924464022, 8.949738710088685 ], [ 78.260004782180175, 8.949034787777974 ], [ 78.252364699854482, 8.944467641205446 ], [ 78.251614924464022, 8.949738710088685 ] ] ], [ [ [ 78.488678463696417, 9.086537877689134 ], [ 78.494923389442675, 9.093257739533977 ], [ 78.495370196746194, 9.081553268991867 ], [ 78.488678463696417, 9.086537877689134 ] ] ], [ [ [ 78.571593997890076, 9.097723630107827 ], [ 78.58199907225017, 9.1119948968814 ], [ 78.584395408329385, 9.107268233816948 ], [ 78.571593997890076, 9.097723630107827 ] ] ], [ [ [ 78.533700391241439, 9.100851042673328 ], [ 78.539286141207469, 9.108180652654893 ], [ 78.538035329889695, 9.100244321197032 ], [ 78.533700391241439, 9.100851042673328 ] ] ], [ [ [ 78.694752692438513, 9.145966475373744 ], [ 78.698783585312768, 9.150355383287192 ], [ 78.69728942543172, 9.145114969437644 ], [ 78.694752692438513, 9.145966475373744 ] ] ], [ [ [ 78.727022416650954, 9.150462218589523 ], [ 78.734446809991937, 9.154246784908722 ], [ 78.732936402633328, 9.149653723530161 ], [ 78.727022416650954, 9.150462218589523 ] ] ], [ [ [ 78.755390120498262, 9.155525778962552 ], [ 78.761661078137408, 9.161340990424494 ], [ 78.762226295257719, 9.156348896590034 ], [ 78.755390120498262, 9.155525778962552 ] ] ], [ [ [ 78.699277171127889, 9.159113013996617 ], [ 78.706265171504853, 9.162694369536565 ], [ 78.705394591714779, 9.155794496151545 ], [ 78.699277171127889, 9.159113013996617 ] ] ], [ [ [ 78.824310504590485, 9.161843083383967 ], [ 78.820049832266676, 9.169025600820261 ], [ 78.829128132631297, 9.170995728751999 ], [ 78.824310504590485, 9.161843083383967 ] ] ], [ [ [ 78.704414780655256, 9.179883590375566 ], [ 78.711066776837555, 9.175194487661694 ], [ 78.705029509101266, 9.174382833071645 ], [ 78.704414780655256, 9.179883590375566 ] ] ], [ [ [ 78.937226686659798, 9.188705526658895 ], [ 78.918569614150826, 9.175629861239976 ], [ 78.904495356192598, 9.178108731293312 ], [ 78.937226686659798, 9.188705526658895 ] ] ], [ [ [ 78.962625751997138, 9.182583604380122 ], [ 78.968852203307591, 9.190883197323899 ], [ 78.97334954840251, 9.183244206408311 ], [ 78.962625751997138, 9.182583604380122 ] ] ], [ [ [ 79.062349899756654, 9.199177321510735 ], [ 79.071083362532988, 9.206161333588792 ], [ 79.088354245539037, 9.197853584267579 ], [ 79.085490551161897, 9.191205706969319 ], [ 79.062349899756654, 9.199177321510735 ] ] ], [ [ [ 79.127046676658509, 9.210592973321612 ], [ 79.129360308182399, 9.21826627602832 ], [ 79.13546521092475, 9.212082149235117 ], [ 79.127046676658509, 9.210592973321612 ] ] ], [ [ [ 79.195810337570322, 9.234397245343274 ], [ 79.201887542052333, 9.233069736835125 ], [ 79.197483914870276, 9.229397089270972 ], [ 79.195810337570322, 9.234397245343274 ] ] ], [ [ [ 79.183956009413436, 9.235626599181963 ], [ 79.190552442684378, 9.234304822567431 ], [ 79.186142529913525, 9.230991131625062 ], [ 79.183956009413436, 9.235626599181963 ] ] ], [ [ [ 79.176725573442965, 9.242327081390739 ], [ 79.184016744183339, 9.246410226032454 ], [ 79.18069993665604, 9.24059978542468 ], [ 79.176725573442965, 9.242327081390739 ] ] ], [ [ [ 79.211446600009253, 9.248284504424198 ], [ 79.212005515262021, 9.243221824647749 ], [ 79.206899954228135, 9.242762506280142 ], [ 79.211446600009253, 9.248284504424198 ] ] ], [ [ [ 79.486974654738461, 9.110328390413535 ], [ 79.490479062972881, 9.117811511080237 ], [ 79.49154372614008, 9.11646983477163 ], [ 79.486974654738461, 9.110328390413535 ] ] ], [ [ [ 79.472457538211472, 9.120418778649173 ], [ 79.479688568820237, 9.115902428700021 ], [ 79.474445299840667, 9.114267582782272 ], [ 79.472457538211472, 9.120418778649173 ] ] ], [ [ [ 79.458008803613481, 9.125645985078989 ], [ 79.465596725384756, 9.133705921568206 ], [ 79.468922889407182, 9.127653229308786 ], [ 79.458008803613481, 9.125645985078989 ] ] ], [ [ [ 79.429384062514501, 9.153243129149011 ], [ 79.437802401192684, 9.146874085458821 ], [ 79.429363176142672, 9.149547381957692 ], [ 79.429384062514501, 9.153243129149011 ] ] ], [ [ [ 79.316570483319154, 9.276442531341088 ], [ 79.354534942505737, 9.230500195679525 ], [ 79.416574594357428, 9.183740551791246 ], [ 79.425635803956865, 9.168002313066845 ], [ 79.30899358533479, 9.242635820614106 ], [ 79.262401754298466, 9.26111083383123 ], [ 79.219834285656546, 9.258302017645581 ], [ 79.205580382475958, 9.283224037825663 ], [ 79.270708748825555, 9.293488398645003 ], [ 79.316819440427494, 9.324915768259455 ], [ 79.333961803348728, 9.303893117850611 ], [ 79.316570483319154, 9.276442531341088 ] ] ], [ [ [ 79.797760119441406, 11.893473871821667 ], [ 79.784499390080072, 11.861950107383784 ], [ 79.779547982286459, 11.862371051974948 ], [ 79.771087295649366, 11.900911099009688 ], [ 79.797760119441406, 11.893473871821667 ] ] ], [ [ [ 79.846072719421443, 13.322952567816754 ], [ 79.841370879888075, 13.326371665587896 ], [ 79.845055000586541, 13.330697349430663 ], [ 79.846072719421443, 13.322952567816754 ] ] ], [ [ [ 80.318988296401315, 13.390961864069018 ], [ 80.321173877032876, 13.400853367681611 ], [ 80.320673787047767, 13.390917342642169 ], [ 80.318988296401315, 13.390961864069018 ] ] ], [ [ [ 80.307645755457372, 13.420198172710684 ], [ 80.301997377495368, 13.413847169558879 ], [ 80.303328989012655, 13.422297400327274 ], [ 80.307645755457372, 13.420198172710684 ] ] ], [ [ [ 80.31343488794198, 13.42405748688647 ], [ 80.319282276832197, 13.413932276998326 ], [ 80.313682910280193, 13.414991847513726 ], [ 80.31343488794198, 13.42405748688647 ] ] ], [ [ [ 80.316517240614047, 13.440152484674407 ], [ 80.32018159634984, 13.438219707453905 ], [ 80.318142133417467, 13.437677905623387 ], [ 80.316517240614047, 13.440152484674407 ] ] ] ] } },
{ "type": "Feature", "properties": { "ST_NM": "Tripura", "state_id": "tripura" }, "geometry": { "type": "Polygon", "coordinates": [ [ [ 91.892551595381789, 23.433534318470979 ], [ 91.842870361891897, 23.397321483408415 ], [ 91.777210432529557, 23.270042256014726 ], [ 91.818981902692528, 23.103186411816171 ], [ 91.83532659026136, 23.095778186250453 ], [ 91.810902483758213, 23.069451576137329 ], [ 91.778977284661522, 23.069901666483293 ], [ 91.780686939847939, 23.033422466225943 ], [ 91.774002708200896, 23.040986864722701 ], [ 91.726911400984477, 22.994347306355877 ], [ 91.659595942828744, 22.98046627974065 ], [ 91.616867562178967, 22.944421154826671 ], [ 91.605057541263108, 22.970080348501515 ], [ 91.57919965565047, 22.969996492332275 ], [ 91.558236296410314, 22.981764309408209 ], [ 91.558836875717432, 23.002179622317723 ], [ 91.545897255409074, 22.997749598610302 ], [ 91.551699139292481, 23.039159168090663 ], [ 91.537244205266077, 23.039689426806955 ], [ 91.533695481372916, 23.089695605206003 ], [ 91.507882887660273, 23.127344636079222 ], [ 91.51778954906932, 23.144216538273866 ], [ 91.494045527858859, 23.155872068198839 ], [ 91.507545926841573, 23.186408589812519 ], [ 91.477290840543006, 23.193760460886413 ], [ 91.485420585888107, 23.213873180361659 ], [ 91.458385351827403, 23.220067522377541 ], [ 91.470688531684502, 23.232539715696241 ], [ 91.457149847441784, 23.258263745156068 ], [ 91.424878912621992, 23.260533110381669 ], [ 91.416160357035039, 23.282225105629308 ], [ 91.384455165892462, 23.195175930803192 ], [ 91.421595409760528, 23.071486636919008 ], [ 91.393074573931329, 23.062231618727843 ], [ 91.356440862569016, 23.095519381738438 ], [ 91.327909551690524, 23.164448145543979 ], [ 91.329060711469793, 23.252866410914425 ], [ 91.302930005273041, 23.29281948483063 ], [ 91.317920566562719, 23.308570746758363 ], [ 91.294526295283617, 23.320281308145344 ], [ 91.317002560988584, 23.36001541729814 ], [ 91.299686223274449, 23.350487473803945 ], [ 91.249734543978832, 23.489726942245202 ], [ 91.208134267715025, 23.513533257458555 ], [ 91.213302430370575, 23.550062327632283 ], [ 91.16321891291517, 23.601399608442897 ], [ 91.161510886329594, 23.663497459569626 ], [ 91.2030970352248, 23.645494435995428 ], [ 91.207576568003191, 23.682194579394505 ], [ 91.157768076249212, 23.689378598647991 ], [ 91.15484127254868, 23.729345511837828 ], [ 91.167369295949683, 23.74870497713502 ], [ 91.227556242246294, 23.745322895795553 ], [ 91.228350654047944, 23.786869049035591 ], [ 91.253984224887787, 23.837674186905083 ], [ 91.233211565690439, 23.885691239168896 ], [ 91.247050682430583, 23.912642810157763 ], [ 91.238262617250683, 23.924838874841409 ], [ 91.276641254022621, 23.928358661361727 ], [ 91.26542219497891, 23.946952972751298 ], [ 91.284510656387582, 23.980090765910997 ], [ 91.297400954578407, 23.969912739445679 ], [ 91.328206704162028, 23.992948829176221 ], [ 91.385401913957153, 23.975942973267593 ], [ 91.379464426817023, 23.998373184726894 ], [ 91.404163383884892, 24.053940842587419 ], [ 91.384004220431635, 24.072639120078762 ], [ 91.382088372371385, 24.104946266461084 ], [ 91.60162679258552, 24.078364313260256 ], [ 91.602950496372642, 24.095438734287558 ], [ 91.64247547258563, 24.109452313357195 ], [ 91.640504571588977, 24.145296581351392 ], [ 91.663862810488752, 24.189071550424153 ], [ 91.654439091297192, 24.219442033075165 ], [ 91.671369372378862, 24.233106665940262 ], [ 91.694561908063889, 24.166800611389672 ], [ 91.760900275542639, 24.138689569266017 ], [ 91.749765572674619, 24.244834195833384 ], [ 91.82237920462066, 24.214483849162598 ], [ 91.848006291131071, 24.225202158634044 ], [ 91.850446705880103, 24.199023044916611 ], [ 91.889922796082516, 24.140632535754115 ], [ 91.907361571299404, 24.136930553324841 ], [ 91.94400942125877, 24.257695674888804 ], [ 91.927933931559622, 24.339076572361147 ], [ 91.962318432580133, 24.357950387463589 ], [ 91.998566926519516, 24.327965678972927 ], [ 91.974588450227643, 24.382763101123441 ], [ 92.005878283190924, 24.393032550542351 ], [ 92.058040849033816, 24.375297504205015 ], [ 92.124166795870622, 24.382178336790172 ], [ 92.139252067236242, 24.421702700212876 ], [ 92.171799107645043, 24.42156308616179 ], [ 92.154261478405601, 24.503233221963754 ], [ 92.170436738184648, 24.527497894561741 ], [ 92.233416829284891, 24.501713959051855 ], [ 92.231223454944157, 24.458635207632916 ], [ 92.273119389686087, 24.38665104904964 ], [ 92.212817494109743, 24.247635403756835 ], [ 92.296465946736149, 24.24991860917536 ], [ 92.297460075302652, 24.225422051407953 ], [ 92.329218731888972, 24.189289909782552 ], [ 92.336558240989419, 24.144936187775343 ], [ 92.313768944424424, 24.032929113753156 ], [ 92.328647891197093, 23.987854029034718 ], [ 92.311033133933151, 23.958820388800333 ], [ 92.33018094871089, 23.919672450504866 ], [ 92.321467005722027, 23.868062249816635 ], [ 92.291491496586318, 23.869759749128534 ], [ 92.273462970780855, 23.840021906627676 ], [ 92.286281087596421, 23.815114288774112 ], [ 92.258906799965587, 23.813382579840876 ], [ 92.268483749839348, 23.724393941893769 ], [ 92.244025484018294, 23.710032882131454 ], [ 92.224434952728387, 23.652879833873442 ], [ 92.211852445405711, 23.661247752352196 ], [ 92.216831105424276, 23.690979068372478 ], [ 92.181363181892394, 23.708111362991062 ], [ 92.177216918689666, 23.737822585099657 ], [ 92.146157623179604, 23.728400370892107 ], [ 92.106761340791294, 23.676493978741604 ], [ 92.089803480841539, 23.676424117673886 ], [ 92.0772017488638, 23.645485327761044 ], [ 92.012407688785203, 23.663089180650903 ], [ 91.983886219148957, 23.730698464118465 ], [ 91.956432872830533, 23.728040151068711 ], [ 91.961615798822621, 23.697984997302385 ], [ 91.940680791392595, 23.687946674937091 ], [ 91.940429783592279, 23.664283239591331 ], [ 91.978706048081122, 23.482194122091546 ], [ 91.946755284610518, 23.470663344688727 ], [ 91.942451602207498, 23.435688742951857 ], [ 91.892551595381789, 23.433534318470979 ] ] ] } },
{ "type": "Feature", "properties": { "ST_NM": "Uttar Pradesh", "state_id": "uttar_pradesh" }, "geometry": { "type": "MultiPolygon", "coordinates": [ [ [ [ 78.988748785575609, 24.442879040269101 ], [ 78.973556950375396, 24.349374228798307 ], [ 78.91435587246994, 24.296960561042432 ], [ 78.91829298902627, 24.272254130785686 ], [ 78.885627431301728, 24.249768137787733 ], [ 78.885369511540361, 24.218841269931684 ], [ 78.830711507333319, 24.197082150177685 ], [ 78.819977256088634, 24.20605238223019 ], [ 78.808666894250436, 24.177689464376723 ], [ 78.791004016811186, 24.18092184987767 ], [ 78.766718750809744, 24.254200915817226 ], [ 78.75229228775386, 24.234985563649087 ], [ 78.738637574053868, 24.249518317483602 ], [ 78.705213857993172, 24.230180511184017 ], [ 78.675460191010472, 24.240703493427866 ], [ 78.660785483114196, 24.269399698574681 ], [ 78.628044522106478, 24.281892606292143 ], [ 78.629145440249118, 24.30546987226629 ], [ 78.584759054620989, 24.352644137158126 ], [ 78.511661707001252, 24.389467709242858 ], [ 78.474019793191147, 24.334889829280126 ], [ 78.446460587468337, 24.321074698745534 ], [ 78.440925178585303, 24.293231205026384 ], [ 78.388443177949611, 24.269501907304186 ], [ 78.33206776633449, 24.325139248738385 ], [ 78.367091465161224, 24.381267270203882 ], [ 78.27296597857611, 24.442784780285212 ], [ 78.275727255945554, 24.471571798042877 ], [ 78.245721298264158, 24.484833826130807 ], [ 78.246272910118904, 24.504944588647962 ], [ 78.22582439343438, 24.518124802161754 ], [ 78.23029542155254, 24.536673714105923 ], [ 78.26504079660566, 24.553519705502577 ], [ 78.276078658067007, 24.61066344154014 ], [ 78.262931506790167, 24.643890683458658 ], [ 78.274744095465024, 24.662358807317741 ], [ 78.226682139388942, 24.742555478661604 ], [ 78.232141926773707, 24.771737664947818 ], [ 78.215290111944711, 24.808213084718773 ], [ 78.171641921621728, 24.843284832947383 ], [ 78.169649713069049, 24.866086480589033 ], [ 78.334144101730118, 24.994600454906266 ], [ 78.344702146957573, 25.022359287868216 ], [ 78.334447425976904, 25.08375116403349 ], [ 78.402091741099099, 25.125499254344845 ], [ 78.449732075400121, 25.123744368543363 ], [ 78.425099872992362, 25.148455778307163 ], [ 78.449696476915534, 25.152832976077011 ], [ 78.450806306406022, 25.167509228449081 ], [ 78.392180451370294, 25.190087469471273 ], [ 78.404602660149621, 25.212659787317882 ], [ 78.36137576772667, 25.240969526658784 ], [ 78.369090667255563, 25.260302253021312 ], [ 78.352034623090262, 25.292792171254522 ], [ 78.314900042010422, 25.305828146725737 ], [ 78.338182889460469, 25.3315529925666 ], [ 78.301120464588308, 25.362430600769219 ], [ 78.306644194042178, 25.378556184667055 ], [ 78.33724734241035, 25.395789977838223 ], [ 78.354609729583885, 25.449602171304949 ], [ 78.384435142868341, 25.443154709319835 ], [ 78.427841807832976, 25.472380863379701 ], [ 78.415815340545549, 25.527636385642261 ], [ 78.436535457615506, 25.558569587455786 ], [ 78.462401536874424, 25.546676202579057 ], [ 78.493530961410684, 25.576935446869292 ], [ 78.588523475672744, 25.559044821045578 ], [ 78.616002495025214, 25.583804095085238 ], [ 78.656002508201425, 25.560384280068554 ], [ 78.684443749658556, 25.588832582611392 ], [ 78.812752590442329, 25.619301107092966 ], [ 78.818943222203202, 25.669190694108888 ], [ 78.754443222316795, 25.743743992110325 ], [ 78.783453215033802, 25.756155520868795 ], [ 78.807278832874147, 25.793998766978611 ], [ 78.82824237404202, 25.794047566111949 ], [ 78.830016085229317, 25.80986123991276 ], [ 78.808199572241676, 25.807510176099601 ], [ 78.819017535110348, 25.824740913009535 ], [ 78.86968164585835, 25.793847931112797 ], [ 78.873549431035897, 25.82897772442578 ], [ 78.854014527259324, 25.833385563892428 ], [ 78.854444683803052, 25.855110037730391 ], [ 78.890523221698913, 25.864881427488569 ], [ 78.884264991172302, 25.910247085830417 ], [ 78.937495925221938, 25.943946685658045 ], [ 78.931616361202913, 25.975434372394247 ], [ 78.951205867820505, 25.985251497452936 ], [ 78.952380505490439, 26.031493623319168 ], [ 79.011285686644968, 26.07631662360329 ], [ 78.950828237940726, 26.133625221803566 ], [ 78.973533219313936, 26.150262373838821 ], [ 79.0089227733027, 26.149465255628499 ], [ 79.011629691496651, 26.167440304551377 ], [ 78.983994762847459, 26.187262918585567 ], [ 79.028995122802201, 26.20412665365134 ], [ 78.992567740146541, 26.237454966269819 ], [ 79.018685905725008, 26.246226914480797 ], [ 79.037899474752209, 26.226526864683766 ], [ 79.065364777479672, 26.227346741542117 ], [ 79.070999741263293, 26.241381464232337 ], [ 79.045371455167952, 26.261428070669361 ], [ 79.075654018451473, 26.282054628842729 ], [ 79.091954695282098, 26.266857102634987 ], [ 79.102269049610371, 26.306370091100039 ], [ 79.135037006144842, 26.310468819953279 ], [ 79.124122180447443, 26.329508681559926 ], [ 79.142236501090338, 26.339382335369951 ], [ 79.08524565211043, 26.360417707948486 ], [ 79.098973643348572, 26.373784064373023 ], [ 79.095355421991627, 26.412196613994052 ], [ 79.125777883922979, 26.41150036460882 ], [ 79.135349571542989, 26.43917861593896 ], [ 79.05700265444537, 26.450402430188408 ], [ 79.069546298557327, 26.497627282454861 ], [ 79.029182931383957, 26.545969400403198 ], [ 79.006597243340153, 26.545243778292562 ], [ 79.015373926727264, 26.552100115868956 ], [ 78.999994495233366, 26.576594230795354 ], [ 78.988241441863295, 26.568366067036127 ], [ 78.98667818734431, 26.586707485230779 ], [ 79.014348213647153, 26.604747641234599 ], [ 78.995586995764896, 26.641633362591673 ], [ 79.009162399756804, 26.670966755470054 ], [ 78.992649495995053, 26.679951383360038 ], [ 78.946620027317095, 26.656931144574347 ], [ 78.956876171173576, 26.690977428728079 ], [ 78.912686288758337, 26.707596883535295 ], [ 78.873628016024043, 26.698893742908066 ], [ 78.820108917399367, 26.759680474693841 ], [ 78.775073600370376, 26.758733203491513 ], [ 78.749775633773041, 26.786702047748072 ], [ 78.73162736845245, 26.773532089413759 ], [ 78.724058902125336, 26.794388783571549 ], [ 78.686037667493451, 26.786558514422357 ], [ 78.667647572679712, 26.763416402901345 ], [ 78.629056587527373, 26.769387204826177 ], [ 78.610540601864443, 26.750255054899466 ], [ 78.574394093335783, 26.751880244535684 ], [ 78.459283422955437, 26.792229780741021 ], [ 78.434406943068765, 26.826486750867346 ], [ 78.398224902281825, 26.819074211664368 ], [ 78.359887223717251, 26.868535345538742 ], [ 78.29053547594286, 26.858266115513558 ], [ 78.269279975594415, 26.815145303567977 ], [ 78.218166653966264, 26.830282830813207 ], [ 78.199549014146925, 26.882782214463635 ], [ 78.234999809446947, 26.876803660287745 ], [ 78.270754517577132, 26.917668668103524 ], [ 78.224416149072809, 26.948107209649567 ], [ 78.213723759386426, 26.933060161098805 ], [ 78.119756757964751, 26.94740510778621 ], [ 78.121111844800836, 26.921669636366431 ], [ 78.10373358593553, 26.923235314189714 ], [ 78.109832506208591, 26.899179163537205 ], [ 78.050571233615827, 26.909621406810622 ], [ 78.056088343505806, 26.86900977082297 ], [ 78.030271345518145, 26.855084882926498 ], [ 78.036200420435677, 26.870348460093865 ], [ 78.014950078937332, 26.904858873868655 ], [ 77.950194943514305, 26.894014990965758 ], [ 77.908155356876804, 26.918777320078451 ], [ 77.898284919561689, 26.883693563980501 ], [ 77.829476663316868, 26.920445722951918 ], [ 77.761482616885203, 26.931991477892673 ], [ 77.726944936386673, 26.910689188789284 ], [ 77.723833389197125, 26.875617602231927 ], [ 77.686313896713855, 26.8726237063266 ], [ 77.612341677297024, 26.827132192691927 ], [ 77.608017275413985, 26.836827161696576 ], [ 77.528439561980221, 26.816367416205225 ], [ 77.505730756139371, 26.842311718425147 ], [ 77.488650362332749, 26.782185591689341 ], [ 77.504346370160192, 26.7684949728568 ], [ 77.487974270662491, 26.748269165848853 ], [ 77.455901498520319, 26.741149586494071 ], [ 77.471939565374612, 26.76394851071047 ], [ 77.463598269877551, 26.774775520330508 ], [ 77.436194082710784, 26.764513551072781 ], [ 77.446888434456639, 26.813545246839848 ], [ 77.425158123456967, 26.837195370726452 ], [ 77.430178003710168, 26.861415249394508 ], [ 77.656989661956771, 26.968104569419484 ], [ 77.744490902888899, 26.9824805792618 ], [ 77.763225918401517, 27.017003068629791 ], [ 77.734680128199514, 27.025797077825736 ], [ 77.72205889189982, 26.992219686132906 ], [ 77.686362265837431, 27.044794976704413 ], [ 77.665143071029973, 27.017007396437517 ], [ 77.635488721153465, 27.00979802315603 ], [ 77.591991978503202, 27.033624916869968 ], [ 77.565468552266069, 27.031217222880553 ], [ 77.573792026031882, 27.072319730830664 ], [ 77.522365979304041, 27.064747831260046 ], [ 77.526319687095665, 27.082414624136721 ], [ 77.510398800528819, 27.093539793014916 ], [ 77.598980921701425, 27.117368796282079 ], [ 77.613393013138634, 27.162753974897559 ], [ 77.662935698860821, 27.169834672662716 ], [ 77.681364841717937, 27.194607544931269 ], [ 77.647884261825013, 27.211533931390395 ], [ 77.652578363448143, 27.233139274514745 ], [ 77.600091543269713, 27.294829012863552 ], [ 77.621949941770509, 27.309024069201616 ], [ 77.622612696742237, 27.337661887771798 ], [ 77.582994542389486, 27.32100442474751 ], [ 77.505702665235418, 27.375663679565811 ], [ 77.440300574985301, 27.393506198728971 ], [ 77.423608981490233, 27.419709981491287 ], [ 77.438090148959802, 27.456385723748486 ], [ 77.404897868012895, 27.472168079733429 ], [ 77.39094480978838, 27.510903102071865 ], [ 77.343636123963947, 27.52440758822296 ], [ 77.338936545341099, 27.565491664287034 ], [ 77.358709392293619, 27.587782130835592 ], [ 77.319805012499145, 27.606086150532704 ], [ 77.351010988508392, 27.647407879160841 ], [ 77.345271725235349, 27.690572141425729 ], [ 77.306330537125788, 27.713091542610211 ], [ 77.321095429028603, 27.73308775735439 ], [ 77.313001976460043, 27.782420475053669 ], [ 77.28461252153825, 27.800986825083019 ], [ 77.348291993818165, 27.853982859630989 ], [ 77.42142224747964, 27.853421360702463 ], [ 77.410590089440049, 27.876260749246047 ], [ 77.421368809968826, 27.890511027558109 ], [ 77.451274830588375, 27.872819228056748 ], [ 77.46758348417687, 27.879628880011605 ], [ 77.486851040751233, 27.934528093951055 ], [ 77.528422177416374, 27.926176927817828 ], [ 77.545386794418107, 27.94359479213319 ], [ 77.545210192343362, 27.959841562824138 ], [ 77.51886040836996, 27.96763209848919 ], [ 77.54454337329804, 27.987618455992163 ], [ 77.48845829600792, 28.038483673347905 ], [ 77.478278882183432, 28.080338295644083 ], [ 77.487656660609971, 28.102306454102436 ], [ 77.501738751770873, 28.092337272255616 ], [ 77.505892719679608, 28.154199555298021 ], [ 77.551976554669508, 28.175966458958342 ], [ 77.515245115873299, 28.189800351787824 ], [ 77.501679311446921, 28.179434523267506 ], [ 77.498718528928521, 28.206331427641896 ], [ 77.528732932377622, 28.196106055002776 ], [ 77.525222291674822, 28.224086522362015 ], [ 77.550894897275455, 28.2420533736735 ], [ 77.476949089356324, 28.264080111701471 ], [ 77.502432876100443, 28.274978350785599 ], [ 77.505525916163094, 28.301388323118719 ], [ 77.473504914239498, 28.332379036313863 ], [ 77.504041280212121, 28.352625557641971 ], [ 77.476683065874823, 28.394062788860055 ], [ 77.484434352393734, 28.407891586090258 ], [ 77.379256149224346, 28.475146426778704 ], [ 77.305141367388302, 28.555732227913847 ], [ 77.317164253905048, 28.591442137128972 ], [ 77.346252794569111, 28.603392151011704 ], [ 77.321304686717596, 28.639186522546499 ], [ 77.333703853412956, 28.71041555057635 ], [ 77.295090383072676, 28.707033041050199 ], [ 77.234930323685631, 28.782273792343755 ], [ 77.204689722139676, 28.796959832985785 ], [ 77.227639165395615, 28.829950566257871 ], [ 77.18840623726085, 28.880275201379838 ], [ 77.231619891693995, 28.898814515471283 ], [ 77.207209346604046, 28.915635156290193 ], [ 77.215826599139405, 28.931167824478948 ], [ 77.200629312721617, 28.950388494057663 ], [ 77.224785109193135, 29.000679770566013 ], [ 77.132721673605801, 29.100604843852299 ], [ 77.150791568460576, 29.176932151485065 ], [ 77.136085559045654, 29.219749425005833 ], [ 77.154930166249656, 29.238208555334275 ], [ 77.140440775730525, 29.267686560717085 ], [ 77.16501519968439, 29.330391719643043 ], [ 77.128587548377453, 29.352099364141907 ], [ 77.128036416273048, 29.371625124619349 ], [ 77.157944570400971, 29.384718509450572 ], [ 77.137037232337079, 29.405600152480666 ], [ 77.150622653468147, 29.43707469732519 ], [ 77.125538095254043, 29.456857511949302 ], [ 77.131195106139828, 29.492338806159299 ], [ 77.096236138556634, 29.528647738850449 ], [ 77.121110765780031, 29.548041827348239 ], [ 77.097081581901492, 29.595895222032226 ], [ 77.142897339445824, 29.658075807379433 ], [ 77.130790274319892, 29.680952260166592 ], [ 77.154997274724323, 29.701064757758157 ], [ 77.124668424817202, 29.743747617041254 ], [ 77.128793124033294, 29.766057091180766 ], [ 77.16420655286727, 29.788414286523913 ], [ 77.201199625916431, 29.917207829396173 ], [ 77.275407750751754, 29.997291172044878 ], [ 77.282747769921258, 30.043509494075078 ], [ 77.426963075010249, 30.102202250305094 ], [ 77.410537990838463, 30.113816619085355 ], [ 77.436193783602462, 30.163578026377493 ], [ 77.485986458057894, 30.183660313898923 ], [ 77.539683079723233, 30.277380587965101 ], [ 77.58333782422001, 30.306287633971674 ], [ 77.605105441625696, 30.365937525602281 ], [ 77.576203591516219, 30.399611453838652 ], [ 77.590711784021806, 30.407576331748714 ], [ 77.647406168593591, 30.405951769395394 ], [ 77.723909505054777, 30.333723875930634 ], [ 77.944592265412368, 30.241709335653582 ], [ 77.851358334099842, 30.107008599299181 ], [ 77.82584411912832, 30.084376164203782 ], [ 77.799199725144391, 30.094734882588057 ], [ 77.770229586773596, 30.042990072100977 ], [ 77.784893813472678, 30.021028897520441 ], [ 77.742630457126026, 29.98219361527261 ], [ 77.757493105340643, 29.962330667046324 ], [ 77.730125240863572, 29.929678687847698 ], [ 77.745462670437064, 29.908183247559727 ], [ 77.714336884929267, 29.866488197189039 ], [ 77.742387312207313, 29.847760251305985 ], [ 77.77693202537138, 29.780088678207921 ], [ 77.769813910443901, 29.710526245610456 ], [ 77.807036166295759, 29.695026267488267 ], [ 77.804606266827122, 29.67647834930413 ], [ 77.841052706935855, 29.663866578894481 ], [ 77.886040138283889, 29.696483481503737 ], [ 77.922398391419776, 29.693430450932688 ], [ 77.939443552335462, 29.709077397243366 ], [ 77.964203604454539, 29.699841653284764 ], [ 77.955255661403015, 29.686053371696477 ], [ 77.984363522109689, 29.670139034713703 ], [ 77.988921167142308, 29.60845698819589 ], [ 77.963947008818835, 29.610478849874632 ], [ 77.959325415234304, 29.584850969240499 ], [ 77.995816088543975, 29.582455983420775 ], [ 78.000009159872178, 29.540249832478661 ], [ 78.048910092893578, 29.546990520825773 ], [ 78.056017934620883, 29.587447298710646 ], [ 78.094189789887011, 29.596163675924441 ], [ 78.151425060338823, 29.670454920774848 ], [ 78.178232919388108, 29.673877691903456 ], [ 78.205905269279242, 29.704403537530418 ], [ 78.23365381403427, 29.711951955340837 ], [ 78.243782933532017, 29.698406338387571 ], [ 78.344334613046072, 29.790494817888586 ], [ 78.425171884240896, 29.766682025226579 ], [ 78.500159310131593, 29.735600690373268 ], [ 78.539793408903506, 29.618535120119709 ], [ 78.617621299879332, 29.555922645601751 ], [ 78.797827215020519, 29.470083162640197 ], [ 78.935303642808464, 29.450184985874209 ], [ 78.912751589890192, 29.440700199406308 ], [ 78.882428629656147, 29.386371828960382 ], [ 78.841008804582543, 29.36218620331433 ], [ 78.82117183535388, 29.376897161028207 ], [ 78.800934834028837, 29.323289209107156 ], [ 78.794590645133724, 29.34045713134525 ], [ 78.76951844301621, 29.343776221574291 ], [ 78.725893157794403, 29.311378321073043 ], [ 78.811879080755673, 29.251850959605218 ], [ 78.864645754253146, 29.255288440438957 ], [ 78.911121036635592, 29.196550370287039 ], [ 78.912304276034519, 29.144572451243345 ], [ 78.956292711785778, 29.143531050024094 ], [ 78.974271548830828, 29.160748494068585 ], [ 79.012455901530501, 29.110483862590542 ], [ 79.028897561895135, 29.111789456513936 ], [ 79.042884697798215, 29.12415049085039 ], [ 79.02067884838479, 29.130148019271466 ], [ 79.022919142559289, 29.151154058704282 ], [ 79.038353059239185, 29.143791667581954 ], [ 79.038943606431886, 29.16620755071585 ], [ 79.142776521880847, 29.123280820292795 ], [ 79.155911862519091, 29.100533275701768 ], [ 79.14886016793173, 29.063255099530529 ], [ 79.177270336863671, 29.045162449464563 ], [ 79.170103535305941, 29.016786829854002 ], [ 79.215880386184608, 29.023016964904979 ], [ 79.310699133569798, 28.946997269417889 ], [ 79.363703284847006, 28.946318117106962 ], [ 79.371515268200838, 28.964372799554109 ], [ 79.388829172549265, 28.930931191638354 ], [ 79.413236856323806, 28.926154161406863 ], [ 79.407379668373736, 28.879331665839974 ], [ 79.422914720940824, 28.849758364239861 ], [ 79.518987312603073, 28.857191277754595 ], [ 79.54825350007755, 28.886438586001134 ], [ 79.565763687626117, 28.872417384170383 ], [ 79.562665098883485, 28.839784822973915 ], [ 79.625368725549478, 28.862628745825802 ], [ 79.677995278107772, 28.842227055090358 ], [ 79.724044173764028, 28.874588539075944 ], [ 79.78634626268267, 28.885741447688709 ], [ 79.820500061627371, 28.856740656007439 ], [ 79.795133519769138, 28.799340471840235 ], [ 79.827707680224293, 28.806178419777325 ], [ 79.836314184034975, 28.838712409996631 ], [ 79.865914545168494, 28.838212709802043 ], [ 79.887456445387485, 28.812269968910361 ], [ 79.85804170258001, 28.81522677982651 ], [ 79.852335169297959, 28.802585473049241 ], [ 79.913107398274363, 28.79605513493857 ], [ 79.900721396672893, 28.779706579139102 ], [ 79.934116552325108, 28.726648182781677 ], [ 79.979546915028678, 28.70955607208198 ], [ 80.014615546354619, 28.720901608460352 ], [ 80.045258534826573, 28.75533281966111 ], [ 80.052297788823111, 28.777074011991651 ], [ 80.037542762279827, 28.793804720190966 ], [ 80.070348030830644, 28.829225999236915 ], [ 80.123639871327242, 28.825016928951342 ], [ 80.210692178422079, 28.759923293888352 ], [ 80.266271949595406, 28.750380800308083 ], [ 80.262239748161562, 28.724731655371091 ], [ 80.322929957986659, 28.696542339084957 ], [ 80.332454005019031, 28.666691489143965 ], [ 80.372164615882681, 28.633280998210022 ], [ 80.433012330026841, 28.63893380174866 ], [ 80.46217491870415, 28.624258504954561 ], [ 80.471914031448648, 28.588070306514311 ], [ 80.522759752722365, 28.557552439861023 ], [ 80.533112165275071, 28.568609041764883 ], [ 80.508668314763511, 28.665791912505039 ], [ 80.565972691203669, 28.689487441036206 ], [ 80.591041940149992, 28.679289320273099 ], [ 80.594102154717206, 28.646056457402821 ], [ 80.668862855607074, 28.639826299233523 ], [ 80.702662606937466, 28.575351057319139 ], [ 80.771363432779324, 28.565254831566662 ], [ 80.787111166569517, 28.524523767459065 ], [ 80.845033981061093, 28.496795940444116 ], [ 80.865929294931945, 28.492183693548505 ], [ 80.879025615585661, 28.507295999759137 ], [ 80.908610458834886, 28.494969367414399 ], [ 80.90571853991527, 28.459001774795841 ], [ 80.942307157933271, 28.466203209835438 ], [ 80.939321804327179, 28.451045047325621 ], [ 80.978369875306655, 28.450865251586496 ], [ 80.97219287555285, 28.434616645425983 ], [ 81.013858402388195, 28.448005612149394 ], [ 81.016569962091324, 28.433298413531571 ], [ 81.039788274782865, 28.429813275245234 ], [ 81.02226188611175, 28.413153388952363 ], [ 81.03713088178624, 28.400206385564793 ], [ 81.043774290140348, 28.412165174989418 ], [ 81.103347795466078, 28.37775244600908 ], [ 81.215678307444918, 28.35748045227793 ], [ 81.235641324882707, 28.33002097845835 ], [ 81.240422065767689, 28.280944044979567 ], [ 81.320424220897678, 28.201816274122674 ], [ 81.32735671737386, 28.170939720799712 ], [ 81.307279060313107, 28.164070139717026 ], [ 81.328696808901583, 28.156939146166231 ], [ 81.319594926811249, 28.135383199807102 ], [ 81.379453482483342, 28.145284767964192 ], [ 81.381325410156677, 28.173132850750623 ], [ 81.429171197406035, 28.171025568583648 ], [ 81.484152658878372, 28.114006580746103 ], [ 81.481886420203281, 28.081171205945054 ], [ 81.632870966483111, 28.002729692725339 ], [ 81.700329064101609, 27.98877212558504 ], [ 81.806814418345141, 27.9020877553594 ], [ 81.89057850485861, 27.857577239658152 ], [ 81.928176806735891, 27.858736138552448 ], [ 81.927370339737692, 27.876833062392386 ], [ 81.971340591129064, 27.929454088852392 ], [ 82.073771593280995, 27.923956033295994 ], [ 82.126002758593245, 27.865688831128715 ], [ 82.207209785171187, 27.845687472727487 ], [ 82.458570350939411, 27.676181067833419 ], [ 82.713766942683904, 27.72832356359168 ], [ 82.716089955341559, 27.66209936718824 ], [ 82.744158516199846, 27.631554716897774 ], [ 82.73783120541249, 27.612242172211165 ], [ 82.755002443191188, 27.583250751346196 ], [ 82.741713048503527, 27.500754558167628 ], [ 82.92565652078369, 27.500478546932698 ], [ 82.950108117755192, 27.472258642980844 ], [ 83.023024721954044, 27.45259251425518 ], [ 83.18416680901619, 27.452862520160771 ], [ 83.272412581916868, 27.380608847679412 ], [ 83.278665621254518, 27.346577852733141 ], [ 83.311835560797363, 27.329156673538773 ], [ 83.363767769070449, 27.344110692436608 ], [ 83.405859534094517, 27.398552258638521 ], [ 83.3909625164505, 27.428480817131778 ], [ 83.406778334061158, 27.454121597359087 ], [ 83.394037852643905, 27.475422961994063 ], [ 83.609838442781381, 27.4699350282613 ], [ 83.83952592663627, 27.366224845004428 ], [ 83.866561670739699, 27.344905318801381 ], [ 83.840726348252758, 27.31804680648473 ], [ 83.864767056315998, 27.307940577021732 ], [ 83.9267974419501, 27.322090830044157 ], [ 83.935729169250564, 27.30096394016234 ], [ 83.906216669373819, 27.273834109438106 ], [ 83.908005032379918, 27.256212419143651 ], [ 83.964466374653497, 27.231873853536424 ], [ 83.995037577043533, 27.178650269625336 ], [ 83.960801720147941, 27.137772517818178 ], [ 83.949265235714876, 27.08989535683671 ], [ 84.030535410095752, 27.092450985072798 ], [ 84.000560083692221, 27.065551911898119 ], [ 84.050577880887943, 27.04169702248667 ], [ 84.040180021862383, 27.008850177968981 ], [ 84.059217931395281, 26.987861730327186 ], [ 84.046117218346993, 26.981081485463509 ], [ 84.056324721841065, 26.959013734759456 ], [ 84.034552492419735, 26.93978763661249 ], [ 84.057281909529223, 26.928925135540698 ], [ 84.061594101138795, 26.888820500267919 ], [ 84.099589252187641, 26.874313443173897 ], [ 84.110206090940054, 26.897995044543318 ], [ 84.150400376218869, 26.884779431208891 ], [ 84.141164251089819, 26.852891573417253 ], [ 84.178424072041736, 26.831770475285278 ], [ 84.21873224243015, 26.868242943908346 ], [ 84.250609306308291, 26.859726309116223 ], [ 84.261734502586634, 26.806006724404178 ], [ 84.234004774349486, 26.754440383661297 ], [ 84.243350588836122, 26.736898623027589 ], [ 84.256740453413386, 26.726665306284261 ], [ 84.307394350392897, 26.750671993757756 ], [ 84.334936781695859, 26.681737197694193 ], [ 84.4114847174571, 26.668760172405253 ], [ 84.42360226727574, 26.624759562327704 ], [ 84.3118868763747, 26.614969839921827 ], [ 84.281436392519751, 26.596847776489859 ], [ 84.157829319911215, 26.625122010545752 ], [ 84.161325545173597, 26.635880320339901 ], [ 84.091093506171134, 26.640167033476253 ], [ 84.091810218944332, 26.596941886718984 ], [ 84.056992978178258, 26.540843614079627 ], [ 84.009925181989118, 26.522339553769598 ], [ 83.983427389467408, 26.529244508202257 ], [ 83.971777200452891, 26.505909297301425 ], [ 83.944243872661573, 26.521716887968626 ], [ 83.91147700514135, 26.515330479582317 ], [ 83.911471026166652, 26.44754560309179 ], [ 83.991104019628978, 26.432000094861898 ], [ 84.020150236551828, 26.445849408151936 ], [ 84.039680016303535, 26.410437048775886 ], [ 84.081074826921494, 26.381955748807112 ], [ 84.180406430880964, 26.371551865867414 ], [ 84.176207667942407, 26.335706973688175 ], [ 84.190720377210809, 26.314668559087597 ], [ 84.168263869371174, 26.243562098535079 ], [ 84.154276468028158, 26.259303449475127 ], [ 84.121902661047059, 26.259535171799275 ], [ 84.119393711588529, 26.239456510755961 ], [ 84.088277346133253, 26.218826752747628 ], [ 84.020477182419839, 26.238228543578959 ], [ 84.032523608662203, 26.198511428689091 ], [ 84.011029679967734, 26.187722370283371 ], [ 84.03674095931828, 26.160582136971456 ], [ 84.027022816346701, 26.142757827350891 ], [ 84.051263779622033, 26.129217964326795 ], [ 84.057880157096236, 26.097399225073158 ], [ 84.099838835727937, 26.094272731491934 ], [ 84.176000370782702, 26.023326171369714 ], [ 84.174927301667935, 25.989376000322373 ], [ 84.210499573847216, 25.998456936733195 ], [ 84.304926130773083, 25.945005264284678 ], [ 84.359977038420254, 25.957383738731416 ], [ 84.416829091147633, 25.929468387757247 ], [ 84.431811265334801, 25.890576348472166 ], [ 84.5370835801521, 25.876004663791843 ], [ 84.548978486965211, 25.86041189587862 ], [ 84.528433685000664, 25.859413545049275 ], [ 84.535386872699107, 25.832627550858088 ], [ 84.564944178026494, 25.835832743883003 ], [ 84.629448441302415, 25.790765760928565 ], [ 84.629069458462254, 25.770802282062199 ], [ 84.608856290751035, 25.759055713634993 ], [ 84.638873547703554, 25.726807833521434 ], [ 84.563931597186709, 25.734816799686516 ], [ 84.564675861295271, 25.687006472524484 ], [ 84.539691120486154, 25.691253042823686 ], [ 84.544181705837275, 25.724894334567171 ], [ 84.524668834482284, 25.676137371266279 ], [ 84.47482587566671, 25.683878109456792 ], [ 84.457109236362001, 25.712830451573922 ], [ 84.432527628823479, 25.710041391060834 ], [ 84.431950226181371, 25.693418262827691 ], [ 84.410248325652987, 25.697814974968665 ], [ 84.388421864199998, 25.746948467935553 ], [ 84.377922031760718, 25.734272016982615 ], [ 84.339715804453903, 25.742795677578805 ], [ 84.326950816757432, 25.67022125403221 ], [ 84.29197043228892, 25.675387245277356 ], [ 84.293945357040883, 25.659795761316456 ], [ 84.211326367665777, 25.667822222934479 ], [ 84.202755149885391, 25.701564594124545 ], [ 84.156715767841092, 25.729056925767548 ], [ 84.144203576733375, 25.71498279038078 ], [ 84.14360477358575, 25.72971754361663 ], [ 84.1028791203141, 25.718447001282566 ], [ 84.078121714597117, 25.693672473553054 ], [ 84.08494250717419, 25.635652471745644 ], [ 83.925487380081378, 25.556556248577991 ], [ 83.881364208613292, 25.51846642053383 ], [ 83.859504162221455, 25.471824414669484 ], [ 83.818615594880853, 25.463996960174665 ], [ 83.813950727778746, 25.451780767646206 ], [ 83.846742047857802, 25.435019267715198 ], [ 83.802742162045249, 25.429718708859571 ], [ 83.807730866349274, 25.409104966946611 ], [ 83.770273913369095, 25.386027339215786 ], [ 83.740890992824021, 25.408655181473105 ], [ 83.712367852016456, 25.384220171350439 ], [ 83.702964871062193, 25.394145097701752 ], [ 83.683590097676458, 25.376435533685228 ], [ 83.697337392529974, 25.369363789140866 ], [ 83.658586362361319, 25.365999168637806 ], [ 83.650853864867017, 25.339184746958068 ], [ 83.572540934084529, 25.306179240492035 ], [ 83.572634019220956, 25.313872437358317 ], [ 83.54302469232907, 25.313203230605293 ], [ 83.555010744580088, 25.309623223775318 ], [ 83.488632983896068, 25.280394280377962 ], [ 83.468627519329189, 25.249976819232799 ], [ 83.417630485280768, 25.247247728926833 ], [ 83.396554421354082, 25.205003217951255 ], [ 83.344181151079823, 25.181539727313343 ], [ 83.365645897318075, 25.122232506570782 ], [ 83.34840092080178, 25.110451796006259 ], [ 83.342038661391953, 25.049102722709264 ], [ 83.330154267437891, 25.053926476095196 ], [ 83.324301523910847, 25.025464570996945 ], [ 83.352091383637813, 25.008634315230669 ], [ 83.346639942660872, 24.961757732502932 ], [ 83.365195458617677, 24.953575535456661 ], [ 83.359535731057534, 24.901338520094932 ], [ 83.372374434954423, 24.876900733327229 ], [ 83.362110583423032, 24.86892602590137 ], [ 83.398486581458869, 24.831469507775285 ], [ 83.394851089544304, 24.782656158048404 ], [ 83.4611111517072, 24.731872639883598 ], [ 83.48785151962997, 24.73639558703799 ], [ 83.488701537177462, 24.704334922415992 ], [ 83.521675150618918, 24.679816395014594 ], [ 83.505484716945915, 24.650344465117044 ], [ 83.549647139056802, 24.623303119167566 ], [ 83.525359575939206, 24.601981415427996 ], [ 83.532505323375645, 24.566099649557664 ], [ 83.501318152088899, 24.540872696540916 ], [ 83.506066038555502, 24.525889651327393 ], [ 83.400918656023123, 24.499957976701545 ], [ 83.389288880478006, 24.454463576357881 ], [ 83.408543358647108, 24.435992408661104 ], [ 83.407993225633973, 24.407562043261212 ], [ 83.437733723755514, 24.402700225954376 ], [ 83.45919488276661, 24.363731597494699 ], [ 83.38374385859818, 24.313523378523293 ], [ 83.409663041072562, 24.265051331854838 ], [ 83.385120233940228, 24.234730134724188 ], [ 83.386110799856581, 24.199901986935387 ], [ 83.350526816291534, 24.113434663969798 ], [ 83.324136600562198, 24.105966357946041 ], [ 83.298552641674462, 24.073268832774449 ], [ 83.285630653952495, 24.023713587741579 ], [ 83.22372867832739, 23.988645892932741 ], [ 83.197253424578719, 23.920404340169281 ], [ 83.094291825069618, 23.877448045625599 ], [ 82.957216517944929, 23.872150996640805 ], [ 82.898066565270696, 23.90362638161351 ], [ 82.856646959847183, 23.945810885638487 ], [ 82.808225256396739, 23.966388687753263 ], [ 82.805050943964559, 24.004005271327113 ], [ 82.753672673819622, 24.011917939657934 ], [ 82.747730939941505, 24.029830642537771 ], [ 82.774081080357291, 24.076610586244239 ], [ 82.716240343137045, 24.07945984151155 ], [ 82.665268928917456, 24.133386166345243 ], [ 82.678721081716503, 24.157038651954128 ], [ 82.728212006800675, 24.137629314762734 ], [ 82.744015351115237, 24.166958672805237 ], [ 82.734900637970441, 24.221792955631024 ], [ 82.757823496076881, 24.234673412770825 ], [ 82.772047970831295, 24.290912198993617 ], [ 82.76854904109301, 24.371428908942661 ], [ 82.726474536586039, 24.369571815625559 ], [ 82.715124113927914, 24.383502119411936 ], [ 82.740700553489532, 24.431033684467362 ], [ 82.731784220426903, 24.47456499599275 ], [ 82.74458996316298, 24.497985066056344 ], [ 82.723673296443067, 24.511480022715471 ], [ 82.720592272903616, 24.554358258118832 ], [ 82.749265603813157, 24.552748616544068 ], [ 82.754091686419798, 24.539695539942215 ], [ 82.808830145147979, 24.550891123224062 ], [ 82.80446149337952, 24.597908768705192 ], [ 82.768159722942286, 24.597938997186599 ], [ 82.770887688873401, 24.643742696876267 ], [ 82.703280076483509, 24.642279408052318 ], [ 82.704076206052022, 24.67370970663579 ], [ 82.673690562945652, 24.697793710652629 ], [ 82.537405770247233, 24.649832519824237 ], [ 82.526571387945964, 24.676168088263346 ], [ 82.456999811902904, 24.67567167749192 ], [ 82.453012673549992, 24.694124833209916 ], [ 82.42832258658612, 24.702969067903407 ], [ 82.409766053834531, 24.681530197916441 ], [ 82.417289963858352, 24.595660595590029 ], [ 82.368959104134063, 24.599779321607148 ], [ 82.337897081697406, 24.62148907236611 ], [ 82.302045453014117, 24.611452584219045 ], [ 82.304577459659498, 24.667667904152857 ], [ 82.271549312638072, 24.68401730064631 ], [ 82.261209533311387, 24.663715008074913 ], [ 82.238093156480986, 24.667243057964722 ], [ 82.25187425419503, 24.773248727908381 ], [ 82.24656983790382, 24.751926293517837 ], [ 82.229146130258854, 24.764538686510537 ], [ 82.231014006253062, 24.749251451602106 ], [ 82.207695187544374, 24.74956154692898 ], [ 82.221586483713523, 24.741717028814183 ], [ 82.221938492184165, 24.726191476383391 ], [ 82.181088307144705, 24.737046246067418 ], [ 82.203881548089839, 24.761222931858011 ], [ 82.19758708505853, 24.779728880558572 ], [ 82.217695926307755, 24.778955500805868 ], [ 82.216957503905419, 24.795216017724293 ], [ 82.187250253158481, 24.802067041716231 ], [ 82.204220793718079, 24.821924286394783 ], [ 82.167626873938687, 24.789669120880525 ], [ 82.140478742282866, 24.801859507351686 ], [ 82.1204239909639, 24.789631953468657 ], [ 82.090127820304531, 24.819427533546275 ], [ 82.013148805208061, 24.84791017396492 ], [ 81.96740464960061, 24.827819489320461 ], [ 81.904726526585478, 24.889605207338036 ], [ 81.920346144065945, 24.92798821061939 ], [ 81.906810743685696, 25.006591048146731 ], [ 81.894488928819499, 24.989801748973207 ], [ 81.837735337196079, 25.016238493058438 ], [ 81.797567360608355, 25.007032004536143 ], [ 81.740760671812211, 25.04551930414749 ], [ 81.690255106743564, 25.040546322539456 ], [ 81.667070198141516, 25.076447903701649 ], [ 81.612722410783761, 25.057439645132717 ], [ 81.602172726455535, 25.076470806053464 ], [ 81.640348988886274, 25.0999451672742 ], [ 81.625156955490581, 25.119268299297914 ], [ 81.609621118473513, 25.096861497969428 ], [ 81.600532589633815, 25.132998178918513 ], [ 81.627423834278375, 25.15626238160155 ], [ 81.618420576868516, 25.170241793193782 ], [ 81.590214687158777, 25.164840167412422 ], [ 81.59645970715809, 25.1803500966966 ], [ 81.574851775770071, 25.192285877795598 ], [ 81.518023346992933, 25.183539361799806 ], [ 81.538442244770692, 25.159881131912002 ], [ 81.533063046071561, 25.140192234744813 ], [ 81.503831745596472, 25.148874845320314 ], [ 81.49800654823548, 25.13076544154206 ], [ 81.481266984275308, 25.133647001587928 ], [ 81.515957630738967, 25.103391117657186 ], [ 81.492081325584266, 25.071534744635791 ], [ 81.409217189809908, 25.104271139824011 ], [ 81.446724295359061, 25.106960732229911 ], [ 81.43860685641701, 25.130120717237432 ], [ 81.399609627429427, 25.119608247156908 ], [ 81.338340184339714, 25.168874841159724 ], [ 81.321354066144494, 25.159927691429942 ], [ 81.323029035138958, 25.112709937476495 ], [ 81.314786230112617, 25.162356403686054 ], [ 81.277512268652984, 25.164083876005407 ], [ 81.283155312155714, 25.149777370971158 ], [ 81.254030321608866, 25.101935691860024 ], [ 81.269891490139813, 25.064891992284519 ], [ 81.209956078578884, 24.992181968614972 ], [ 81.220812921346663, 24.931042962233118 ], [ 81.192634980866103, 24.925732092810524 ], [ 81.207171014262329, 24.931267534244373 ], [ 81.169648035346881, 24.954970971448677 ], [ 81.140614126613642, 24.888579589109796 ], [ 81.084620447658409, 24.948663113130173 ], [ 81.017700239875694, 24.950674200650592 ], [ 81.024956141617736, 24.928843423688686 ], [ 80.980411693331092, 24.935940761963451 ], [ 80.963368924700916, 24.922063091414749 ], [ 80.944993749381979, 24.968791584585269 ], [ 80.90543375010644, 24.952993019526033 ], [ 80.908183297290009, 24.935871166499489 ], [ 80.810313132677479, 24.940682580110842 ], [ 80.798102632297457, 24.967967294227087 ], [ 80.826781050741502, 24.969835064928319 ], [ 80.856338577887598, 24.994344889421452 ], [ 80.834862813922129, 25.035335647422645 ], [ 80.878864937660992, 25.067202702219507 ], [ 80.873228543518991, 25.119745093696601 ], [ 80.913204457557669, 25.15640399800818 ], [ 80.886357835518467, 25.191644701186185 ], [ 80.844577708711796, 25.188697741101837 ], [ 80.835934388797966, 25.10638858250627 ], [ 80.807825635289305, 25.142454058068765 ], [ 80.707850262624447, 25.133109594301626 ], [ 80.733567173626128, 25.118886714879707 ], [ 80.733429832030453, 25.093983364049411 ], [ 80.784179280354749, 25.08036982919446 ], [ 80.784112069917086, 25.057785613135909 ], [ 80.735365383350882, 25.067873118797504 ], [ 80.681709965328082, 25.050199453961028 ], [ 80.687431640873683, 25.077828789189731 ], [ 80.664459457158472, 25.070442500115686 ], [ 80.643393773180506, 25.093523198502712 ], [ 80.628192528842803, 25.08554662615327 ], [ 80.609510211352656, 25.100348432488531 ], [ 80.640562405139164, 25.119221328910374 ], [ 80.602780294256121, 25.151132550693227 ], [ 80.609615304524908, 25.118734158728895 ], [ 80.595941099006865, 25.105022597373111 ], [ 80.614914075987741, 25.068147969728642 ], [ 80.570568054001683, 25.087371733964098 ], [ 80.551536063640313, 25.063590601851534 ], [ 80.517623476186202, 25.096908710669133 ], [ 80.482579918062328, 25.097691693571704 ], [ 80.508089817165114, 25.085446892681336 ], [ 80.502268317744097, 25.041247572529013 ], [ 80.548478960289899, 25.031753362144965 ], [ 80.550304444236872, 25.002650920248378 ], [ 80.521470801476255, 25.008711878705313 ], [ 80.48131811286656, 24.976282025220019 ], [ 80.460324073843296, 24.98261313333138 ], [ 80.466246154983835, 25.000098665508954 ], [ 80.433644026547, 25.026555242176453 ], [ 80.454354529132928, 25.041188584013135 ], [ 80.501741699382592, 25.037515941846312 ], [ 80.478242136220643, 25.040589522842907 ], [ 80.448785870665972, 25.07792265307916 ], [ 80.37379288874034, 25.053583744419758 ], [ 80.395402936533984, 25.00831003404442 ], [ 80.366847607247763, 25.021931779955207 ], [ 80.32208519091671, 24.999356845259946 ], [ 80.274898678865668, 25.02603510299863 ], [ 80.289559194498821, 25.055824244823313 ], [ 80.311396972182123, 25.043100634788562 ], [ 80.353071418956077, 25.054368933021614 ], [ 80.350046114167512, 25.089256738041055 ], [ 80.376875149629257, 25.111137936095162 ], [ 80.355603896128869, 25.12577226655414 ], [ 80.359377015853738, 25.140644403043105 ], [ 80.431822401030416, 25.169905352276803 ], [ 80.407234329143378, 25.238661693127796 ], [ 80.386198592050832, 25.233197104208479 ], [ 80.349151884209974, 25.274222087633976 ], [ 80.312203917488176, 25.284483863988292 ], [ 80.318992049786274, 25.382842260800359 ], [ 80.264128142279688, 25.424166690554781 ], [ 80.253425719075224, 25.400361705494845 ], [ 80.202155367793466, 25.411659296111186 ], [ 80.196087843072434, 25.379113730049191 ], [ 80.167354940179891, 25.373088618251945 ], [ 80.131440375238014, 25.333886609120967 ], [ 80.091421519869655, 25.351249918971138 ], [ 80.028834970265919, 25.338553506607887 ], [ 80.00474019621366, 25.264094111888951 ], [ 79.950567159610642, 25.267289622237371 ], [ 79.921412410384562, 25.228871924152703 ], [ 79.910352076762692, 25.252318111596146 ], [ 79.85505531962734, 25.235589787172309 ], [ 79.880043679731969, 25.14398156886428 ], [ 79.855494458297628, 25.128865828634417 ], [ 79.863712552769613, 25.094002254210611 ], [ 79.848661580941595, 25.091898560904241 ], [ 79.753426263434164, 25.139295650172389 ], [ 79.673904550094548, 25.122504851680205 ], [ 79.62775360926716, 25.138018008934939 ], [ 79.605579369026046, 25.126785192684125 ], [ 79.610516753817123, 25.150099286780421 ], [ 79.597404366896072, 25.142613893437638 ], [ 79.573233277592436, 25.172848968420464 ], [ 79.49746113754378, 25.078091096714626 ], [ 79.468107661768869, 25.091654428599497 ], [ 79.476004448832086, 25.129742391773455 ], [ 79.44393633535509, 25.103115787150351 ], [ 79.433506297736088, 25.133675402642886 ], [ 79.40072028134577, 25.111419209403994 ], [ 79.39145961852968, 25.165509762182168 ], [ 79.41720074396703, 25.203965405943379 ], [ 79.450360547011584, 25.207775648951003 ], [ 79.434676999070192, 25.220249842754569 ], [ 79.46689599287231, 25.264638431392303 ], [ 79.49814315096171, 25.265543613044407 ], [ 79.465152852468776, 25.2790474154279 ], [ 79.422989214144749, 25.254394718543601 ], [ 79.375110757734689, 25.289450357827423 ], [ 79.373381074495171, 25.263220663429085 ], [ 79.360619015973299, 25.260526689831856 ], [ 79.357378049978152, 25.283553419626788 ], [ 79.338407959653466, 25.289166855988906 ], [ 79.353571424405786, 25.328128151362478 ], [ 79.31189714978288, 25.334923683966903 ], [ 79.267760028658515, 25.305319077257845 ], [ 79.264093612506471, 25.274568661929852 ], [ 79.278717501208618, 25.261614570099997 ], [ 79.295366072759805, 25.285345764728046 ], [ 79.322299218930226, 25.256527589690567 ], [ 79.347727828113648, 25.267892214526597 ], [ 79.348744805978981, 25.225651853973222 ], [ 79.336722420345623, 25.225066943313319 ], [ 79.354557188695097, 25.209417392671202 ], [ 79.340168666631683, 25.196015912875012 ], [ 79.332940895772524, 25.217601342436666 ], [ 79.281171638249731, 25.243252568550279 ], [ 79.286345277640351, 25.192566848297286 ], [ 79.322086146666592, 25.147091192050826 ], [ 79.284031345756389, 25.11548242724654 ], [ 79.265556164326028, 25.119234662143079 ], [ 79.266693505678717, 25.148461158605134 ], [ 79.253325061086485, 25.157144885055114 ], [ 79.221358476415773, 25.143556414033455 ], [ 79.251005915536368, 25.135983762142477 ], [ 79.245827361736247, 25.111574925961008 ], [ 79.213795575858398, 25.108957578640833 ], [ 79.19229684747431, 25.146291168546771 ], [ 79.174180922642975, 25.137510017833158 ], [ 79.18671590260773, 25.112877390337296 ], [ 79.131708756709415, 25.107034308973994 ], [ 79.115187876355463, 25.138843386744337 ], [ 79.127829679112551, 25.159305653296681 ], [ 79.091695046627663, 25.187625920331104 ], [ 79.050373572132031, 25.133274147306221 ], [ 79.029077753073665, 25.138299561026127 ], [ 79.043129046403692, 25.168991348243704 ], [ 79.031948955231798, 25.181648550304292 ], [ 79.063847656002196, 25.220779148906587 ], [ 79.019506800044368, 25.243271892205531 ], [ 79.012387500780591, 25.271981429679773 ], [ 78.994167320750293, 25.269963370874009 ], [ 78.978522250068039, 25.239946307549864 ], [ 79.002045543649828, 25.228793180107665 ], [ 79.003144079018611, 25.191009644443653 ], [ 78.955651720007296, 25.215210800745961 ], [ 78.88114409846709, 25.158324651737455 ], [ 78.883166124579134, 25.250762637613139 ], [ 78.898987471309411, 25.240464665342063 ], [ 78.915937266682164, 25.26934604595785 ], [ 78.94796126166392, 25.257687471917791 ], [ 78.954914003863522, 25.278687822327129 ], [ 78.977439292830155, 25.280207360235408 ], [ 78.960190773563582, 25.306844801277649 ], [ 78.963209317506212, 25.342711195931169 ], [ 78.935010039565086, 25.326660088022752 ], [ 78.926281212344605, 25.340931873902434 ], [ 78.883877043257471, 25.339387462124623 ], [ 78.863758164385018, 25.311902610973974 ], [ 78.87974476995943, 25.283177177863951 ], [ 78.84900131566701, 25.22416219282135 ], [ 78.812869532861441, 25.265889000916744 ], [ 78.818955796788003, 25.294784568515663 ], [ 78.790543760809925, 25.298111726334582 ], [ 78.850839411987323, 25.327292481328762 ], [ 78.845085094151869, 25.347081683605673 ], [ 78.882155404115622, 25.382559213628621 ], [ 78.95682633953507, 25.395079870042448 ], [ 78.938576318485588, 25.372045765732626 ], [ 78.899867359095012, 25.370218104906616 ], [ 78.936050992495723, 25.346743041616765 ], [ 78.985977503875873, 25.370950007764986 ], [ 78.967646115614755, 25.433783304165114 ], [ 78.936621208941403, 25.42322346025415 ], [ 78.910704591978558, 25.44181140813534 ], [ 78.943163040304285, 25.474878843471146 ], [ 78.923937098457344, 25.515575821183401 ], [ 78.949478927533391, 25.525976269638861 ], [ 78.938344324713398, 25.554533523301451 ], [ 78.924408436108152, 25.536106024859439 ], [ 78.91794557818308, 25.554139612111534 ], [ 78.881912962638211, 25.551809035605995 ], [ 78.883532750695935, 25.519124013091034 ], [ 78.835805094416187, 25.504792633447337 ], [ 78.864622577924507, 25.461988253745044 ], [ 78.841656939003386, 25.427320647186075 ], [ 78.821279348446581, 25.44115560176051 ], [ 78.853190826612547, 25.449246025461409 ], [ 78.837315736219438, 25.460532014892138 ], [ 78.796944229436704, 25.478329120758957 ], [ 78.763944522626957, 25.470968726841058 ], [ 78.739139146107647, 25.495445669534892 ], [ 78.732009249566772, 25.458128845749062 ], [ 78.762427077591198, 25.428690174836991 ], [ 78.796837399787208, 25.43686973887316 ], [ 78.820302894978653, 25.42529127321718 ], [ 78.750464486503802, 25.407550473211465 ], [ 78.748864281759495, 25.39344759298649 ], [ 78.76695244513769, 25.396938284305239 ], [ 78.771650515736866, 25.353294387990434 ], [ 78.720851313320296, 25.347873899824151 ], [ 78.716290302146888, 25.37362131296948 ], [ 78.665122376000127, 25.382831354021842 ], [ 78.663768538659923, 25.414962480880071 ], [ 78.67634502700227, 25.398722835969338 ], [ 78.708707758029433, 25.42369158579632 ], [ 78.693071904729038, 25.442611668377459 ], [ 78.659983911420127, 25.438817945857025 ], [ 78.640932822598401, 25.432874133742757 ], [ 78.635813304240401, 25.401294185796111 ], [ 78.610716590095279, 25.411896146541761 ], [ 78.595513731055945, 25.386943298108559 ], [ 78.568275523992611, 25.390523479705291 ], [ 78.583339542976248, 25.346791255618008 ], [ 78.532254855827389, 25.357856872977262 ], [ 78.548527725240419, 25.321472833882307 ], [ 78.532132212368381, 25.301402928202318 ], [ 78.50727888827754, 25.29900235617432 ], [ 78.499205174357201, 25.318690336947739 ], [ 78.474046959987604, 25.287883154126828 ], [ 78.442144281831645, 25.297383276234289 ], [ 78.435647157209701, 25.275705800384202 ], [ 78.451390946196881, 25.264833493704689 ], [ 78.50370010337349, 25.288738399935639 ], [ 78.575609471352337, 25.253524212754265 ], [ 78.568507023770565, 25.222383104008703 ], [ 78.60069267791917, 25.152375100790639 ], [ 78.604088966735475, 25.092890980702041 ], [ 78.648865546225835, 25.056544112647067 ], [ 78.628886154305064, 24.960026623868711 ], [ 78.647336561056221, 24.935499007231094 ], [ 78.660559699817838, 24.93935904368135 ], [ 78.675226334043813, 24.897580525238787 ], [ 78.771359256377607, 24.856596235995045 ], [ 78.787377776311288, 24.810247746352914 ], [ 78.771380070092164, 24.790279694224825 ], [ 78.779153486105898, 24.69948971055069 ], [ 78.746768063476267, 24.655341681925933 ], [ 78.75613529515762, 24.600398781763229 ], [ 78.783578645584285, 24.588532508376641 ], [ 78.837605078794439, 24.604340417785874 ], [ 78.845814160908247, 24.623655572282626 ], [ 78.859170123499538, 24.616384223712277 ], [ 78.873344192576681, 24.640923459009421 ], [ 78.888538638207962, 24.635143106316562 ], [ 78.919950312026842, 24.57679355496753 ], [ 78.951465237061598, 24.551735661931222 ], [ 78.950936552920609, 24.505077599741824 ], [ 78.973174397467886, 24.492538855160991 ], [ 78.937467932072792, 24.480125806234412 ], [ 78.924328230430078, 24.498073134412749 ], [ 78.909336718097379, 24.473946089200812 ], [ 78.951132865333548, 24.438888733631636 ], [ 78.988748785575609, 24.442879040269101 ] ], [ [ 79.966344093016033, 26.15523845027278 ], [ 79.966344099133408, 26.155238443835003 ], [ 79.965346945373526, 26.157662307933556 ], [ 79.966344093016033, 26.15523845027278 ] ], [ [ 80.175925518811979, 26.527464406456893 ], [ 80.162125620891985, 26.533484672016687 ], [ 80.175925517117946, 26.527464405325148 ], [ 80.175925518811979, 26.527464406456893 ] ], [ [ 77.67560489005642, 28.103344784985879 ], [ 77.675172556331091, 28.104624586346553 ], [ 77.673873480472352, 28.108469949169255 ], [ 77.67560489005642, 28.103344784985879 ] ], [ [ 78.487407023605371, 27.749180402418411 ], [ 78.487406944662311, 27.749180442991772 ], [ 78.494596195135372, 27.745446436461151 ], [ 78.487407023605371, 27.749180402418411 ] ], [ [ 77.713888029473111, 28.553035156931728 ], [ 77.71278303397682, 28.55328789073495 ], [ 77.716482434896278, 28.552441730145205 ], [ 77.713888029473111, 28.553035156931728 ] ], [ [ 77.644168254571525, 28.480753258002895 ], [ 77.639120861071248, 28.478233029448695 ], [ 77.64416824546241, 28.48075324964849 ], [ 77.644168254571525, 28.480753258002895 ] ], [ [ 80.482916792324858, 25.055566928750984 ], [ 80.485388801869675, 25.073855932357478 ], [ 80.477712556990753, 25.066646298495016 ], [ 80.482916792324858, 25.055566928750984 ] ] ], [ [ [ 79.366921514415225, 25.128708687404384 ], [ 79.426072445398873, 25.05249193054118 ], [ 79.413138834313955, 25.033640111091191 ], [ 79.375605529906039, 25.05033556203297 ], [ 79.359487641372851, 25.039832339400995 ], [ 79.353937763268377, 25.067314458484869 ], [ 79.382190422590284, 25.06544604176759 ], [ 79.381161754501932, 25.099017948109267 ], [ 79.352742125072353, 25.115980677857152 ], [ 79.363574492374838, 25.141909660190695 ], [ 79.376137609528413, 25.140982705535738 ], [ 79.366921514415225, 25.128708687404384 ] ] ], [ [ [ 79.356575194084783, 25.174291122306688 ], [ 79.373209934898412, 25.179739933489984 ], [ 79.369140786331869, 25.170435095867703 ], [ 79.356575194084783, 25.174291122306688 ] ] ], [ [ [ 80.457317201853513, 25.004088601392063 ], [ 80.448015733030019, 24.996309015960577 ], [ 80.437997386734779, 25.000146767820961 ], [ 80.442292222101244, 25.004196755454945 ], [ 80.457317201853513, 25.004088601392063 ] ] ] ] } },
{ "type": "Feature", "properties": { "ST_NM": "Uttarakhand", "state_id": "uttarakhand" }, "geometry": { "type": "Polygon", "coordinates": [ [ [ 78.841008804582543, 29.36218620331433 ], [ 78.899475258457485, 29.402992658434947 ], [ 78.932168667360784, 29.454157925699697 ], [ 78.797827215020519, 29.470083162640197 ], [ 78.617621299879332, 29.555922645601751 ], [ 78.539793408903506, 29.618535120119709 ], [ 78.500159310131593, 29.735600690373268 ], [ 78.425171884240896, 29.766682025226579 ], [ 78.344334613046072, 29.790494817888586 ], [ 78.243782933532017, 29.698406338387571 ], [ 78.23365381403427, 29.711951955340837 ], [ 78.205905269279242, 29.704403537530418 ], [ 78.178232919388108, 29.673877691903456 ], [ 78.151425060338823, 29.670454920774848 ], [ 78.094189789887011, 29.596163675924441 ], [ 78.056017934620883, 29.587447298710646 ], [ 78.048910092893578, 29.546990520825773 ], [ 78.000009159872178, 29.540249832478661 ], [ 77.995816088543975, 29.582455983420775 ], [ 77.959325415234304, 29.584850969240499 ], [ 77.963947008818835, 29.610478849874632 ], [ 77.988921167142308, 29.60845698819589 ], [ 77.989152312120723, 29.636491455652333 ], [ 77.984363522109689, 29.670139034713703 ], [ 77.95759317228601, 29.681696975855626 ], [ 77.953050285494427, 29.709085754881276 ], [ 77.886040138283889, 29.696483481503737 ], [ 77.833388654277627, 29.663530305976163 ], [ 77.801250545444773, 29.680443368330319 ], [ 77.807036166295759, 29.695026267488267 ], [ 77.771023573928801, 29.708020374804477 ], [ 77.77693202537138, 29.780088678207921 ], [ 77.742387312207313, 29.847760251305985 ], [ 77.714336884929267, 29.866488197189039 ], [ 77.745462670437064, 29.908183247559727 ], [ 77.730125240863572, 29.929678687847698 ], [ 77.757493105340643, 29.962330667046324 ], [ 77.742630457126026, 29.98219361527261 ], [ 77.784893813472678, 30.021028897520441 ], [ 77.770229586773596, 30.042990072100977 ], [ 77.799199725144391, 30.094734882588057 ], [ 77.82584411912832, 30.084376164203782 ], [ 77.851358334099842, 30.107008599299181 ], [ 77.944592265412368, 30.241709335653582 ], [ 77.723909505054777, 30.333723875930634 ], [ 77.647406168593591, 30.405951769395394 ], [ 77.575402336845457, 30.40516793654966 ], [ 77.594276718358671, 30.425417418638784 ], [ 77.692375418313517, 30.446789051850306 ], [ 77.807353795584675, 30.503601751738564 ], [ 77.824168710316329, 30.528183883942326 ], [ 77.816812278867161, 30.558806753777713 ], [ 77.775411517430129, 30.558058915017213 ], [ 77.743100803619868, 30.593488590451681 ], [ 77.768034007245561, 30.595838343328708 ], [ 77.770251044080837, 30.615422327010524 ], [ 77.795653552122715, 30.614442863549932 ], [ 77.782002119243501, 30.646599852510217 ], [ 77.792774797273552, 30.658881870720357 ], [ 77.747166980509618, 30.681006972725807 ], [ 77.754889793391314, 30.705839735800012 ], [ 77.705417580120653, 30.743544589177784 ], [ 77.702165670010515, 30.763941452432629 ], [ 77.758422341773709, 30.825104852492107 ], [ 77.745503454396626, 30.846050796134381 ], [ 77.758631394025727, 30.876492637514964 ], [ 77.803473919424292, 30.85379204453254 ], [ 77.809822396517305, 30.919090358885718 ], [ 77.759771177773359, 30.917626460727547 ], [ 77.748798444435977, 30.954950834496117 ], [ 77.778161352780728, 30.972346927629758 ], [ 77.831423217204872, 30.948867110847516 ], [ 77.810711097158787, 30.96514275998743 ], [ 77.824409573023161, 31.000554594227992 ], [ 77.839696952947406, 31.003455451353204 ], [ 77.815065699991067, 31.057481580267961 ], [ 77.857355830828794, 31.07666503639166 ], [ 77.902173661665927, 31.150086526393579 ], [ 77.96951152573007, 31.174136786473014 ], [ 78.028986818216424, 31.150232900419155 ], [ 78.044748342271021, 31.18061470875034 ], [ 78.102594632205466, 31.18608170192249 ], [ 78.162790220716772, 31.226840862415088 ], [ 78.202529154093611, 31.217443685948069 ], [ 78.247605700287579, 31.230219574128 ], [ 78.284117910767748, 31.266568200975428 ], [ 78.308520188661191, 31.261223571639334 ], [ 78.313506244165296, 31.283429579392475 ], [ 78.371474794620042, 31.286036323108647 ], [ 78.396541884728038, 31.276615932049594 ], [ 78.412652251161489, 31.242896512030939 ], [ 78.434606594395689, 31.254983858754997 ], [ 78.459280152413555, 31.239280517155862 ], [ 78.485176011020542, 31.198789138619532 ], [ 78.552234144056854, 31.201713194380261 ], [ 78.581757952120029, 31.22874622264095 ], [ 78.610555266324923, 31.23137904359703 ], [ 78.649644984263034, 31.216858439397981 ], [ 78.662845004618362, 31.189607058019647 ], [ 78.81026786587455, 31.19991513184317 ], [ 78.833880225887924, 31.142035383111022 ], [ 78.886493020947057, 31.102089414578074 ], [ 79.011756704933418, 31.110081509364022 ], [ 78.98993008345218, 31.172893606343337 ], [ 78.930990127672374, 31.220011186182546 ], [ 78.922266245255344, 31.254063634018962 ], [ 78.940912241392539, 31.326660430032746 ], [ 79.00530002312837, 31.356748439943146 ], [ 79.072630335259362, 31.467233866813842 ], [ 79.144696686202906, 31.433656500690574 ], [ 79.237317330601229, 31.332118680245117 ], [ 79.26462712572669, 31.289327356042293 ], [ 79.249427463021846, 31.248797194123199 ], [ 79.288321349935984, 31.225473994754054 ], [ 79.300305350327164, 31.164788608815456 ], [ 79.340446026092138, 31.124468089529614 ], [ 79.397201780706268, 31.112985358992148 ], [ 79.428288923007827, 31.032127357921855 ], [ 79.516513830386884, 31.033708196396564 ], [ 79.53467967849258, 30.989773672530724 ], [ 79.552883705110148, 30.985834578525914 ], [ 79.548128945826463, 30.967747614481933 ], [ 79.604696631628542, 30.93738744448725 ], [ 79.664610453700448, 30.965097034879669 ], [ 79.666816354485988, 30.978879667307009 ], [ 79.729346413531005, 30.980163805141732 ], [ 79.753366648526153, 31.000621425262775 ], [ 79.820234784711332, 30.972276954741904 ], [ 79.867311323108794, 30.974741549261154 ], [ 79.889912413020028, 30.924916551089421 ], [ 79.93018678440049, 30.886680297519494 ], [ 80.059197660765562, 30.838440032466764 ], [ 80.118174046017955, 30.774081361573099 ], [ 80.172346090230121, 30.807181846040386 ], [ 80.205473904942323, 30.758218795659921 ], [ 80.238867248462441, 30.758511313306734 ], [ 80.252270683008675, 30.732103704742897 ], [ 80.234665645243993, 30.691629930391144 ], [ 80.195358298325914, 30.66422592873279 ], [ 80.223775307626241, 30.639445676421676 ], [ 80.213285199207959, 30.617483491740394 ], [ 80.230442839413371, 30.573371839752237 ], [ 80.25492120232731, 30.559727406295305 ], [ 80.320312613879793, 30.561841824678222 ], [ 80.382944940995174, 30.521204741031333 ], [ 80.415218592093439, 30.525508239601994 ], [ 80.438172563069514, 30.499992845651125 ], [ 80.504331889424122, 30.483480796913909 ], [ 80.541057393096395, 30.448658749697195 ], [ 80.581018095224039, 30.482964481613948 ], [ 80.598840504057762, 30.48159272934355 ], [ 80.752023514315511, 30.39251524322588 ], [ 80.82570697127808, 30.314356694707875 ], [ 81.033961649787855, 30.247362295158783 ], [ 81.042960405166852, 30.198538280883543 ], [ 80.93668087911901, 30.176585522323229 ], [ 80.920372808984808, 30.186036006016394 ], [ 80.917862720811485, 30.215314013388294 ], [ 80.90282649177415, 30.216038616719239 ], [ 80.86790186065663, 30.171937449474392 ], [ 80.874777805855942, 30.130504484803616 ], [ 80.769269560147762, 30.055341609450675 ], [ 80.74430848042023, 30.002070732008079 ], [ 80.721090538373517, 29.99941705851268 ], [ 80.681557075972805, 29.96064876532866 ], [ 80.600344433708187, 29.953553717359259 ], [ 80.572513942591016, 29.923071439929327 ], [ 80.560860588817775, 29.862297336812624 ], [ 80.496476403742463, 29.796138711173349 ], [ 80.438139039373183, 29.805287160405264 ], [ 80.410051907165879, 29.789726399400795 ], [ 80.40216941592665, 29.759784991678863 ], [ 80.374004090215834, 29.748940586730757 ], [ 80.394807786648201, 29.668714035691533 ], [ 80.423779556163169, 29.640704984340381 ], [ 80.413776833704802, 29.597776337625376 ], [ 80.397562995433731, 29.570665393232108 ], [ 80.351420990138024, 29.550529283132569 ], [ 80.353478653694708, 29.516552125600857 ], [ 80.315995472237987, 29.480672285307069 ], [ 80.302710611267443, 29.485872698853157 ], [ 80.292040369982089, 29.469369183820117 ], [ 80.302929643692195, 29.45037965360336 ], [ 80.280475239666629, 29.457358775297834 ], [ 80.246326555051368, 29.440739404168067 ], [ 80.248913528116006, 29.408070418326758 ], [ 80.277559199667337, 29.394081293197367 ], [ 80.285414075387848, 29.343722976654426 ], [ 80.316636124539102, 29.322510268060707 ], [ 80.302251969908298, 29.198422667778967 ], [ 80.254139977001174, 29.21915178835782 ], [ 80.273623997902021, 29.144372696560271 ], [ 80.240315128445872, 29.118805503121095 ], [ 80.185280345080898, 29.131851523929832 ], [ 80.148919382912283, 29.099664655447 ], [ 80.130198745349531, 29.03455700634483 ], [ 80.140845092270254, 29.00633758716376 ], [ 80.102607166640027, 28.981363443961364 ], [ 80.066600383907002, 28.918716277264281 ], [ 80.070348030830644, 28.829225999236915 ], [ 80.037542762279827, 28.793804720190966 ], [ 80.052297788823111, 28.777074011991651 ], [ 80.046573109194185, 28.757175740810546 ], [ 79.999989603110436, 28.710969746710315 ], [ 79.934116552325108, 28.726648182781677 ], [ 79.900721396672893, 28.779706579139102 ], [ 79.913107398274363, 28.79605513493857 ], [ 79.852335169297959, 28.802585473049241 ], [ 79.85804170258001, 28.81522677982651 ], [ 79.887456445387485, 28.812269968910361 ], [ 79.865914545168494, 28.838212709802043 ], [ 79.836314184034975, 28.838712409996631 ], [ 79.827707680224293, 28.806178419777325 ], [ 79.795133519769138, 28.799340471840235 ], [ 79.820500061627371, 28.856740656007439 ], [ 79.78634626268267, 28.885741447688709 ], [ 79.724044173764028, 28.874588539075944 ], [ 79.677995278107772, 28.842227055090358 ], [ 79.625368725549478, 28.862628745825802 ], [ 79.562665098883485, 28.839784822973915 ], [ 79.565763687626117, 28.872417384170383 ], [ 79.54825350007755, 28.886438586001134 ], [ 79.518987312603073, 28.857191277754595 ], [ 79.422914720940824, 28.849758364239861 ], [ 79.407379668373736, 28.879331665839974 ], [ 79.413236856323806, 28.926154161406863 ], [ 79.388829172549265, 28.930931191638354 ], [ 79.371515268200838, 28.964372799554109 ], [ 79.363703284847006, 28.946318117106962 ], [ 79.310699133569798, 28.946997269417889 ], [ 79.215880386184608, 29.023016964904979 ], [ 79.170103535305941, 29.016786829854002 ], [ 79.177270336863671, 29.045162449464563 ], [ 79.14886016793173, 29.063255099530529 ], [ 79.155911862519091, 29.100533275701768 ], [ 79.142776521880847, 29.123280820292795 ], [ 79.038943606431886, 29.16620755071585 ], [ 79.038353059239185, 29.143791667581954 ], [ 79.022919142559289, 29.151154058704282 ], [ 79.02067884838479, 29.130148019271466 ], [ 79.042884697798215, 29.12415049085039 ], [ 79.028897561895135, 29.111789456513936 ], [ 79.012455901530501, 29.110483862590542 ], [ 78.974271548830828, 29.160748494068585 ], [ 78.956292711785778, 29.143531050024094 ], [ 78.912304276034519, 29.144572451243345 ], [ 78.911121036635592, 29.196550370287039 ], [ 78.864645754253146, 29.255288440438957 ], [ 78.811879080755673, 29.251850959605218 ], [ 78.725893157794403, 29.311378321073043 ], [ 78.76951844301621, 29.343776221574291 ], [ 78.794590645133724, 29.34045713134525 ], [ 78.800934834028837, 29.323289209107156 ], [ 78.823813959191398, 29.378716691183719 ], [ 78.841008804582543, 29.36218620331433 ] ] ] } },
{ "type": "Feature", "properties": { "ST_NM": "West Bengal", "state_id": "west_bengal" }, "geometry": { "type": "MultiPolygon", "coordinates": [ [ [ [ 88.015830005457488, 21.581669999349327 ], [ 88.020279005969869, 21.566667000120813 ], [ 88.014709005709477, 21.578608999838945 ], [ 88.015830005457488, 21.581669999349327 ] ] ], [ [ [ 88.167778005657482, 21.591665999897771 ], [ 88.188889005735007, 21.581938999238243 ], [ 88.186669006355146, 21.559999999884038 ], [ 88.167778005657482, 21.591665999897771 ] ] ], [ [ [ 88.138352005724897, 21.872499000484694 ], [ 88.172500005556273, 21.811952000944117 ], [ 88.165833006257984, 21.807220000486083 ], [ 88.163643006166552, 21.799549000817777 ], [ 88.170663006253477, 21.742402000802645 ], [ 88.143402005869731, 21.679552000363188 ], [ 88.155281005658921, 21.681389000221706 ], [ 88.15472500612529, 21.649999000804542 ], [ 88.109170005749391, 21.625833000044693 ], [ 88.041664005649693, 21.649166999262036 ], [ 88.036666006032107, 21.675000999822831 ], [ 88.07285400614245, 21.780181000297461 ], [ 88.138352005724897, 21.872499000484694 ] ] ], [ [ [ 87.934412714946447, 21.743616750388714 ], [ 87.959571210582652, 21.770668280865898 ], [ 87.959801525519552, 21.755725762229229 ], [ 87.934412714946447, 21.743616750388714 ] ] ], [ [ [ 87.900754554648202, 21.772143330318013 ], [ 87.899352011002577, 21.760711653001206 ], [ 87.878960517138282, 21.74446417140118 ], [ 87.882952078493886, 21.756726044076068 ], [ 87.900754554648202, 21.772143330318013 ] ] ], [ [ [ 88.185279006343507, 21.789441000238746 ], [ 88.178886006262417, 21.793055000353156 ], [ 88.180832005650515, 21.795834000599736 ], [ 88.185279006343507, 21.789441000238746 ] ] ], [ [ [ 88.166946006055326, 21.806666000933994 ], [ 88.171668005767913, 21.79193200022954 ], [ 88.167221006142995, 21.791111001042754 ], [ 88.166946006055326, 21.806666000933994 ] ] ], [ [ [ 88.181389006229622, 21.826670000552351 ], [ 88.185555005781922, 21.819165000216522 ], [ 88.177781006243578, 21.82529200096743 ], [ 88.181389006229622, 21.826670000552351 ] ] ], [ [ [ 88.135947006345148, 21.895341000172419 ], [ 88.137306005899376, 21.89514000037402 ], [ 88.136018005788486, 21.894470000862835 ], [ 88.135947006345148, 21.895341000172419 ] ] ], [ [ [ 88.112777005469781, 21.910554000415598 ], [ 88.109300005532845, 21.883881000329048 ], [ 88.104447005798761, 21.897779000385764 ], [ 88.112777005469781, 21.910554000415598 ] ] ], [ [ [ 88.1161120055108, 21.918319000389108 ], [ 88.144624005874334, 21.915260000542485 ], [ 88.129447006014317, 21.898889000726783 ], [ 88.1161120055108, 21.918319000389108 ] ] ], [ [ [ 88.159721005740749, 21.929170000799424 ], [ 88.171668006177086, 21.929170000603378 ], [ 88.165268005806595, 21.916111000745257 ], [ 88.159721005740749, 21.929170000799424 ] ] ], [ [ [ 88.083053005562803, 21.931944000823371 ], [ 88.046113005984381, 21.913061000600543 ], [ 88.070267005602219, 21.990830000696732 ], [ 88.141387005623272, 22.026391001067179 ], [ 88.083053005562803, 21.931944000823371 ] ] ], [ [ [ 87.88250000613759, 22.439719000672586 ], [ 87.929726006058587, 22.40361100014572 ], [ 87.942223005638184, 22.36638800026514 ], [ 87.947219006387385, 22.333060000733091 ], [ 87.936386005999452, 22.31666900097926 ], [ 87.940003005713365, 22.329999000250645 ], [ 87.93083200647871, 22.333334000690385 ], [ 87.940003006381374, 22.260278000775099 ], [ 87.981408005537233, 22.215851000360246 ], [ 88.008614006293712, 22.201390000636692 ], [ 88.034722005646756, 22.209444000708778 ], [ 88.07527900602706, 22.186671000568957 ], [ 88.135560006414565, 22.184723000708544 ], [ 88.193336005501493, 22.112777000268029 ], [ 88.188889005921737, 22.099166000937682 ], [ 88.156165006324855, 22.064779000570745 ], [ 88.062233005890036, 22.013060000570615 ], [ 88.02693800566297, 22.047781000445177 ], [ 88.033607005987093, 22.057501000823372 ], [ 88.031943006220303, 22.063887000453281 ], [ 87.99194200553984, 22.102501000527599 ], [ 87.963355006162075, 22.103478000366888 ], [ 88.008605005520295, 22.073061000461863 ], [ 88.01776900548343, 22.040280000209076 ], [ 88.053055005815679, 22.010278001041275 ], [ 87.960927218999956, 21.826066790203459 ], [ 87.822218065756687, 21.705700603947889 ], [ 87.754708144736611, 21.682187206002361 ], [ 87.706736584204279, 21.644578169522987 ], [ 87.490202144075255, 21.602647451949469 ], [ 87.48630765934449, 21.630956534668041 ], [ 87.462895322964286, 21.649999239513608 ], [ 87.475076601288507, 21.712134717128119 ], [ 87.469431476256744, 21.731277605045449 ], [ 87.447213653588619, 21.733962788825028 ], [ 87.447958766686327, 21.765759892942846 ], [ 87.387667638707967, 21.775709437898168 ], [ 87.374476439181677, 21.764942445028673 ], [ 87.356480182109266, 21.790555892127816 ], [ 87.276034151632061, 21.808193703964715 ], [ 87.239336408562949, 21.900238775979563 ], [ 87.256903178736991, 21.922408115317221 ], [ 87.239385155257438, 21.958925742695204 ], [ 87.199685146089337, 21.958105763063827 ], [ 87.172041871426117, 21.977918840797855 ], [ 87.16291307871704, 21.935132727202163 ], [ 87.098214182430169, 21.912507246473805 ], [ 87.099293189116025, 21.865031953976484 ], [ 87.034967174273746, 21.869983791001541 ], [ 87.002720934398852, 21.912101100185929 ], [ 87.039064205098327, 21.993653725935019 ], [ 87.022404754251212, 22.045655713962532 ], [ 86.962086670567047, 22.087680885687018 ], [ 86.836966732863729, 22.0993746599536 ], [ 86.802104800915671, 22.130340493920187 ], [ 86.79534192918301, 22.158106349241756 ], [ 86.720528815767409, 22.147647019347975 ], [ 86.727885320181016, 22.219302861105753 ], [ 86.77209839726045, 22.215400545191347 ], [ 86.785011565142796, 22.235756048003175 ], [ 86.797222401044806, 22.227889285673434 ], [ 86.781079830963819, 22.217843753010722 ], [ 86.805128509661344, 22.217698977429279 ], [ 86.814887935798893, 22.242039990865518 ], [ 86.797874584063734, 22.242754967458772 ], [ 86.795318425374731, 22.26678636064522 ], [ 86.804624755915228, 22.244990772986959 ], [ 86.816887840509438, 22.267924315560546 ], [ 86.821356166824813, 22.253311545873053 ], [ 86.827819843658943, 22.265329689334674 ], [ 86.89062992480288, 22.256144300616779 ], [ 86.891186387769494, 22.298080065396903 ], [ 86.834214007768082, 22.328494522491944 ], [ 86.848949072233054, 22.399863383172729 ], [ 86.767358380346636, 22.428956910839748 ], [ 86.750541691226886, 22.479324632560566 ], [ 86.794310310949754, 22.478167695854811 ], [ 86.803706885097483, 22.502448175834132 ], [ 86.765084420938095, 22.575933614783892 ], [ 86.656935785366429, 22.579255109706754 ], [ 86.639580856312506, 22.600689521778815 ], [ 86.64197038833683, 22.658464599732905 ], [ 86.623178689270404, 22.676699012730101 ], [ 86.54464155663797, 22.723871146841692 ], [ 86.515370917980491, 22.719272531975808 ], [ 86.512008716980588, 22.704751302018085 ], [ 86.459482198260019, 22.762767760691744 ], [ 86.421659172118652, 22.77959979997614 ], [ 86.438345693350726, 22.863466703965397 ], [ 86.452386493213254, 22.861755712567582 ], [ 86.468545196130691, 22.899560827487935 ], [ 86.438356618301796, 22.926279787381514 ], [ 86.475940290746379, 22.952310146250394 ], [ 86.490018325023456, 22.93716354248226 ], [ 86.523849453480921, 22.947208350733021 ], [ 86.545744716731292, 22.990059358079829 ], [ 86.51773266338148, 22.969113022769697 ], [ 86.50285649318937, 22.992717406965539 ], [ 86.421852886553594, 22.997562768153831 ], [ 86.398629405973097, 22.97702671487475 ], [ 86.375122531487705, 22.997060587842739 ], [ 86.317845771023769, 22.997941153580719 ], [ 86.30394154915021, 23.015978821679127 ], [ 86.212168996129222, 22.996758842022953 ], [ 86.210127137743044, 23.015867125864041 ], [ 86.181406802091203, 23.015645055426717 ], [ 86.155830164989013, 23.043495545746588 ], [ 86.142407864243879, 23.085631441937856 ], [ 86.053902916326578, 23.111128188478389 ], [ 86.042855897468499, 23.146014030446867 ], [ 85.92101756956778, 23.131889471508924 ], [ 85.863605546872023, 23.196598388809733 ], [ 85.838510768565101, 23.194873257639362 ], [ 85.832496001502335, 23.265249847120185 ], [ 85.884092890384565, 23.325778148601206 ], [ 85.872408416294604, 23.366849926956323 ], [ 85.901798332282965, 23.372596082602346 ], [ 85.884609502287674, 23.409976008382316 ], [ 85.869046366646828, 23.411909563342462 ], [ 85.872205206211433, 23.472087788219664 ], [ 85.89742763473086, 23.477848549997152 ], [ 85.950033346858547, 23.456543346502695 ], [ 86.05329449482241, 23.495551745688289 ], [ 86.016864234562206, 23.553469040145249 ], [ 86.043471517718231, 23.585251286202137 ], [ 86.150784200908106, 23.569633132295419 ], [ 86.151506848318505, 23.475059628410968 ], [ 86.178299514282358, 23.480529141905279 ], [ 86.226870586705232, 23.458029475822396 ], [ 86.244645821877782, 23.471724909244553 ], [ 86.230559326145837, 23.437751510154648 ], [ 86.249063695312429, 23.421686069456491 ], [ 86.252526085399282, 23.436237784679228 ], [ 86.284329020443394, 23.443206998609071 ], [ 86.305829096108582, 23.422185289609473 ], [ 86.32005443005788, 23.430397846108864 ], [ 86.305986940797254, 23.445814209814483 ], [ 86.332040231404733, 23.45965296140081 ], [ 86.337178117182177, 23.449343380595817 ], [ 86.377759843872582, 23.48473629248263 ], [ 86.359532240860574, 23.498469284290405 ], [ 86.373448520559919, 23.524578599201789 ], [ 86.363804267402699, 23.545049261549629 ], [ 86.386763007603918, 23.586304553544139 ], [ 86.445437131478158, 23.611033074941066 ], [ 86.445684569515649, 23.631517950109849 ], [ 86.534391807253215, 23.630919792508124 ], [ 86.597295501885895, 23.673056536538862 ], [ 86.699476179680047, 23.696432081931665 ], [ 86.737285198871191, 23.695715641697785 ], [ 86.743698653606884, 23.679559201740837 ], [ 86.797559777889262, 23.689323003608877 ], [ 86.825324075933892, 23.762939057199592 ], [ 86.798454023353756, 23.833149335495854 ], [ 86.826339738195443, 23.813116018436727 ], [ 86.87677407094877, 23.845960325024343 ], [ 86.887786828783177, 23.816297947086881 ], [ 86.880822641773165, 23.86413972678859 ], [ 86.900556481135396, 23.881691357904 ], [ 86.941870617851009, 23.84666607458513 ], [ 86.972387425014773, 23.867082428896417 ], [ 87.129456708896527, 23.796946489119829 ], [ 87.154017983405467, 23.796286386029927 ], [ 87.171717622430634, 23.821474407063466 ], [ 87.135647448592309, 23.852747568882844 ], [ 87.136260430147402, 23.868779155322937 ], [ 87.200917638628866, 23.856110885025654 ], [ 87.193825986906901, 23.842702870565759 ], [ 87.241463402450648, 23.854931117193992 ], [ 87.223778810885818, 23.83268195331453 ], [ 87.247939908345771, 23.828058613118319 ], [ 87.260414456747, 23.841186023563228 ], [ 87.253465470999757, 23.90880633198606 ], [ 87.275626251531975, 23.874787127863524 ], [ 87.299733610109726, 23.900392624508989 ], [ 87.297057951531016, 23.957447119398012 ], [ 87.266808648886268, 23.967887094426555 ], [ 87.27329557558113, 23.986344086321797 ], [ 87.266095579996616, 24.004588273973031 ], [ 87.24588609069545, 24.007400878347617 ], [ 87.2433098327339, 24.042857124126105 ], [ 87.337595456900104, 24.032683328514189 ], [ 87.320628847399391, 24.00611697816386 ], [ 87.333081120816658, 23.997701980140224 ], [ 87.36184729651967, 24.010890043751683 ], [ 87.463066915332831, 23.983163390492507 ], [ 87.438952987612453, 24.010036690368285 ], [ 87.487845974583777, 24.01536246835547 ], [ 87.515621226236618, 24.041534524667924 ], [ 87.49633797837275, 24.053690168237246 ], [ 87.494849897546203, 24.074876015135175 ], [ 87.51088789889161, 24.08372788507743 ], [ 87.49405992685297, 24.089833008021444 ], [ 87.498729803850452, 24.116815474978214 ], [ 87.544250213610383, 24.089446689428403 ], [ 87.581200179321911, 24.086909526806785 ], [ 87.574286287521815, 24.108374045162822 ], [ 87.612641913549297, 24.130542041734493 ], [ 87.574477413737029, 24.157219765835755 ], [ 87.62110345937711, 24.166228362280883 ], [ 87.694556668945864, 24.151430750184328 ], [ 87.69755393353266, 24.187722130678157 ], [ 87.642790123610766, 24.213097183378608 ], [ 87.640793526601087, 24.244007125395775 ], [ 87.686399264321679, 24.24792768812717 ], [ 87.707677945207379, 24.261397249463524 ], [ 87.715362360759457, 24.293512364289157 ], [ 87.76128983131791, 24.305022269625649 ], [ 87.797604978384754, 24.397770995262221 ], [ 87.815040174461927, 24.40794979029377 ], [ 87.789820861403996, 24.41585832208024 ], [ 87.820007438517749, 24.452634472665746 ], [ 87.814176866268866, 24.477846561668816 ], [ 87.827955705945001, 24.49564759832144 ], [ 87.815298464121341, 24.493342475578679 ], [ 87.811773488141966, 24.511824789738696 ], [ 87.800228841013379, 24.492297583853958 ], [ 87.81146145381588, 24.546395002452272 ], [ 87.774587951086247, 24.582910332442712 ], [ 87.853296867252112, 24.552238009476685 ], [ 87.892392566044222, 24.56389579162893 ], [ 87.915044562848379, 24.595023739416924 ], [ 87.913200074024971, 24.609315917673246 ], [ 87.87785190025032, 24.611847988597926 ], [ 87.90670641985173, 24.613711832440412 ], [ 87.907358442971613, 24.627029426389068 ], [ 87.889728009832808, 24.627770119599049 ], [ 87.911389208403989, 24.633759602322606 ], [ 87.918516867330709, 24.659648061021286 ], [ 87.891767935330591, 24.675169447011417 ], [ 87.905999525927157, 24.722627785996675 ], [ 87.882985547240111, 24.740094289164347 ], [ 87.844963685644032, 24.739201045069297 ], [ 87.819172197229221, 24.754348195385948 ], [ 87.823328234564968, 24.766964004190893 ], [ 87.842807435390938, 24.788757560302063 ], [ 87.840491433058077, 24.764213189924185 ], [ 87.859807312586014, 24.765295103372836 ], [ 87.881908337769929, 24.79465249667091 ], [ 87.872947625130024, 24.823910518261069 ], [ 87.903674145418861, 24.825455706254342 ], [ 87.894264144338933, 24.85385483525604 ], [ 87.971744649698067, 24.882198214687619 ], [ 87.978575590713163, 24.897360005394216 ], [ 87.971768533315938, 24.930447123060361 ], [ 87.882408994536746, 25.028791268433441 ], [ 87.778265999174494, 25.099775196421326 ], [ 87.793276831828024, 25.22106960258002 ], [ 87.842264514975042, 25.199860581324689 ], [ 87.828426464453784, 25.234912899244964 ], [ 87.862186073142766, 25.278313948730446 ], [ 87.85609669409331, 25.29796488919343 ], [ 87.789754161152857, 25.332914126693407 ], [ 87.794638769972352, 25.372702507401485 ], [ 87.771531945624133, 25.378437925179092 ], [ 87.765635298343696, 25.410504458837124 ], [ 87.792398869254882, 25.449089803106819 ], [ 87.814514838124424, 25.434591730994949 ], [ 87.839682351148483, 25.464958041638564 ], [ 87.869304121185351, 25.46578279370182 ], [ 87.885086975636796, 25.51632875203687 ], [ 87.904821460162026, 25.504681927212872 ], [ 87.929957949582402, 25.536010540345153 ], [ 87.99181723528244, 25.525205677527183 ], [ 87.992380022218342, 25.50302925183302 ], [ 88.009964442040939, 25.494445256896551 ], [ 88.013229040297006, 25.510780272347677 ], [ 88.033252643842403, 25.486550177317088 ], [ 88.076080651011665, 25.480916818953236 ], [ 88.07852452997021, 25.504302411563472 ], [ 88.041448159375364, 25.537109324497504 ], [ 88.032808969070558, 25.553631623424405 ], [ 88.044010970987529, 25.564240119954501 ], [ 88.026839787392191, 25.587273871142596 ], [ 88.060122565793407, 25.633170215420414 ], [ 88.041386747117883, 25.637132927437538 ], [ 88.054372157280184, 25.644207621583124 ], [ 88.054514618899589, 25.69083788810385 ], [ 88.022076889205437, 25.691981820415712 ], [ 87.993755835039238, 25.723905191249447 ], [ 87.966989453137856, 25.724906570226011 ], [ 87.938458336513534, 25.771515864002108 ], [ 87.904565274180101, 25.769952660797685 ], [ 87.901156299292268, 25.804858499999959 ], [ 87.916640074319332, 25.81496479024349 ], [ 87.889562924882483, 25.828764392069644 ], [ 87.917076350191124, 25.851886151183308 ], [ 87.82909499132802, 25.87157264013603 ], [ 87.809910726232175, 25.920784550131916 ], [ 87.836249157948842, 25.935509380950663 ], [ 87.848534789009562, 26.044475377864604 ], [ 87.9193453524815, 26.090965382050406 ], [ 87.937513637464576, 26.068958001794499 ], [ 87.944253634940821, 26.084477776813511 ], [ 87.974494103607654, 26.081366996288516 ], [ 87.960804486107961, 26.102786065897124 ], [ 87.982017552404486, 26.12162339498839 ], [ 87.963549946589822, 26.12884280449035 ], [ 87.977371475910417, 26.137124998330187 ], [ 87.970506619921423, 26.15194259548619 ], [ 87.988531861246159, 26.15915198859426 ], [ 88.019449636613601, 26.140863995612239 ], [ 88.043828114758739, 26.177673610067195 ], [ 88.076199318416798, 26.175701534616898 ], [ 88.118264706466974, 26.226174092728407 ], [ 88.145175709414559, 26.230788767256279 ], [ 88.150847491328733, 26.252763631973348 ], [ 88.220630441677855, 26.281649106145533 ], [ 88.298296490396936, 26.353852996195144 ], [ 88.274023711885434, 26.381086539389006 ], [ 88.244062635882472, 26.375299292885909 ], [ 88.236927221677874, 26.393867689650214 ], [ 88.27440114618463, 26.421656795972915 ], [ 88.235527732034257, 26.44703731599752 ], [ 88.221912454923284, 26.465603843716245 ], [ 88.232811905471252, 26.476118025182579 ], [ 88.200372417972716, 26.471889417829917 ], [ 88.185677669615885, 26.490425660750372 ], [ 88.239984203594688, 26.5322270807896 ], [ 88.23786905399227, 26.551817707804641 ], [ 88.222079413551015, 26.557111331603323 ], [ 88.221229864905041, 26.535438382108936 ], [ 88.174982300512085, 26.537188950160608 ], [ 88.152087706492935, 26.510811759854214 ], [ 88.106634494668398, 26.550730284627907 ], [ 88.132583963725068, 26.573988200077693 ], [ 88.132078404200868, 26.602468650149412 ], [ 88.159726674095552, 26.635692166756293 ], [ 88.186735918118302, 26.718193635459709 ], [ 88.176697166530815, 26.859950217202361 ], [ 88.144273201684214, 26.889276841773274 ], [ 88.144185975288806, 26.927708771334725 ], [ 88.123461380537222, 26.947447385219515 ], [ 88.134869934195251, 26.985728304813527 ], [ 88.093030086792567, 27.006907426437493 ], [ 88.084469553166144, 27.035559145145566 ], [ 88.045827938155554, 27.038191019732412 ], [ 88.025177428636212, 27.084791973000371 ], [ 87.99265074162507, 27.108497380010565 ], [ 88.017372489062467, 27.162962243130426 ], [ 88.016856899839823, 27.21643914881772 ], [ 88.069388939501849, 27.210869432286874 ], [ 88.093392293991087, 27.141109647859352 ], [ 88.159768832451391, 27.111336389303968 ], [ 88.186456023665812, 27.134337944924798 ], [ 88.239912710973357, 27.119421527561652 ], [ 88.311856771703631, 27.128272717075937 ], [ 88.331148672427219, 27.104583799665004 ], [ 88.439122464445475, 27.081326715023575 ], [ 88.537129349258493, 27.149884225412809 ], [ 88.527998022621233, 27.177900802501277 ], [ 88.598685801206599, 27.194200112649739 ], [ 88.66670021476871, 27.161975073617182 ], [ 88.69151502518028, 27.179993866731333 ], [ 88.731560537248313, 27.138318701416505 ], [ 88.758698699772722, 27.148002995898583 ], [ 88.876763338950681, 27.108539365013304 ], [ 88.881611262214903, 26.951395540256204 ], [ 88.925656532466078, 26.996049366778383 ], [ 88.960268279249561, 26.968061955852558 ], [ 88.946419927941776, 26.942267685064085 ], [ 88.968889135461055, 26.923994842922248 ], [ 89.031399881934206, 26.940142629875584 ], [ 89.052859599903485, 26.903532240679535 ], [ 89.096702018789557, 26.893852845831976 ], [ 89.108302087578608, 26.836207706977937 ], [ 89.137270116567663, 26.807974393970888 ], [ 89.179090262269071, 26.821558986976594 ], [ 89.195940941764192, 26.808423529799924 ], [ 89.26169383582436, 26.816775835947265 ], [ 89.322207329251327, 26.852704522075417 ], [ 89.334414407471371, 26.840037234542798 ], [ 89.383215090931898, 26.866195882649794 ], [ 89.39702749551337, 26.840863918375106 ], [ 89.455181890159949, 26.833765795357156 ], [ 89.465181637958437, 26.806167769661865 ], [ 89.5647035812204, 26.815457571735742 ], [ 89.627487599877711, 26.776830038388312 ], [ 89.650426239789098, 26.780852206469746 ], [ 89.660161620181043, 26.763414641923017 ], [ 89.61907739445742, 26.728030951975093 ], [ 89.637810278981433, 26.719160954218687 ], [ 89.664221228512417, 26.718390964736376 ], [ 89.67941624215382, 26.740286934086345 ], [ 89.731940316223401, 26.722235662363108 ], [ 89.762192814276673, 26.736358659046211 ], [ 89.779856480373297, 26.699457538008602 ], [ 89.812670997496966, 26.714908948806251 ], [ 89.862324263480303, 26.703669801859743 ], [ 89.881664289378861, 26.649392032907773 ], [ 89.862583289453895, 26.631983727450677 ], [ 89.882487037391442, 26.612941285540607 ], [ 89.858643733988714, 26.517144853825979 ], [ 89.874529572931536, 26.448336675796238 ], [ 89.832286390011063, 26.396404496080251 ], [ 89.851802327454308, 26.402675469824203 ], [ 89.862241084531803, 26.384396772055421 ], [ 89.830583389997045, 26.379274568233377 ], [ 89.825054948515756, 26.350338721413429 ], [ 89.825468352179414, 26.370555814670233 ], [ 89.786999768474061, 26.353235641609757 ], [ 89.785838474040673, 26.330842983148361 ], [ 89.755520958076374, 26.321431783570901 ], [ 89.763595698744638, 26.289305111571586 ], [ 89.720671900460374, 26.30196117407122 ], [ 89.74238676995401, 26.271087430328556 ], [ 89.730152305540528, 26.258397798785737 ], [ 89.709771292870627, 26.26989778869153 ], [ 89.733679576016115, 26.238196235486573 ], [ 89.702137584107319, 26.217238230522799 ], [ 89.736895519218194, 26.212287287758617 ], [ 89.699724528962079, 26.189084276542481 ], [ 89.71136334344304, 26.173149364703185 ], [ 89.724618948384389, 26.177957347856573 ], [ 89.73858633037355, 26.173378536322556 ], [ 89.709651892480295, 26.153582165420922 ], [ 89.677394665459687, 26.202260773386371 ], [ 89.69606453726449, 26.221848192737447 ], [ 89.646450325988411, 26.228580527393682 ], [ 89.651889165608736, 26.195584179588618 ], [ 89.634761557779598, 26.192194315204645 ], [ 89.659820911628728, 26.183364010715689 ], [ 89.656374373058895, 26.169363223656276 ], [ 89.624865841180963, 26.181657464691625 ], [ 89.615260193285962, 26.161102033170902 ], [ 89.597376391483465, 26.160807057037069 ], [ 89.608329884654296, 26.120905803832922 ], [ 89.6306741449161, 26.123985051872467 ], [ 89.598250835990868, 26.100811352913315 ], [ 89.613234377815857, 26.089144710518347 ], [ 89.632179183619428, 26.107464255445432 ], [ 89.653352739451805, 26.068285039246867 ], [ 89.625602190690586, 26.056331162658832 ], [ 89.606768390769176, 26.066033201140886 ], [ 89.614754754949274, 26.04932402992004 ], [ 89.582805608888563, 26.025984218062987 ], [ 89.591258259085137, 25.979533605804605 ], [ 89.554034857406393, 25.966625026241992 ], [ 89.541649519398931, 26.007896459768514 ], [ 89.477262237076729, 25.995982035037997 ], [ 89.431945260981749, 26.015244760582217 ], [ 89.425755837248275, 26.042844814509703 ], [ 89.404899230343574, 26.036198768934938 ], [ 89.392961314378937, 26.008915108405244 ], [ 89.344779443637975, 26.016770501446587 ], [ 89.262792644412627, 26.066170610025651 ], [ 89.268367503787815, 26.092982811694334 ], [ 89.224251948366955, 26.126191346223131 ], [ 89.161480745814757, 26.139587444243297 ], [ 89.14082643156992, 26.185410110947991 ], [ 89.148439675099013, 26.222211475327949 ], [ 89.106451209132132, 26.289779733934132 ], [ 89.106552782219779, 26.306361044177997 ], [ 89.124387678539392, 26.29204607450394 ], [ 89.13684715732451, 26.316864393588531 ], [ 89.08891460755774, 26.321975605346115 ], [ 89.101808977917401, 26.340654888387732 ], [ 89.085358573118469, 26.36370639495982 ], [ 89.091266025963222, 26.39963146998678 ], [ 89.03933257141756, 26.394805927755034 ], [ 89.009185300492973, 26.419966093502772 ], [ 88.981104988179126, 26.407085237119382 ], [ 88.988052229797589, 26.443840871758848 ], [ 88.967724094419609, 26.458873789254532 ], [ 88.915341838104624, 26.404565758395748 ], [ 88.921149288861955, 26.362982297348633 ], [ 88.959793225954414, 26.362618394373399 ], [ 88.959199896040531, 26.333163581127707 ], [ 88.969600623763171, 26.350410227932748 ], [ 88.990660556293008, 26.34615777043161 ], [ 89.004130183554921, 26.326302644364635 ], [ 88.989702018055951, 26.318359273832243 ], [ 88.998260361540275, 26.298938839302675 ], [ 89.018312366672362, 26.291500091141426 ], [ 89.026084901734507, 26.308969347612969 ], [ 89.029766381103514, 26.286630169524194 ], [ 89.050833983145338, 26.280934788427867 ], [ 89.05749092017011, 26.295757638763277 ], [ 89.064086687282241, 26.254687840275018 ], [ 89.050216966689575, 26.241117575824784 ], [ 88.97201717896462, 26.241232351364729 ], [ 88.906993030334235, 26.288126014290981 ], [ 88.870547966248978, 26.275588003514457 ], [ 88.868000181509473, 26.253257141378022 ], [ 88.885191583125462, 26.236872751906745 ], [ 88.847970429503803, 26.233038151159395 ], [ 88.821449512189304, 26.259665166475784 ], [ 88.823244867279854, 26.296282952305855 ], [ 88.800922501497126, 26.308879168075908 ], [ 88.779848554444797, 26.299093604512322 ], [ 88.756507058410165, 26.310099931148581 ], [ 88.743775946349515, 26.29015996286423 ], [ 88.675681045773132, 26.26527395168582 ], [ 88.673569282264452, 26.291726259903488 ], [ 88.705796991747974, 26.290236524214919 ], [ 88.679982017584948, 26.319768637755651 ], [ 88.732184164291624, 26.315226885095463 ], [ 88.752497219333762, 26.328826059817047 ], [ 88.741665232485644, 26.330372801166867 ], [ 88.747350336277719, 26.352587303917847 ], [ 88.706328711238626, 26.336710500207182 ], [ 88.692702180837003, 26.374340923149806 ], [ 88.704813115720683, 26.388600131853153 ], [ 88.632863637358383, 26.435367221594724 ], [ 88.626164346042856, 26.469941277069879 ], [ 88.603074368865862, 26.469610094484995 ], [ 88.598890641268099, 26.453305151675135 ], [ 88.572742365340034, 26.457952311601254 ], [ 88.483657642850332, 26.54184958407269 ], [ 88.437137909521454, 26.547257846181665 ], [ 88.421570337052273, 26.627434957225972 ], [ 88.402701687415004, 26.624616335533918 ], [ 88.393632380370491, 26.608507001391605 ], [ 88.404885847387291, 26.601569776342753 ], [ 88.384044867350823, 26.594437650660847 ], [ 88.340039944698816, 26.486987546483224 ], [ 88.356850821428154, 26.449112565042856 ], [ 88.368171888787785, 26.484909001023464 ], [ 88.487159469077611, 26.459866430895282 ], [ 88.500432656367764, 26.40717292363394 ], [ 88.525630968649864, 26.391955460821837 ], [ 88.516122217439317, 26.372796113345682 ], [ 88.533092929826921, 26.373459664989692 ], [ 88.527930911308147, 26.357329955076196 ], [ 88.488194576198666, 26.351039648412275 ], [ 88.463520399219348, 26.37328176029737 ], [ 88.441879659170823, 26.337889243429597 ], [ 88.416817089547408, 26.332326290867076 ], [ 88.421518500556019, 26.317347730664387 ], [ 88.362648750655978, 26.291563538555643 ], [ 88.354087680042312, 26.221642469274318 ], [ 88.252825981784127, 26.192507177021813 ], [ 88.18278759363622, 26.147454070630545 ], [ 88.161605317267131, 26.102082576356718 ], [ 88.162817517869669, 26.079482658041375 ], [ 88.186184568013161, 26.067000048349062 ], [ 88.174280708051185, 26.051520446809075 ], [ 88.181895592206274, 26.025339208745329 ], [ 88.143975579243744, 26.012861875767832 ], [ 88.126194341215339, 25.943061424698676 ], [ 88.095404519111554, 25.9170443219909 ], [ 88.099470758049776, 25.871556267497798 ], [ 88.119246910986377, 25.855110220936432 ], [ 88.104562346308356, 25.84310598241083 ], [ 88.113689540945614, 25.796429270725099 ], [ 88.143711101932993, 25.791472222555448 ], [ 88.150094411278701, 25.772518325550649 ], [ 88.185117311695379, 25.794491852634067 ], [ 88.210685393349294, 25.785640414459575 ], [ 88.274910838471854, 25.805980196368452 ], [ 88.271640266905891, 25.778588114214219 ], [ 88.321362776825794, 25.735954334201431 ], [ 88.376148429797993, 25.713881838097311 ], [ 88.41763820659412, 25.663921151823875 ], [ 88.456268094446088, 25.66257830915449 ], [ 88.450413853557578, 25.60124570863676 ], [ 88.497882931815553, 25.580914559443041 ], [ 88.498477257540316, 25.55922857294485 ], [ 88.537236920133907, 25.53635461241814 ], [ 88.542803271219512, 25.510258262384976 ], [ 88.607350986363357, 25.514506021772313 ], [ 88.651307636636844, 25.481217689123572 ], [ 88.700655264010834, 25.4732713459242 ], [ 88.710564318742868, 25.495897574096652 ], [ 88.741142664712569, 25.501445558949484 ], [ 88.748651326781669, 25.488605298323247 ], [ 88.76856531588875, 25.496584378392939 ], [ 88.762769379859989, 25.520959438806624 ], [ 88.801864704721325, 25.522466383572471 ], [ 88.836218197989567, 25.480035720659878 ], [ 88.837111519374119, 25.42848383666103 ], [ 88.81824465674724, 25.408075461840237 ], [ 88.845540304987111, 25.393702529894938 ], [ 88.848098723597332, 25.363631560445299 ], [ 88.884246537601399, 25.327545846031587 ], [ 88.902143847538696, 25.337539369066615 ], [ 88.937496010727287, 25.306857767682374 ], [ 89.005140891944734, 25.299997256578852 ], [ 89.012510218761705, 25.267204627623148 ], [ 88.990775836073155, 25.271238349132137 ], [ 88.958227221469642, 25.250152238973723 ], [ 88.96400179572818, 25.210602952608777 ], [ 88.940440003049616, 25.203522247001029 ], [ 88.9491645279209, 25.180246236757057 ], [ 88.919632730011998, 25.165727723047326 ], [ 88.902941366462244, 25.181284063832322 ], [ 88.882090396330341, 25.1762502091267 ], [ 88.848481181579842, 25.210099469057202 ], [ 88.808971922203014, 25.173955621237972 ], [ 88.77752090301837, 25.188156228662638 ], [ 88.757113094741598, 25.178266157106577 ], [ 88.689224142382798, 25.209793975880736 ], [ 88.618900615060198, 25.205185994314714 ], [ 88.568359729759862, 25.174652833981227 ], [ 88.562352280305092, 25.190453698254881 ], [ 88.487188606341277, 25.213609817590612 ], [ 88.467138747792958, 25.196094184683094 ], [ 88.444216257105879, 25.209314843203906 ], [ 88.461727280136159, 25.144963736540713 ], [ 88.438069669597908, 25.049383954133788 ], [ 88.451468664520974, 25.029332625352076 ], [ 88.412604993003498, 24.994741659945809 ], [ 88.397903170398251, 24.94401050966367 ], [ 88.371322712608077, 24.952445073040849 ], [ 88.346870497353322, 24.940071414268296 ], [ 88.331673837721468, 24.915094712092859 ], [ 88.346597415980781, 24.885801731479116 ], [ 88.332952864673004, 24.870777665566504 ], [ 88.280931620164878, 24.893012919215224 ], [ 88.266239339040339, 24.878247108154504 ], [ 88.264505848645896, 24.914452533857485 ], [ 88.230732744478743, 24.955831769729908 ], [ 88.142413699478752, 24.93030468004855 ], [ 88.177049803037463, 24.85977164219404 ], [ 88.146387109776569, 24.850783934950229 ], [ 88.139992019335807, 24.802278661297287 ], [ 88.127764968559489, 24.826606161126378 ], [ 88.10824322173977, 24.780778483561981 ], [ 88.071782360678327, 24.770514034876481 ], [ 88.06839007968135, 24.722118453277314 ], [ 88.013729469985122, 24.664450571729429 ], [ 88.133193328205337, 24.516787386438466 ], [ 88.203715100442594, 24.458116973240138 ], [ 88.273626173261505, 24.440009427568235 ], [ 88.343189297761, 24.377823860751601 ], [ 88.445864894009546, 24.376383756952624 ], [ 88.527987369865258, 24.342009131265218 ], [ 88.555609005728769, 24.298253908031345 ], [ 88.579140300054419, 24.32483830387817 ], [ 88.60585337833227, 24.309330299933734 ], [ 88.703797353871863, 24.311328858287521 ], [ 88.739520616329472, 24.274605409067245 ], [ 88.733997709864624, 24.172454452976112 ], [ 88.748929655199603, 24.140287121292317 ], [ 88.6986416933741, 24.114980547246965 ], [ 88.703888693418094, 24.096479457706526 ], [ 88.7294807764723, 24.097478441470169 ], [ 88.726266403497249, 24.067380652440047 ], [ 88.741469205235319, 24.061052248235118 ], [ 88.72715574150898, 24.054140939695994 ], [ 88.743015844313391, 24.036241778415324 ], [ 88.731006529780558, 23.996184976644923 ], [ 88.762539553202032, 24.00984343045555 ], [ 88.774763793890614, 23.986466931934018 ], [ 88.738767347223074, 23.979877436656079 ], [ 88.735325662396733, 23.914745392535405 ], [ 88.70591130071719, 23.914654238798196 ], [ 88.707561385700728, 23.900623805173634 ], [ 88.662450557713285, 23.869892701071656 ], [ 88.633229279350189, 23.863655720050669 ], [ 88.621851021145403, 23.877414519545109 ], [ 88.579891786402641, 23.86161595646859 ], [ 88.605582953479356, 23.818748040916276 ], [ 88.563150628259166, 23.786075283729883 ], [ 88.582665552007114, 23.767297291554339 ], [ 88.565480119376048, 23.644177965238999 ], [ 88.596172713421723, 23.638671187318117 ], [ 88.584599175242786, 23.60288579955732 ], [ 88.64858413395342, 23.610180973802496 ], [ 88.662799972361782, 23.554835520636615 ], [ 88.730891892213023, 23.510529286507186 ], [ 88.746427221734493, 23.48301349297169 ], [ 88.801952812670038, 23.49709064340021 ], [ 88.794376685484409, 23.443612166281181 ], [ 88.768748898301425, 23.445083151072893 ], [ 88.760864267111501, 23.421313572387557 ], [ 88.765721791227861, 23.364111998907198 ], [ 88.736985135427702, 23.349961220411181 ], [ 88.749483975985072, 23.312226687563836 ], [ 88.73038046203952, 23.319192876001619 ], [ 88.726168398624168, 23.301474662498453 ], [ 88.713136085961111, 23.311073404317209 ], [ 88.700834749449214, 23.298937709700557 ], [ 88.72714369886252, 23.272112877421606 ], [ 88.723754012581836, 23.255161882382655 ], [ 88.8000069510842, 23.218098030172559 ], [ 88.817374615337897, 23.219072365013599 ], [ 88.821175303208491, 23.25346695541878 ], [ 88.834193923241841, 23.247166928460512 ], [ 88.82586810704278, 23.235140253634647 ], [ 88.855994853026289, 23.227102822217244 ], [ 88.916640121663278, 23.232467686943444 ], [ 88.922302117124588, 23.210790931796854 ], [ 88.954873998766033, 23.204993731283036 ], [ 88.982722048145433, 23.224500276473627 ], [ 88.997772823345983, 23.21481069831518 ], [ 88.985015598368662, 23.183779803779032 ], [ 88.964670027471115, 23.192356858353008 ], [ 88.92398586626669, 23.128684888252824 ], [ 88.872731204309332, 23.098001717494281 ], [ 88.876521071140601, 23.007091496330709 ], [ 88.849992166039428, 23.00768107673067 ], [ 88.871073119599544, 22.992374441586851 ], [ 88.864570520586668, 22.957966688753181 ], [ 88.898494318741896, 22.953314954969777 ], [ 88.900016669560713, 22.92957973256458 ], [ 88.916904872162078, 22.921463934194652 ], [ 88.91234629202232, 22.880293853046261 ], [ 88.948964917385922, 22.88032025611507 ], [ 88.970502026796339, 22.845396417411933 ], [ 88.961354581076563, 22.797181916360888 ], [ 88.922134330916322, 22.764745275754784 ], [ 88.923688422211356, 22.736914232904816 ], [ 88.962174905808197, 22.693815325597903 ], [ 88.931688479807804, 22.640799999310943 ], [ 88.957459006539523, 22.610201001341956 ], [ 88.937020006127369, 22.594224001032568 ], [ 88.937606006251642, 22.569933001886607 ], [ 88.896385006317075, 22.563333001774009 ], [ 88.868890006232164, 22.545836001207906 ], [ 88.865838005838683, 22.543062001700733 ], [ 88.867057006079932, 22.523430001143666 ], [ 88.842812006351949, 22.507874001677852 ], [ 88.844603005959087, 22.500905001507707 ], [ 88.858848006534714, 22.499152001873053 ], [ 88.86199100583363, 22.491143001876452 ], [ 88.8652500058529, 22.487517001250779 ], [ 88.857490006471977, 22.483590001699042 ], [ 88.856667005619869, 22.475000001735356 ], [ 88.851113005578895, 22.475000001442574 ], [ 88.852731005710012, 22.432891001761675 ], [ 88.824531006217597, 22.436120000814206 ], [ 88.829682006228111, 22.446753001867361 ], [ 88.811560006080143, 22.481379001428895 ], [ 88.793633005912056, 22.498860001631989 ], [ 88.771666006534915, 22.513381001390382 ], [ 88.782821006111817, 22.52115000195171 ], [ 88.784165005915511, 22.525000001522042 ], [ 88.765686006451944, 22.534242001154958 ], [ 88.766388005737269, 22.560835001185563 ], [ 88.764442006296449, 22.527780001375223 ], [ 88.78277500604554, 22.524722001546913 ], [ 88.768380006395446, 22.513440001134814 ], [ 88.750420006157398, 22.516966001855444 ], [ 88.738984005917757, 22.514181001068746 ], [ 88.733826006437297, 22.510949000284405 ], [ 88.70997700585346, 22.528852001013018 ], [ 88.704849006455419, 22.528175000936926 ], [ 88.70111100580705, 22.525556000443292 ], [ 88.701943005899338, 22.530561000496235 ], [ 88.690666005715116, 22.52441200032235 ], [ 88.691329005951232, 22.534059000663127 ], [ 88.682343006075769, 22.537444000680964 ], [ 88.682265005881817, 22.543782000200085 ], [ 88.67359100567522, 22.550023000899529 ], [ 88.680870005546481, 22.577384001233195 ], [ 88.678338006323955, 22.593611001040696 ], [ 88.672226005573989, 22.549441001022519 ], [ 88.691482005769913, 22.522383000444869 ], [ 88.707803005765982, 22.527694001038125 ], [ 88.733573005758373, 22.50999200014072 ], [ 88.77754900608798, 22.506881001763301 ], [ 88.779739005698076, 22.492638001851468 ], [ 88.799155005885297, 22.46138900031475 ], [ 88.802521005636336, 22.443423000731407 ], [ 88.818482006157637, 22.430573000689858 ], [ 88.848343005712792, 22.430564001584475 ], [ 88.84610800607156, 22.388332000921956 ], [ 88.861107005617598, 22.365023000965149 ], [ 88.874747005846487, 22.358119000547383 ], [ 88.876290005952384, 22.355311000683596 ], [ 88.87139200577856, 22.358892000167373 ], [ 88.849235005996675, 22.364542000197815 ], [ 88.820007421575141, 22.359724000567951 ], [ 88.870551005971535, 22.357782000318114 ], [ 88.9111110062113, 22.305829000922881 ], [ 88.935304006476542, 22.30174700054679 ], [ 88.930335005612861, 22.259412000722772 ], [ 88.954079005982635, 22.225241000807689 ], [ 88.918969005936574, 22.233033000579333 ], [ 88.901780006081395, 22.224076000597559 ], [ 88.88650500580556, 22.237662000662795 ], [ 88.895478005660024, 22.252390000589635 ], [ 88.887611006420258, 22.265933000776769 ], [ 88.876771005802425, 22.274493000270734 ], [ 88.872619005779939, 22.274550000296877 ], [ 88.86509700591354, 22.27081000042957 ], [ 88.863151006374451, 22.276399000155049 ], [ 88.849968006036974, 22.289308000897218 ], [ 88.844170005909959, 22.290281000904507 ], [ 88.864860005690062, 22.270151000861183 ], [ 88.887237006367855, 22.264909000942971 ], [ 88.885657006439018, 22.236213000601921 ], [ 88.900337005992512, 22.222853000783349 ], [ 88.913887006377934, 22.216109000562458 ], [ 88.904488005925103, 22.197242000980378 ], [ 88.919097005647174, 22.165628000987631 ], [ 88.898225006290389, 22.17790800010329 ], [ 88.872270005735359, 22.171369001017407 ], [ 88.866180005814186, 22.194147000181669 ], [ 88.883438005540853, 22.200052000598482 ], [ 88.886086006191363, 22.206823000762277 ], [ 88.88350600622978, 22.212271000996406 ], [ 88.841011006137904, 22.214263000944069 ], [ 88.875839005772619, 22.252803000503224 ], [ 88.839432005869952, 22.215527000404201 ], [ 88.841950005665097, 22.211740001037171 ], [ 88.849465006047396, 22.20978900073024 ], [ 88.882277005722756, 22.211600000398949 ], [ 88.882683005648218, 22.201021000961298 ], [ 88.854470005481417, 22.206213000419751 ], [ 88.850372005653085, 22.202470000510139 ], [ 88.84831200577031, 22.191551000887785 ], [ 88.844268006400995, 22.190318000314974 ], [ 88.834366005791111, 22.209073000626265 ], [ 88.829903006260437, 22.210130000503327 ], [ 88.827218005558649, 22.208822000722975 ], [ 88.82013000607607, 22.196162000564591 ], [ 88.816367006336634, 22.205843000646222 ], [ 88.806717005658257, 22.208952000934122 ], [ 88.80548900553417, 22.221362000627998 ], [ 88.800536005917209, 22.226251000915095 ], [ 88.810822005766667, 22.227292000689431 ], [ 88.818551005815308, 22.23093900012427 ], [ 88.828422006317865, 22.241906000991143 ], [ 88.829568006018548, 22.253721000249715 ], [ 88.827300006210663, 22.265452000938406 ], [ 88.820274006278368, 22.265559000433772 ], [ 88.815453005617911, 22.282972000694798 ], [ 88.811836005757101, 22.284720000137501 ], [ 88.825814005926091, 22.242022000833963 ], [ 88.798469006200364, 22.225973000892875 ], [ 88.805541006437082, 22.208353000824104 ], [ 88.818229006246625, 22.195590000583245 ], [ 88.827498005726866, 22.194986000131749 ], [ 88.835029005717999, 22.167230000604096 ], [ 88.809616005687133, 22.183339000894644 ], [ 88.794152005558516, 22.170571000395487 ], [ 88.768325005881991, 22.193614000644612 ], [ 88.747590006009233, 22.197850001032844 ], [ 88.752189006054337, 22.230390000611955 ], [ 88.769745011288165, 22.24138835373213 ], [ 88.773164005857055, 22.250498000811984 ], [ 88.789958285089483, 22.259368600870193 ], [ 88.772088006412346, 22.251280000411473 ], [ 88.743615005760006, 22.22916600055482 ], [ 88.746391005720938, 22.203058000751888 ], [ 88.739998005893256, 22.21472100101532 ], [ 88.73361200578502, 22.195555001023958 ], [ 88.701957005836732, 22.209442000915939 ], [ 88.665627005604975, 22.217451001052101 ], [ 88.63949500581225, 22.213098000673941 ], [ 88.684920006154996, 22.294276000208697 ], [ 88.678887005821039, 22.32306200036728 ], [ 88.690552005745772, 22.326665000196257 ], [ 88.666122006109148, 22.339041000948804 ], [ 88.679168005576074, 22.293891000223613 ], [ 88.630914006320367, 22.222050000669952 ], [ 88.639342006017429, 22.208120000210396 ], [ 88.672463005679944, 22.201199000524674 ], [ 88.619286005921595, 22.108841000182291 ], [ 88.598892005616648, 22.129723000551397 ], [ 88.604629005637833, 22.159775000167375 ], [ 88.583077006443276, 22.169719000418226 ], [ 88.582131005845795, 22.181222000951667 ], [ 88.573776006137678, 22.188921000130239 ], [ 88.577500005686943, 22.19847000086428 ], [ 88.572746005856004, 22.18910100025073 ], [ 88.583909005932881, 22.166758000668015 ], [ 88.60337100633491, 22.159089000731395 ], [ 88.597572005899522, 22.130621000548125 ], [ 88.619965006479148, 22.104549001001146 ], [ 88.627297006231828, 22.054810000945771 ], [ 88.629540006279569, 22.050611000345139 ], [ 88.636657005842679, 22.045290000535413 ], [ 88.603400006004151, 22.023560000557879 ], [ 88.606354006038003, 22.047722000567333 ], [ 88.596734005599018, 22.063297000503642 ], [ 88.60166100623438, 22.073610000110676 ], [ 88.596581006427016, 22.067267000527529 ], [ 88.596230005795491, 22.061041000515466 ], [ 88.604920005661441, 22.048328000979346 ], [ 88.59990600634184, 22.023595000545047 ], [ 88.614440005923015, 22.019720000731521 ], [ 88.598701006278034, 21.974700000389984 ], [ 88.614937006336262, 21.93699200068006 ], [ 88.601388005557837, 21.935280000601797 ], [ 88.606666006189087, 21.913057000927729 ], [ 88.578056005755073, 21.889720000841326 ], [ 88.586389005903413, 21.928051000325855 ], [ 88.572502005921564, 21.907222000148586 ], [ 88.550278006275036, 21.921391000243087 ], [ 88.55139300614475, 21.934722000151826 ], [ 88.543609005574751, 21.970001000348002 ], [ 88.556388006245513, 21.972790000998781 ], [ 88.563331005639213, 21.960556000337498 ], [ 88.567780006321186, 21.958890000366942 ], [ 88.557672005553314, 21.973239000697816 ], [ 88.54624900550553, 21.9734900010084 ], [ 88.542634006200146, 21.970630000155079 ], [ 88.540886005458816, 21.960212000281658 ], [ 88.548669006023886, 21.922280000759105 ], [ 88.570542006269164, 21.903609000141472 ], [ 88.56239400641752, 21.898880000641888 ], [ 88.545043006315751, 21.906041000719291 ], [ 88.540558006151556, 21.903869000802707 ], [ 88.539498005578849, 21.899352000406097 ], [ 88.547928005549124, 21.881691000669182 ], [ 88.528054005995301, 21.853056000606223 ], [ 88.494264006078296, 21.879091000716524 ], [ 88.521775005801047, 21.913743000150145 ], [ 88.5255360059124, 21.929441000908277 ], [ 88.521721006360266, 21.942681000107182 ], [ 88.493699005714049, 21.967052000353757 ], [ 88.519120006297342, 21.98824300078476 ], [ 88.537025005795527, 21.978805000165075 ], [ 88.543320006308079, 21.981994000965738 ], [ 88.549980005719945, 21.996206000191869 ], [ 88.556632006368972, 22.02318000035385 ], [ 88.554620005882711, 22.035710000309709 ], [ 88.541419005513063, 21.981711000946522 ], [ 88.517570006193566, 21.988728000114552 ], [ 88.491570006421057, 21.966890000316209 ], [ 88.52182800635137, 21.93901100022531 ], [ 88.520661005606868, 21.915395000216449 ], [ 88.502220005609701, 21.914723000818945 ], [ 88.483237005544893, 21.909959000952462 ], [ 88.477273006475642, 21.904380000999243 ], [ 88.47355600560293, 21.895341000616796 ], [ 88.455612006163463, 21.899949000326068 ], [ 88.462219005889239, 21.922460000881539 ], [ 88.452895005702203, 21.939538000614867 ], [ 88.468238005714639, 21.95283200033586 ], [ 88.470207005640631, 21.958901000535477 ], [ 88.463685005634133, 21.963521001009479 ], [ 88.445930006054212, 21.965960000971666 ], [ 88.460893005781244, 22.011579000248879 ], [ 88.441627005685433, 21.991060000795638 ], [ 88.445328005896442, 21.964155000646741 ], [ 88.468924005992818, 21.957969000702423 ], [ 88.451484006117596, 21.942027000889603 ], [ 88.458481005748439, 21.918841000860251 ], [ 88.419725005949701, 21.906552000410823 ], [ 88.408669006217082, 21.885331000341814 ], [ 88.384742005825629, 21.899152000445362 ], [ 88.40777500621283, 21.919493000191007 ], [ 88.398811006201385, 21.953092000361888 ], [ 88.373887006204825, 21.965278000739765 ], [ 88.394310006269777, 21.970662000651572 ], [ 88.375817005793877, 21.969720000542189 ], [ 88.372779005538092, 21.966659000282704 ], [ 88.374443006133205, 21.962819000825206 ], [ 88.398057005537396, 21.95222100088737 ], [ 88.406364006383896, 21.919785000661257 ], [ 88.382798005493555, 21.900681000256352 ], [ 88.397499005975561, 21.885281000547291 ], [ 88.385772006061217, 21.839404000326134 ], [ 88.390670005574592, 21.798981000428814 ], [ 88.364007006137115, 21.797830000841273 ], [ 88.354881005663344, 21.822800000543332 ], [ 88.370545006276458, 21.897798000133314 ], [ 88.368462005602368, 21.905702000954861 ], [ 88.359284006246355, 21.921626000336012 ], [ 88.349983006231682, 21.927390000657123 ], [ 88.3691550060541, 21.89725100014509 ], [ 88.35357700615657, 21.857154000129935 ], [ 88.345238006099606, 21.85696000054774 ], [ 88.337028005605418, 21.861610000190261 ], [ 88.325653006081168, 21.862150000209272 ], [ 88.308938005646041, 21.856399000178904 ], [ 88.30980000647817, 21.877684000988111 ], [ 88.300590005628621, 21.861327000865316 ], [ 88.261979005996679, 21.858690000335894 ], [ 88.269737005492317, 21.885192000418584 ], [ 88.254898005867759, 21.871339000363754 ], [ 88.260598005743546, 21.857860000377727 ], [ 88.313827005859196, 21.846608000185295 ], [ 88.30560400614965, 21.830319000434351 ], [ 88.277092006048392, 21.821914000863718 ], [ 88.263396005789403, 21.813796000425484 ], [ 88.258973006315216, 21.807621000145332 ], [ 88.258362006420413, 21.80077000102132 ], [ 88.263627005962633, 21.788000000791062 ], [ 88.281937005810178, 21.761100000278013 ], [ 88.251663005876779, 21.801942000694158 ], [ 88.282737006198602, 21.75758100052078 ], [ 88.265687005829193, 21.730031000788419 ], [ 88.273887005466449, 21.75462500029986 ], [ 88.217223005681475, 21.764445000298945 ], [ 88.163331006432969, 21.879444001014477 ], [ 88.177209005937371, 21.926111000309582 ], [ 88.153663005507781, 21.959173000341284 ], [ 88.207779005935137, 22.022501000749426 ], [ 88.223892006169905, 22.075276000707497 ], [ 88.203056006254528, 22.166941000491285 ], [ 88.165558006007231, 22.198890001027173 ], [ 88.06972500630944, 22.211945000752515 ], [ 88.105003006286552, 22.304699000418896 ], [ 88.088708005653061, 22.303131000378688 ], [ 88.049155006200806, 22.220001000815202 ], [ 87.984863005713237, 22.245701000497395 ], [ 87.958687005509177, 22.284670000253204 ], [ 87.946389005864674, 22.406111000764984 ], [ 87.92333100557282, 22.434999000532397 ], [ 87.88250000613759, 22.439719000672586 ] ], [ [ 88.183147023957886, 25.289584404882984 ], [ 88.192184807993328, 25.274867735666621 ], [ 88.185416292042675, 25.28588962221308 ], [ 88.183147023957886, 25.289584404882984 ] ], [ [ 89.742096213734285, 26.307646703404984 ], [ 89.734590306713287, 26.3054272210255 ], [ 89.742901478090062, 26.302216310237025 ], [ 89.742096213734285, 26.307646703404984 ] ] ], [ [ [ 88.030562006413405, 22.058889000729653 ], [ 88.028336006248281, 22.062499000300207 ], [ 88.031387005777802, 22.060560000181049 ], [ 88.030562006413405, 22.058889000729653 ] ] ], [ [ [ 87.987792006030659, 22.217501000349248 ], [ 87.993889005946571, 22.215562000653101 ], [ 87.996667005898416, 22.212779000423264 ], [ 87.987792006030659, 22.217501000349248 ] ] ], [ [ [ 87.938057006338994, 22.396669000577269 ], [ 87.932778005801893, 22.408889000575115 ], [ 87.933334005781774, 22.40972100055674 ], [ 87.938057006338994, 22.396669000577269 ] ] ], [ [ [ 87.923958006004113, 22.425620000935275 ], [ 87.923379005553528, 22.427911000679259 ], [ 87.925681005593731, 22.424830000908077 ], [ 87.923958006004113, 22.425620000935275 ] ] ], [ [ [ 87.910552005943188, 22.433060000577079 ], [ 87.918319006361259, 22.430001000531327 ], [ 87.908059006260018, 22.430831000536909 ], [ 87.910552005943188, 22.433060000577079 ] ] ], [ [ [ 88.488053006990285, 21.591671000704892 ], [ 88.533889007042134, 21.578060000376283 ], [ 88.530830007198716, 21.542209000589807 ], [ 88.506111007182838, 21.54111100065008 ], [ 88.511674006998319, 21.558061000259332 ], [ 88.503052006993798, 21.5652810002418 ], [ 88.504173007098544, 21.544452000710489 ], [ 88.481706006604696, 21.554726000739425 ], [ 88.488053006990285, 21.591671000704892 ] ] ], [ [ [ 88.524376007009309, 21.653201000323484 ], [ 88.587501007192202, 21.60194300059554 ], [ 88.575547006558935, 21.574172000907133 ], [ 88.550002006764529, 21.563610000843347 ], [ 88.536950007302025, 21.586951000381692 ], [ 88.542862006983867, 21.58916200071636 ], [ 88.556359006491078, 21.599112000952527 ], [ 88.556664006745152, 21.604446000847989 ], [ 88.53693400646317, 21.588398000659051 ], [ 88.510001006844433, 21.602221000927301 ], [ 88.524376007009309, 21.653201000323484 ] ] ], [ [ [ 88.300369005882473, 21.704030000790652 ], [ 88.34610900583661, 21.688610000742656 ], [ 88.358069006010112, 21.647501000268928 ], [ 88.315276005705542, 21.608056000918268 ], [ 88.315796005643719, 21.677592001059452 ], [ 88.300369005882473, 21.704030000790652 ] ] ], [ [ [ 88.216713006354681, 21.761350000834287 ], [ 88.272002006300468, 21.754406000542978 ], [ 88.262070006292092, 21.730174000579431 ], [ 88.311669005887097, 21.671940000171013 ], [ 88.286393005651504, 21.603889000422797 ], [ 88.306114005593585, 21.580278000190898 ], [ 88.276656006221955, 21.558890000235692 ], [ 88.243057006261694, 21.568888999897364 ], [ 88.242775006329524, 21.596667000735465 ], [ 88.216111006183056, 21.617491000205575 ], [ 88.234734005783608, 21.635378000535418 ], [ 88.233002006369844, 21.669020000508997 ], [ 88.198409005537727, 21.685462000176322 ], [ 88.221061006376914, 21.702382000612204 ], [ 88.216713006354681, 21.761350000834287 ] ] ], [ [ [ 88.207496005711803, 21.716668000189514 ], [ 88.216590006288357, 21.700541000649206 ], [ 88.198334006417994, 21.694444000930861 ], [ 88.195556006073261, 21.681943001051604 ], [ 88.226326006262539, 21.67021200036336 ], [ 88.231666005782941, 21.643610000773897 ], [ 88.211669006113098, 21.62083000039426 ], [ 88.211945006241777, 21.601666999202155 ], [ 88.181389005569173, 21.686109000276527 ], [ 88.207496005711803, 21.716668000189514 ] ] ], [ [ [ 88.456391005866237, 21.706111000347217 ], [ 88.470688006094505, 21.672991000960895 ], [ 88.442231005744972, 21.615000000648532 ], [ 88.419410005942183, 21.689179000434631 ], [ 88.456391005866237, 21.706111000347217 ] ] ], [ [ [ 88.401772006265773, 21.737825001014055 ], [ 88.428565005970611, 21.702011000862228 ], [ 88.41330700567211, 21.691066000965417 ], [ 88.411164006230749, 21.658662000860382 ], [ 88.431939006250303, 21.627360000761161 ], [ 88.398613006027119, 21.595557000781515 ], [ 88.379724005816016, 21.680831000376234 ], [ 88.403878005786751, 21.715191000343054 ], [ 88.368638006321532, 21.727341000429437 ], [ 88.386741006111919, 21.733850001015117 ], [ 88.394996005622644, 21.755001000697749 ], [ 88.401772006265773, 21.737825001014055 ] ] ], [ [ [ 88.555062006531784, 21.734559000192267 ], [ 88.560044006992314, 21.729360000172999 ], [ 88.571105006916014, 21.732221000894114 ], [ 88.59069900666988, 21.690629000881017 ], [ 88.580246007070329, 21.684680000535046 ], [ 88.569938007215072, 21.710621000320693 ], [ 88.552803006950356, 21.724041000493656 ], [ 88.543014006748862, 21.72391300073415 ], [ 88.568299007158387, 21.709760000505327 ], [ 88.574204007313199, 21.69402700028936 ], [ 88.562722007183893, 21.706364000166761 ], [ 88.556947007276023, 21.706391000062837 ], [ 88.552781006499316, 21.702779000152479 ], [ 88.565056006892121, 21.702941000675363 ], [ 88.569168006726855, 21.669444000259482 ], [ 88.553649007351282, 21.650101000926458 ], [ 88.548592006686363, 21.636401000496601 ], [ 88.529579006440329, 21.652652000282774 ], [ 88.517219006156395, 21.711401000423081 ], [ 88.555062006531784, 21.734559000192267 ] ] ], [ [ [ 88.367286005582741, 21.763910001046554 ], [ 88.359749006059033, 21.745620000654373 ], [ 88.359688005711988, 21.73450000014904 ], [ 88.365281006170619, 21.72222000053587 ], [ 88.398057005688898, 21.713334000643506 ], [ 88.360558005799092, 21.686390000964131 ], [ 88.337509006021946, 21.710770000593421 ], [ 88.348891006251492, 21.725554000131091 ], [ 88.342788006144744, 21.754390000350398 ], [ 88.367286005582741, 21.763910001046554 ] ] ], [ [ [ 88.199448006034331, 21.727779000756502 ], [ 88.196137005840924, 21.730580000818868 ], [ 88.201379005456502, 21.736670000189886 ], [ 88.199448006034331, 21.727779000756502 ] ] ], [ [ [ 88.288909005594832, 21.778485000968029 ], [ 88.297280005900021, 21.705600001006854 ], [ 88.278031005509519, 21.728171000234457 ], [ 88.288909005594832, 21.778485000968029 ] ] ], [ [ [ 88.389182006083331, 21.761369000416408 ], [ 88.385009005521553, 21.738611000901525 ], [ 88.361908006327198, 21.732699000669744 ], [ 88.372818005913985, 21.763609000865326 ], [ 88.389182006083331, 21.761369000416408 ] ] ], [ [ [ 88.46155600596218, 21.788793000919028 ], [ 88.474998006283286, 21.79138900067472 ], [ 88.467217006031277, 21.737221000167317 ], [ 88.455917005691987, 21.71141900075423 ], [ 88.433135006400278, 21.704481000670047 ], [ 88.42336200611517, 21.767725000436371 ], [ 88.438790005827443, 21.780349000363117 ], [ 88.446037005767465, 21.797958000710803 ], [ 88.46155600596218, 21.788793000919028 ] ] ], [ [ [ 88.20221800546102, 21.761391000388659 ], [ 88.193885006329708, 21.763331000745836 ], [ 88.199998005714363, 21.769170000742378 ], [ 88.20221800546102, 21.761391000388659 ] ] ], [ [ [ 88.540558006209011, 21.810559000959646 ], [ 88.572502006279606, 21.786945000956329 ], [ 88.561943006372829, 21.770000000171954 ], [ 88.57250200687885, 21.735555000635092 ], [ 88.541718005662645, 21.737679000430703 ], [ 88.51944800577472, 21.71916600061083 ], [ 88.504388005900452, 21.757410000636778 ], [ 88.525481005986506, 21.773660000528221 ], [ 88.53263100614511, 21.782961000387076 ], [ 88.535286005573241, 21.792021000346843 ], [ 88.504173006100174, 21.762501000731415 ], [ 88.506195005956585, 21.776033000241892 ], [ 88.540558006209011, 21.810559000959646 ] ] ], [ [ [ 88.382659005839457, 21.77910000052859 ], [ 88.429634006105672, 21.799587000704655 ], [ 88.442687005667111, 21.799651000305879 ], [ 88.42086000604931, 21.767231000464765 ], [ 88.42276000559967, 21.71982000051236 ], [ 88.382659005839457, 21.77910000052859 ] ] ], [ [ [ 88.27916800553389, 21.769722000158346 ], [ 88.282500006414594, 21.767500000726358 ], [ 88.282792005920726, 21.765011000342433 ], [ 88.27916800553389, 21.769722000158346 ] ] ], [ [ [ 88.263627005925272, 21.792360000600567 ], [ 88.288002005996489, 21.781961000467149 ], [ 88.283332005558108, 21.769444000507043 ], [ 88.263627005925272, 21.792360000600567 ] ] ], [ [ [ 88.505279005702931, 21.782989000248708 ], [ 88.502259005642202, 21.784700001012151 ], [ 88.506386005464989, 21.788333000455964 ], [ 88.505279005702931, 21.782989000248708 ] ] ], [ [ [ 88.315146006051393, 21.857598000435111 ], [ 88.352723006141261, 21.854243000837858 ], [ 88.351417005741851, 21.821905001022547 ], [ 88.361390006046577, 21.796021000609283 ], [ 88.379678005558063, 21.788481000289273 ], [ 88.377907005796146, 21.768603000158187 ], [ 88.343453005859857, 21.760270000945706 ], [ 88.33980400584791, 21.751010000433769 ], [ 88.345001005561116, 21.721666000311171 ], [ 88.315858005777983, 21.709053000892069 ], [ 88.298340005592593, 21.777152000384689 ], [ 88.31111200620596, 21.783057000346091 ], [ 88.310859006136511, 21.795635000520214 ], [ 88.29389100561211, 21.80278100056999 ], [ 88.310349006248458, 21.793486000712015 ], [ 88.296013006386531, 21.774050000874325 ], [ 88.285561006178739, 21.789409000860758 ], [ 88.262596006203623, 21.795321000508501 ], [ 88.260071005560178, 21.80650500105882 ], [ 88.307732006236932, 21.830301000330081 ], [ 88.315354006184307, 21.844660000442925 ], [ 88.315146006051393, 21.857598000435111 ] ] ], [ [ [ 88.491066005622258, 21.83091000079137 ], [ 88.500267005491764, 21.812501000309162 ], [ 88.485833005914515, 21.798610000183007 ], [ 88.449668006368086, 21.811428000918525 ], [ 88.491066005622258, 21.83091000079137 ] ] ], [ [ [ 88.52278000609121, 21.853061000739572 ], [ 88.527778006047228, 21.841111000275863 ], [ 88.524171005686711, 21.835001000803651 ], [ 88.515831005691311, 21.83944500081547 ], [ 88.52278000609121, 21.853061000739572 ] ] ], [ [ [ 88.419823005872502, 21.903140000617984 ], [ 88.457620005845484, 21.894990000500506 ], [ 88.483536006376724, 21.88591900072446 ], [ 88.489165005763155, 21.838891000684438 ], [ 88.448708005897927, 21.816610000192973 ], [ 88.448907005577112, 21.80553100026626 ], [ 88.463081005518177, 21.790366000918759 ], [ 88.424025005861722, 21.812401000209722 ], [ 88.401528005991793, 21.798031000881714 ], [ 88.399987006122984, 21.872499000641749 ], [ 88.418847005809027, 21.889299001054336 ], [ 88.419823005872502, 21.903140000617984 ] ] ], [ [ [ 88.536492005703508, 21.853717000932054 ], [ 88.54190000574566, 21.856972000197644 ], [ 88.536567006262771, 21.853250000438056 ], [ 88.536492005703508, 21.853717000932054 ] ] ], [ [ [ 88.559716006322617, 21.898078000236339 ], [ 88.572739006443101, 21.858360000382646 ], [ 88.551032006389732, 21.817292000300366 ], [ 88.530557006000066, 21.84916800054415 ], [ 88.542504006403263, 21.855561000674101 ], [ 88.550262005835435, 21.88095900084382 ], [ 88.541162005848946, 21.902561000502722 ], [ 88.545579005610037, 21.904626000655831 ], [ 88.559716006322617, 21.898078000236339 ] ] ], [ [ [ 88.508889006452875, 21.910554000590281 ], [ 88.490280005800713, 21.889445000396787 ], [ 88.4766690057847, 21.898889000743786 ], [ 88.488609006072878, 21.910281000694031 ], [ 88.508889006452875, 21.910554000590281 ] ] ], [ [ [ 88.425126006363584, 21.903603000672422 ], [ 88.422776006244391, 21.906110000197295 ], [ 88.42548400595382, 21.904722000896964 ], [ 88.425126006363584, 21.903603000672422 ] ] ], [ [ [ 88.453506005680538, 21.907249000981295 ], [ 88.442261006030833, 21.908769000186524 ], [ 88.456473006183188, 21.913815000976825 ], [ 88.453506005680538, 21.907249000981295 ] ] ], [ [ [ 88.72936300695234, 21.634097000809671 ], [ 88.735870007258939, 21.610679000822465 ], [ 88.757187006854238, 21.598980000109052 ], [ 88.748139007034737, 21.590951000624344 ], [ 88.746949007158221, 21.577499000485385 ], [ 88.735832007205758, 21.57167200070155 ], [ 88.707206007217977, 21.594221000068391 ], [ 88.716942006590855, 21.63249900019628 ], [ 88.72936300695234, 21.634097000809671 ] ] ], [ [ [ 88.56752900741003, 21.690469000899984 ], [ 88.585830006755486, 21.658055000402822 ], [ 88.605714006824215, 21.624402000518302 ], [ 88.602220006829185, 21.620557000494578 ], [ 88.553977006461466, 21.639531000138611 ], [ 88.570809007083895, 21.666000000883912 ], [ 88.56752900741003, 21.690469000899984 ] ] ], [ [ [ 88.63445300679615, 21.651389000809075 ], [ 88.63138600728999, 21.668890000650208 ], [ 88.640395006569847, 21.678574000256333 ], [ 88.63445300679615, 21.651389000809075 ] ] ], [ [ [ 88.696389007407163, 21.713334000165315 ], [ 88.712776007224221, 21.676389000453668 ], [ 88.751373006557444, 21.648720000193581 ], [ 88.735978007039165, 21.645470000729855 ], [ 88.723153006809326, 21.638329000241871 ], [ 88.687042007448767, 21.683331000828716 ], [ 88.696389007407163, 21.713334000165315 ] ] ], [ [ [ 88.587790007076322, 21.701441000104143 ], [ 88.605492007305514, 21.673863000161091 ], [ 88.588547006649776, 21.657331000940967 ], [ 88.580390006699858, 21.682994000536116 ], [ 88.591943006752302, 21.690560000946153 ], [ 88.587790007076322, 21.701441000104143 ] ] ], [ [ [ 88.718720007226125, 21.804690000549225 ], [ 88.728058007098724, 21.777778000670182 ], [ 88.759261006960458, 21.759219000493523 ], [ 88.7522280073715, 21.748610000537937 ], [ 88.752770006853908, 21.731578000419081 ], [ 88.776658007207203, 21.721110000884281 ], [ 88.748276006699399, 21.707091000261507 ], [ 88.741561006772685, 21.71827000094699 ], [ 88.735864007378524, 21.719291000071859 ], [ 88.746261007287814, 21.706191000580858 ], [ 88.758614007184974, 21.709723000883301 ], [ 88.762757006742333, 21.692931000290923 ], [ 88.757782006732327, 21.683664000432142 ], [ 88.741220006676841, 21.690759000378836 ], [ 88.729293007181724, 21.686757000253131 ], [ 88.730774007270767, 21.682032000388151 ], [ 88.754997006657206, 21.665640000896786 ], [ 88.748048007360424, 21.658331000772314 ], [ 88.711112006952334, 21.690180000230857 ], [ 88.694999007419852, 21.743890000830511 ], [ 88.718720007226125, 21.804690000549225 ] ] ], [ [ [ 88.584442006811685, 21.776110000241623 ], [ 88.585609006584505, 21.753891000160717 ], [ 88.619767006703213, 21.738311000534498 ], [ 88.616371007389006, 21.727626000867897 ], [ 88.579720007223159, 21.725839000661516 ], [ 88.569001006146848, 21.769179000416404 ], [ 88.584442006811685, 21.776110000241623 ] ] ], [ [ [ 88.613602006713023, 21.788910000627318 ], [ 88.630836007207151, 21.742500000479659 ], [ 88.608886006859279, 21.708055000973577 ], [ 88.598846007324099, 21.715522000277041 ], [ 88.619445007299888, 21.725554000725687 ], [ 88.623055006710473, 21.736665000134021 ], [ 88.586250006623573, 21.756598000850147 ], [ 88.592590006910243, 21.785197000462666 ], [ 88.613602006713023, 21.788910000627318 ] ] ], [ [ [ 88.755546007097962, 21.780281000709152 ], [ 88.728333006937234, 21.779723000524864 ], [ 88.727501006889653, 21.793334000194356 ], [ 88.737732007370226, 21.798060000589693 ], [ 88.750632007336591, 21.814215000360441 ], [ 88.749443007047702, 21.800280000177693 ], [ 88.751770006521085, 21.787677000616142 ], [ 88.755546007097962, 21.780281000709152 ] ] ], [ [ [ 88.594940006088137, 21.848391000979312 ], [ 88.618050006066895, 21.829244000359481 ], [ 88.607225005916732, 21.815833000920833 ], [ 88.614167007040578, 21.79806000096039 ], [ 88.589454005741814, 21.798325000216906 ], [ 88.57604100618525, 21.817034000312042 ], [ 88.594940006088137, 21.848391000979312 ] ] ], [ [ [ 88.559167006069373, 21.829722000422809 ], [ 88.557555006179484, 21.823983000121796 ], [ 88.556641005543312, 21.824024000268007 ], [ 88.559167006069373, 21.829722000422809 ] ] ], [ [ [ 88.623618005966037, 21.896797000547323 ], [ 88.633332005757495, 21.869723000510163 ], [ 88.653518005769996, 21.867709000342298 ], [ 88.638893006518373, 21.784718000276854 ], [ 88.61194700642622, 21.816670000141524 ], [ 88.621109005761994, 21.83139100100254 ], [ 88.594719005742661, 21.85444400095767 ], [ 88.623618005966037, 21.896797000547323 ] ] ], [ [ [ 88.696945006617867, 21.848612000298459 ], [ 88.726670006987973, 21.899165000413721 ], [ 88.748337007121862, 21.896111000774994 ], [ 88.748611006693906, 21.889440000527895 ], [ 88.756111006817619, 21.880278000222482 ], [ 88.7805640067224, 21.859440000087794 ], [ 88.768608006721479, 21.852500000692118 ], [ 88.76388600652507, 21.828612000318355 ], [ 88.777221006653861, 21.821670000801578 ], [ 88.757766006939505, 21.781111000305309 ], [ 88.751663006966965, 21.815282000268798 ], [ 88.725831007152209, 21.794446000105914 ], [ 88.718330007286696, 21.808059000581817 ], [ 88.707497006618183, 21.811389000189877 ], [ 88.705002007278921, 21.827780000324175 ], [ 88.712502007016298, 21.825292000605543 ], [ 88.716666007232661, 21.826110000239439 ], [ 88.728058007238317, 21.837499000185332 ], [ 88.704446006657236, 21.829444000262562 ], [ 88.702499007301299, 21.824170000775855 ], [ 88.69666200653495, 21.838055000944337 ], [ 88.717498007127446, 21.855556000893674 ], [ 88.696945006617867, 21.848612000298459 ] ] ], [ [ [ 88.584679005612614, 21.869133000764279 ], [ 88.58142000580186, 21.873452000900638 ], [ 88.58468600575317, 21.876590000280473 ], [ 88.584679005612614, 21.869133000764279 ] ] ], [ [ [ 88.643898005560885, 21.919532000544894 ], [ 88.667503006210381, 21.911671000836229 ], [ 88.652778005830427, 21.8733330007801 ], [ 88.63445300567939, 21.870560000772556 ], [ 88.623384006279025, 21.901410000558887 ], [ 88.643898005560885, 21.919532000544894 ] ] ], [ [ [ 88.649879006415432, 22.015392000773641 ], [ 88.715782005525611, 22.000641000540504 ], [ 88.693084006130661, 21.969800000487698 ], [ 88.68644000588165, 21.973501000526234 ], [ 88.692872006130074, 21.984052000253001 ], [ 88.690087006197899, 21.989540000590974 ], [ 88.686668006249832, 21.991110000379827 ], [ 88.684822005562978, 21.974060000545638 ], [ 88.692321006429481, 21.956672000781303 ], [ 88.668328005818609, 21.953890000342813 ], [ 88.688056005964725, 21.952777000130812 ], [ 88.678154006141668, 21.94286800021511 ], [ 88.633049005822016, 21.951879000852593 ], [ 88.649879006415432, 22.015392000773641 ] ] ], [ [ [ 88.733986005962805, 22.042261000865654 ], [ 88.730934006166805, 22.0435990009044 ], [ 88.730918005824364, 22.045299000480224 ], [ 88.733986005962805, 22.042261000865654 ] ] ], [ [ [ 88.636108006237833, 22.051111000974142 ], [ 88.628327005603296, 22.055281001018617 ], [ 88.63083600629038, 22.063069000827227 ], [ 88.636108006237833, 22.051111000974142 ] ] ], [ [ [ 88.739166005838356, 22.056991000147189 ], [ 88.702538006338003, 22.077952000326643 ], [ 88.73455100605959, 22.104009000959056 ], [ 88.746667006365371, 22.132781000980824 ], [ 88.775536006089226, 22.145670000959043 ], [ 88.809197006010493, 22.179410000116594 ], [ 88.829591005941154, 22.165291000349903 ], [ 88.837960006135972, 22.166681000904862 ], [ 88.82845300618564, 22.208323000942606 ], [ 88.844749005806932, 22.18919200083489 ], [ 88.850251005684598, 22.19220000089642 ], [ 88.853241005694301, 22.204332000410844 ], [ 88.860489005890798, 22.203295000189275 ], [ 88.868286006165604, 22.171187000311566 ], [ 88.850791006318431, 22.173564000416729 ], [ 88.843300006147174, 22.167180001011982 ], [ 88.855887006214971, 22.144453000903198 ], [ 88.803071005575433, 22.129732000994789 ], [ 88.751428006478008, 22.083242000834492 ], [ 88.739166005838356, 22.056991000147189 ] ] ], [ [ [ 88.690361006092573, 22.081072000260949 ], [ 88.689506006194151, 22.080313000618915 ], [ 88.688995006220949, 22.081904000907794 ], [ 88.690361006092573, 22.081072000260949 ] ] ], [ [ [ 88.72313700615075, 22.101106000693971 ], [ 88.701768005987702, 22.086642000831908 ], [ 88.692886005889463, 22.078077000621366 ], [ 88.692031006047515, 22.085519000847807 ], [ 88.72313700615075, 22.101106000693971 ] ] ], [ [ [ 88.683883006229181, 22.207243000663791 ], [ 88.731896005653056, 22.193990000267053 ], [ 88.764977006009062, 22.192200000377074 ], [ 88.789170005832233, 22.169448000755146 ], [ 88.738052005503036, 22.134541000463212 ], [ 88.683051005694821, 22.08083100105398 ], [ 88.691117005797793, 22.05705200059905 ], [ 88.735740006398672, 22.031615000679803 ], [ 88.739677005952629, 22.017696000451568 ], [ 88.721047006377489, 22.005300000098035 ], [ 88.66377200577756, 22.023761000434501 ], [ 88.634187005909354, 22.106211000380377 ], [ 88.683883006229181, 22.207243000663791 ] ] ], [ [ [ 88.731795005776405, 22.116816000400284 ], [ 88.730102005930064, 22.123970000751935 ], [ 88.736274005579034, 22.128777000924025 ], [ 88.731795005776405, 22.116816000400284 ] ] ], [ [ [ 88.710670916467521, 26.222671128065969 ], [ 88.721913785664583, 26.232660618171895 ], [ 88.731571375145194, 26.194483656770256 ], [ 88.718346116616388, 26.175895453806259 ], [ 88.672826428725088, 26.253497600761726 ], [ 88.710670916467521, 26.222671128065969 ] ] ], [ [ [ 88.650155983069851, 26.254553082147101 ], [ 88.63858364149651, 26.263308792581658 ], [ 88.641299732107143, 26.28457638653386 ], [ 88.661382711488898, 26.26860715353768 ], [ 88.650155983069851, 26.254553082147101 ] ] ], [ [ [ 88.838333006511675, 21.605277000633723 ], [ 88.876115007152478, 21.592223000761614 ], [ 88.903610007016837, 21.555834000816638 ], [ 88.842780006927981, 21.553888000425896 ], [ 88.828330007279632, 21.576943000770559 ], [ 88.838333006511675, 21.605277000633723 ] ] ], [ [ [ 88.774169006704071, 21.648889000585104 ], [ 88.782219006547095, 21.596111000651003 ], [ 88.798057006481713, 21.591666000298229 ], [ 88.751945007105761, 21.576665000667351 ], [ 88.758240007096219, 21.600038000288258 ], [ 88.736076006546554, 21.612409000498694 ], [ 88.729569006638215, 21.639950000598393 ], [ 88.774169006704071, 21.648889000585104 ] ] ], [ [ [ 88.809723006569371, 21.704445000652161 ], [ 88.796944007297313, 21.655277000370443 ], [ 88.730553007164517, 21.684721000239527 ], [ 88.7574990070122, 21.682276000299773 ], [ 88.809723006569371, 21.704445000652161 ] ] ], [ [ [ 88.834999007023654, 21.765560000421665 ], [ 88.86528000743607, 21.758611000786267 ], [ 88.839165006757113, 21.706943000133013 ], [ 88.85995600724803, 21.637226000635895 ], [ 88.844200007208741, 21.626995000874896 ], [ 88.842780006791287, 21.645281000645962 ], [ 88.830566006674076, 21.651952000321952 ], [ 88.828613007400094, 21.650555000088378 ], [ 88.84583200648909, 21.620001000439107 ], [ 88.80889800653901, 21.638790000309317 ], [ 88.822776006825464, 21.665000000882646 ], [ 88.815002006809266, 21.710001000252241 ], [ 88.762511006528399, 21.70137000061434 ], [ 88.781594006958343, 21.716000000506789 ], [ 88.790832007277913, 21.749171000152192 ], [ 88.797624006778477, 21.747031000871143 ], [ 88.80889200686012, 21.74833200056624 ], [ 88.834999007023654, 21.765560000421665 ] ] ], [ [ [ 88.78547600732395, 21.735760000934125 ], [ 88.756661006703766, 21.733410000548414 ], [ 88.764389007289608, 21.760500000377824 ], [ 88.749755006749581, 21.76964900022919 ], [ 88.76637200744716, 21.786790000829026 ], [ 88.782105006604525, 21.825194000719872 ], [ 88.793555007216028, 21.809741000889574 ], [ 88.787263007219607, 21.795797000199197 ], [ 88.795830007270425, 21.78722100036364 ], [ 88.782219006822359, 21.766946000252972 ], [ 88.78547600732395, 21.735760000934125 ] ] ], [ [ [ 88.801940006955434, 21.748612000657431 ], [ 88.78389600742014, 21.765521000835001 ], [ 88.821671007397171, 21.822901000537655 ], [ 88.830277007013265, 21.766665000298623 ], [ 88.801940006955434, 21.748612000657431 ] ] ], [ [ [ 88.791664006676214, 21.876668000595778 ], [ 88.786109006594117, 21.868331000804098 ], [ 88.785836006781835, 21.865279000532581 ], [ 88.787780006639295, 21.863611000776007 ], [ 88.793610006583762, 21.866391000518515 ], [ 88.800552007232127, 21.877780000602247 ], [ 88.798888006644802, 21.870833000969487 ], [ 88.801391006715804, 21.868062000655595 ], [ 88.829721007189747, 21.862220000339615 ], [ 88.794998006841467, 21.791389000337929 ], [ 88.788888006769454, 21.79582900027496 ], [ 88.795563006898774, 21.801671000872183 ], [ 88.794442006914394, 21.812501000305097 ], [ 88.789720006652487, 21.821390000698962 ], [ 88.784156006491031, 21.826110000679144 ], [ 88.765832006602437, 21.828890000776813 ], [ 88.782212007223521, 21.859720000407425 ], [ 88.776947006603521, 21.866952000937427 ], [ 88.791664006676214, 21.876668000595778 ] ] ], [ [ [ 88.82026700721201, 21.899999000542749 ], [ 88.840836006493035, 21.886944000595641 ], [ 88.829438006932676, 21.864718000892999 ], [ 88.800279006828191, 21.870555000727379 ], [ 88.82026700721201, 21.899999000542749 ] ] ], [ [ [ 88.725282007041727, 21.929450000791444 ], [ 88.738052007293632, 21.917779000426052 ], [ 88.799447007207107, 21.919721000663909 ], [ 88.814163007245938, 21.90278000082138 ], [ 88.80805300709028, 21.884444000231596 ], [ 88.796669006684056, 21.876670000502372 ], [ 88.789720006539611, 21.864718000347818 ], [ 88.793601006683417, 21.874161000404424 ], [ 88.79083200711861, 21.879170000674641 ], [ 88.776109006596599, 21.869721000639473 ], [ 88.74888700728664, 21.897223000095895 ], [ 88.718886006618575, 21.909166000488952 ], [ 88.725282007041727, 21.929450000791444 ] ] ], [ [ [ 88.748871005507866, 21.979161000657609 ], [ 88.750710007012884, 21.95485100041833 ], [ 88.775842006604975, 21.941450000132171 ], [ 88.786454006707345, 21.952650000652199 ], [ 88.788901007206846, 21.940714000430876 ], [ 88.805785007116938, 21.936479000769079 ], [ 88.799392007016806, 21.925929000378368 ], [ 88.732780006505592, 21.925277000781556 ], [ 88.724885006391176, 21.977939000510094 ], [ 88.748871005507866, 21.979161000657609 ] ] ], [ [ [ 88.820267007286432, 22.020841000306337 ], [ 88.90361000672965, 22.010560000374419 ], [ 88.904023007432727, 21.926481000404337 ], [ 88.84970200685386, 21.920391000091243 ], [ 88.824836007252742, 21.939850000081478 ], [ 88.790558006523511, 21.941669000888126 ], [ 88.787224007063045, 21.954999000525184 ], [ 88.775559007399721, 21.943330000557204 ], [ 88.751663006962289, 21.956939000906651 ], [ 88.753326006453591, 21.98528000096751 ], [ 88.764442006674045, 21.984441000275353 ], [ 88.774445007362203, 21.989722000611199 ], [ 88.781968007052285, 21.972704000427857 ], [ 88.800292007323804, 21.97045400062758 ], [ 88.776665007034666, 21.990834000231459 ], [ 88.753609005488016, 21.988058000453279 ], [ 88.772498006430538, 22.012219000842002 ], [ 88.761727005869304, 22.014907000537676 ], [ 88.780282005543455, 22.016112000943384 ], [ 88.801391006586243, 22.029723000570794 ], [ 88.820267007286432, 22.020841000306337 ] ] ], [ [ [ 88.757233005539263, 21.993601000523849 ], [ 88.742576005676014, 21.990495000707103 ], [ 88.758712006238937, 22.007064000213628 ], [ 88.757233005539263, 21.993601000523849 ] ] ], [ [ [ 88.75142800589515, 22.05033300057595 ], [ 88.779197006035176, 22.036841000189906 ], [ 88.79128300601387, 22.031991000271599 ], [ 88.778053005944571, 22.019720000441975 ], [ 88.761110005698356, 22.021944000930997 ], [ 88.75142800589515, 22.05033300057595 ] ] ], [ [ [ 88.81491800552007, 22.061114000520803 ], [ 88.832207006822316, 22.027171000337216 ], [ 88.780159006002236, 22.037832000925594 ], [ 88.787575005638615, 22.059630000780416 ], [ 88.794472005571819, 22.05424200083861 ], [ 88.81491800552007, 22.061114000520803 ] ] ], [ [ [ 88.853859007318519, 22.078971000057805 ], [ 88.870164007240064, 22.063051000865684 ], [ 88.890289007032749, 22.047833000824511 ], [ 88.853950006943606, 22.044626000592576 ], [ 88.850037006500216, 22.041032000288794 ], [ 88.859231006655506, 22.025573000615413 ], [ 88.835961006693907, 22.025450000602536 ], [ 88.845552006847043, 22.061670000644952 ], [ 88.832519007435266, 22.051683000452591 ], [ 88.820000005884211, 22.064172000415404 ], [ 88.834381006689298, 22.063890000922285 ], [ 88.853859007318519, 22.078971000057805 ] ] ], [ [ [ 88.808921005665226, 22.081792000994355 ], [ 88.815018005674247, 22.080584000915895 ], [ 88.827781006417496, 22.086034000905247 ], [ 88.836212006849919, 22.066340000959336 ], [ 88.805213005549433, 22.065736000406162 ], [ 88.794152005557208, 22.055662000283892 ], [ 88.787217005603438, 22.072222000239599 ], [ 88.78124300590882, 22.048362000588206 ], [ 88.748093005538763, 22.058171001058877 ], [ 88.784270006337394, 22.107173000413642 ], [ 88.798898005909976, 22.10836200087024 ], [ 88.798187006349806, 22.099070000728432 ], [ 88.801498005539614, 22.088801000320089 ], [ 88.808921005665226, 22.081792000994355 ] ] ], [ [ [ 88.798866005501566, 22.111380000422294 ], [ 88.845727005691117, 22.119421000942161 ], [ 88.849244006425778, 22.103971000093814 ], [ 88.868026006752871, 22.085471000207789 ], [ 88.838662006370242, 22.089922000802879 ], [ 88.867500007399173, 22.082503000482856 ], [ 88.851181007270171, 22.079363000391645 ], [ 88.838090006286862, 22.07307900061673 ], [ 88.819207005961161, 22.104422000972136 ], [ 88.825256006259437, 22.087290000933145 ], [ 88.805512006332208, 22.085081000147074 ], [ 88.798866005501566, 22.111380000422294 ] ] ], [ [ [ 88.849107005788582, 22.169172000567947 ], [ 88.899941006348968, 22.148092000415605 ], [ 88.923026006628476, 22.108130000495802 ], [ 88.915749006723757, 22.090300000972711 ], [ 88.896447007054505, 22.090795000619242 ], [ 88.892219006878832, 22.114448000218463 ], [ 88.894965006487496, 22.091223000117676 ], [ 88.872254006905308, 22.087805000293432 ], [ 88.845864006460758, 22.121962000979408 ], [ 88.830696006300585, 22.127081000890342 ], [ 88.86024500627191, 22.142449000199704 ], [ 88.849107005788582, 22.169172000567947 ] ] ], [ [ [ 88.868890005607057, 22.410555001263678 ], [ 88.874168006275895, 22.405284001430495 ], [ 88.86611200645477, 22.410833001851994 ], [ 88.868890005607057, 22.410555001263678 ] ] ], [ [ [ 88.859169006255954, 22.469444001389547 ], [ 88.856111005780733, 22.458891001651839 ], [ 88.856940006192843, 22.472502001239359 ], [ 88.859169006255954, 22.469444001389547 ] ] ], [ [ [ 88.780555006487447, 22.494168001019357 ], [ 88.810920006016488, 22.479586001734457 ], [ 88.821687006208677, 22.434789000378089 ], [ 88.834830005986205, 22.43380300083297 ], [ 88.819230006309951, 22.432253000721957 ], [ 88.803971005773406, 22.444453000529471 ], [ 88.8025670058625, 22.455949000814019 ], [ 88.79194600635158, 22.48181300180411 ], [ 88.780555006487447, 22.494168001019357 ] ] ], [ [ [ 88.799392641647259, 26.225665078480016 ], [ 88.788874314729028, 26.130669920497468 ], [ 88.771108542293675, 26.131306427899052 ], [ 88.762753516454381, 26.151856517039278 ], [ 88.777889113983449, 26.162702081552478 ], [ 88.762690622115741, 26.171963029401841 ], [ 88.781655936216978, 26.19464441921318 ], [ 88.770030245742646, 26.235553561001861 ], [ 88.799392641647259, 26.225665078480016 ] ] ], [ [ [ 88.967239007268006, 21.640670000268386 ], [ 88.992218006905134, 21.642391000467672 ], [ 88.987779006783072, 21.613056000284047 ], [ 88.955916007050675, 21.617567000411341 ], [ 88.941132006820311, 21.641801000067758 ], [ 88.954688007424167, 21.676911000630898 ], [ 88.963891007251377, 21.643699000179403 ], [ 88.967239007268006, 21.640670000268386 ] ] ], [ [ [ 88.89444800691912, 21.64972100053583 ], [ 88.890275006847503, 21.651945000243625 ], [ 88.889008006738948, 21.654573000809147 ], [ 88.89444800691912, 21.64972100053583 ] ] ], [ [ [ 88.984490006668508, 21.705689000891159 ], [ 88.987906006474901, 21.652980000505146 ], [ 88.996392007447028, 21.649039000755639 ], [ 89.022759007372414, 21.654026000538881 ], [ 89.02234000685111, 21.636096000952676 ], [ 89.037491007400945, 21.618130000623886 ], [ 89.028762006789265, 21.604822000518912 ], [ 88.999999007072574, 21.60167200053943 ], [ 88.992362006609383, 21.64414100066524 ], [ 88.963859007088757, 21.646129000601377 ], [ 88.950966006982455, 21.701010000721432 ], [ 88.973160007176389, 21.697389000173324 ], [ 88.984490006668508, 21.705689000891159 ] ] ], [ [ [ 89.061126006668616, 21.721060000275187 ], [ 89.09503900701695, 21.643961000503982 ], [ 89.051590006705396, 21.617530000883502 ], [ 89.028489006532965, 21.635319000847936 ], [ 89.024726007378504, 21.694861000081129 ], [ 89.022002007207746, 21.70038100010024 ], [ 89.009795007243582, 21.704871000722306 ], [ 89.061126006668616, 21.721060000275187 ] ] ], [ [ [ 88.886391006841308, 21.743329000457987 ], [ 88.940277006726291, 21.695278000519032 ], [ 88.920829007305898, 21.632221000358367 ], [ 88.88777900660817, 21.658055000284467 ], [ 88.873054007003574, 21.694444000246797 ], [ 88.886391006841308, 21.743329000457987 ] ] ], [ [ [ 89.00026600721722, 21.715829000283556 ], [ 89.019889007299625, 21.714560000406593 ], [ 89.007530007344357, 21.704600000141379 ], [ 89.024124006680807, 21.687146000613041 ], [ 89.01783800709805, 21.661187000344821 ], [ 88.99299600680024, 21.651421000358532 ], [ 88.992501006698319, 21.701391000118175 ], [ 88.970558007412436, 21.72111000069842 ], [ 89.00026600721722, 21.715829000283556 ] ] ], [ [ [ 88.92816100737177, 21.761950000523473 ], [ 88.968896006683423, 21.739199000531752 ], [ 88.987480006819482, 21.744720000857541 ], [ 88.969445006921092, 21.72277800084893 ], [ 88.970558007064867, 21.717500000945115 ], [ 88.983330006661632, 21.705831000427185 ], [ 88.950241006884426, 21.702330000370505 ], [ 88.922782007258974, 21.71970800034671 ], [ 88.92816100737177, 21.761950000523473 ] ] ], [ [ [ 88.999505006834525, 21.763053000322603 ], [ 89.036835006806299, 21.739956000765517 ], [ 89.05928000662368, 21.72591900022028 ], [ 89.017410006849744, 21.717780000928681 ], [ 89.01692900723414, 21.73121100075408 ], [ 88.999505006834525, 21.763053000322603 ] ] ], [ [ [ 88.951112006974796, 21.757779000822669 ], [ 89.011612006528608, 21.779944000400782 ], [ 88.997071007444362, 21.770560000854587 ], [ 88.999168007278868, 21.751671000164386 ], [ 89.0153970073914, 21.725650000877888 ], [ 89.004280006492451, 21.71607300028489 ], [ 88.976670007360923, 21.728611000223495 ], [ 88.988663007423114, 21.739849000919033 ], [ 88.987877007275912, 21.746648000612591 ], [ 88.968711006496463, 21.740706000688029 ], [ 88.951112006974796, 21.757779000822669 ] ] ], [ [ [ 89.015876006726657, 21.806872000092625 ], [ 89.013955006671964, 21.789318000105574 ], [ 89.023301007016514, 21.758971000139166 ], [ 88.998810006876994, 21.76694100005589 ], [ 89.012719006465801, 21.780545000090463 ], [ 88.990021007399349, 21.790751000433289 ], [ 88.994858006709308, 21.812326000792016 ], [ 89.015876006726657, 21.806872000092625 ] ] ], [ [ [ 88.883057007154534, 21.808057000350033 ], [ 88.937232006814369, 21.8166700008879 ], [ 88.933328006919126, 21.81444100040785 ], [ 88.927780007190066, 21.806388000799945 ], [ 88.926666007056482, 21.798329000131886 ], [ 88.917777007166052, 21.791665000081586 ], [ 88.923332007346218, 21.788055000354284 ], [ 88.911391006963569, 21.761672000665406 ], [ 88.91278100671822, 21.755279000264711 ], [ 88.897782006581835, 21.751944000556644 ], [ 88.906938007303268, 21.794170000798424 ], [ 88.895836007159232, 21.788062000519442 ], [ 88.883057007154534, 21.808057000350033 ] ] ], [ [ [ 88.837219006570635, 21.843055000100581 ], [ 88.85527900661819, 21.858061000225121 ], [ 88.857499006907645, 21.855556000645187 ], [ 88.877220007153525, 21.851670000040819 ], [ 88.875000006769724, 21.845555000174354 ], [ 88.882232007100924, 21.797219000887729 ], [ 88.898056006544067, 21.778610000968129 ], [ 88.891387007210781, 21.753610000891268 ], [ 88.921387007007141, 21.743610000723109 ], [ 88.913331007056314, 21.727779000555877 ], [ 88.864441006979675, 21.779171000436421 ], [ 88.834999007014929, 21.7816670003856 ], [ 88.837219006570635, 21.843055000100581 ] ] ], [ [ [ 88.941391006526473, 21.847221000290297 ], [ 88.955276007408159, 21.824439000202609 ], [ 88.976670007304364, 21.820834000384071 ], [ 88.97000100674255, 21.802778000707601 ], [ 88.954171006941536, 21.808059000556746 ], [ 88.940277006613897, 21.793055000455137 ], [ 88.940423006649581, 21.782366000232102 ], [ 88.960557007417933, 21.77277800026798 ], [ 88.921387006813234, 21.766112000461739 ], [ 88.914169006799781, 21.755559000329754 ], [ 88.938889006607738, 21.816667000334235 ], [ 88.924446006542354, 21.835833000517678 ], [ 88.932776007406531, 21.836945000247951 ], [ 88.941391006526473, 21.847221000290297 ] ] ], [ [ [ 88.96965700738933, 21.891250000715136 ], [ 89.028892006894111, 21.865842000074988 ], [ 89.024758006481292, 21.849216000588683 ], [ 88.998131006776205, 21.871059000287048 ], [ 88.989242007233514, 21.868123000700137 ], [ 89.029991006906002, 21.834529000908447 ], [ 88.994156007231112, 21.814172000547291 ], [ 88.970496006547208, 21.775091000125705 ], [ 88.942786006727857, 21.786501000828181 ], [ 88.976502007045738, 21.804690000085337 ], [ 88.97888100712288, 21.822226000790572 ], [ 88.950355006628087, 21.83969100073147 ], [ 88.979127006651865, 21.867442000400718 ], [ 88.96965700738933, 21.891250000715136 ] ] ], [ [ [ 88.924157007253456, 21.923892000514716 ], [ 88.974717007363566, 21.896941000686187 ], [ 88.966111006496305, 21.890279000851219 ], [ 88.976670007121143, 21.867501000107445 ], [ 88.955559007271901, 21.853890000297813 ], [ 88.958886006677858, 21.869723000177505 ], [ 88.949448006569838, 21.88667100044276 ], [ 88.943336007027185, 21.884722000842398 ], [ 88.956947007121727, 21.869723000401407 ], [ 88.947219006838282, 21.840562000630868 ], [ 88.939162007104386, 21.853612000488567 ], [ 88.917777006847516, 21.860557000197154 ], [ 88.915001006551918, 21.880832000293413 ], [ 88.906938006753649, 21.878890000942615 ], [ 88.921670006742076, 21.853890000253273 ], [ 88.939162007128544, 21.850000000264117 ], [ 88.922782006660398, 21.835559000174996 ], [ 88.923058006544608, 21.824439000691072 ], [ 88.888046007060709, 21.812221000475333 ], [ 88.878052007160107, 21.853890000679705 ], [ 88.857216007128244, 21.85861000039036 ], [ 88.854164006565398, 21.889445000556524 ], [ 88.819617006747748, 21.928199000635072 ], [ 88.856865006865434, 21.910707000220054 ], [ 88.924157007253456, 21.923892000514716 ] ] ], [ [ [ 89.015876006594667, 22.051364000722675 ], [ 89.041206006994074, 22.04850300037797 ], [ 89.078003007393292, 21.986932000555157 ], [ 89.063286006940388, 21.934512000681067 ], [ 89.043328006563698, 21.932901000413331 ], [ 89.041038007239138, 21.951045000095252 ], [ 89.041466007343971, 21.932630000752301 ], [ 89.049422006752479, 21.929708000632505 ], [ 89.032700006933581, 21.926162000491207 ], [ 88.999168006836953, 21.951221000650794 ], [ 89.018066006894998, 21.975534000591523 ], [ 89.01526700663949, 21.983842000724021 ], [ 89.005440006582063, 21.986490000173532 ], [ 89.029801007020183, 21.996532000298107 ], [ 89.032502007174628, 22.00208200061914 ], [ 89.006249007057775, 21.988997000045121 ], [ 88.992440006827394, 21.97363100040327 ], [ 88.98969300723418, 21.98567000084984 ], [ 88.975563006952811, 21.991393000184107 ], [ 88.98306300734356, 21.992799000181066 ], [ 88.999359007042415, 22.007105000736399 ], [ 88.975000007204201, 21.992500000707761 ], [ 88.979157006782856, 22.004721000831186 ], [ 88.968087007026199, 22.014360000534712 ], [ 88.985504006742445, 22.045916000280556 ], [ 88.985169007412068, 22.05522400034782 ], [ 89.008332006980595, 22.050821000105621 ], [ 89.015687007026898, 22.062932000254616 ], [ 89.015876006594667, 22.051364000722675 ] ] ], [ [ [ 88.900834007070401, 22.039168000139618 ], [ 88.901358007136338, 22.01832100073462 ], [ 88.879082006795414, 22.014521000105173 ], [ 88.851951006479609, 22.041684000715531 ], [ 88.889641007227908, 22.045579000910489 ], [ 88.89204400652261, 22.049337000891789 ], [ 88.886918006847779, 22.057784000256195 ], [ 88.900834007070401, 22.039168000139618 ] ] ], [ [ [ 88.961952007303807, 22.186122000307225 ], [ 88.980476007192365, 22.132861000857655 ], [ 88.970031007211176, 22.156302000065246 ], [ 88.963196006678672, 22.160140000536511 ], [ 88.952751006991221, 22.15846900073068 ], [ 88.978263006964056, 22.131468000134713 ], [ 88.981445007317049, 22.132216000090189 ], [ 88.985465007258171, 22.137868000353002 ], [ 88.98333000650382, 22.118890000110124 ], [ 88.968276007337792, 22.082269000222432 ], [ 88.963303007070863, 22.09250000022729 ], [ 88.957252007460909, 22.096693000793977 ], [ 88.955978007336228, 22.101771000721627 ], [ 88.950547007187652, 22.104169000180576 ], [ 88.966111006752541, 22.077779000981707 ], [ 88.925048007207138, 22.065259000145343 ], [ 88.923942006803273, 22.024203000813799 ], [ 88.931106007161517, 22.000001000745176 ], [ 88.946107007113469, 22.00000100048139 ], [ 88.934859006907175, 22.055140000763064 ], [ 88.963638007098595, 22.056991000362174 ], [ 88.960137007121844, 22.052009000895691 ], [ 88.96146400705922, 22.048998000947396 ], [ 88.977096006668731, 22.038393000329261 ], [ 88.962218006868113, 22.017222000955208 ], [ 88.972497007192757, 21.987792000819066 ], [ 88.992234007359997, 21.970003000898288 ], [ 89.013526006661138, 21.979106000379868 ], [ 88.990935007238093, 21.951934000589358 ], [ 89.021348007073954, 21.92166000086532 ], [ 89.012573006632309, 21.901994000316652 ], [ 88.968835006446838, 21.921138000279047 ], [ 88.971971006879215, 21.928653000068479 ], [ 88.964675007097114, 21.934802000199884 ], [ 88.976189006970159, 21.93895400041151 ], [ 88.976388007129472, 21.946111000669692 ], [ 88.962501007176328, 21.93500000080024 ], [ 88.966102006866635, 21.922930000839592 ], [ 88.935883007380795, 21.936491000852801 ], [ 88.912720007045579, 21.994360000155776 ], [ 88.901436007064007, 22.065282000060943 ], [ 88.930718007319825, 22.098100000786363 ], [ 88.923247006741235, 22.12294200073709 ], [ 88.93093900701993, 22.122644000053977 ], [ 88.940345007325433, 22.127977000858621 ], [ 88.936478007096184, 22.14281200051424 ], [ 88.938317006775335, 22.126890000406405 ], [ 88.913169006621118, 22.130030000357877 ], [ 88.893935005660524, 22.169699000711503 ], [ 88.919717005862751, 22.161111000633539 ], [ 88.945733006579346, 22.182851000412587 ], [ 88.942643006037429, 22.19028400060812 ], [ 88.961952007303807, 22.186122000307225 ] ] ], [ [ [ 88.899918007240572, 22.08105400046761 ], [ 88.890906006706032, 22.060357000393342 ], [ 88.870964006658056, 22.064357000224796 ], [ 88.870209007140019, 22.086900000316607 ], [ 88.899918007240572, 22.08105400046761 ] ] ], [ [ [ 89.005638006498671, 22.19851100083741 ], [ 89.018631006819632, 22.153815000902057 ], [ 89.050475006774633, 22.130632000327388 ], [ 89.035262007212566, 22.110471000308312 ], [ 89.016298006977394, 22.114193000157965 ], [ 89.029701006538701, 22.119521000416373 ], [ 89.030130007265242, 22.122942000276009 ], [ 89.014647007200736, 22.11400800009574 ], [ 89.035531006639374, 22.109295000388943 ], [ 89.038788007223843, 22.054903000546165 ], [ 89.027673006785761, 22.053522000620454 ], [ 89.029968007166616, 22.059122000383734 ], [ 89.028801007065425, 22.077131000057808 ], [ 89.027686007201538, 22.079153000419566 ], [ 89.023377006759333, 22.078786000788096 ], [ 89.026048007048487, 22.05293200059538 ], [ 89.014725006839697, 22.064444000400037 ], [ 88.985290007340765, 22.056982000181094 ], [ 88.977912007354576, 22.039922000574176 ], [ 88.962357006981293, 22.060480000080421 ], [ 88.99694100662326, 22.138028000824139 ], [ 88.972686007129411, 22.193438000752675 ], [ 89.005638006498671, 22.19851100083741 ] ] ], [ [ [ 88.918794006077775, 22.230809000244779 ], [ 88.954187006082961, 22.221604000388442 ], [ 88.961587006480457, 22.197210000521256 ], [ 88.941405006348532, 22.192189000472911 ], [ 88.93147900634159, 22.177012000506352 ], [ 88.908066005951369, 22.196310000471627 ], [ 88.918794006077775, 22.230809000244779 ] ] ], [ [ [ 88.988868005664486, 22.391559001680786 ], [ 88.983756006370655, 22.325022001205191 ], [ 89.023466419503364, 22.296953074710352 ], [ 88.994163005685891, 22.285554000218266 ], [ 89.017230777759977, 22.268827472577136 ], [ 89.014549007438887, 22.251599000504498 ], [ 89.032395006960925, 22.257299000553122 ], [ 89.037049006705033, 22.226713000481769 ], [ 89.066901006841633, 22.198315000379381 ], [ 89.068642006731309, 22.147361000464393 ], [ 89.09626100700838, 22.155012000572722 ], [ 89.062188006536473, 22.128430000364233 ], [ 89.022950006761462, 22.166262000313822 ], [ 89.01972300664481, 22.205554000333549 ], [ 88.972520007066436, 22.209711000401079 ], [ 88.947219005706557, 22.255560000319612 ], [ 88.953911006382413, 22.359728001400629 ], [ 88.964623006523354, 22.36744100138662 ], [ 88.974168006347512, 22.395003001757242 ], [ 88.967362005920776, 22.407690001048575 ], [ 88.988868005664486, 22.391559001680786 ] ] ], [ [ [ 88.861663006252272, 22.410555000535705 ], [ 88.865546005793888, 22.385560000410447 ], [ 88.880577006335344, 22.403212001863487 ], [ 88.874848006272103, 22.386832000781048 ], [ 88.883750006346048, 22.371992000301109 ], [ 88.897782005546148, 22.364173000708089 ], [ 88.898612005631833, 22.336673000809498 ], [ 88.860833006324825, 22.370832000225196 ], [ 88.855338005869442, 22.387641000278204 ], [ 88.861663006252272, 22.410555000535705 ] ] ], [ [ [ 88.918892005849457, 22.425279001748635 ], [ 88.911453006051488, 22.424722001494047 ], [ 88.917192006312789, 22.429030001341346 ], [ 88.918892005849457, 22.425279001748635 ] ] ], [ [ [ 88.894767006107728, 22.558469001838176 ], [ 88.961097005970529, 22.546554001528452 ], [ 88.998611005639987, 22.43029300145519 ], [ 88.964165005966095, 22.409167001216964 ], [ 88.957778005944121, 22.364722001359922 ], [ 88.935279005762681, 22.395830001321549 ], [ 88.941964005705046, 22.400281001650804 ], [ 88.940209006235818, 22.418500001356776 ], [ 88.946602005588545, 22.420572001095124 ], [ 88.939445006296793, 22.419011001785652 ], [ 88.934151005788507, 22.395862001576507 ], [ 88.953475006347816, 22.365531001749559 ], [ 88.941948006198899, 22.309881000095061 ], [ 88.907334006186247, 22.335791000455909 ], [ 88.896408005662778, 22.380380000847836 ], [ 88.930000005653369, 22.391390001714857 ], [ 88.925820006282521, 22.40623200170316 ], [ 88.907776005614352, 22.415832001868818 ], [ 88.918557006065271, 22.422010001865207 ], [ 88.920540006272773, 22.42669200113512 ], [ 88.89472200580235, 22.466112001112826 ], [ 88.914443006352954, 22.511111001379351 ], [ 88.90638600638826, 22.519170001713228 ], [ 88.910279005771571, 22.523612001610971 ], [ 88.904228006077545, 22.526263001902674 ], [ 88.901862005626867, 22.546442001592986 ], [ 88.894767006107728, 22.558469001838176 ] ] ], [ [ [ 88.900116006038772, 22.54678200159406 ], [ 88.892326005802943, 22.465353001468728 ], [ 88.902778005995643, 22.414724001190866 ], [ 88.921670006547302, 22.400552001531256 ], [ 88.888046005743078, 22.37833300017796 ], [ 88.896392005886185, 22.373611000348983 ], [ 88.89805600630983, 22.366666000502867 ], [ 88.876602006458839, 22.386918000768048 ], [ 88.882186006290965, 22.403636001417887 ], [ 88.856124005806947, 22.422781001745498 ], [ 88.867737005780469, 22.487868001401402 ], [ 88.8602380064833, 22.500258001590442 ], [ 88.843612005647174, 22.507398001312705 ], [ 88.867851006258633, 22.522292001324281 ], [ 88.867301006438723, 22.534511001235771 ], [ 88.86924100600325, 22.540683001875209 ], [ 88.87000200560945, 22.530561001778992 ], [ 88.888335005596986, 22.55389200142633 ], [ 88.900116006038772, 22.54678200159406 ] ] ], [ [ [ 88.935539006212153, 22.563700001449735 ], [ 88.933608005567962, 22.557783001404644 ], [ 88.930091005786792, 22.563426001878625 ], [ 88.935539006212153, 22.563700001449735 ] ] ], [ [ [ 89.610303164656301, 25.954486921448755 ], [ 89.586949893898122, 25.93376141627401 ], [ 89.57606127453343, 25.951304241322717 ], [ 89.597968037008101, 25.963797317036761 ], [ 89.610303164656301, 25.954486921448755 ] ] ], [ [ [ 89.793170431586162, 26.342166938284013 ], [ 89.8171162643267, 26.345845042567451 ], [ 89.827013872947902, 26.325070837557206 ], [ 89.822601624049767, 26.320048414805139 ], [ 89.793170431586162, 26.342166938284013 ] ] ] ] } }
]
}
