district_id,month,temp_c,humidity_pct,pressure_kpa,wind_ms
assam__baksa,12,17.402473118279588,80.10080645161291,100.80563172043018,1.3064381720430098
assam__bongaigaon,4,26.039486111111085,67.0207916666667,99.58752777777778,1.5700972222222223
assam__bongaigaon,5,27.79645161290321,75.63795698924731,99.28086021505389,1.6518145161290305
assam__bongaigaon,11,20.861236111111126,80.00779166666663,100.1750833333333,1.2691388888888895
assam__darrang,1,16.020282258064498,73.63211021505377,99.88599462365596,1.4263172043010748
assam__darrang,2,18.522949852507377,66.70454277286144,99.7208997050148,1.6125368731563428
assam__darrang,5,27.827043010752654,73.64176075268813,98.88813172043011,1.8344086021505372
assam__darrang,10,25.042580645161248,81.17213709677424,99.43362903225803,1.444220430107525
assam__dhubri,7,29.002741935483854,85.38162634408606,99.19134408602145,1.8505376344086
assam__dhubri,11,21.157291666666673,81.67433333333337,100.45381944444459,1.2735416666666672
assam__dima_hasao,3,21.415282258064504,60.527271505376405,94.99211021505366,0.2707123655913979
assam__dima_hasao,7,26.104677419354825,86.59947580645162,94.22647849462373,0.09587365591397859
assam__goalpara,6,28.919833333333337,82.1005555555556,98.60963888888885,1.6286805555555555
assam__goalpara,8,28.786747311827988,84.56001344086012,98.72884408602165,1.3458198924731182
assam__golaghat,7,28.33516129032258,82.96428763440858,97.1435215053763,0.6325806451612906
assam__karbi_anglong,6,27.8844583333333,80.74486111111118,96.05281944444442,0.34491666666666687
assam__karbi_anglong,11,19.892930555555548,79.36641666666672,97.20426388888896,0.3281527777777783
assam__karimganj,1,16.917311827956983,70.96715053763438,100.15686827957003,0.43862903225806454
assam__karimganj,11,21.935402777777757,79.62968055555557,99.975,0.3441944444444445
assam__lakhimpur,6,28.859069444444472,78.60944444444456,97.9480555555556,1.2176805555555543
assam__lakhimpur,8,28.898010752688187,82.09995967741943,98.03262096774196,1.0924059139784936
assam__nalbari,3,22.46641129032258,63.952983870967685,100.33276881720434,1.640013440860216
assam__nalbari,8,29.029180107526876,84.81403225806461,99.47616935483873,1.6054166666666672
assam__nalbari,12,17.402473118279588,80.10080645161291,100.80563172043018,1.3064381720430098
assam__sonitpur,10,22.89486559139785,80.42270161290321,94.8119086021506,0.6262231182795693
assam__tinsukia,10,25.099704301075263,77.72416666666668,98.53743279569883,0.34696236559139815
assam__udalguri,3,22.972137096774183,58.81088709677422,99.43584677419354,1.8681182795698947
assam__udalguri,6,28.962888888888862,80.30538888888894,98.55202777777771,1.758763888888887
karnataka__bellary,1,23.419529569892468,52.9439247311828,95.63122311827962,2.5006854838709685
karnataka__bellary,2,26.021061946902616,40.36286135693216,95.53336283185838,2.510250737463124
karnataka__bellary,3,29.441841397849473,33.65365591397855,95.36291666666682,2.422137096774194
karnataka__bellary,7,26.267405913978497,71.97990591397856,94.96145161290322,5.629274193548386
karnataka__davanagere,7,23.79540322580644,86.26747311827955,94.03846774193553,4.849327956989252
karnataka__davanagere,9,23.76515277777777,85.82570833333338,94.16515277777788,2.9236944444444455
karnataka__davanagere,11,22.855861111111114,73.83351388888886,94.43651388888878,2.332000000000002
karnataka__hassan,3,26.390026881720427,45.0108333333333,91.41224462365582,1.675120967741936
karnataka__haveri,5,28.139999999999993,65.23682795698926,94.09986559139791,3.3047580645161334
karnataka__haveri,7,23.79540322580644,86.26747311827955,94.03846774193553,4.849327956989252
karnataka__kolar,1,20.626021505376357,69.07423387096776,92.47336021505377,2.335873655913979
karnataka__mysore,5,26.121801075268806,70.87678763440864,92.09560483870965,2.1113575268817177
karnataka__mysore,7,23.059462365591386,80.8744220430108,92.07170698924715,3.7240053763440866
karnataka__raichur,2,26.416135693215324,37.609852507374676,96.36364306784655,2.2571976401179947
karnataka__shimoga,7,23.849986559139815,91.58327956989244,95.48607526881715,2.8695026881720436
kerala__kasaragod,7,26.16314516129028,89.07872311827961,99.73704301075279,3.3865188172043
kerala__malappuram,10,24.43786290322586,87.48002688172046,96.84317204301064,1.0788440860215058
kerala__thiruvananthapuram,4,28.864180555555574,75.03047222222219,99.89795833333339,2.4650555555555576
kerala__thiruvananthapuram,6,26.85090277777777,86.6743611111112,99.86272222222233,4.335625000000004
kerala__thiruvananthapuram,7,26.000510752688143,88.79826612903224,99.8962903225808,4.312110215053757
kerala__thiruvananthapuram,11,26.32641666666664,82.62676388888899,99.99234722222234,2.3339722222222243
maharashtra__ahmadnagar,6,27.930583333333335,66.59381944444449,93.7585694444444,4.28847222222222
maharashtra__gondiya,5,36.01165322580649,28.46173387096772,96.99947580645177,2.5941397849462366
maharashtra__kolhapur,6,25.30265277777781,80.76798611111111,93.72826388888893,4.527083333333333
maharashtra__nagpur,11,21.635430555555548,67.13922222222224,97.5032361111111,1.402875
maharashtra__nandurbar,5,32.89250000000001,43.2979301075269,96.97438172043009,4.318521505376341
maharashtra__nashik,6,27.701819444444432,69.56408333333326,93.9249027777777,4.423694444444446
maharashtra__nashik,7,25.257002688172058,82.19057795698927,93.87736559139779,4.833212365591393
maharashtra__nashik,9,24.478263888888893,84.35305555555558,94.20950000000002,2.5337638888888896
maharashtra__pune,1,19.82080645161292,55.184784946236576,94.19704301075268,1.8111827956989242
maharashtra__pune,6,25.6238611111111,80.24836111111117,93.46302777777787,4.148166666666659
maharashtra__satara,10,23.36147849462364,76.59498655913968,93.28607526881714,1.990040322580646
maharashtra__wardha,3,28.844126344086025,27.045698924731216,97.18255376344084,1.925497311827958
maharashtra__wardha,8,26.181827956989267,86.3627284946236,96.47024193548395,2.7796639784946238
maharashtra__washim,9,25.88713888888889,83.98866666666663,96.33438888888888,2.083472222222221
maharashtra__yavatmal,2,25.038672566371655,32.23228613569323,97.54038348082605,1.837227138643067
assam__cachar,6,26.54794444444444,83.67001388888886,95.04995833333334,0.0660555555555555
assam__chirang,2,18.217241887905583,69.01942477876105,100.18010324483765,1.365825958702065
assam__chirang,4,26.03948611111112,67.02079166666668,99.58752777777778,1.5700972222222225
assam__chirang,10,25.051411290322566,81.87329301075262,99.84118279569884,1.3643951612903222
assam__chirang,12,17.342634408602137,79.13209677419353,100.34459677419355,1.1935752688172037
assam__dibrugarh,1,16.76965053763439,65.75049731182798,99.35772849462373,0.553655913978495
assam__dibrugarh,9,28.41276388888887,78.05593055555552,98.46369444444447,0.44440277777777737
assam__dibrugarh,12,17.96442204301076,68.95934139784944,99.36338709677433,0.5640725806451616
assam__hailakandi,11,21.935402777777764,79.62968055555564,99.97500000000002,0.3441944444444446
assam__jorhat,9,27.709472222222253,82.07362499999998,98.38462500000003,1.0113194444444435
assam__nagaon,9,26.73862499999999,84.70401388888891,96.48311111111103,0.2752083333333337
assam__sivasagar,8,28.463830645161295,81.15130376344086,96.34482526881717,0.21909946236559136
assam__sivasagar,10,24.587889784946242,78.60520161290323,97.11309139784954,0.28677419354838724
karnataka__bangalore,3,26.579811827957016,44.005228494623644,91.76205645161292,2.616344086021504
karnataka__bangalore,4,28.31225,48.936986111111075,91.62763888888892,2.2993055555555535
karnataka__bangalore_rural,10,22.522338709677438,81.26670698924737,91.6796774193549,1.9827284946236547
karnataka__bidar,2,25.234188790560466,34.21076696165188,95.04836283185843,2.108554572271386
karnataka__bidar,12,20.99079301075268,55.48194892473121,95.1842876344087,1.8102284946236562
karnataka__bijapur,8,25.789932795698927,74.98723118279565,94.50397849462368,4.857446236559135
karnataka__bijapur,9,25.84127777777777,75.27551388888887,94.62656944444446,3.1957361111111107
karnataka__chikkaballapura,2,23.633156342182886,49.24554572271389,92.18107669616523,2.6678613569321548
karnataka__chikmagalur,6,22.96836111111111,86.19029166666664,91.81920833333332,1.669861111111113
karnataka__chikmagalur,7,22.072876344086012,90.15202956989243,91.83693548387096,1.891209677419355
karnataka__chikmagalur,12,19.690510752688176,77.53883064516126,92.22869623655912,0.8501209677419357
karnataka__chitradurga,6,25.378708333333332,76.24194444444441,93.60227777777781,5.093500000000001
karnataka__chitradurga,8,24.215268817204315,80.89905913978497,93.67521505376342,4.849032258064519
karnataka__chitradurga,9,24.30520833333333,80.50031944444444,93.74905555555549,3.3901388888888886
karnataka__chitradurga,12,21.9540860215054,64.48102150537635,94.16896505376339,2.8116263440860196
karnataka__dakshina_kannada,5,28.416505376344077,76.51732526881725,98.95942204301075,2.1451881720430084
karnataka__gadag,7,24.856465053763444,78.89221774193553,93.8426478494623,5.4653897849462405
karnataka__koppal,9,25.340180555555555,77.33408333333331,94.6382777777778,3.163736111111113
karnataka__mandya,1,22.565067204301066,59.44133064516126,93.27174731182792,2.0500940860215047
karnataka__mandya,5,26.95932795698925,68.51669354838711,92.85225806451604,2.4107661290322584
karnataka__ramanagara,6,24.970875,73.92704166666674,92.72170833333338,3.7413749999999975
karnataka__ramanagara,12,20.934448924731182,75.22662634408604,93.20354838709683,2.114771505376343
karnataka__tumkur,2,24.370457227138658,45.157064896755124,92.48820058997042,2.4710914454277293
karnataka__tumkur,8,23.58331989247313,78.9802822580646,92.10157258064511,4.025940860215055
karnataka__tumkur,9,23.43794444444444,80.43080555555557,92.1657916666667,2.8091111111111116
kerala__alappuzha,1,27.736250000000005,66.87381720430106,101.01805107526874,2.0215188172043037
kerala__ernakulam,7,26.09584677419355,89.32848118279571,100.3367473118279,3.24016129032258
kerala__idukki,6,22.729666666666656,90.0241388888889,93.07427777777784,0.5763611111111112
kerala__kollam,4,28.039111111111104,75.55362499999995,98.52302777777783,1.2628055555555566
kerala__kollam,10,25.15997311827956,88.06708333333339,98.59233870967749,1.3796102150537624
kerala__kottayam,1,23.284704301075287,74.6084946236559,96.43026881720434,0.4474327956989251
kerala__kottayam,3,27.112298387096764,64.75319892473121,96.29580645161285,0.5490725806451612
kerala__kottayam,4,27.111791666666665,74.53462499999998,96.20137500000007,0.587972222222222
kerala__kottayam,6,24.379791666666662,89.06488888888892,96.16741666666678,0.9206249999999991
kerala__kottayam,12,23.00475806451612,83.03166666666664,96.37576612903223,0.453225806451613
kerala__kozhikode,1,26.471693548387105,66.22547043010755,99.27841397849458,1.6634811827956986
kerala__kozhikode,2,27.591607669616515,63.23842182890859,99.23284660766954,1.8756489675516232
kerala__kozhikode,10,25.966142473118296,84.82342741935483,99.09142473118276,1.7869220430107533
kerala__wayanad,7,22.368239247311823,91.25772849462363,93.42137096774188,1.4970833333333329
maharashtra__amravati,3,28.73641129032257,25.127298387096772,96.66762096774198,2.065255376344087
maharashtra__aurangabad,5,32.302567204301084,38.55426075268819,94.56170698924731,3.7924999999999973
maharashtra__bid,12,20.919946236559134,50.81143817204296,94.93529569892475,1.7643817204301075
maharashtra__garhchiroli,8,26.30881720430108,88.45245967741936,97.58576612903234,1.9871774193548404
maharashtra__hingoli,2,25.04432153392329,31.406563421828917,96.46156342182896,1.9324188790560473
maharashtra__hingoli,6,30.234166666666674,60.105486111111155,95.55725000000007,3.6763472222222244
maharashtra__hingoli,12,20.78720430107527,52.176048387096756,96.62631720430105,1.6501881720430092
maharashtra__jalgaon,12,21.395430107526874,46.4948521505376,97.71690860215057,1.611169354838711
maharashtra__jalna,9,24.903680555555564,82.86084722222216,94.401875,2.3606111111111114
maharashtra__mumbai_suburban,1,23.119623655913994,52.49298387096769,100.1831048387097,2.001465053763441
maharashtra__mumbai_suburban,4,30.78661111111111,52.26590277777776,99.7429444444444,2.277444444444445
maharashtra__mumbai_suburban,6,28.63781944444444,79.61929166666671,99.32054166666674,3.619291666666665
maharashtra__mumbai_suburban,12,23.343212365591402,60.40202956989246,100.15028225806455,1.9754569892473095
maharashtra__ratnagiri,10,23.673118279569895,81.52814516129025,95.18774193548379,1.750403225806451
maharashtra__sindhudurg,1,25.387567204301053,56.6998790322581,99.08130376344083,2.2946639784946234
maharashtra__sindhudurg,2,26.856666666666662,53.72259587020645,99.01684365781709,2.3996607669616514
maharashtra__sindhudurg,3,28.581209677419366,56.25823924731184,98.890752688172,2.4144220430107537
maharashtra__sindhudurg,8,25.464798387096767,90.52466397849469,98.62161290322584,3.868776881720428
assam__kokrajhar,6,28.512041666666654,82.31500000000005,98.12118055555558,1.603680555555556
assam__kokrajhar,10,24.483763440860212,82.20877688172037,99.01047043010757,1.0894220430107528
assam__marigaon,5,28.055698924731175,72.12143817204299,98.47829301075274,1.5217607526881711
karnataka__chamrajnagar,2,24.202256637168137,49.99042772861353,92.41877581120941,1.7709439528023607
karnataka__uttara_kannada,8,25.761693548387097,88.85951612903223,98.92209677419362,2.9787768817204325
karnataka__uttara_kannada,12,24.941693548387082,71.73979838709673,99.27498655913983,2.052809139784946
kerala__thrissur,1,26.703467741935494,65.23913978494622,100.10991935483875,1.7741532258064516
kerala__thrissur,3,29.65951612903227,62.67971774193549,99.95802419354843,1.7672043010752696
kerala__thrissur,4,29.214000000000006,73.60799999999995,99.85595833333336,1.8650833333333345
kerala__thrissur,11,26.013333333333325,82.10240277777778,99.97248611111114,1.5231388888888893
kerala__thrissur,12,25.70014784946235,75.15106182795701,100.06122311827957,1.852943548387097
maharashtra__osmanabad,2,25.326548672566364,30.874764011799392,94.70598820058996,2.1206342182890854
maharashtra__solapur,9,25.646597222222212,76.88584722222227,94.57008333333336,2.9398888888888903
maharashtra__thane,3,28.740403225806446,40.409112903225775,99.60595430107522,2.2074865591397854
assam__baksa,1,15.83288978494624,76.7936693548387,100.8266263440861,1.2981182795698938
assam__baksa,8,29.029180107526876,84.81403225806461,99.47616935483873,1.6054166666666672
assam__barpeta,2,18.192625368731555,70.95268436578174,100.64589970501474,1.4480678466076695
assam__barpeta,8,29.029180107526876,84.81403225806461,99.47616935483873,1.6054166666666672
assam__bongaigaon,1,15.809475806451605,75.24883064516126,100.35950268817214,1.2177688172043009
assam__bongaigaon,12,17.342634408602148,79.13209677419353,100.34459677419355,1.1935752688172045
assam__dhemaji,7,26.834717741935492,85.25319892473114,94.54354838709665,1.003010752688172
assam__dhemaji,12,15.637204301075256,73.82879032258067,95.7436021505376,0.8685618279569886
assam__dhubri,4,27.76512500000001,60.85961111111123,99.80819444444434,1.816652777777778
assam__goalpara,9,27.854000000000017,84.80055555555556,99.05718055555555,1.2264305555555557
assam__kamrup_metropolitan,9,26.587652777777794,84.78540277777769,96.07074999999999,0.41761111111111066
assam__kamrup_metropolitan,11,19.66086111111111,80.82744444444445,96.79026388888892,0.4529027777777778
assam__karbi_anglong,8,27.802432795698927,84.10564516129034,96.15756720430119,0.2947311827956986
assam__karimganj,12,18.151975806451638,77.75998655913975,100.13830645161305,0.4024193548387095
assam__sonitpur,3,20.388655913978504,60.17264784946233,94.75791666666673,0.9592069892473118
assam__sonitpur,8,26.757352150537645,84.48927419354837,94.0976747311828,0.7117741935483878
assam__tinsukia,1,15.717674731182791,70.97333333333334,98.987567204301,0.5319758064516132
assam__tinsukia,5,27.939583333333363,69.11139784946235,97.97146505376341,0.37822580645161297
assam__tinsukia,8,29.556384408602167,79.17911290322586,97.71436827956983,0.2796908602150542
assam__udalguri,1,16.020282258064498,73.63211021505377,99.88599462365596,1.4263172043010748
karnataka__bagalkot,9,25.45537500000003,76.28619444444449,94.2810694444443,3.2999722222222236
karnataka__bagalkot,11,23.392097222222223,64.78994444444447,94.6919027777778,2.34773611111111
karnataka__bellary,4,31.636499999999977,39.30184722222225,95.18565277777778,2.3247361111111124
karnataka__gulbarga,12,22.82135752688172,53.56537634408602,96.42143817204305,2.0062365591397837
karnataka__hassan,2,23.334587020648957,50.63558997050144,91.51224188790556,1.677610619469027
karnataka__hassan,9,22.11608333333334,86.27427777777777,91.24069444444442,2.335486111111111
karnataka__hassan,12,20.004408602150555,74.23854838709669,91.54311827956985,1.7202284946236552
karnataka__kolar,5,27.25481182795695,63.555080645161354,91.975940860215,2.7040994623655905
karnataka__mysore,4,28.047319444444465,54.430069444444385,92.1946388888889,1.5583333333333311
karnataka__mysore,8,23.050456989247333,81.2686827956989,92.10899193548381,3.3077419354838704
karnataka__raichur,4,32.5641111111111,34.96836111111108,95.97859722222218,2.1662500000000002
karnataka__shimoga,3,26.566518817204294,63.10170698924736,95.74793010752666,1.12880376344086
karnataka__shimoga,12,21.797002688172043,76.35493279569893,95.8795430107527,1.4801747311827935
kerala__kannur,2,26.014011799410056,61.463156342182884,96.53290560471974,0.9516076696165189
kerala__kannur,5,26.488427419354828,80.9557258064517,96.26116935483859,1.0906317204301057
kerala__kannur,8,23.726612903225796,91.6493682795698,96.31963709677414,1.2093145161290322
kerala__kasaragod,2,27.73970501474926,64.71892330383481,100.01241887905604,2.3171386430678482
kerala__kasaragod,8,25.84663978494625,89.57004032258067,99.78430107526884,3.073857526881727
kerala__malappuram,11,24.130069444444455,83.59373611111116,96.89330555555557,0.9825833333333319
kerala__pathanamthitta,1,23.28470430107528,74.6084946236559,96.43026881720424,0.447432795698925
kerala__pathanamthitta,8,23.631182795698937,90.26897849462361,96.2175268817204,0.8931048387096777
kerala__thiruvananthapuram,3,28.99315860215051,67.35470430107529,99.99052419354821,2.286948924731182
kerala__thiruvananthapuram,10,26.380806451612937,85.05317204301073,99.98250000000002,2.822190860215055
maharashtra__ahmadnagar,9,25.093083333333315,79.60325000000002,94.016875,2.701152777777775
maharashtra__chandrapur,8,26.519354838709685,86.8807661290323,97.70557795698929,2.6133198924731165
maharashtra__gondiya,2,23.968407079646024,36.56104719764011,97.95302359882011,1.734292035398229
maharashtra__gondiya,3,28.78823924731183,29.343225806451624,97.69057795698922,1.8014650537634405
maharashtra__kolhapur,9,23.562833333333337,87.54769444444455,93.91461111111111,2.945277777777779
maharashtra__nagpur,10,24.378508064516105,74.96305107526887,97.20056451612903,1.44962365591398
maharashtra__nagpur,12,19.7314112903226,55.08698924731181,97.61388440860226,1.5084946236559138
maharashtra__nashik,10,23.682849462365606,72.8370564516129,94.54920698924727,1.6191129032258054
maharashtra__pune,2,22.472020648967536,45.67268436578174,94.12451327433631,1.9261504424778748
maharashtra__raigarh,2,25.45966076696167,49.30955752212386,99.80936578171098,2.168908554572272
maharashtra__satara,12,20.629569892473118,56.90900537634406,93.53135752688178,2.0458333333333343
maharashtra__wardha,5,36.19153225806453,25.851962365591373,96.5283198924731,3.0917741935483827
maharashtra__wardha,7,27.16846774193546,81.39075268817206,96.34590053763444,3.197634408602151
maharashtra__wardha,11,21.635430555555548,67.13922222222224,97.5032361111111,1.402875
maharashtra__yavatmal,4,33.86311111111112,22.870930555555564,97.02104166666658,2.132625000000001
assam__hailakandi,3,24.735241935483877,55.84577956989248,99.72697580645156,0.4008467741935484
assam__hailakandi,4,27.451930555555563,67.72073611111105,99.49237499999997,0.3132083333333334
assam__hailakandi,5,28.206088709677417,77.77344086021503,99.20309139784953,0.2529569892473116
assam__jorhat,7,28.735739247311855,82.83489247311833,97.93576612903223,1.2557930107526885
assam__jorhat,10,24.963749999999994,79.62573924731193,98.8370967741935,0.9541935483870975
assam__nagaon,7,27.899637096774182,83.67548387096775,96.04950268817207,0.3054973118279566
assam__nagaon,11,19.892930555555544,79.36641666666672,97.20426388888892,0.32815277777777807
assam__sivasagar,12,17.24853494623656,71.93510752688171,97.51543010752691,0.42043010752688165
karnataka__bangalore,9,23.11718055555555,80.70237499999999,91.54686111111101,2.7766388888888898
karnataka__bangalore_rural,12,20.214099462365578,74.38717741935484,91.90599462365589,2.467943548387097
karnataka__bijapur,5,31.930120967741953,43.70879032258064,94.53905913978494,3.627889784946235
karnataka__chikkaballapura,7,23.876384408602174,75.77005376344084,91.71676075268826,4.673212365591395
karnataka__chikkaballapura,9,23.381999999999987,79.92808333333333,91.83604166666674,2.8373611111111097
karnataka__chikmagalur,5,25.41176075268818,74.36127688172043,91.90104838709686,1.0775806451612895
karnataka__chikmagalur,11,20.922833333333326,82.69405555555554,92.14052777777773,0.8153750000000004
karnataka__chitradurga,3,28.42302419354836,37.10016129032254,93.95119623655914,2.410564516129032
karnataka__dakshina_kannada,9,25.595388888888884,88.16274999999997,99.0432916666667,2.0704583333333333
karnataka__dakshina_kannada,12,25.516935483870967,70.43322580645162,99.27439516129027,1.3768145161290328
karnataka__gadag,1,22.988319892473097,47.50776881720433,94.43784946236562,2.2481854838709685
karnataka__gadag,2,25.60106194690267,37.4159734513274,94.35464601769912,2.234778761061948
karnataka__gadag,10,24.303293010752697,75.79391129032264,94.18499999999996,2.1278629032258083
karnataka__kodagu,9,22.81074999999999,91.10670833333337,94.25995833333337,0.677083333333333
karnataka__koppal,1,23.200040322580666,48.9032661290323,95.12758064516134,2.277043010752686
karnataka__koppal,10,24.739543010752683,74.64337365591386,94.85220430107526,2.1035080645161286
karnataka__mandya,3,27.868682795698938,41.432594086021524,93.0902688172043,2.084341397849461
karnataka__mandya,7,23.755564516129038,79.3950403225806,92.81697580645154,4.1513172043010735
karnataka__mandya,9,23.633319444444457,81.26676388888889,92.91062500000004,2.6456666666666666
karnataka__ramanagara,3,27.307096774193532,44.83477150537633,93.04986559139786,2.242204301075268
karnataka__ramanagara,8,24.08076612903225,77.69393817204305,92.78032258064513,3.612997311827959
karnataka__tumkur,1,21.850725806451617,57.90142473118278,92.55260752688164,2.336182795698922
karnataka__tumkur,11,21.659930555555533,77.13493055555554,92.44733333333336,2.2550138888888895
karnataka__udupi,8,24.312849462365598,90.8440188172043,96.78344086021507,2.220618279569892
karnataka__yadgir,1,23.737607526881728,45.88783602150536,96.55705645161297,2.115537634408604
karnataka__yadgir,10,25.275483870967747,74.55100806451611,96.24520161290322,1.9290456989247309
kerala__alappuzha,4,29.197805555555572,76.06961111111123,100.77909722222222,3.0143194444444443
kerala__alappuzha,7,26.728225806451608,87.04935483870973,100.75752688172042,4.520954301075275
kerala__alappuzha,12,27.729543010752657,70.35854838709679,100.95368279569888,2.0699059139784937
kerala__ernakulam,1,27.3001747311828,66.35037634408606,100.58103494623657,1.6176478494623656
kerala__ernakulam,3,29.397862903225814,67.03572580645165,100.44830645161288,2.1402419354838713
kerala__ernakulam,5,28.225174731182804,82.24935483870968,100.28005376344085,2.8125806451612907
kerala__ernakulam,12,26.75893817204304,73.03829301075271,100.52444892473116,1.6285349462365597
kerala__kollam,1,24.749744623655936,73.3824462365592,98.75653225806458,1.1776747311827958
kerala__kollam,12,24.25411290322581,82.63891129032271,98.7015322580645,1.2528494623655915
kerala__kottayam,5,25.81643817204302,83.85137096774191,96.15100806451609,0.7763575268817201
kerala__kottayam,8,23.63118279569891,90.26897849462365,96.21752688172049,0.8931048387096783
kerala__wayanad,11,22.20299999999999,84.81881944444447,93.59476388888896,0.6795972222222225
maharashtra__amravati,2,24.421814159292047,29.2365634218289,96.88808259587026,1.9415339233038342
maharashtra__amravati,4,33.20094444444443,20.92126388888889,96.38472222222228,2.4726944444444463
maharashtra__amravati,9,25.893944444444458,84.0771527777778,96.25018055555559,2.015208333333333
maharashtra__aurangabad,9,25.043305555555555,82.24690277777778,94.63073611111113,2.392541666666667
maharashtra__aurangabad,10,24.080080645161328,71.54185483870971,94.9804569892473,1.6576612903225785
maharashtra__bhandara,4,33.46955555555553,24.707541666666682,97.36575000000008,1.9989861111111127
maharashtra__bhandara,6,31.56438888888889,59.92683333333329,96.81545833333335,2.9034583333333326
maharashtra__bhandara,7,26.992352150537627,84.9294623655915,96.81981182795701,2.8256451612903217
maharashtra__bhandara,10,24.436653225806428,77.16559139784954,97.6944220430108,1.395470430107526
maharashtra__bid,1,21.56301075268817,40.16533602150534,94.910255376344,1.7948790322580652
maharashtra__bid,4,31.92433333333333,25.424624999999995,94.44095833333343,2.17923611111111
maharashtra__bid,9,25.251319444444455,79.92773611111112,94.31061111111111,2.5435833333333333
maharashtra__buldana,5,33.87741935483871,31.476787634408588,95.30196236559141,3.9506586021505363
maharashtra__dhule,6,29.099097222222216,67.15631944444446,95.67826388888885,4.519097222222223
maharashtra__dhule,9,25.432569444444447,84.0337638888889,96.00420833333327,2.4481527777777727
maharashtra__garhchiroli,1,21.38586021505377,47.10754032258067,98.69166666666669,1.3118010752688183
maharashtra__garhchiroli,7,27.011034946236553,85.04862903225809,97.47200268817193,2.2266129032258095
maharashtra__hingoli,8,25.745685483870965,83.8364516129032,95.66802419354828,3.036061827956988
maharashtra__jalna,3,27.71342741935481,25.739233870967748,94.76451612903234,2.041424731182795
maharashtra__jalna,5,32.78255376344088,34.73391129032257,94.31874999999997,3.8134946236559113
maharashtra__jalna,11,21.88475,62.982027777777766,94.97831944444447,1.6576250000000003
maharashtra__mumbai,8,26.064543010752697,90.15200268817202,99.45014784946231,3.431774193548388
maharashtra__mumbai,10,26.208333333333318,77.95954301075268,99.85025537634407,1.75649193548387
maharashtra__mumbai_suburban,3,28.729502688172012,44.21198924731182,99.91958333333334,2.213521505376342
maharashtra__mumbai_suburban,5,31.094112903225817,60.817499999999974,99.58095430107521,2.8617741935483867
maharashtra__mumbai_suburban,7,26.602782258064533,89.63630376344082,99.31940860215053,4.003010752688169
maharashtra__mumbai_suburban,8,26.064543010752697,90.15200268817202,99.45014784946231,3.431774193548388
maharashtra__nanded,1,22.2084811827957,41.278830645161335,96.75663978494624,1.8018413978494634
maharashtra__nanded,8,25.9759811827957,82.23172043010754,95.86001344086023,3.0635618279569874
maharashtra__nanded,9,25.726138888888897,83.39122222222224,96.05959722222231,2.095875
maharashtra__nanded,11,22.630722222222214,65.51180555555557,96.68740277777779,1.6615138888888887
maharashtra__parbhani,4,32.8510416666667,22.745263888888886,95.54087500000001,2.2116944444444457
maharashtra__parbhani,5,34.22095430107532,31.049274193548406,95.2934005376344,3.5946505376344082
maharashtra__parbhani,9,25.58741666666666,81.79391666666668,95.42263888888887,2.2656250000000004
maharashtra__ratnagiri,4,29.61854166666667,46.53076388888889,95.09187500000009,2.28998611111111
maharashtra__ratnagiri,12,21.438252688172042,59.753978494623645,95.43075268817202,2.0109811827956996
maharashtra__sindhudurg,6,27.094583333333347,85.14997222222229,98.49529166666669,3.8851388888888905
maharashtra__sindhudurg,9,25.58437499999998,89.1992500000001,98.68718055555544,2.786805555555556
maharashtra__sindhudurg,10,25.998548387096772,82.52045698924739,98.8117069892473,2.0510887096774195
assam__kamrup,2,18.50305309734513,67.0954572271386,99.26839233038346,1.7715486725663712
assam__kamrup,11,21.11861111111112,79.79290277777777,99.29712499999997,1.3781388888888884
assam__marigaon,10,25.186021505376335,79.93774193548391,99.03559139784953,1.0835215053763434
karnataka__belgaum,7,24.30711021505378,82.52684139784941,93.45146505376339,5.33033602150538
karnataka__chamrajnagar,3,26.89911290322579,45.57520161290322,92.31459677419355,1.7459946236559134
karnataka__dharwad,1,22.640846774193545,49.46420698924731,94.21337365591394,1.894059139784946
karnataka__uttara_kannada,2,25.868879056047174,65.87648967551623,99.26424778761063,2.0434808259587025
kerala__palakkad,10,24.43786290322582,87.48002688172038,96.84317204301078,1.078844086021506
maharashtra__osmanabad,3,28.952056451612915,26.59655913978494,94.53793010752689,2.1626075268817204
maharashtra__sangli,2,24.76203539823008,37.54501474926254,94.10063421828906,2.1264896755162237
maharashtra__solapur,4,31.877500000000005,30.650305555555587,94.67873611111112,2.3985694444444436
maharashtra__solapur,6,27.941902777777795,66.87718055555557,94.33595833333331,4.490027777777778
maharashtra__solapur,11,23.116208333333336,63.10493055555558,95.04720833333334,2.0247222222222225
maharashtra__solapur,12,21.70096774193549,52.27534946236556,95.13896505376339,1.8967338709677424
maharashtra__thane,6,28.56456944444443,79.50515277777778,98.98269444444449,3.6042638888888883
maharashtra__thane,8,25.89779569892473,90.5857123655914,99.10544354838707,3.3758870967741923
karnataka__chamrajnagar,11,21.763458333333343,80.46734722222217,92.34934722222226,1.574569444444445
karnataka__chamrajnagar,12,21.04544354838712,73.80982526881719,92.44048387096767,1.714650537634409
assam__baksa,10,25.157943548387124,82.50115591397848,100.30130376344081,1.3541935483870964
assam__baksa,11,20.927666666666674,80.88100000000003,100.63462499999994,1.3360833333333326
assam__dhemaji,9,25.761888888888862,83.48086111111112,94.97598611111108,0.842472222222223
assam__dhubri,2,18.964955752212386,63.22994100294993,100.43989675516224,1.4434070796460188
assam__dima_hasao,8,26.113575268817165,87.00354838709674,94.3101612903226,0.09670698924731183
assam__dima_hasao,12,15.915604838709662,75.89737903225804,95.32063172043011,0.25133064516129033
assam__goalpara,2,18.41691740412981,67.5638200589971,99.80314159292033,1.3160619469026555
assam__goalpara,4,26.78952777777778,67.14529166666664,99.21880555555563,1.5422916666666673
assam__golaghat,4,26.0566388888889,65.03072222222217,97.75072222222225,0.7125555555555563
assam__kamrup_metropolitan,5,26.687311827957004,74.83045698924737,95.97490591397843,0.6034946236559138
assam__kamrup_metropolitan,10,23.929153225806438,82.60259408602154,96.49612903225803,0.42432795698924697
assam__karbi_anglong,5,26.951424731182783,74.28389784946242,96.37743279569891,0.40979838709677396
assam__karbi_anglong,9,26.738625000000027,84.70401388888888,96.4831111111111,0.27520833333333355
assam__karimganj,5,28.20608870967742,77.77344086021503,99.20309139784955,0.25295698924731164
assam__karimganj,8,28.530228494623664,85.22463709677425,98.98874999999992,0.1793413978494624
assam__lakhimpur,1,16.246330645161276,70.56673387096777,99.28096774193551,0.8126075268817203
assam__nalbari,9,27.91159722222219,84.93531944444446,99.82865277777776,1.4474166666666661
assam__sonitpur,4,23.434236111111108,67.43374999999999,94.54994444444444,1.028569444444444
assam__tinsukia,11,20.68059722222217,73.90322222222227,98.84662500000003,0.46370833333333356
assam__udalguri,7,28.894825268817243,83.73775537634421,98.54970430107528,1.7207526881720459
assam__udalguri,8,28.76619623655915,84.19490591397836,98.65068548387093,1.6615188172043005
karnataka__hassan,1,20.797446236559125,63.4286693548387,91.56404569892466,1.5894354838709692
karnataka__hassan,4,27.533763888888895,54.90423611111115,91.30056944444446,1.5068472222222218
karnataka__hassan,8,22.051612903225813,86.2599865591397,91.19301075268828,3.3440591397849495
karnataka__haveri,2,25.348598820058957,44.02473451327431,94.46761061946887,2.251902654867257
karnataka__haveri,12,22.12151881720431,64.54961021505375,94.53288978494619,2.5681317204301086
karnataka__raichur,3,29.880322580645142,31.61998655913984,96.17731182795691,2.1991532258064534
karnataka__raichur,9,26.18568055555553,76.57716666666663,95.91169444444438,2.746847222222221
karnataka__raichur,11,24.044638888888876,67.91545833333325,96.37079166666659,2.163819444444444
kerala__kannur,10,24.181706989247335,87.89034946236556,96.39025537634417,0.8478897849462365
kerala__malappuram,2,26.479380530973472,58.45886430678462,96.97758112094398,1.1722123893805305
kerala__pathanamthitta,6,24.379791666666684,89.0648888888889,96.16741666666668,0.9206249999999991
kerala__pathanamthitta,10,23.976680107526903,88.79462365591404,96.27209677419359,0.606801075268818
kerala__thiruvananthapuram,12,25.826787634408607,80.23532258064515,100.06782258064506,2.955510752688172
maharashtra__ahmadnagar,2,24.33309734513275,31.142389380530968,94.4965929203539,1.9157817109144544
maharashtra__ahmadnagar,3,27.896317204301056,27.373212365591392,94.34474462365594,2.085900537634408
maharashtra__ahmadnagar,10,24.1487634408602,71.33918010752686,94.33366935483858,1.9048924731182817
maharashtra__akola,2,24.421814159292044,29.23656342182891,96.88808259587017,1.9415339233038336
maharashtra__akola,6,31.039777777777758,58.46637500000004,95.88569444444445,3.714166666666671
maharashtra__akola,7,26.8815860215054,80.97478494623655,95.87254032258062,3.504932795698923
maharashtra__chandrapur,10,24.874811827956997,78.10455645161285,98.39598118279574,1.4408333333333334
maharashtra__chandrapur,11,22.424236111111114,70.21870833333334,98.70733333333337,1.4510138888888886
maharashtra__gondiya,4,33.46955555555554,24.707541666666618,97.36575000000012,1.998986111111113
maharashtra__gondiya,7,26.992352150537638,84.92946236559155,96.8198118279571,2.825645161290321
maharashtra__kolhapur,1,22.495940860215054,47.272217741935485,94.33405913978486,1.9820698924731182
maharashtra__kolhapur,5,28.724139784946235,59.94232526881721,93.88095430107523,3.454650537634406
maharashtra__latur,7,26.233521505376345,75.46938172043014,94.22518817204302,4.257768817204297
maharashtra__latur,10,23.80686827956989,75.91256720430098,94.85022849462376,1.7233602150537655
maharashtra__nagpur,2,23.981622418879027,34.0114749262537,97.43085545722712,1.8280825958702083
maharashtra__nagpur,6,31.691375000000015,57.120749999999994,96.34512500000008,3.341291666666664
maharashtra__nagpur,8,26.181827956989267,86.3627284946236,96.47024193548395,2.7796639784946238
maharashtra__nagpur,9,26.1625416666667,84.5926111111112,96.73401388888895,1.8810555555555561
maharashtra__nandurbar,8,25.71283602150537,86.82975806451624,96.80262096774193,3.5461962365591404
maharashtra__nashik,3,27.26294354838709,27.79345430107529,94.55994623655921,2.132594086021505
maharashtra__pune,7,23.87333333333333,89.3432526881722,93.44016129032254,4.854663978494621
maharashtra__pune,8,23.297903225806472,90.69626344086024,93.54663978494618,4.120766129032258
maharashtra__raigarh,3,28.336948924731182,48.68161290322579,99.64615591397856,2.234784946236561
maharashtra__raigarh,7,26.456653225806477,89.47465053763428,99.0916263440861,4.130215053763446
maharashtra__raigarh,11,24.715652777777795,70.97612500000007,99.73416666666671,2.107013888888888
maharashtra__raigarh,12,23.470107526881733,63.113131720430104,99.85467741935487,2.1413978494623658
maharashtra__satara,3,27.391626344086006,33.98649193548385,93.31130376344078,2.255940860215053
maharashtra__wardha,4,33.6693333333333,21.666000000000015,96.86955555555548,2.1835833333333308
maharashtra__washim,6,30.8910277777778,58.81597222222217,95.98062499999995,3.8485416666666676
maharashtra__washim,8,25.91270161290323,85.02040322580648,96.09842741935483,3.0578763440860195
maharashtra__yavatmal,3,29.48622311827959,26.65095430107528,97.30720430107526,1.8719489247311834
assam__cachar,4,25.094041666666676,68.6943055555556,95.6046944444444,0.21308333333333324
assam__cachar,8,26.563440860215056,85.9907795698924,95.1142876344086,0.05440860215053759
assam__chirang,3,22.59299731182796,61.77153225806456,99.86745967741932,1.5111290322580642
assam__chirang,11,20.861236111111115,80.00779166666665,100.17508333333339,1.2691388888888895
assam__jorhat,8,28.898010752688194,82.09995967741929,98.03262096774186,1.0924059139784956
karnataka__bangalore,7,23.509973118279586,77.08025537634416,91.44168010752703,4.4728897849462355
karnataka__bangalore,8,23.329381720430113,78.81763440860207,91.48676075268813,3.886572580645161
karnataka__bangalore_rural,2,23.3748377581121,52.040589970501536,91.87327433628323,2.564734513274337
karnataka__bangalore_rural,7,23.509973118279586,77.08025537634416,91.44168010752703,4.4728897849462355
karnataka__bijapur,3,29.265430107526875,28.790577956989257,94.89486559139787,2.206223118279568
karnataka__bijapur,7,26.176760752688185,73.54258064516127,94.41590053763444,5.567379032258066
karnataka__bijapur,10,25.09831989247312,70.95581989247303,94.88485215053768,2.1572849462365595
karnataka__bijapur,11,23.25037499999998,65.25497222222222,95.07958333333337,2.2035972222222235
karnataka__chikkaballapura,3,26.943817204301112,41.38075268817207,92.05901881720425,2.80622311827957
karnataka__chikkaballapura,8,23.64068548387099,77.76970430107528,91.76802419354836,4.067741935483872
karnataka__chikmagalur,3,25.001317204301074,57.968279569892545,92.10735215053762,0.7323790322580651
karnataka__chikmagalur,4,26.509861111111125,64.12479166666668,91.99948611111122,0.69875
karnataka__chitradurga,2,25.324970501474912,40.94199115044246,94.08887905604718,2.5375811209439516
karnataka__chitradurga,7,24.376263440860217,80.02450268817202,93.61364247311838,5.6197983870967745
karnataka__dakshina_kannada,3,28.936626344086015,61.98879032258067,99.16194892473119,1.9608602150537626
karnataka__dakshina_kannada,4,29.188430555555573,69.09986111111115,99.04805555555558,1.8665833333333328
karnataka__dakshina_kannada,11,26.00730555555558,77.56001388888892,99.17748611111112,1.3074305555555552
karnataka__gadag,3,28.713588709677403,34.999462365591384,94.21139784946236,2.205120967741937
karnataka__gadag,11,23.075625000000002,69.13079166666665,94.34501388888883,2.3868055555555547
karnataka__koppal,6,26.86744444444444,70.39531944444443,94.46154166666666,4.962625000000002
karnataka__koppal,8,25.471034946236546,76.0377822580645,94.53967741935476,4.753736559139789
karnataka__tumkur,4,29.032500000000002,46.51915277777775,92.23668055555554,2.1599444444444447
karnataka__tumkur,12,20.86403225806451,69.92262096774192,92.54319892473124,2.4306182795698907
karnataka__udupi,1,23.829852150537658,67.13583333333325,97.09095430107524,1.3097311827956997
karnataka__udupi,7,24.539301075268806,90.64541666666665,96.73384408602148,2.4710483870967748
karnataka__yadgir,2,26.38904129793511,36.38376106194689,96.44676991150443,2.197979351032446
karnataka__yadgir,9,26.20151388888888,77.49009722222222,95.97723611111115,2.622361111111112
kerala__alappuzha,10,27.263575268817217,81.93821236559144,100.84771505376345,3.165819892473119
kerala__ernakulam,6,26.993194444444438,86.75695833333334,100.28888888888886,3.333027777777778
kerala__idukki,2,23.362064896755157,66.00302359882008,93.29067846607667,0.3355752212389383
kerala__idukki,9,22.193875,90.57359722222218,93.13415277777776,0.4579444444444443
kerala__kollam,3,28.378077956989245,65.10858870967745,98.61630376344085,1.1305510752688175
kerala__kollam,8,24.91338709677418,89.58174731182793,98.54245967741943,2.1625940860215045
kerala__kottayam,2,25.262876106194696,65.14085545722719,96.38566371681422,0.48157817109144524
maharashtra__amravati,8,25.823749999999997,86.09891129032262,96.00206989247312,3.037674731182796
maharashtra__bhandara,3,28.788239247311818,29.343225806451613,97.69057795698922,1.8014650537634413
maharashtra__bhandara,5,36.01165322580644,28.46173387096774,96.99947580645156,2.594139784946234
maharashtra__buldana,1,20.753682795698936,39.96368279569891,96.1128494623656,1.7838037634408603
maharashtra__buldana,7,26.475631720430115,79.17719086021508,95.0539247311828,3.826411290322578
maharashtra__buldana,8,25.44615591397848,83.96099462365599,95.18482526881722,3.220604838709676
maharashtra__buldana,11,22.22063888888889,62.250555555555586,96.04447222222223,1.586347222222224
maharashtra__dhule,11,22.949458333333343,56.95820833333332,96.59441666666666,1.6215833333333323
maharashtra__dhule,12,21.160954301075257,45.58185483870971,96.68680107526887,1.6570833333333341
maharashtra__garhchiroli,3,29.562177419354832,30.378534946236552,98.27536290322584,1.5126344086021488
maharashtra__garhchiroli,4,33.68938888888889,29.097000000000026,97.97133333333335,1.7184027777777788
maharashtra__garhchiroli,6,31.105986111111108,62.59365277777783,97.45870833333332,2.3766111111111115
maharashtra__garhchiroli,10,24.750887096774168,79.33024193548391,98.27279569892468,1.177486559139786
maharashtra__garhchiroli,11,22.12552777777776,72.23588888888888,98.58937500000003,1.2173055555555548
maharashtra__garhchiroli,12,20.559892473118275,59.35709677419357,98.71033602150538,1.2600268817204296
maharashtra__jalgaon,2,24.586312684365787,27.512492625368708,97.5657374631269,1.8123451327433642
maharashtra__jalgaon,6,30.77198611111114,60.6479722222222,96.62006944444443,3.8795138888888903
maharashtra__jalna,6,28.83948611111112,63.72098611111111,94.10462500000008,4.01125
maharashtra__jalna,10,23.797123655913982,72.3641935483871,94.76299731182786,1.6646370967741932
maharashtra__nanded,6,30.182805555555554,60.24208333333332,95.74876388888894,3.6974027777777767
maharashtra__nanded,12,21.42030913978496,51.294637096774174,96.78436827956992,1.670456989247312
maharashtra__parbhani,1,21.760766129032255,39.19297043010749,96.08240591397849,1.744059139784946
maharashtra__parbhani,10,24.36826612903228,73.25318548387088,95.78797043010755,1.6385618279569898
maharashtra__parbhani,11,22.393750000000004,64.07784722222225,96.02224999999999,1.652833333333333
maharashtra__ratnagiri,1,22.080725806451603,50.23600806451611,95.43934139784942,1.8638978494623646
maharashtra__sindhudurg,7,25.817473118279587,90.63305107526884,98.53340053763445,4.398454301075265
assam__kokrajhar,1,15.414637096774193,71.63786290322581,99.4651209677419,0.9589381720430107
assam__kokrajhar,3,22.97557795698924,53.29127688172041,99.00233870967743,1.2748252688172046
assam__kokrajhar,11,20.317680555555565,79.80044444444441,99.31594444444444,0.9971249999999999
assam__marigaon,3,23.43037634408603,56.38608870967745,99.02599462365588,1.6240456989247307
assam__marigaon,6,29.06097222222222,79.26269444444445,98.14477777777769,1.3481805555555553
assam__marigaon,9,27.83830555555558,82.70109722222224,98.58254166666666,1.1485138888888886
karnataka__belgaum,2,25.251474926253678,37.26393805309736,93.98553097345129,2.122463126843657
karnataka__belgaum,4,30.01781944444445,44.52799999999999,93.7117777777778,2.336916666666667
karnataka__dharwad,3,28.08258064516129,40.40845430107526,94.01053763440862,1.9462365591397845
karnataka__dharwad,8,23.52591397849462,87.00639784946235,93.7308602150537,4.03397849462366
karnataka__dharwad,11,22.486833333333337,72.61966666666667,94.12284722222219,2.060930555555555
karnataka__uttara_kannada,1,24.7419623655914,68.26146505376343,99.32118279569886,2.019475806451612
karnataka__uttara_kannada,11,25.839694444444476,76.93969444444438,99.16893055555552,1.9013611111111124
kerala__palakkad,11,24.13006944444442,83.59373611111108,96.89330555555557,0.9825833333333334
maharashtra__osmanabad,5,32.760658602150514,37.38290322580643,94.12794354838712,3.3370026881720456
maharashtra__osmanabad,10,24.016075268817193,74.24069892473126,94.53482526881729,1.963306451612903
maharashtra__thane,10,25.929206989247316,76.73862903225803,99.54051075268815,1.6827284946236563
karnataka__chamrajnagar,6,23.78376388888888,78.96538888888887,92.05284722222217,3.390458333333332
karnataka__chamrajnagar,7,23.059462365591404,80.87442204301068,92.07170698924732,3.724005376344085
karnataka__chamrajnagar,8,23.05045698924731,81.26868279569887,92.10899193548384,3.3077419354838726
assam__baksa,3,22.46641129032258,63.952983870967685,100.33276881720434,1.640013440860216
assam__barpeta,7,29.206935483870996,84.25720430107518,99.37543010752677,1.6836155913978497
assam__darrang,3,22.972137096774183,58.81088709677422,99.43584677419354,1.8681182795698947
assam__dhemaji,5,25.18559139784946,74.40145161290326,94.87083333333327,1.0047446236559143
assam__dhubri,8,28.872876344086013,85.38141129032252,99.30854838709674,1.6600403225806444
assam__dhubri,9,27.904972222222213,85.71861111111109,99.64481944444454,1.508916666666668
assam__golaghat,6,28.410666666666643,79.48055555555565,97.15058333333342,0.6412916666666668
assam__golaghat,12,17.010672043010764,75.85973118279573,98.45456989247317,0.5055913978494629
assam__kamrup_metropolitan,12,16.195053763440846,80.16276881720427,96.91490591397836,0.4634408602150539
assam__karbi_anglong,2,17.56327433628319,68.30094395280241,97.15594395280233,0.41259587020648997
assam__lakhimpur,11,20.658097222222256,76.2757083333334,99.14602777777773,0.8831944444444447
assam__tinsukia,7,29.474112903225794,79.43384408602165,97.62034946236564,0.28547043010752754
assam__udalguri,4,26.2094027777778,65.53074999999995,99.17891666666675,1.9564027777777795
karnataka__bellary,8,26.043669354838705,73.47766129032252,95.02881720430109,4.789690860215051
karnataka__davanagere,3,28.33064516129031,42.11866935483864,94.33924731182783,2.1812499999999995
karnataka__davanagere,4,29.583749999999988,51.73083333333338,94.20705555555551,2.1773055555555536
karnataka__gulbarga,2,26.39792035398228,34.38066371681416,96.29756637168141,2.14811209439528
karnataka__gulbarga,4,33.00884722222223,32.47333333333335,95.89895833333341,2.156486111111111
karnataka__gulbarga,6,28.91909722222223,63.63290277777776,95.58970833333333,4.253125000000006
karnataka__hassan,11,20.912874999999996,80.72852777777773,91.45584722222218,1.658847222222223
karnataka__haveri,4,29.583749999999988,51.73083333333338,94.20705555555551,2.1773055555555536
karnataka__haveri,8,23.616370967741908,86.87587365591396,94.1007661290323,4.171680107526883
karnataka__haveri,9,23.76515277777777,85.82570833333338,94.16515277777788,2.9236944444444455
karnataka__haveri,10,23.850134408602116,80.69255376344084,94.30318548387106,1.9831048387096792
karnataka__kolar,6,24.843041666666675,72.36420833333332,91.8894722222222,4.2040416666666625
karnataka__kolar,7,24.10783602150537,74.72965053763443,91.8952150537634,4.5877150537634375
karnataka__mysore,3,26.89911290322578,45.57520161290322,92.31459677419355,1.7459946236559127
karnataka__mysore,10,22.868400537634418,82.01913978494626,92.24846774193553,1.5519623655913986
karnataka__mysore,12,21.045443548387123,73.80982526881725,92.44048387096774,1.7146505376344092
karnataka__raichur,6,28.46923611111112,64.90343055555554,95.70629166666656,4.6022500000000015
karnataka__shimoga,6,24.74240277777778,88.03090277777785,95.45606944444448,2.5656388888888935
karnataka__shimoga,9,23.735138888888887,90.8700000000001,95.58522222222233,1.7523750000000013
karnataka__shimoga,11,23.024680555555538,81.62745833333335,95.78273611111113,1.390236111111112
kerala__kannur,1,24.316263440860208,67.4678091397849,96.58075268817198,0.8439919354838716
kerala__kannur,11,23.895930555555587,83.5072083333333,96.44980555555551,0.7074027777777776
kerala__kannur,12,23.444287634408617,75.64274193548388,96.53911290322574,0.7310618279569887
kerala__kasaragod,5,28.477029569892483,79.1547715053762,99.71014784946239,2.6411290322580654
kerala__malappuram,4,27.97606944444445,71.83566666666664,96.78043055555553,1.187041666666666
kerala__malappuram,6,24.887027777777835,88.61080555555547,96.71022222222214,1.7294444444444457
kerala__pathanamthitta,2,25.26287610619468,65.14085545722713,96.38566371681425,0.48157817109144574
kerala__thiruvananthapuram,1,26.22049731182794,72.62053763440863,100.12517473118288,2.774018817204299
kerala__thiruvananthapuram,5,28.107163978494604,81.6659005376344,99.84385752688168,3.722311827956985
maharashtra__ahmadnagar,8,25.133561827957017,79.26090053763441,93.84216397849461,4.169502688172044
maharashtra__akola,5,35.3183198924731,27.213817204301076,96.08297043010752,3.6894220430107483
maharashtra__akola,8,25.823749999999983,86.09891129032256,96.00206989247317,3.0376747311827943
maharashtra__akola,11,22.33727777777777,61.8746527777778,96.95844444444452,1.4572638888888876
maharashtra__chandrapur,1,21.598494623655913,45.15202956989248,98.80284946236569,1.6149193548387102
maharashtra__chandrapur,7,27.373642473118277,82.53657258064509,97.58635752688164,2.941155913978493
maharashtra__chandrapur,9,26.538055555555538,85.65730555555548,97.94530555555569,1.8330972222222217
maharashtra__chandrapur,12,20.803938172043008,57.44549731182795,98.82620967741937,1.503360215053766
maharashtra__gondiya,12,19.72422043010752,57.91614247311825,98.13276881720438,1.4941129032258076
maharashtra__kolhapur,10,23.654408602150543,79.39962365591398,94.10638440860204,1.9494892473118284
maharashtra__latur,1,21.826989247311833,41.72072580645156,95.13598118279572,1.8785483870967756
maharashtra__latur,3,28.83239247311829,26.874489247311846,94.84466397849465,2.0185752688172047
maharashtra__latur,4,32.392375000000044,27.501819444444425,94.63126388888884,2.0856805555555558
maharashtra__latur,9,25.04383333333334,82.29688888888884,94.50848611111101,2.308319444444444
maharashtra__latur,11,21.958750000000002,66.84155555555566,95.0771388888889,1.7791944444444427
maharashtra__nandurbar,7,26.666411290322593,83.60598118279572,96.65595430107518,4.180618279569892
maharashtra__nandurbar,9,25.872111111111092,84.83531944444441,97.05095833333334,2.1988750000000032
maharashtra__nashik,2,23.7001179941003,30.571946902654894,94.70637168141599,1.9362094395280225
maharashtra__pune,9,23.392625000000002,89.53348611111115,93.68763888888886,2.536250000000002
maharashtra__raigarh,4,30.274333333333335,55.27056944444448,99.47781944444442,2.2690694444444452
maharashtra__satara,5,29.40655913978493,52.398870967741935,93.01547043010756,3.7108870967741914
maharashtra__satara,6,25.652402777777766,76.39937500000005,92.83580555555555,4.800958333333335
maharashtra__satara,8,23.443991935483865,86.15787634408602,92.91381720430098,4.7138440860215
maharashtra__satara,9,23.616791666666693,84.83406944444447,93.04412500000007,3.02780555555556
maharashtra__satara,11,21.796569444444415,68.32711111111114,93.4502500000001,2.0831527777777756
maharashtra__wardha,10,24.378508064516105,74.96305107526887,97.20056451612903,1.44962365591398
maharashtra__washim,1,20.90412634408604,41.06966397849465,97.10776881720425,1.7252284946236551
maharashtra__yavatmal,10,24.640026881720416,75.68194892473115,97.33091397849452,1.4728897849462366
assam__dibrugarh,5,27.963010752688152,69.21522849462366,98.37857526881724,0.5318279569892476
assam__hailakandi,2,20.065442477876086,60.88088495575221,100.00138643067847,0.42330383480825956
assam__hailakandi,7,28.58422043010755,84.99276881720435,98.90322580645162,0.19625000000000006
assam__nagaon,3,22.004798387096777,60.55868279569891,96.89772849462372,0.5072983870967743
assam__nagaon,6,27.884458333333313,80.74486111111113,96.0528194444444,0.34491666666666665
karnataka__bangalore,5,26.839448924731197,64.56560483870969,91.49294354838707,2.6227553763440854
karnataka__bangalore_rural,1,20.99735215053765,64.50860215053767,91.92983870967748,2.397526881720429
karnataka__bangalore_rural,11,21.160805555555537,79.91495833333325,91.80612500000001,2.2953888888888914
karnataka__bidar,1,21.99280913978495,44.92608870967738,95.16169354838712,1.9483870967741928
karnataka__bidar,6,28.616097222222216,63.52909722222226,94.27544444444447,4.008138888888888
karnataka__bidar,7,26.098360215053756,76.05577956989244,94.26880376344084,4.191545698924729
karnataka__bidar,8,25.265806451612907,80.96217741935486,94.36493279569893,3.416129032258065
karnataka__bijapur,1,22.771438172043016,43.13329301075269,95.15646505376343,2.037029569892473
karnataka__bijapur,2,25.743156342182903,32.477256637168125,95.05758112094394,2.1175663716814164
karnataka__bijapur,12,22.059919354838698,54.378494623655925,95.17173387096774,2.074368279569891
karnataka__chikkaballapura,11,21.26001388888889,79.06477777777782,92.13009722222225,2.337930555555554
karnataka__chikmagalur,2,21.926209439528023,61.80371681415929,92.20463126843654,0.7648525073746305
karnataka__dakshina_kannada,1,25.95764784946236,64.65438172043012,99.31735215053773,1.5771639784946243
karnataka__kodagu,2,24.820457227138643,58.37741887905606,94.46768436578171,0.5254424778761063
karnataka__kodagu,6,23.505749999999974,89.97676388888898,94.1680000000001,0.8938611111111109
karnataka__koppal,3,29.063884408602128,33.21392473118282,94.87307795698919,2.1583736559139766
karnataka__koppal,12,22.449327956989233,60.748763440860216,95.13477150537636,2.367459677419353
karnataka__mandya,2,24.95258112094394,46.92514749262534,93.21041297935112,2.1590117994100306
karnataka__mandya,12,21.485860215053755,71.77278225806451,93.25193548387091,2.1343010752688185
karnataka__ramanagara,4,28.978111111111144,49.764166666666654,92.90722222222222,1.9859166666666668
karnataka__ramanagara,9,23.87122222222221,79.74931944444441,92.83879166666665,2.530875
karnataka__ramanagara,10,23.25102150537633,81.22845430107522,92.96819892473125,1.7236827956989267
karnataka__ramanagara,11,21.871208333333335,80.552875,93.09697222222219,1.935763888888888
karnataka__tumkur,3,27.532567204301085,38.59760752688175,92.3689784946236,2.503736559139785
karnataka__tumkur,5,27.246693548387114,64.21848118279568,92.11392473118289,2.7501612903225827
karnataka__udupi,4,28.22115277777777,68.43645833333332,96.82881944444445,1.4523055555555568
karnataka__yadgir,8,26.594973118279576,74.07376344086028,95.85043010752682,4.116706989247308
kerala__alappuzha,6,27.68488888888887,84.23691666666672,100.71152777777776,4.621208333333327
kerala__ernakulam,2,28.522197640117966,63.12414454277287,100.53942477876102,1.8392625368731563
kerala__ernakulam,11,26.796222222222216,80.23874999999997,100.44298611111104,1.641916666666668
kerala__idukki,3,25.354865591397864,65.5707123655914,93.21204301075267,0.3546102150537637
kerala__idukki,7,21.999220430107513,91.47088709677423,93.10278225806452,0.5766666666666664
kerala__idukki,11,21.92983333333335,87.85097222222227,93.19394444444443,0.2927916666666666
kerala__kollam,5,26.939825268817224,83.65999999999998,98.46418010752683,1.8475134408602147
kerala__kottayam,9,23.82001388888888,89.47419444444442,96.23923611111121,0.7825416666666661
kerala__kottayam,10,23.97668010752689,88.79462365591401,96.27209677419366,0.6068010752688172
kerala__kozhikode,3,28.650000000000002,66.09189516129037,99.13697580645167,1.9762903225806454
kerala__wayanad,1,22.5827553763441,66.76876344086023,93.71568548387093,0.6591935483870965
kerala__wayanad,2,24.53706489675518,58.08457227138645,93.6734218289086,0.6688348082595871
kerala__wayanad,6,23.182499999999987,88.82238888888881,93.39436111111121,1.431333333333332
kerala__wayanad,9,22.538625000000003,89.97629166666665,93.47498611111118,1.0396388888888881
maharashtra__amravati,7,26.881586021505353,80.97478494623655,95.87254032258066,3.504932795698924
maharashtra__aurangabad,4,31.358138888888885,26.313791666666667,94.7808611111111,2.4236944444444433
maharashtra__aurangabad,6,28.655958333333313,65.2308194444445,94.33690277777782,4.072083333333334
maharashtra__bid,3,28.289852150537637,26.007459677419334,94.64287634408599,2.014139784946234
maharashtra__bid,11,22.166222222222242,63.6677361111111,94.85318055555557,1.8461527777777786
maharashtra__buldana,2,24.167418879056054,28.870811209439523,95.98678466076696,1.894955752212389
maharashtra__buldana,12,20.688077956989243,48.63439516129032,96.13393817204295,1.643185483870966
maharashtra__dhule,1,20.810336021505375,37.18297043010754,96.68059139784948,1.8044623655913976
maharashtra__dhule,3,27.661370967741927,27.768467741935492,96.39255376344084,2.1970967741935485
maharashtra__hingoli,5,34.95981182795701,29.290524193548375,95.71583333333344,3.3550940860215075
maharashtra__hingoli,11,22.179124999999974,66.03620833333338,96.52918055555554,1.6238333333333348
maharashtra__jalgaon,9,26.166319444444465,82.9669166666666,96.97108333333341,2.055180555555556
maharashtra__jalna,1,20.803521505376345,40.010591397849495,95.03674731182794,1.7856989247311812
maharashtra__mumbai,2,25.552197640118003,44.91640117994101,100.0919174041297,2.1071681415929215
maharashtra__nanded,2,25.611165191740415,31.27578171091447,96.62185840707964,1.9513716814159299
maharashtra__nanded,3,29.570510752688147,26.752701612903238,96.41521505376343,1.924838709677418
maharashtra__parbhani,7,26.68946236559137,76.46104838709672,95.10264784946244,4.051962365591398
maharashtra__parbhani,8,25.87852150537632,80.27567204301074,95.21973118279573,3.411962365591398
maharashtra__parbhani,12,21.077043010752696,50.154448924731206,96.1115860215053,1.6213172043010753
maharashtra__ratnagiri,7,24.078844086021512,91.6634946236559,94.79205645161294,4.526357526881718
maharashtra__sindhudurg,11,25.41266666666666,73.2705694444445,98.93258333333334,2.2547083333333324
assam__kamrup,3,23.00150537634411,60.1994623655914,98.97564516129034,2.0879301075268826
assam__kamrup,5,28.12737903225806,73.84477150537634,98.41271505376343,2.1074731182795694
assam__kamrup,7,29.283790322580643,81.31131720430106,98.08278225806458,1.8114381720430104
assam__kamrup,9,27.934513888888887,83.22779166666668,98.53948611111119,1.4945416666666662
assam__kamrup,12,17.56432795698925,78.93180107526881,99.443561827957,1.3240188172043017
assam__kokrajhar,4,26.410430555555557,59.61984722222217,98.74072222222229,1.3334861111111125
assam__kokrajhar,7,28.375349462365584,85.91643817204302,98.1206451612903,1.4994489247311833
assam__marigaon,1,16.232432795698923,71.69918010752684,99.4834408602151,1.0604032258064504
assam__marigaon,2,18.847551622418877,64.677581120944,99.31380530973458,1.3183923303834801
assam__marigaon,4,26.582208333333348,64.02065277777778,98.76572222222221,1.703444444444444
karnataka__belgaum,12,22.12450268817204,55.85459677419356,94.06641129032255,2.270631720430108
karnataka__dharwad,4,29.59175,49.03658333333332,93.8760138888889,2.0133472222222224
karnataka__uttara_kannada,5,28.442298387096773,76.84614247311829,98.90188172043011,2.2723924731182814
karnataka__uttara_kannada,9,25.85609722222221,87.4842499999999,98.96947222222222,2.4087222222222198
kerala__palakkad,2,26.47938053097344,58.45886430678464,96.97758112094391,1.1722123893805303
maharashtra__osmanabad,4,32.230583333333335,28.92401388888889,94.34151388888891,2.168569444444444
maharashtra__osmanabad,9,25.207888888888878,79.66165277777787,94.22961111111113,2.531875
maharashtra__sangli,1,22.157983870967755,45.62485215053762,94.17588709677413,2.0302553763440856
maharashtra__sangli,8,23.508051075268796,87.71513440860213,93.61603494623654,4.615013440860217
maharashtra__solapur,3,28.751572580645146,28.884999999999994,94.86366935483873,2.16244623655914
maharashtra__solapur,8,25.577970430107538,76.91920698924729,94.42591397849465,4.4420026881720425
maharashtra__thane,2,25.607610619469014,39.407787610619465,99.78045722713857,2.1320796460176985
maharashtra__thane,11,24.866708333333335,63.741263888888895,99.72275,1.8758888888888896
maharashtra__nagpur,3,28.844126344086025,27.045698924731216,97.18255376344084,1.925497311827958
maharashtra__nagpur,5,36.19153225806453,25.851962365591373,96.5283198924731,3.0917741935483827
karnataka__chamrajnagar,10,22.868400537634407,82.01913978494622,92.24846774193549,1.5519623655913968
assam__baksa,4,25.96330555555553,69.25545833333334,100.05295833333332,1.6943472222222238
assam__baksa,7,29.206935483870996,84.25720430107518,99.37543010752677,1.6836155913978497
assam__barpeta,1,15.83288978494624,76.7936693548387,100.8266263440861,1.2981182795698938
assam__barpeta,11,20.927666666666674,80.88100000000003,100.63462499999994,1.3360833333333326
assam__bongaigaon,6,28.91323611111113,82.50980555555559,98.93266666666665,1.8464027777777783
assam__bongaigaon,7,28.934556451612906,84.94590053763442,98.92157258064509,1.7513440860215057
assam__darrang,11,20.834916666666693,79.19181944444452,99.73293055555557,1.4711666666666685
assam__dhemaji,1,14.430806451612904,70.55487903225814,95.71728494623659,0.8522311827956982
assam__dhemaji,4,23.294416666666667,69.66234722222217,95.12961111111112,1.0703055555555552
assam__dima_hasao,4,24.24244444444444,70.0383333333333,94.80047222222234,0.2096527777777776
assam__goalpara,3,23.137123655913975,59.76770161290326,99.49766129032241,1.467352150537634
assam__goalpara,7,28.890846774193555,84.39614247311825,98.61494623655906,1.4665188172043007
assam__goalpara,12,17.25420698924731,81.79680107526882,99.97935483870974,1.0917607526881732
assam__golaghat,5,27.56005376344087,71.73569892473114,97.47274193548401,0.6519758064516128
assam__golaghat,10,24.59418010752688,80.96768817204314,98.01918010752692,0.5081048387096779
assam__golaghat,11,20.29404166666668,78.08520833333333,98.32037499999996,0.5103333333333337
assam__karimganj,3,24.735241935483863,55.84577956989249,99.72697580645156,0.4008467741935484
assam__karimganj,6,28.3803472222222,84.57756944444446,98.92048611111122,0.22312499999999988
assam__karimganj,7,28.584220430107546,84.99276881720441,98.90322580645159,0.19624999999999992
assam__karimganj,9,27.942041666666658,85.2119027777778,99.28697222222212,0.18683333333333346
assam__lakhimpur,2,18.829203539823,65.94436578171093,99.11342182890859,0.870442477876106
assam__lakhimpur,12,17.418897849462354,74.40090053763456,99.28603494623654,0.8478494623655909
assam__nalbari,5,27.93052419354837,75.86877688172035,99.74088709677417,1.6551478494623657
assam__nalbari,10,25.157943548387124,82.50115591397848,100.30130376344081,1.3541935483870964
assam__sonitpur,5,25.239650537634443,74.67127688172044,94.29950268817217,0.9174327956989252
assam__tinsukia,4,25.81188888888889,65.55627777777774,98.2642916666667,0.448694444444445
karnataka__bagalkot,3,29.04909946236565,30.659045698924707,94.5290725806451,2.23163978494624
karnataka__bagalkot,5,31.052594086021525,48.144556451612914,94.20073924731193,3.6473790322580624
karnataka__bagalkot,8,25.31110215053763,76.73766129032255,94.17599462365584,4.965524193548385
karnataka__bagalkot,10,24.946075268817186,71.43615591397854,94.51012096774187,2.2283064516129025
karnataka__gulbarga,3,29.96794354838711,29.54051075268816,96.10817204301071,2.1219354838709688
karnataka__gulbarga,5,33.444905913978516,39.69939516129033,95.67702956989258,3.2194220430107507
karnataka__gulbarga,8,26.383279569892483,75.6667338709677,95.68233870967737,3.8529166666666663
karnataka__hassan,5,25.719247311827957,70.76787634408599,91.19908602150542,2.2295833333333315
karnataka__hassan,6,23.076805555555538,81.7578333333333,91.13255555555548,3.4717361111111136
karnataka__hassan,10,22.05905913978496,84.06391129032252,91.35020161290325,1.5503629032258053
karnataka__haveri,3,28.33064516129031,42.11866935483864,94.33924731182783,2.1812499999999995
karnataka__kolar,2,22.965044247787596,56.68716814159292,92.41504424778766,2.5291740412979338
karnataka__kolar,9,23.51729166666666,79.83781944444453,92.02372222222222,2.821097222222222
karnataka__kolar,11,21.083000000000023,82.71423611111098,92.33645833333335,2.356597222222222
karnataka__mysore,1,21.957889784946232,62.00517473118284,92.46899193548384,1.653293010752687
karnataka__mysore,2,24.202256637168137,49.99042772861356,92.4187758112095,1.770943952802359
karnataka__raichur,5,32.409327956989245,45.46293010752682,95.78362903225809,3.312701612903222
karnataka__raichur,7,27.094166666666652,70.4186693548387,95.71528225806448,5.039569892473117
karnataka__raichur,8,26.63443548387101,73.02473118279578,95.79291666666659,4.265134408602143
kerala__kannur,9,23.93376388888889,89.97077777777774,96.3390555555555,1.031791666666666
kerala__kasaragod,9,25.97288888888894,87.91845833333345,99.8040277777778,2.5891666666666677
kerala__kasaragod,12,26.247258064516124,70.81822580645161,100.00733870967737,1.7289650537634431
kerala__malappuram,12,23.656747311827935,76.45637096774196,96.98043010752693,1.2152822580645146
kerala__thiruvananthapuram,2,27.718289085545734,66.39162241887898,100.081209439528,2.410103244837762
maharashtra__chandrapur,2,25.239749262536893,35.389233038348024,98.64171091445412,1.7577581120943957
maharashtra__chandrapur,5,36.49119623655912,29.07943548387097,97.72001344086021,2.8567473118279576
maharashtra__gondiya,8,26.25688172043009,88.63326612903224,96.93840053763435,2.5283467741935506
maharashtra__gondiya,9,26.266791666666663,86.23072222222228,97.21183333333332,1.7575694444444447
maharashtra__gondiya,10,24.43665322580644,77.16559139784941,97.69442204301085,1.3954704301075262
maharashtra__gondiya,11,21.667305555555565,69.4359444444444,98.01222222222219,1.3870694444444442
maharashtra__kolhapur,2,24.937846607669613,40.19970501474928,94.26424778761057,2.0579941002949846
maharashtra__kolhapur,3,27.766182795698956,41.099354838709644,94.1395161290322,2.170658602150538
maharashtra__kolhapur,7,23.813104838709663,88.0002150537635,93.72987903225804,5.181317204301077
maharashtra__kolhapur,12,21.85251344086021,56.73432795698932,94.33571236559146,2.250282258064516
maharashtra__latur,5,33.428010752688145,34.05537634408601,94.3884005376344,3.2814247311828
maharashtra__latur,6,28.825458333333316,62.70813888888892,94.23805555555555,4.054430555555551
maharashtra__latur,12,20.94596774193548,52.62783602150539,95.16322580645165,1.7778494623655918
maharashtra__nagpur,7,27.16846774193546,81.39075268817206,96.34590053763444,3.197634408602151
maharashtra__nashik,4,30.66051388888888,29.440736111111104,94.37011111111113,2.673402777777778
maharashtra__nashik,11,21.995958333333345,62.447361111111086,94.73968055555562,1.616916666666666
maharashtra__pune,10,22.910981182795695,80.1428629032258,93.94807795698917,1.769435483870968
maharashtra__pune,11,21.101944444444428,72.24263888888886,94.11429166666672,1.945097222222221
maharashtra__pune,12,19.69892473118281,62.990080645161335,94.19868279569901,1.894583333333335
maharashtra__raigarh,8,25.92118279569891,90.093870967742,99.21561827956987,3.5460887096774125
maharashtra__raigarh,9,26.055402777777793,88.73008333333337,99.34501388888881,2.4416250000000015
maharashtra__satara,4,29.964166666666674,37.62816666666662,93.16297222222222,2.5344722222222233
maharashtra__wardha,2,23.981622418879027,34.0114749262537,97.43085545722712,1.8280825958702083
maharashtra__washim,2,24.59100294985252,30.224837758112088,96.96041297935099,1.892654867256638
maharashtra__washim,7,26.961639784946215,79.82336021505384,95.97061827956979,3.5777956989247324
maharashtra__washim,11,22.1256111111111,64.99306944444446,97.03158333333336,1.4914722222222223
maharashtra__yavatmal,5,35.940994623655904,27.513588709677396,96.70803763440856,3.384569892473118
maharashtra__yavatmal,6,31.167319444444445,58.66081944444446,96.54511111111111,3.538125
maharashtra__yavatmal,7,27.192150537634426,79.77733870967745,96.54815860215054,3.3461559139784933
assam__cachar,1,15.442499999999985,69.21834677419352,96.10986559139788,0.33073924731182774
assam__cachar,2,18.209365781710904,61.48224188790569,95.99831858407077,0.3285250737463125
assam__cachar,7,26.61366935483872,85.40643817204298,95.03454301075273,0.04498655913978493
assam__cachar,9,25.891333333333346,85.53981944444445,95.40108333333333,0.08587500000000002
assam__cachar,11,19.883722222222218,79.47351388888893,96.00880555555561,0.23886111111111102
assam__chirang,6,28.913236111111164,82.50980555555554,98.93266666666665,1.8464027777777778
assam__dibrugarh,3,23.037607526881718,60.32633064516127,98.93182795698934,0.5783333333333334
assam__dibrugarh,10,25.500725806451616,74.91240591397846,98.91767473118276,0.4858064516129033
assam__dibrugarh,11,21.156986111111095,70.73527777777777,99.2263472222222,0.5485555555555559
assam__hailakandi,6,28.38034722222222,84.57756944444445,98.92048611111112,0.22312500000000013
assam__jorhat,1,16.24633064516129,70.56673387096772,99.28096774193547,0.8126075268817203
assam__nagaon,2,17.56327433628321,68.30094395280237,97.15594395280232,0.41259587020648997
assam__nagaon,4,25.42909722222224,67.44781944444442,96.65855555555557,0.508069444444444
assam__sivasagar,1,15.902204301075283,68.53807795698923,97.50837365591393,0.44020161290322596
karnataka__bangalore,1,20.99735215053765,64.50860215053767,91.92983870967748,2.397526881720429
karnataka__bangalore,6,24.26143055555556,74.71652777777783,91.43073611111112,4.084819444444444
karnataka__bangalore_rural,5,26.839448924731197,64.56560483870969,91.49294354838707,2.6227553763440854
karnataka__bangalore_rural,8,23.329381720430113,78.81763440860207,91.48676075268813,3.886572580645161
karnataka__bidar,5,33.29786290322581,35.80760752688173,94.40831989247314,3.11638440860215
karnataka__bijapur,6,27.82269444444445,66.4709861111111,94.41729166666664,4.883236111111112
karnataka__chikmagalur,1,19.822526881720425,70.63299731182795,92.25357526881719,0.7776747311827957
karnataka__kodagu,1,22.602311827957003,67.11064516129035,94.51552419354847,0.5071774193548385
karnataka__kodagu,11,22.35830555555556,84.7873333333333,94.3949305555555,0.492777777777777
karnataka__koppal,11,23.350027777777765,69.61908333333332,95.03527777777784,2.325111111111111
karnataka__mandya,6,24.48383333333334,77.31997222222218,92.80088888888886,3.771777777777777
karnataka__ramanagara,5,27.340120967741946,65.72094086021508,92.77595430107529,2.3383333333333343
karnataka__ramanagara,7,24.262943548387092,75.90060483870973,92.73650537634404,4.160000000000002
karnataka__udupi,2,25.458259587020667,62.19983775811211,97.03989675516227,1.392094395280237
karnataka__udupi,6,25.46491666666665,86.82880555555552,96.69213888888885,2.3374722222222224
karnataka__udupi,12,23.701129032258056,72.73912634408609,97.04592741935485,1.301612903225806
kerala__alappuzha,8,26.565793010752678,87.0655376344085,100.7933870967742,4.339543010752687
kerala__alappuzha,9,26.877694444444447,84.87134722222234,100.81129166666675,3.9644305555555572
kerala__alappuzha,11,27.62877777777776,77.0042916666667,100.87381944444452,2.2732638888888896
kerala__ernakulam,4,28.99618055555558,76.23677777777782,100.34769444444444,2.2388749999999997
kerala__idukki,10,22.393615591397836,89.66694892473117,93.16059139784942,0.3562096774193551
kerala__kollam,2,26.686342182890865,65.02075221238935,98.7099410029498,1.0822566371681415
kerala__kollam,9,25.05336111111112,88.9469444444444,98.56062500000002,1.8812916666666666
kerala__kozhikode,6,26.43755555555555,86.78591666666664,98.94976388888885,2.7300833333333334
kerala__kozhikode,9,25.492347222222236,88.21619444444445,99.04962499999995,2.211291666666665
kerala__wayanad,4,26.796388888888885,68.69652777777777,93.48830555555556,0.6415138888888888
maharashtra__amravati,5,35.31831989247311,27.213817204301062,96.08297043010752,3.68942204301075
maharashtra__amravati,6,31.03977777777777,58.466375,95.8856944444444,3.714166666666667
maharashtra__aurangabad,8,25.194999999999997,81.64383064516134,94.4243010752688,3.6826209677419373
maharashtra__bhandara,1,20.2221370967742,46.311774193548395,98.11368279569889,1.6266129032258063
maharashtra__bhandara,8,26.256881720430112,88.63326612903235,96.93840053763435,2.528346774193548
maharashtra__bhandara,11,21.667305555555558,69.43594444444447,98.0122222222222,1.387069444444445
maharashtra__bid,7,26.103252688172027,75.81572580645164,94.01962365591395,4.625026881720427
maharashtra__bid,8,25.489663978494598,78.30184139784946,94.12926075268821,3.941263440860217
maharashtra__dhule,4,31.23905555555555,30.588791666666662,96.17245833333341,2.9776527777777777
maharashtra__dhule,5,32.036370967741945,43.99561827956992,95.94860215053757,4.479274193548387
maharashtra__hingoli,1,21.4815053763441,42.20493279569891,96.59815860215056,1.7792204301075272
maharashtra__hingoli,9,25.563013888888893,84.1531666666666,95.87966666666658,2.0912499999999983
maharashtra__hingoli,10,24.253736559139792,75.57426075268818,96.26971774193554,1.5943145161290324
maharashtra__jalgaon,11,23.07820833333333,59.59773611111113,97.61755555555555,1.5424027777777773
maharashtra__jalna,7,25.937002688172054,78.65869623655914,94.06977150537635,4.190913978494625
maharashtra__mumbai,7,26.602782258064533,89.63630376344082,99.31940860215053,4.003010752688169
maharashtra__mumbai,11,24.634208333333344,69.43980555555552,100.03173611111114,1.9550555555555567
maharashtra__mumbai,12,23.343212365591402,60.40202956989246,100.15028225806455,1.9754569892473095
maharashtra__ratnagiri,2,24.68507374631268,41.79179941002951,95.36790560471984,1.9842920353982307
maharashtra__ratnagiri,3,27.60069892473118,40.930752688172035,95.236814516129,2.1013306451612888
maharashtra__sindhudurg,4,29.86287500000002,60.171208333333276,98.74702777777782,2.4104027777777794
assam__kamrup,1,15.96768817204301,74.31874999999998,99.4395698924732,1.462231182795699
assam__kamrup,10,25.25294354838708,81.92842741935488,98.98477150537639,1.3894220430107531
assam__marigaon,11,21.017541666666677,76.98343055555556,99.336263888889,1.073694444444444
karnataka__belgaum,9,24.08498611111111,82.67855555555555,93.62995833333328,3.1667083333333323
karnataka__chamrajnagar,1,21.957889784946218,62.005174731182834,92.46899193548394,1.6532930107526878
karnataka__dharwad,9,23.635055555555574,86.14922222222225,93.81340277777781,2.729972222222225
karnataka__dharwad,10,23.60627688172043,80.44962365591394,93.98071236559142,1.8101344086021505
karnataka__uttara_kannada,7,26.11612903225808,88.32973118279571,98.85418010752683,3.346612903225808
kerala__palakkad,1,24.704462365591397,65.72563172043017,97.02533602150542,1.1961155913978492
kerala__palakkad,8,23.928521505376327,91.0666935483871,96.77517473118277,1.6134408602150545
kerala__thrissur,7,25.655188172043008,90.58494623655909,99.83900537634409,2.751438172043012
maharashtra__osmanabad,11,22.323833333333326,65.48966666666665,94.74395833333332,2.0714722222222224
maharashtra__sangli,4,30.072236111111103,41.6750972222222,93.82355555555554,2.5396666666666667
maharashtra__sangli,5,29.307526881720428,55.7181989247312,93.68907258064517,3.6459274193548397
maharashtra__sangli,10,23.675094086021506,77.53510752688173,93.93982526881716,2.018104838709677
maharashtra__solapur,1,22.279516129032263,42.28774193548388,95.12166666666667,1.8861827956989243
maharashtra__solapur,2,25.210811209439505,32.493112094395286,95.02278761061945,1.9873303834808265
maharashtra__solapur,7,26.052916666666672,75.42004032258063,94.32372311827962,5.072231182795699
maharashtra__solapur,10,24.990040322580654,70.3903494623656,94.85075268817204,2.016236559139785
maharashtra__thane,9,26.036152777777776,88.90106944444443,99.27265277777775,2.195027777777778
maharashtra__thane,12,23.890618279569914,51.236048387096766,99.83893817204294,1.9384005376344096
maharashtra__nagpur,1,20.212701612903214,44.47169354838713,97.58862903225798,1.6756586021505384
maharashtra__nagpur,4,33.6693333333333,21.666000000000015,96.86955555555548,2.1835833333333308
karnataka__chamrajnagar,4,28.047319444444454,54.430069444444435,92.19463888888887,1.5583333333333336
assam__baksa,2,18.192625368731555,70.95268436578174,100.64589970501474,1.4480678466076695
assam__baksa,6,29.20144444444447,81.53109722222229,99.38744444444451,1.721430555555555
assam__barpeta,3,22.46641129032258,63.952983870967685,100.33276881720434,1.640013440860216
assam__barpeta,5,27.93052419354837,75.86877688172035,99.74088709677417,1.6551478494623657
assam__dhemaji,2,16.697536873156356,67.48985250737461,95.57629793510318,0.8907817109144557
assam__dhemaji,6,26.596513888888918,82.05545833333328,94.5546388888889,1.0065694444444455
assam__dhemaji,10,22.900672043010747,79.98056451612895,95.38873655913979,0.84141129032258
assam__dima_hasao,6,26.06315277777779,84.2515555555557,94.24316666666662,0.10370833333333342
assam__dima_hasao,9,25.328458333333344,86.64016666666669,94.61104166666672,0.10713888888888891
assam__goalpara,5,28.18327956989251,75.60459677419355,98.93095430107522,1.5157258064516117
assam__goalpara,10,25.318965053763463,82.75537634408596,99.49905913978483,1.1645430107526877
assam__goalpara,11,21.021569444444456,82.01505555555558,99.81851388888883,1.1495972222222224
assam__golaghat,1,15.827674731182777,71.29177419354838,98.44198924731181,0.49719086021505443
assam__golaghat,3,22.883319892473107,58.9051612903225,97.99764784946237,0.6170295698924732
assam__kamrup_metropolitan,1,14.670470430107525,76.47688172043016,96.90569892473121,0.5063306451612904
assam__kamrup_metropolitan,3,21.54965053763442,61.62611559139786,96.51061827956997,0.7161155913978499
assam__kamrup_metropolitan,4,25.05986111111113,68.34088888888886,96.26359722222219,0.7134444444444449
assam__kamrup_metropolitan,6,27.85261111111108,80.17011111111107,95.64344444444444,0.5477638888888884
assam__kamrup_metropolitan,8,27.71874999999999,84.02241935483865,95.74518817204302,0.47077956989247327
assam__karbi_anglong,1,15.075295698924737,74.54466397849467,97.31025537634405,0.3574865591397851
assam__karbi_anglong,3,22.0047983870968,60.55868279569892,96.89772849462372,0.507298387096774
assam__karimganj,2,20.065442477876104,60.880884955752265,100.00138643067841,0.4233038348082603
assam__nalbari,6,29.20144444444447,81.53109722222229,99.38744444444451,1.721430555555555
assam__sonitpur,1,14.119274193548387,72.75916666666673,95.11633064516116,0.711962365591398
assam__sonitpur,9,25.56876388888888,84.23672222222231,94.41505555555561,0.6529444444444448
assam__sonitpur,11,18.737555555555538,77.39408333333333,95.05834722222224,0.671958333333334
assam__tinsukia,6,29.173777777777786,76.5277916666667,97.63980555555555,0.30670833333333375
assam__tinsukia,9,28.179791666666688,79.37518055555557,98.07362499999999,0.2813194444444447
assam__udalguri,9,27.676347222222255,84.10184722222232,98.99081944444437,1.5378472222222233
karnataka__bagalkot,1,22.99775537634407,42.86747311827952,94.77547043010756,2.1540053763440845
karnataka__bagalkot,2,25.72989675516222,33.429011799410056,94.68399705014768,2.179380530973452
karnataka__bagalkot,6,27.16748611111112,69.00202777777778,94.0897222222222,4.9392916666666675
karnataka__davanagere,1,22.812916666666645,53.976680107526924,94.5421370967742,2.314516129032261
karnataka__davanagere,12,22.12151881720431,64.54961021505375,94.53288978494619,2.5681317204301086
karnataka__gulbarga,7,27.056424731182794,72.01504032258066,95.59604838709679,4.61689516129032
karnataka__gulbarga,11,23.68872222222223,65.9117222222222,96.31902777777773,2.0517499999999966
karnataka__haveri,1,22.812916666666645,53.976680107526924,94.5421370967742,2.314516129032261
karnataka__haveri,6,24.90518055555555,81.51330555555556,94.02159722222224,4.447458333333329
karnataka__kolar,3,26.16590053763441,48.48559139784944,92.29380376344083,2.571061827956989
karnataka__kolar,4,28.143624999999993,51.945000000000036,92.1454861111111,2.404333333333336
karnataka__kolar,10,22.703803763440852,82.07244623655906,92.18642473118275,1.9981048387096765
karnataka__mysore,6,23.78376388888888,78.9653888888889,92.05284722222227,3.3904583333333354
karnataka__shimoga,2,23.877418879056066,64.66882005899703,95.8536578171092,1.1572713864306787
karnataka__shimoga,4,27.81291666666664,67.79073611111109,95.63090277777788,1.1876805555555552
karnataka__shimoga,5,26.944395161290313,76.20498655913974,95.53342741935481,1.7420026881720414
kerala__kannur,3,27.578736559139813,62.38446236559144,96.44030913978489,0.9983198924731189
kerala__kannur,6,24.697097222222208,89.01598611111105,96.24863888888888,1.2542222222222215
kerala__kasaragod,1,26.581478494623646,67.1980241935483,100.0596908602151,2.0245698924731177
kerala__kasaragod,3,28.878548387096828,66.57048387096772,99.91204301075277,2.436841397849459
kerala__kasaragod,6,27.04974999999995,86.00780555555552,99.6848472222222,3.2512500000000015
kerala__malappuram,3,28.068373655913966,60.65932795698925,96.88251344086024,1.1496236559139779
kerala__malappuram,5,26.63560483870966,81.35352150537634,96.71071236559138,1.4413709677419342
kerala__malappuram,7,24.02778225806453,91.22284946236553,96.74438172043014,1.7267338709677413
kerala__pathanamthitta,3,27.112298387096782,64.75319892473125,96.29580645161292,0.5490725806451613
kerala__pathanamthitta,5,25.816438172043025,83.85137096774189,96.15100806451613,0.7763575268817213
kerala__thiruvananthapuram,8,25.955483870967754,88.2546639784946,99.92798387096762,4.166021505376341
maharashtra__chandrapur,6,31.629555555555548,59.75159722222232,97.56838888888892,3.114222222222222
maharashtra__kolhapur,8,23.40423387096776,88.96967741935487,93.81662634408602,4.450282258064521
maharashtra__nandurbar,2,23.947477876106174,28.465353982300876,97.64553097345134,1.9245870206489688
maharashtra__nandurbar,11,23.301041666666656,55.498166666666684,97.67038888888884,1.5802777777777777
maharashtra__nandurbar,12,21.398319892473122,43.5710887096774,97.77374999999998,1.676263440860218
maharashtra__raigarh,5,30.545698924731177,63.388293010752705,99.3250403225806,2.7416397849462397
maharashtra__satara,7,23.931223118279554,84.86086021505382,92.81690860215059,5.518212365591399
maharashtra__wardha,6,31.691375000000015,57.120749999999994,96.34512500000008,3.341291666666664
maharashtra__washim,4,33.3070694444444,21.48623611111112,96.46204166666666,2.3906527777777784
maharashtra__washim,10,24.492379032258032,73.89797043010748,96.75756720430113,1.4752822580645164
maharashtra__yavatmal,9,26.096291666666648,84.4809861111111,96.9038055555556,1.9873611111111116
assam__cachar,10,23.842876344086015,83.63748655913976,95.75891129032254,0.14076612903225805
assam__chirang,1,15.809475806451601,75.24883064516126,100.35950268817213,1.2177688172043004
assam__dibrugarh,2,19.161327433628312,62.97476401179942,99.19753687315635,0.5581268436578172
assam__hailakandi,8,28.53022849462367,85.22463709677417,98.98874999999998,0.1793413978494624
assam__jorhat,6,28.859069444444483,78.60944444444449,97.94805555555558,1.2176805555555554
assam__jorhat,12,17.418897849462347,74.4009005376345,99.28603494623648,0.8478494623655912
assam__nagaon,12,16.51204301075269,77.69209677419352,97.3277419354839,0.33965053763440883
assam__sivasagar,2,18.26584070796461,64.15445427728605,97.36271386430676,0.45069321533923296
assam__sivasagar,3,22.23966397849462,60.30768817204303,97.11747311827955,0.44416666666666665
assam__sivasagar,7,28.341854838709672,81.6166129032258,96.25486559139786,0.23494623655913957
karnataka__bangalore,12,20.214099462365578,74.38717741935484,91.90599462365589,2.467943548387097
karnataka__bangalore_rural,6,24.26143055555556,74.71652777777783,91.43073611111112,4.084819444444444
karnataka__bangalore_rural,9,23.11718055555555,80.70237499999999,91.54686111111101,2.7766388888888898
karnataka__bidar,3,28.93963709677421,29.494489247311837,94.86815860215059,2.1029973118279597
karnataka__bidar,10,23.766075268817215,77.5242204301076,94.86447580645165,1.756881720430107
karnataka__chikkaballapura,4,28.800388888888882,46.240361111111106,91.91884722222223,2.528958333333335
karnataka__chikkaballapura,10,22.718803763440853,80.32412634408607,91.98766129032265,2.040510752688173
karnataka__chikkaballapura,12,20.239731182795705,73.68262096774197,92.2320967741935,2.48456989247312
karnataka__chitradurga,1,22.752325268817213,52.5466666666666,94.16912634408601,2.605954301075269
karnataka__chitradurga,5,28.437217741935477,62.12794354838715,93.68591397849465,3.5838844086021564
karnataka__dakshina_kannada,7,25.701129032258073,89.76485215053766,98.9661021505376,2.7410752688172066
karnataka__dakshina_kannada,10,26.040604838709676,84.25321236559138,99.10654569892473,1.5615188172043004
karnataka__gadag,6,26.026055555555548,74.24761111111107,93.83347222222217,4.877819444444445
karnataka__gadag,12,22.250147849462365,59.391948924731174,94.43965053763442,2.4069489247311835
karnataka__kodagu,3,26.936008064516123,57.64564516129033,94.3779704301075,0.5541263440860219
karnataka__kodagu,5,25.733252688172044,79.22716397849466,94.20178763440855,0.6627150537634412
karnataka__kodagu,7,22.694583333333338,93.08766129032259,94.19916666666674,0.9913172043010747
karnataka__koppal,5,30.393373655913976,53.31498655913975,94.54952956989246,3.415604838709675
karnataka__mandya,11,22.133069444444438,79.02756944444441,93.15431944444444,1.9369583333333322
karnataka__ramanagara,2,24.12033923303837,53.02035398230083,93.1734513274336,2.2441887905604725
karnataka__udupi,9,24.495194444444447,88.9090972222223,96.81029166666671,1.766777777777779
karnataka__udupi,11,24.654819444444442,77.79595833333336,96.94894444444445,1.1917222222222223
karnataka__yadgir,3,29.912365591397833,30.948346774193553,96.2579032258065,2.1636962365591397
karnataka__yadgir,4,32.78777777777778,33.894180555555565,96.05197222222226,2.1780555555555554
karnataka__yadgir,6,28.78111111111112,63.984291666666714,95.76012500000004,4.4522638888888935
karnataka__yadgir,7,27.16865591397849,70.92346774193543,95.76876344086013,4.872163978494626
kerala__alappuzha,3,29.3173252688172,68.92768817204299,100.88657258064514,2.8252822580645147
kerala__ernakulam,10,26.568413978494636,84.86721774193549,100.41809139784932,2.191129032258064
kerala__idukki,1,21.439758064516123,75.43658602150536,93.32540322580645,0.3122311827956991
kerala__kollam,6,25.675361111111098,88.46494444444447,98.47906944444448,2.229583333333334
kerala__kollam,11,24.867944444444458,86.51209722222217,98.61897222222225,1.0586527777777772
kerala__kottayam,7,23.68127688172044,90.37344086021506,96.19251344086021,0.9344758064516131
kerala__kottayam,11,23.662375,87.18013888888889,96.29706944444445,0.45288888888888895
kerala__kozhikode,4,28.596486111111098,74.66038888888893,99.02901388888884,1.953152777777778
kerala__kozhikode,11,26.131513888888875,79.34627777777789,99.137125,1.4314444444444443
kerala__wayanad,3,26.513293010752687,57.85830645161292,93.58662634408607,0.6621908602150537
maharashtra__amravati,12,20.705685483870965,47.73424731182798,97.05912634408593,1.5510483870967742
maharashtra__aurangabad,3,27.70272849462366,26.581411290322567,94.98763440860209,1.9959139784946216
maharashtra__bhandara,12,19.72422043010751,57.91614247311826,98.13276881720422,1.4941129032258071
maharashtra__bid,6,28.540194444444467,63.992888888888864,94.0423333333332,4.212041666666665
maharashtra__buldana,6,29.883736111111098,61.065194444444465,95.08455555555545,3.960111111111111
maharashtra__dhule,8,25.32293010752687,85.27885752688171,95.76415322580641,3.916129032258064
maharashtra__dhule,10,24.85552419354839,68.88581989247311,96.38235215053756,1.5301344086021498
maharashtra__hingoli,3,29.140645161290323,26.452674731182785,96.25397849462357,1.9391532258064523
maharashtra__hingoli,4,33.24251388888891,23.744430555555564,95.99822222222227,2.108194444444442
maharashtra__jalgaon,5,34.38084677419354,33.67477150537632,96.84853494623661,3.9800672043010743
maharashtra__jalna,12,20.47529569892473,49.852728494623676,95.06075268817192,1.6491532258064516
maharashtra__mumbai,1,23.119623655913994,52.49298387096769,100.1831048387097,2.001465053763441
maharashtra__mumbai,4,30.78661111111111,52.26590277777776,99.7429444444444,2.277444444444445
maharashtra__nanded,5,34.93974462365595,30.62405913978495,95.89145161290324,3.197795698924732
maharashtra__nanded,7,26.877580645161302,77.16533602150535,95.74822580645163,3.6935215053763435
maharashtra__parbhani,3,28.87801075268819,24.83275537634407,95.77383064516128,1.971061827956989
maharashtra__parbhani,6,29.717583333333323,61.239500000000014,95.11920833333332,3.9104583333333363
maharashtra__ratnagiri,5,28.954744623655913,60.7182795698925,94.96729838709679,3.09225806451613
maharashtra__ratnagiri,6,25.692986111111118,83.37720833333337,94.78561111111114,3.8742499999999973
maharashtra__ratnagiri,9,23.761111111111106,90.48794444444435,94.98912500000002,2.4586111111111113
maharashtra__ratnagiri,11,22.252069444444455,72.26950000000001,95.33980555555551,1.9755416666666672
maharashtra__sindhudurg,12,25.109327956989258,62.298091397849454,99.03631720430116,2.3226075268817183
assam__kamrup,6,29.205527777777778,78.77869444444443,98.08022222222215,2.0953888888888885
assam__kamrup,8,29.0288440860215,82.47133064516139,98.20709677419353,1.6520967741935482
assam__marigaon,12,17.685712365591407,75.36165322580648,99.47912634408608,1.0268682795698925
karnataka__belgaum,5,29.12241935483871,57.20786290322583,93.57943548387098,3.514637096774194
karnataka__belgaum,6,25.65243055555556,76.52431944444444,93.4502638888889,4.6750555555555575
karnataka__belgaum,10,23.968615591397846,76.57236559139781,93.82608870967744,2.058763440860216
karnataka__belgaum,11,22.872944444444446,67.77286111111106,93.9792638888889,2.2676111111111097
karnataka__dharwad,2,25.205029498525075,40.22206489675515,94.1388200589971,1.916017699115044
karnataka__dharwad,6,25.07779166666666,80.58375000000002,93.64912499999997,4.086791666666669
karnataka__uttara_kannada,4,28.587652777777773,71.242,99.01329166666663,1.86375
karnataka__uttara_kannada,6,27.02730555555555,85.20834722222222,98.81177777777783,3.1017777777777775
kerala__palakkad,4,27.97606944444443,71.83566666666668,96.78043055555558,1.1870416666666677
kerala__palakkad,5,26.635604838709682,81.3535215053764,96.7107123655914,1.441370967741935
kerala__thrissur,2,28.40464601769913,59.157168141592926,100.05766961651912,1.7275663716814162
kerala__thrissur,5,28.029475806451607,81.77868279569893,99.78837365591406,2.3209408602150527
maharashtra__osmanabad,1,22.25133064516129,41.16280913978495,94.80944892473117,2.000026881720431
maharashtra__osmanabad,8,25.50833333333335,77.38473118279575,94.07599462365596,3.9569892473118293
maharashtra__osmanabad,12,21.369233870967747,52.34600806451613,94.8305107526882,1.9965994623655905
maharashtra__sangli,3,27.87963709677419,36.69802419354836,93.96860215053765,2.2722983870967743
maharashtra__sangli,6,25.592430555555573,78.58613888888891,93.53027777777783,4.718416666666667
maharashtra__sangli,11,22.434013888888884,67.95344444444446,94.0966805555555,2.2133888888888893
karnataka__chamrajnagar,5,26.12180107526881,70.87678763440859,92.09560483870965,2.1113575268817213
karnataka__chamrajnagar,9,23.139513888888896,81.50297222222224,92.14943055555557,2.391791666666666
assam__baksa,5,27.93052419354837,75.86877688172035,99.74088709677417,1.6551478494623657
assam__baksa,9,27.91159722222219,84.93531944444446,99.82865277777776,1.4474166666666661
assam__barpeta,4,25.96330555555553,69.25545833333334,100.05295833333332,1.6943472222222238
assam__barpeta,6,29.20144444444447,81.53109722222229,99.38744444444451,1.721430555555555
assam__barpeta,12,17.402473118279588,80.10080645161291,100.80563172043018,1.3064381720430098
assam__bongaigaon,2,18.217241887905605,69.01942477876102,100.18010324483771,1.3658259587020631
assam__bongaigaon,8,28.799838709677417,85.10447580645163,99.02653225806445,1.6376881720430099
assam__bongaigaon,9,27.702680555555542,85.19679166666673,99.37295833333346,1.4991527777777784
assam__bongaigaon,10,25.05141129032258,81.87329301075266,99.84118279569876,1.3643951612903227
assam__darrang,4,26.2094027777778,65.53074999999995,99.17891666666675,1.9564027777777795
assam__darrang,7,28.894825268817243,83.73775537634421,98.54970430107528,1.7207526881720459
assam__darrang,12,17.445967741935483,77.86762096774194,99.87720430107538,1.4489112903225798
assam__dhemaji,8,27.09061827956988,83.69329301075275,94.64364247311835,0.8742473118279556
assam__dhemaji,11,18.716152777777783,75.73440277777777,95.64530555555557,0.8643749999999994
assam__dhubri,6,29.197513888888917,82.2371666666666,99.18865277777776,1.9896805555555546
assam__dhubri,12,17.405981182795696,80.4094489247312,100.63193548387092,1.1669354838709693
assam__dima_hasao,1,14.767634408602156,71.07889784946235,95.30760752688178,0.26934139784946226
assam__dima_hasao,2,17.320324483775806,64.83505899705023,95.19429203539833,0.28166666666666657
assam__dima_hasao,11,19.147319444444435,79.82548611111115,95.2263055555555,0.211805555555555
assam__golaghat,9,27.267208333333336,83.15052777777775,97.58006944444439,0.5213749999999997
assam__kamrup_metropolitan,2,17.149793510324475,69.32426253687318,96.7628466076696,0.6100147492625367
assam__karbi_anglong,4,25.429097222222243,67.44781944444443,96.65855555555558,0.5080694444444437
assam__karimganj,4,27.451930555555585,67.72073611111114,99.49237499999977,0.3132083333333338
assam__lakhimpur,4,26.036972222222236,65.89727777777777,98.57626388888877,1.2440138888888888
assam__lakhimpur,5,27.798830645161267,70.87044354838707,98.2854032258065,1.1885618279569892
assam__lakhimpur,7,28.735739247311866,82.83489247311833,97.9357661290322,1.2557930107526891
assam__nalbari,1,15.83288978494624,76.7936693548387,100.8266263440861,1.2981182795698938
assam__nalbari,2,18.192625368731555,70.95268436578174,100.64589970501474,1.4480678466076695
assam__nalbari,4,25.96330555555553,69.25545833333334,100.05295833333332,1.6943472222222238
assam__sonitpur,2,16.2890412979351,67.26066371681416,94.97986725663716,0.8218584070796457
assam__sonitpur,6,26.466472222222198,82.42598611111121,93.99529166666656,0.8529722222222222
assam__sonitpur,7,26.627473118279575,85.29213709677413,93.99512096774195,0.8011155913978488
assam__tinsukia,2,18.427315634218303,66.41831858407075,98.80910029498529,0.5286725663716814
assam__udalguri,2,18.522949852507377,66.70454277286144,99.7208997050148,1.6125368731563428
assam__udalguri,10,25.042580645161248,81.17213709677424,99.43362903225803,1.444220430107525
assam__udalguri,11,20.834916666666693,79.19181944444452,99.73293055555557,1.4711666666666685
karnataka__bagalkot,7,25.691209677419362,75.242002688172,94.09365591397861,5.664758064516134
karnataka__bagalkot,12,22.34208333333335,53.985618279569906,94.78448924731181,2.2477016129032257
karnataka__bellary,5,30.70120967741936,53.1282795698924,95.02635752688164,3.5628629032258083
karnataka__davanagere,5,28.139999999999993,65.23682795698926,94.09986559139791,3.3047580645161334
karnataka__davanagere,8,23.616370967741908,86.87587365591396,94.1007661290323,4.171680107526883
karnataka__gulbarga,1,23.584744623655897,43.624959677419355,96.40965053763445,2.0458602150537635
karnataka__hassan,7,22.182943548387094,85.30219086021506,91.14736559139787,3.8334139784946237
karnataka__kolar,8,23.875362903225817,76.88499999999996,91.9457661290322,3.985470430107531
karnataka__kolar,12,20.01424731182795,78.12663978494624,92.44452956989257,2.477016129032257
karnataka__mysore,9,23.139513888888885,81.50297222222213,92.1494305555556,2.391791666666665
karnataka__mysore,11,21.763458333333325,80.46734722222222,92.34934722222212,1.574569444444446
karnataka__shimoga,8,23.61826612903225,92.0462903225806,95.54274193548386,2.4966666666666657
kerala__kannur,4,27.639777777777798,71.9033194444444,96.33595833333335,0.9488749999999995
kerala__kasaragod,11,26.600611111111093,77.64095833333332,99.91031944444437,1.6526666666666654
kerala__malappuram,1,24.704462365591375,65.72563172043002,97.02533602150544,1.19611559139785
kerala__malappuram,8,23.928521505376363,91.0666935483871,96.77517473118272,1.6134408602150538
kerala__malappuram,9,24.146513888888897,89.71204166666665,96.79601388888881,1.3645833333333348
kerala__pathanamthitta,7,23.68127688172044,90.37344086021507,96.19251344086015,0.934475806451614
kerala__pathanamthitta,9,23.82001388888888,89.47419444444452,96.2392361111111,0.7825416666666662
maharashtra__ahmadnagar,4,31.333124999999967,27.487625000000012,94.15450000000007,2.3512777777777787
maharashtra__ahmadnagar,5,31.80189516129034,40.448279569892556,93.95588709677419,3.7246236559139754
maharashtra__ahmadnagar,7,25.717123655913994,77.2654569892473,93.73130376344092,4.813629032258069
maharashtra__ahmadnagar,11,22.272180555555547,62.70348611111115,94.53123611111111,1.8559583333333314
maharashtra__akola,3,28.736411290322565,25.127298387096804,96.66762096774208,2.065255376344085
maharashtra__akola,9,25.893944444444454,84.07715277777775,96.25018055555569,2.0152083333333315
maharashtra__akola,12,20.705685483870965,47.734247311827964,97.05912634408593,1.5510483870967755
maharashtra__chandrapur,3,29.894072580645158,28.817338709677433,98.38072580645162,1.8056451612903217
maharashtra__chandrapur,4,34.308194444444474,25.98073611111108,98.07005555555544,2.014513888888888
maharashtra__gondiya,6,31.564388888888885,59.92683333333324,96.8154583333333,2.9034583333333344
maharashtra__kolhapur,4,29.59427777777782,46.91774999999999,94.0045,2.405708333333335
maharashtra__kolhapur,11,22.57211111111112,69.48266666666662,94.25202777777771,2.1968750000000017
maharashtra__nandurbar,1,20.90288978494626,35.29446236559139,97.77299731182804,1.844798387096775
maharashtra__nandurbar,6,29.949541666666654,66.07026388888892,96.70588888888892,4.301333333333331
maharashtra__nandurbar,10,25.264569892473123,68.7115322580645,97.4427553763442,1.4321102150537632
maharashtra__nashik,1,20.747997311827966,40.29819892473117,94.80154569892464,1.760712365591398
maharashtra__nashik,5,31.044596774193554,44.38966397849459,94.17165322580652,4.0610080645161295
maharashtra__pune,4,28.914625000000004,42.4442361111111,93.84179166666668,2.4042361111111097
maharashtra__raigarh,1,23.249139784946248,56.63192204301081,99.89388440860223,2.0947849462365626
maharashtra__raigarh,6,28.255652777777808,81.17652777777776,99.08030555555573,3.6591388888888856
maharashtra__satara,1,21.245860215053764,46.86999999999996,93.51819892473124,1.9448387096774198
maharashtra__satara,2,24.017743362831837,37.24971976401179,93.4419911504425,2.064247787610623
maharashtra__wardha,12,19.7314112903226,55.08698924731181,97.61388440860226,1.5084946236559138
maharashtra__washim,3,28.85716397849459,25.78233870967741,96.74049731182805,1.9819623655913998
maharashtra__washim,5,35.316223118279574,27.77240591397849,96.16741935483859,3.7880779569892415
maharashtra__yavatmal,8,26.211465053763398,84.84481182795705,96.67119623655915,2.873615591397851
assam__cachar,5,26.12743279569893,77.16350806451618,95.32873655913978,0.13669354838709669
assam__cachar,12,16.484287634408602,75.8156451612903,96.11563172043016,0.30301075268817196
assam__chirang,7,28.9345564516129,84.94590053763444,98.92157258064509,1.7513440860215064
assam__dibrugarh,6,29.291847222222213,76.14933333333332,98.0357916666666,0.5023472222222218
assam__hailakandi,1,16.917311827956997,70.9671505376344,100.15686827956996,0.4386290322580645
assam__hailakandi,10,26.130295698924733,82.66021505376345,99.6727419354839,0.23452956989247317
assam__hailakandi,12,18.15197580645162,77.75998655913976,100.13830645161299,0.40241935483870916
assam__jorhat,4,26.036972222222225,65.89727777777777,98.57626388888887,1.2440138888888885
assam__nagaon,10,24.14626344086022,82.1575134408602,96.90818548387094,0.29853494623655913
assam__sivasagar,4,25.218958333333344,65.59112499999995,96.8837916666667,0.392611111111111
assam__sivasagar,5,27.16013440860215,70.31782258064517,96.59512096774193,0.32044354838709666
assam__sivasagar,9,27.29438888888888,81.25191666666662,96.68293055555553,0.22488888888888903
karnataka__bangalore,2,23.3748377581121,52.040589970501536,91.87327433628323,2.564734513274337
karnataka__bangalore,10,22.522338709677438,81.26670698924737,91.6796774193549,1.9827284946236547
karnataka__bangalore,11,21.160805555555537,79.91495833333325,91.80612500000001,2.2953888888888914
karnataka__chitradurga,10,24.06559139784947,77.12340053763437,93.91377688172045,2.25801075268817
karnataka__chitradurga,11,22.79875000000001,72.62173611111103,94.06849999999994,2.586777777777779
karnataka__dakshina_kannada,6,26.600499999999997,86.28962500000002,98.92036111111105,2.6167638888888898
karnataka__dakshina_kannada,8,25.445282258064502,89.96983870967736,99.01588709677411,2.4883467741935483
karnataka__gadag,5,29.509099462365597,56.592473118279614,93.92786290322574,3.502352150537633
karnataka__kodagu,4,27.178597222222233,67.96508333333337,94.28031944444447,0.5261666666666664
karnataka__kodagu,8,22.614139784946236,92.61006720430102,94.2367607526882,0.9019220430107531
karnataka__kodagu,10,22.979422043010757,89.16330645161288,94.32294354838709,0.49401881720430096
karnataka__koppal,7,25.771841397849446,74.39076612903223,94.46728494623655,5.549623655913975
karnataka__mandya,4,29.050194444444443,50.56522222222224,92.95998611111112,1.7869305555555564
karnataka__tumkur,6,24.61969444444446,74.63072222222218,92.03684722222224,4.102125000000003
karnataka__tumkur,7,23.79751344086023,77.29620967741938,92.04900537634411,4.588830645161288
karnataka__yadgir,11,23.999236111111095,66.63522222222225,96.45741666666662,2.100541666666664
kerala__alappuzha,5,28.798212365591393,80.40349462365585,100.70466397849455,3.9634274193548356
kerala__idukki,5,24.340456989247315,84.23861559139787,93.06611559139785,0.4630645161290324
kerala__idukki,8,21.959153225806453,91.40272849462369,93.12334677419359,0.5366532258064517
kerala__idukki,12,21.20654569892471,83.64349462365597,93.27422043010742,0.31025537634408606
kerala__kozhikode,7,25.50080645161291,89.92668010752682,98.99530913978496,2.7436424731182787
kerala__wayanad,10,22.751505376344056,88.16024193548395,93.53150537634411,0.7211962365591399
maharashtra__aurangabad,1,21.070026881720413,39.45118279569894,95.25014784946235,1.7529973118279576
maharashtra__aurangabad,7,25.981411290322587,78.6993279569892,94.30077956989243,4.347405913978494
maharashtra__bhandara,2,23.96840707964602,36.561047197640114,97.95302359882002,1.7342920353982296
maharashtra__bhandara,9,26.266791666666666,86.23072222222228,97.2118333333334,1.7575694444444436
maharashtra__bid,5,32.75737903225808,35.92811827956989,94.22491935483872,3.5722043010752653
maharashtra__buldana,3,28.048629032258127,25.250000000000014,95.80162634408606,2.0035080645161285
maharashtra__buldana,9,25.316263888888866,83.87777777777772,95.41549999999992,2.1666388888888877
maharashtra__buldana,10,24.21920698924732,72.25517473118279,95.80850806451615,1.5148521505376353
maharashtra__dhule,2,23.78169616519172,29.50165191740414,96.5664306784661,1.9589823008849545
maharashtra__dhule,7,26.181653225806453,82.58749999999998,95.62419354838713,4.588776881720426
maharashtra__garhchiroli,2,24.9580383480826,37.20420353982301,98.534587020649,1.420560471976402
maharashtra__garhchiroli,9,26.45280555555557,86.40354166666665,97.82395833333331,1.4068888888888884
maharashtra__hingoli,7,26.66490591397852,78.90829301075273,95.55168010752696,3.625120967741932
maharashtra__jalgaon,1,21.288091397849474,37.56440860215053,97.70310483870968,1.759448924731184
maharashtra__jalna,4,31.52025000000001,24.263291666666678,94.55123611111107,2.423097222222221
maharashtra__mumbai,3,28.729502688172012,44.21198924731182,99.91958333333334,2.213521505376342
maharashtra__mumbai,5,31.094112903225817,60.817499999999974,99.58095430107521,2.8617741935483867
maharashtra__mumbai_suburban,9,26.211291666666675,88.67233333333331,99.60305555555563,2.307180555555554
maharashtra__mumbai_suburban,10,26.208333333333318,77.95954301075268,99.85025537634407,1.75649193548387
maharashtra__nanded,10,24.532446236559128,75.46787634408605,96.43307795698922,1.6132258064516136
maharashtra__parbhani,2,25.14296460176992,28.29483775811208,95.95781710914449,1.8868584070796457
maharashtra__ratnagiri,8,23.63181451612902,91.98840053763438,94.88913978494627,3.850362903225805
assam__kamrup,4,26.629361111111102,66.92313888888887,98.69944444444447,2.3281250000000004
assam__kokrajhar,9,27.113624999999995,86.04975000000003,98.56586111111115,1.242347222222223
assam__marigaon,7,29.023158602150538,82.52360215053771,98.13669354838713,1.2708736559139786
assam__marigaon,8,28.98575268817205,82.54985215053767,98.23716397849462,1.2444758064516122
karnataka__belgaum,1,22.785295698924745,45.157526881720415,94.06219086021515,2.0723118279569896
karnataka__belgaum,8,23.923131720430103,83.87673387096773,93.53302419354844,4.657056451612903
karnataka__dharwad,5,28.506948924731176,61.672486559139784,93.75737903225806,3.032688172043014
karnataka__dharwad,7,23.84157258064515,85.97385752688174,93.65702956989246,4.649798387096771
karnataka__uttara_kannada,3,27.554126344086026,67.30608870967741,99.14810483870968,1.96494623655914
karnataka__uttara_kannada,10,26.25649193548387,83.06204301075267,99.06674731182798,1.810322580645162
kerala__palakkad,7,24.027782258064523,91.22284946236566,96.74438172043024,1.726733870967741
kerala__palakkad,9,24.146513888888897,89.71204166666665,96.79601388888888,1.3645833333333328
kerala__palakkad,12,23.65674731182796,76.45637096774196,96.9804301075269,1.2152822580645168
kerala__thrissur,6,26.541763888888894,87.8712083333333,99.79590277777774,2.8104444444444443
kerala__thrissur,9,25.723166666666657,88.95780555555551,99.89298611111107,2.2283611111111123
kerala__thrissur,10,26.072540322580643,86.33080645161291,99.9343817204301,1.7361827956989258
maharashtra__sangli,7,23.96010752688173,86.53043010752693,93.52427419354837,5.405994623655916
maharashtra__sangli,9,23.689041666666654,86.25552777777776,93.72694444444444,3.0029305555555563
maharashtra__sangli,12,21.518723118279567,55.49141129032256,94.1820430107527,2.234260752688171
maharashtra__solapur,5,31.88870967741935,42.816169354838706,94.4985349462366,3.70282258064516
maharashtra__thane,5,31.195403225806448,59.57141129032256,99.25389784946238,2.955645161290321
maharashtra__thane,7,26.43447580645162,90.3670161290322,98.97077956989244,3.9415994623655912
karnataka__haveri,11,22.855861111111114,73.83351388888886,94.43651388888878,2.332000000000002
assam__barpeta,9,27.91159722222219,84.93531944444446,99.82865277777776,1.4474166666666661
assam__barpeta,10,25.157943548387124,82.50115591397848,100.30130376344081,1.3541935483870964
assam__bongaigaon,3,22.592997311827965,61.7715322580646,99.86745967741928,1.5111290322580635
assam__darrang,6,28.962888888888862,80.30538888888894,98.55202777777771,1.758763888888887
assam__darrang,8,28.76619623655915,84.19490591397836,98.65068548387093,1.6615188172043005
assam__darrang,9,27.676347222222255,84.10184722222232,98.99081944444437,1.5378472222222233
assam__dhemaji,3,20.527567204301082,63.5313440860215,95.34797043010757,0.963575268817205
assam__dhubri,1,15.841518817204294,73.81045698924727,100.64103494623657,1.229395161290323
assam__dhubri,3,24.158145161290328,52.74329301075275,100.10678763440869,1.6683870967741932
assam__dhubri,5,28.870416666666657,72.59025537634402,99.51556451612903,1.8120833333333324
assam__dhubri,10,25.46456989247311,82.6951478494624,100.10967741935482,1.3570833333333323
assam__dima_hasao,5,25.495362903225836,77.5090591397849,94.53016129032264,0.14106182795698924
assam__dima_hasao,10,23.041236559139787,84.57928763440859,94.98733870967746,0.14969086021505382
assam__goalpara,1,15.591774193548385,76.70184139784944,99.98455645161282,1.1471774193548403
assam__golaghat,2,18.50110619469026,65.06570796460174,98.2729646017699,0.5353392330383479
assam__golaghat,8,28.39088709677422,82.84435483870968,97.24225806451594,0.5568817204301079
assam__kamrup_metropolitan,7,27.937338709677416,83.05225806451617,95.63254032258055,0.49922043010752704
assam__karbi_anglong,7,27.899637096774168,83.67548387096778,96.04950268817198,0.3054973118279569
assam__karbi_anglong,10,24.14626344086021,82.15751344086024,96.90818548387105,0.2985349462365594
assam__karbi_anglong,12,16.512043010752688,77.69209677419352,97.32774193548397,0.33965053763440894
assam__karimganj,10,26.130295698924733,82.6602150537634,99.6727419354839,0.23452956989247337
assam__lakhimpur,3,22.984623655913982,60.98940860215057,98.8325940860217,1.0024596774193544
assam__lakhimpur,9,27.709472222222217,82.07362500000002,98.38462500000003,1.011319444444444
assam__lakhimpur,10,24.96374999999997,79.62573924731188,98.83709677419336,0.954193548387097
assam__nalbari,7,29.206935483870996,84.25720430107518,99.37543010752677,1.6836155913978497
assam__nalbari,11,20.927666666666674,80.88100000000003,100.63462499999994,1.3360833333333326
assam__sonitpur,12,15.545000000000003,76.1215591397849,95.14854838709688,0.6800268817204301
assam__tinsukia,3,22.68030913978495,61.76241935483868,98.5215994623656,0.512083333333334
assam__tinsukia,12,17.09923387096775,73.39536290322584,98.99237903225801,0.5139650537634405
assam__udalguri,5,27.827043010752654,73.64176075268813,98.88813172043011,1.8344086021505372
assam__udalguri,12,17.445967741935483,77.86762096774194,99.87720430107538,1.4489112903225798
karnataka__bagalkot,4,31.52216666666664,36.33319444444446,94.3602916666666,2.3295555555555545
karnataka__bellary,6,27.234249999999985,68.81609722222214,94.95255555555545,5.0969583333333315
karnataka__bellary,9,25.77594444444442,75.7921805555556,95.12588888888878,3.2014861111111093
karnataka__bellary,10,25.06595430107528,74.57447580645164,95.33737903225804,2.132352150537634
karnataka__bellary,11,23.568847222222253,71.63163888888896,95.52518055555548,2.360861111111111
karnataka__bellary,12,22.650161290322597,64.13323924731174,95.6345295698926,2.519811827956988
karnataka__davanagere,2,25.348598820058957,44.02473451327431,94.46761061946887,2.251902654867257
karnataka__davanagere,6,24.90518055555555,81.51330555555556,94.02159722222224,4.447458333333329
karnataka__davanagere,10,23.850134408602116,80.69255376344084,94.30318548387106,1.9831048387096792
karnataka__gulbarga,9,26.015166666666637,78.87015277777788,95.81787500000003,2.4346249999999996
karnataka__gulbarga,10,24.98552419354837,75.06432795698925,96.1018279569892,1.8723790322580647
karnataka__raichur,1,23.852768817204318,47.898508064516186,96.47044354838715,2.202943548387098
karnataka__raichur,10,25.37923387096775,74.10268817204296,96.16341397849466,1.9738978494623658
karnataka__raichur,12,23.195887096774225,57.68548387096777,96.47778225806448,2.1864247311827953
karnataka__shimoga,1,21.89885752688175,70.68779569892484,95.9109677419354,1.2602822580645165
karnataka__shimoga,10,23.91696236559137,86.98794354838712,95.68376344086002,1.233319892473119
kerala__kannur,7,23.875497311827925,91.89161290322576,96.28516129032265,1.2997311827956985
kerala__kasaragod,4,29.03668055555556,73.20359722222214,99.7958472222221,2.286791666666669
kerala__kasaragod,10,26.47443548387099,83.94391129032253,99.85192204301077,1.9964247311827967
kerala__pathanamthitta,4,27.11179166666664,74.53462499999998,96.20137500000003,0.5879722222222228
kerala__pathanamthitta,11,23.662374999999994,87.1801388888889,96.29706944444445,0.4528888888888884
kerala__pathanamthitta,12,23.004758064516107,83.03166666666675,96.37576612903227,0.453225806451613
kerala__thiruvananthapuram,9,26.165388888888877,87.06533333333326,99.95279166666668,3.7502361111111076
maharashtra__ahmadnagar,1,21.31353494623659,41.39971774193549,94.59428763440852,1.785591397849463
maharashtra__ahmadnagar,12,20.886868279569907,51.02681451612902,94.61404569892468,1.7485887096774206
maharashtra__akola,1,20.919852150537647,38.435201612903256,97.03489247311825,1.7747983870967743
maharashtra__akola,4,33.20094444444442,20.921263888888898,96.38472222222227,2.4726944444444445
maharashtra__akola,10,24.552029569892436,72.29768817204295,96.6845295698925,1.4715860215053762
maharashtra__gondiya,1,20.22213709677417,46.31177419354839,98.11368279569895,1.6266129032258088
maharashtra__latur,2,25.137522123893824,31.005722713864323,95.02172566371686,2.0382448377581124
maharashtra__latur,8,25.451868279569943,79.69262096774183,94.32803763440857,3.4959408602150512
maharashtra__nandurbar,3,28.026424731182775,27.193494623655887,97.4521774193548,2.1095967741935473
maharashtra__nandurbar,4,31.765347222222246,30.73009722222223,97.21195833333316,2.8275
maharashtra__nashik,8,24.47838709677418,84.78806451612913,94.00189516129032,4.089314516129034
maharashtra__nashik,12,20.679596774193556,49.96868279569892,94.81813172043012,1.6148118279569912
maharashtra__pune,3,26.16978494623655,39.16493279569896,93.99283602150545,2.10665322580645
maharashtra__pune,5,28.659072580645148,57.582056451612935,93.69471774193548,3.412983870967745
maharashtra__raigarh,10,26.213494623655915,78.72651881720431,99.56251344086037,1.8611962365591403
maharashtra__wardha,1,20.212701612903214,44.47169354838713,97.58862903225798,1.6756586021505384
maharashtra__wardha,9,26.1625416666667,84.5926111111112,96.73401388888895,1.8810555555555561
maharashtra__washim,12,20.457661290322587,51.33814516129029,97.13395161290325,1.5547043010752692
maharashtra__yavatmal,1,21.27091397849463,43.50642473118283,97.69350806451615,1.6488978494623658
maharashtra__yavatmal,11,22.267236111111117,67.23783333333337,97.6165833333333,1.4604861111111112
maharashtra__yavatmal,12,20.580981182795686,54.38908602150542,97.72290322580643,1.5047446236559139
assam__cachar,3,22.41505376344085,57.86966397849459,95.79528225806442,0.2983870967741937
assam__chirang,5,27.796451612903226,75.6379569892473,99.2808602150538,1.6518145161290325
assam__chirang,8,28.799838709677417,85.10447580645159,99.02653225806448,1.6376881720430103
assam__chirang,9,27.70268055555558,85.19679166666664,99.37295833333333,1.4991527777777767
assam__dibrugarh,4,25.854472222222235,65.75754166666668,98.68238888888885,0.587111111111111
assam__dibrugarh,7,29.400094086021483,79.7802553763441,98.01719086021497,0.4949193548387097
assam__dibrugarh,8,29.65825268817204,78.69716397849464,98.1072849462366,0.45728494623655896
assam__hailakandi,9,27.942041666666658,85.21190277777781,99.28697222222222,0.18683333333333355
assam__jorhat,2,18.829203539823002,65.94436578171093,99.11342182890857,0.8704424778761055
assam__jorhat,3,22.984623655913996,60.98940860215053,98.8325940860215,1.0024596774193544
assam__jorhat,5,27.798830645161303,70.87044354838706,98.28540322580639,1.1885618279569896
assam__jorhat,11,20.658097222222235,76.27570833333337,99.1460277777778,0.8831944444444443
assam__nagaon,1,15.07529569892474,74.54466397849461,97.3102553763441,0.357486559139785
assam__nagaon,5,26.951424731182815,74.2838978494625,96.37743279569894,0.40979838709677396
assam__nagaon,8,27.802432795698937,84.1056451612903,96.15756720430103,0.2947311827956988
assam__sivasagar,6,28.358013888888905,77.81823611111123,96.2701527777778,0.2522777777777777
assam__sivasagar,11,20.48827777777777,73.98704166666664,97.39518055555556,0.39238888888888845
karnataka__bangalore_rural,3,26.579811827957016,44.005228494623644,91.76205645161292,2.616344086021504
karnataka__bangalore_rural,4,28.31225,48.936986111111075,91.62763888888892,2.2993055555555535
karnataka__bidar,4,32.282222222222224,30.934805555555563,94.65863888888892,2.150430555555556
karnataka__bidar,9,24.904958333333337,83.39454166666663,94.535111111111,2.2861944444444458
karnataka__bidar,11,21.96529166666667,68.95098611111108,95.0937777777777,1.8122777777777777
karnataka__bijapur,4,32.10761111111113,32.90933333333334,94.71419444444436,2.3474166666666654
karnataka__chikkaballapura,1,21.095994623655912,62.72264784946233,92.2470564516128,2.473185483870968
karnataka__chikkaballapura,5,27.383118279569892,61.86462365591396,91.78115591397848,2.8685349462365606
karnataka__chikkaballapura,6,24.678930555555553,73.1413472222222,91.7067083333333,4.221583333333335
karnataka__chikmagalur,8,21.884690860215066,90.85184139784941,91.88788978494622,1.6307123655913973
karnataka__chikmagalur,9,22.003944444444425,89.78334722222226,91.93231944444445,1.1028749999999987
karnataka__chikmagalur,10,22.02915322580645,86.81357526881715,92.03791666666662,0.7384811827956984
karnataka__chitradurga,4,29.872513888888896,46.70637500000004,93.80959722222231,2.301736111111112
karnataka__dakshina_kannada,2,27.474395280236,60.42743362831861,99.26392330383474,1.8205899705014745
karnataka__gadag,4,30.501999999999967,43.511569444444405,94.06166666666662,2.2233888888888886
karnataka__gadag,8,24.54334677419356,80.34036290322578,93.91516129032252,4.708709677419357
karnataka__gadag,9,24.589097222222236,80.23861111111115,94.00062499999993,3.2038888888888915
karnataka__kodagu,12,21.666505376344087,77.07553763440855,94.48141129032253,0.5361559139784948
karnataka__koppal,2,25.771563421828898,37.98014749262537,95.03449852507367,2.2557522123893823
karnataka__koppal,4,31.152888888888892,40.29927777777781,94.704763888889,2.123208333333333
karnataka__mandya,8,23.666881720430098,80.31643817204304,92.85895161290327,3.6705241935483865
karnataka__mandya,10,23.28583333333333,81.21834677419353,93.030685483871,1.7791801075268838
karnataka__ramanagara,1,21.718911290322556,65.49958333333332,93.23541666666658,2.0830107526881725
karnataka__tumkur,10,22.990940860215055,79.7370295698925,92.31084677419354,1.9920430107526892
karnataka__udupi,3,27.478682795698916,62.55010752688176,96.94169354838714,1.4644758064516121
karnataka__udupi,5,27.41602150537636,76.14317204301074,96.74009408602156,1.7958736559139783
karnataka__udupi,10,24.944879032258072,84.40377688172045,96.87481182795689,1.2997580645161295
karnataka__yadgir,5,32.979260752688184,42.56618279569889,95.84098118279564,3.3014784946236535
karnataka__yadgir,12,23.114206989247293,55.313978494623605,96.56413978494626,2.0838844086021506
kerala__alappuzha,2,28.559734513274343,65.44880530973448,100.97958702064889,2.391991150442477
kerala__ernakulam,8,25.93603494623656,89.27216397849453,100.37172043010756,3.0709543010752696
kerala__ernakulam,9,26.19838888888888,87.44301388888887,100.38565277777778,2.7711250000000005
kerala__idukki,4,25.732152777777745,74.12197222222225,93.12088888888894,0.35872222222222216
kerala__kollam,7,24.96639784946237,89.86946236559145,98.5143548387096,2.2636155913978495
kerala__kozhikode,5,27.83483870967739,81.13860215053765,98.95336021505379,2.3242069892473123
kerala__kozhikode,8,25.26291666666667,90.1495698924731,99.03266129032257,2.555228494623655
kerala__kozhikode,12,25.91079301075269,71.9259677419355,99.22600806451612,1.4371505376344098
kerala__wayanad,5,25.248763440860216,80.2155241935484,93.41450268817202,0.9572446236559135
kerala__wayanad,8,22.322150537634403,91.06049731182794,93.45217741935484,1.3365860215053773
kerala__wayanad,12,21.58108870967743,77.60897849462367,93.67801075268805,0.7522849462365592
maharashtra__amravati,1,20.919852150537633,38.435201612903235,97.03489247311826,1.774798387096775
maharashtra__amravati,10,24.552029569892472,72.29768817204298,96.68452956989246,1.4715860215053753
maharashtra__amravati,11,22.33727777777778,61.8746527777778,96.95844444444442,1.4572638888888876
maharashtra__aurangabad,2,24.14392330383483,29.17474926253686,95.14529498525063,1.8547640117994098
maharashtra__aurangabad,11,22.280750000000005,61.79998611111109,95.1849861111111,1.6653888888888864
maharashtra__aurangabad,12,20.895188172043017,48.94708333333332,95.26830645161293,1.6475000000000004
maharashtra__bid,2,24.711799410029485,29.57879056047198,94.80467551622424,1.9119616519174023
maharashtra__bid,10,24.077177419354825,72.4822580645162,94.64377688172037,1.8282258064516124
maharashtra__buldana,4,32.17325,22.55598611111112,95.56052777777784,2.4720972222222244
maharashtra__garhchiroli,5,35.78669354838709,32.123561827956976,97.614059139785,2.2373118279569884
maharashtra__jalgaon,3,28.61189516129034,24.477473118279566,97.36473118279562,1.9371102150537653
maharashtra__jalgaon,4,32.71163888888889,23.47991666666669,97.10779166666677,2.5079999999999973
maharashtra__jalgaon,7,27.287970430107553,78.6675940860215,96.59237903225812,3.688266129032257
maharashtra__jalgaon,8,26.190913978494613,83.41892473118278,96.7341801075269,3.1197983870967736
maharashtra__jalgaon,10,25.136142473118305,70.28288978494626,97.37330645161288,1.4323924731182793
maharashtra__jalna,2,24.06342182890855,28.94163716814159,94.92679941002949,1.910191740412979
maharashtra__jalna,8,25.124408602150538,82.03862903225806,94.19064516129032,3.5562365591397853
maharashtra__mumbai,6,28.63781944444444,79.61929166666671,99.32054166666674,3.619291666666665
maharashtra__mumbai,9,26.211291666666675,88.67233333333331,99.60305555555563,2.307180555555554
maharashtra__mumbai_suburban,2,25.552197640118003,44.91640117994101,100.0919174041297,2.1071681415929215
maharashtra__mumbai_suburban,11,24.634208333333344,69.43980555555552,100.03173611111114,1.9550555555555567
maharashtra__nanded,4,33.43801388888889,25.588458333333328,96.16784722222219,2.0285277777777773
maharashtra__sindhudurg,5,29.540322580645146,68.31259408602152,98.62931451612909,2.953911290322581
assam__kokrajhar,2,18.1623598820059,62.96207964601767,99.29427728613568,1.1019764011799416
assam__kokrajhar,5,27.798575268817192,71.99810483870971,98.45275537634416,1.4134946236559147
assam__kokrajhar,8,28.226250000000007,85.94127688172044,98.23021505376344,1.3562768817204294
assam__kokrajhar,12,16.83069892473118,77.77240591397847,99.46159946236563,0.941935483870968
karnataka__belgaum,3,28.201572580645173,37.18538978494624,93.85279569892471,2.1988709677419354
karnataka__dharwad,12,21.76926075268817,61.517620967741934,94.21239247311827,2.108158602150538
kerala__palakkad,3,28.068373655913973,60.65932795698928,96.88251344086025,1.1496236559139787
kerala__palakkad,6,24.88702777777777,88.61080555555549,96.7102222222222,1.7294444444444461
kerala__thrissur,8,25.507553763440878,90.50340053763435,99.87334677419358,2.5721370967741923
maharashtra__osmanabad,6,28.223472222222224,64.70674999999999,93.99156944444441,4.299388888888888
maharashtra__osmanabad,7,26.07993279569894,74.7397580645161,93.9812231182796,4.718817204301073
maharashtra__thane,1,23.45850806451612,43.62478494623654,99.87173387096777,2.0675940860215043
maharashtra__thane,4,30.893958333333345,49.932611111111136,99.42245833333327,2.265263888888888
